family,topology,batch,atoms_per_system,total_atoms,pair_count,pair_count_semantics,dense_pair_count,term_or_mode,workload,sample_count,minimum_ms,p05_ms,median_ms,mean_ms,p95_ms,maximum_ms,iqr_ms,mad_ms,cv,median_us_per_system,validation_status,max_abs_error,dense_pair_extent,active_pairs,median_ns_per_active_pair,retained_pair_fraction,sparse_vs_dense_delta_percent,reuse_vs_selected_build_delta_percent,selected_by_40_atom_policy,policy_regret_percent
aes2,compact,1,16,16,120,packed_all_pairs,120,aes2_energy,compact_all_pairs,20,0.013696,0.0138176,0.0143200001,0.014387199984999998,0.015168,0.015168,0.0004479997250000003,0.0002560001000000006,0.03142511890950132,14.320000100000001,pass,,,,,,,,,
aes2,compact,1,16,16,120,packed_all_pairs,120,aes2_full,compact_all_pairs,20,0.227487996,0.2276703979,0.228175998,0.2282799997,0.22890080665,0.228992,0.0005920085000000186,0.0003200025000000134,0.001899787652355238,228.175998,pass,,,,,,,,,
aes2,compact,1,16,16,120,packed_all_pairs,120,aes2_geometry,compact_all_pairs,20,0.0138560003,0.01482879973,0.0150560001,0.015324800090000002,0.016241599590000003,0.0190079994,0.0002399997750000011,7.999969999999967e-05,0.06419911354237379,15.0560001,pass,,,,,,,,,
aes2,compact,1,16,16,120,packed_all_pairs,120,aes2_potential,compact_all_pairs,20,0.0399039984,0.040025599255,0.0412000008,0.0410575999,0.042184000675,0.0423359983,0.0014639990249999957,0.0008799992499999992,0.02011770453127246,41.2000008,pass,,,,,,,,,
aes2,compact,1,16,16,120,packed_all_pairs,120,aes2_vjp,compact_all_pairs,20,0.168768004,0.16891999735,0.1696799995,0.16969440284999998,0.1708527974,0.170944005,0.0009920042499999837,0.0004959999999999964,0.003958157186001987,169.6799995,pass,,,,,,,,,
aes2,compact,8,16,128,960,packed_all_pairs,960,aes2_energy,compact_all_pairs,20,0.0136639997,0.013724800175,0.0150080002,0.014801599965,0.015649599915,0.0156800002,0.0013440002249999992,0.0006079994999999994,0.05062148080067307,1.876000025,pass,,,,,,,,,
aes2,compact,8,16,128,960,packed_all_pairs,960,aes2_full,compact_all_pairs,20,0.231808007,0.23183840035,0.232447997,0.23278080005000001,0.23440480365,0.234495997,0.0007920117499999879,0.0002560019999999913,0.003647836764176474,29.055999625,pass,,,,,,,,,
aes2,compact,8,16,128,960,packed_all_pairs,960,aes2_geometry,compact_all_pairs,20,0.0162560008,0.01628639928,0.0173279997,0.01712479982,0.017558399385,0.0179839991,0.0005519999750000018,0.00017599949999999934,0.02876582614518368,2.1659999625,pass,,,,,,,,,
aes2,compact,8,16,128,960,packed_all_pairs,960,aes2_potential,compact_all_pairs,20,0.040959999,0.040959999,0.043120000549999996,0.042812799665,0.0436160006,0.0436160006,0.0011600004250000018,0.00047999990000000686,0.019799037964524646,5.390000068749999,pass,,,,,,,,,
aes2,compact,8,16,128,960,packed_all_pairs,960,aes2_vjp,compact_all_pairs,20,0.168991998,0.1692959999,0.170591995,0.1708159983,0.1727568038,0.173152,0.0012880040000000093,0.0009440034999999986,0.007338779883992271,21.323999375,pass,,,,,,,,,
aes2,compact,32,16,512,3840,packed_all_pairs,3840,aes2_energy,compact_all_pairs,20,0.0135679999,0.013993599615000001,0.01508800035,0.014899200025,0.015537599895,0.0158719998,0.0008400003499999999,0.0003519998999999994,0.039977492661928564,0.4715000109375,pass,,,,,,,,,
aes2,compact,32,16,512,3840,packed_all_pairs,3840,aes2_full,compact_all_pairs,20,0.239743993,0.2401392025,0.240735993,0.240665599,0.241088003,0.241088003,0.0002640002499999794,0.00014398999999999662,0.001398277953159472,7.52299978125,pass,,,,,,,,,
aes2,compact,32,16,512,3840,packed_all_pairs,3840,aes2_geometry,compact_all_pairs,20,0.0180479996,0.018808000075,0.0192959998,0.01939039994,0.02015360051,0.0206400007,0.0004879995749999984,0.00020799975000000172,0.028070326456534653,0.60299999375,pass,,,,,,,,,
aes2,compact,32,16,512,3840,packed_all_pairs,3840,aes2_potential,compact_all_pairs,20,0.0430079997,0.04343359932,0.04531200045,0.044950400295,0.046084800735,0.0461760014,0.0017439983499999978,0.0006879996499999964,0.022696323259255267,1.4160000140625,pass,,,,,,,,,
aes2,compact,32,16,512,3840,packed_all_pairs,3840,aes2_vjp,compact_all_pairs,20,0.172736004,0.17304000590000002,0.1747520045,0.1743376024,0.175040007,0.175040007,0.001191999249999992,0.0002560019999999913,0.004392139068560997,5.461000140625,pass,,,,,,,,,
aes2,compact,128,16,2048,15360,packed_all_pairs,15360,aes2_energy,compact_all_pairs,20,0.0136639997,0.013815999984999999,0.014911999950000001,0.014867200050000001,0.01555680009,0.0156479999,0.0007840005999999993,0.00041600034999999917,0.039487307833264235,0.116499999609375,pass,,,,,,,,,
aes2,compact,128,16,2048,15360,packed_all_pairs,15360,aes2_full,compact_all_pairs,20,0.251199991,0.25171680145,0.25553600499999995,0.25535039755,0.25773760255,0.258527994,0.0025119999999999587,0.0013439949999999867,0.008044337486614424,1.9963750390624997,pass,,,,,,,,,
aes2,compact,128,16,2048,15360,packed_all_pairs,15360,aes2_geometry,compact_all_pairs,20,0.02128,0.021887999334999998,0.02377599945,0.023815999925,0.02532480081,0.0255679991,0.0017760004749999975,0.0007840004000000001,0.05175840444794372,0.185749995703125,pass,,,,,,,,,
aes2,compact,128,16,2048,15360,packed_all_pairs,15360,aes2_potential,compact_all_pairs,20,0.047104001,0.047104001,0.0498239994,0.049544000059999996,0.0519680008,0.0519680008,0.001327997999999997,0.0005280003000000012,0.026899708710686292,0.3892499953125,pass,,,,,,,,,
aes2,compact,128,16,2048,15360,packed_all_pairs,15360,aes2_vjp,compact_all_pairs,20,0.176896006,0.1773215946,0.178704001,0.17882080075,0.1809392067,0.181152001,0.001912001750000003,0.0009600000000000025,0.0070261768332403746,1.3961250078125,pass,,,,,,,,,
aes2,compact,1,32,32,496,packed_all_pairs,496,aes2_energy,compact_all_pairs,20,0.0180799998,0.01817120056,0.0193119999,0.019179200195000003,0.020353600410000002,0.0203840006,0.0013359998499999984,0.0008479999000000002,0.04089876197970536,19.3119999,pass,,,,,,,,,
aes2,compact,1,32,32,496,packed_all_pairs,496,aes2_full,compact_all_pairs,20,0.432895988,0.43301758895,0.43382400249999997,0.4340223953,0.435743988,0.435743988,0.00168801125000001,0.0007040049999999798,0.0022299783253132157,433.82400249999995,pass,,,,,,,,,
aes2,compact,1,32,32,496,packed_all_pairs,496,aes2_geometry,compact_all_pairs,20,0.026912,0.027003200760000002,0.0274080001,0.027523199845000002,0.028323199625,0.0283840001,0.00021599977499999964,0.0001439992000000015,0.014313809076018792,27.4080001,pass,,,,,,,,,
aes2,compact,1,32,32,496,packed_all_pairs,496,aes2_potential,compact_all_pairs,20,0.0696960017,0.06999999695,0.07099199665,0.07097599952,0.07200159691000001,0.0720319971,0.0013120025250000084,0.0007680021000000051,0.010439120066424907,70.99199665,pass,,,,,,,,,
aes2,compact,1,32,32,496,packed_all_pairs,496,aes2_vjp,compact_all_pairs,20,0.326719999,0.326719999,0.3275840135,0.3276576027,0.32867359240000005,0.328704,0.0017120094999999447,0.000848010499999996,0.0025291503963880773,327.58401349999997,pass,,,,,,,,,
aes2,compact,8,32,256,3968,packed_all_pairs,3968,aes2_energy,compact_all_pairs,20,0.0181120001,0.01847679934,0.0200960003,0.019841599760000002,0.020604800235,0.0211520009,0.0008640001250000001,0.000303999499999999,0.03940921877890065,2.5120000375,pass,,,,,,,,,
aes2,compact,8,32,256,3968,packed_all_pairs,3968,aes2_full,compact_all_pairs,20,0.434911996,0.43497281120000003,0.4369279895,0.43646239795,0.438059197,0.438879997,0.00186398649999997,0.0009920144999999991,0.0027108334862063553,54.6159986875,pass,,,,,,,,,
aes2,compact,8,32,256,3968,packed_all_pairs,3968,aes2_geometry,compact_all_pairs,20,0.0271359999,0.027287999235,0.02747200055,0.027793599855,0.029251199225,0.0293119997,0.0007440000249999967,0.00016000120000000083,0.022451517715569216,3.43400006875,pass,,,,,,,,,
aes2,compact,8,32,256,3968,packed_all_pairs,3968,aes2_potential,compact_all_pairs,20,0.0706560016,0.07159840169500001,0.0726080015,0.07253279984000001,0.07338079994,0.0734720007,0.001104000950000003,0.0006080009000000025,0.010106440596882281,9.0760001875,pass,,,,,,,,,
aes2,compact,8,32,256,3968,packed_all_pairs,3968,aes2_vjp,compact_all_pairs,20,0.326400012,0.32694720155,0.3284640015,0.3284624011,0.33029278954999997,0.330688,0.0017360147500000145,0.0009119959999999983,0.0035653718861558916,41.0580001875,pass,,,,,,,,,
aes2,compact,32,32,1024,15872,packed_all_pairs,15872,aes2_energy,compact_all_pairs,20,0.0186560005,0.0186560005,0.0195840001,0.019523200205,0.019984000895,0.0208960008,0.0003679999499999996,0.0001759994500000004,0.02520185532054724,0.6120000031249999,pass,,,,,,,,,
aes2,compact,32,32,1024,15872,packed_all_pairs,15872,aes2_full,compact_all_pairs,20,0.443392009,0.4443647881,0.4454559985,0.44546079645000003,0.4468592047,0.447071999,0.0011439999999999784,0.0006079975000000126,0.0020179095602943487,13.920499953125,pass,,,,,,,,,
aes2,compact,32,32,1024,15872,packed_all_pairs,15872,aes2_geometry,compact_all_pairs,20,0.0307519995,0.03142080102,0.0316479988,0.0317375997,0.032464001135,0.0327679999,0.0002560018999999969,9.599890000000152e-05,0.012760407456334916,0.9889999625,pass,,,,,,,,,
aes2,compact,32,32,1024,15872,packed_all_pairs,15872,aes2_potential,compact_all_pairs,20,0.0727040023,0.07367680258499999,0.0746880025,0.07462880016,0.075979197385,0.076191999,0.0011999997750000019,0.0007200017499999975,0.012516130707636196,2.334000078125,pass,,,,,,,,,
aes2,compact,32,32,1024,15872,packed_all_pairs,15872,aes2_vjp,compact_all_pairs,20,0.329728007,0.33070078610000003,0.33182400450000005,0.33171359585000004,0.33277279265,0.332863986,0.0007839867499999653,0.00033599099999997994,0.002314290617240934,10.369500140625002,pass,,,,,,,,,
aes2,compact,128,32,4096,63488,packed_all_pairs,63488,aes2_energy,compact_all_pairs,20,0.0190719999,0.01919360085,0.0202879999,0.020427200015,0.021715199590000005,0.0263359994,0.0011680005250000007,0.0007520001499999995,0.07699522418696268,0.15849999921875,pass,,,,,,,,,
aes2,compact,128,32,4096,63488,packed_all_pairs,63488,aes2_full,compact_all_pairs,20,0.457760006,0.4577904136,0.4598719925,0.4599503964,0.46193279309999996,0.462175995,0.0013519969999999937,0.0008479949999999903,0.0028548811709783414,3.59274994140625,pass,,,,,,,,,
aes2,compact,128,32,4096,63488,packed_all_pairs,63488,aes2_geometry,compact_all_pairs,20,0.0354879983,0.0354879983,0.03643200175,0.036601600055,0.037864001274999996,0.0380159989,0.0018239990249999949,0.0008960012500000003,0.026114000778454063,0.284625013671875,pass,,,,,,,,,
aes2,compact,128,32,4096,63488,packed_all_pairs,63488,aes2_potential,compact_all_pairs,20,0.0778239965,0.0778239965,0.07886399699999999,0.07911519891499999,0.08090559767000001,0.081087999,0.0013119950999999908,0.0007200017499999975,0.011988769358006838,0.6161249765625,pass,,,,,,,,,
aes2,compact,128,32,4096,63488,packed_all_pairs,63488,aes2_vjp,compact_all_pairs,20,0.334816009,0.3348463881,0.3364000025,0.3364096001,0.33841279929999996,0.339264005,0.001152008499999968,0.0006560090000000129,0.003409991925821108,2.62812501953125,pass,,,,,,,,,
aes2,compact,1,48,48,1128,packed_all_pairs,1128,aes2_energy,compact_all_pairs,20,0.0282879993,0.028348799775,0.029232,0.02923839996,0.0300479997,0.0300479997,0.0010960004499999988,0.0005599996499999985,0.021880677169728528,29.232,pass,,,,,,,,,
aes2,compact,1,48,48,1128,packed_all_pairs,1128,aes2_full,compact_all_pairs,20,0.65427202,0.6545759801000001,0.655680001,0.65551200525,0.6563088270499999,0.656704009,0.0012240259999999337,0.00047999599999998255,0.0010498657638142604,655.6800010000001,pass,,,,,,,,,
aes2,compact,1,48,48,1128,packed_all_pairs,1128,aes2_geometry,compact_all_pairs,20,0.045855999,0.045916799475000006,0.04603200035,0.046425600155,0.048104000975,0.0482559986,0.0004560016499999958,9.6000749999995e-05,0.017281285361694043,46.03200035,pass,,,,,,,,,
aes2,compact,1,48,48,1128,packed_all_pairs,1128,aes2_potential,compact_all_pairs,20,0.102880001,0.10294080195000001,0.103216,0.10343840095000001,0.1044127982,0.104960002,0.0004239954999999962,0.00017599750000000386,0.005293510019506874,103.21600000000001,pass,,,,,,,,,
aes2,compact,1,48,48,1128,packed_all_pairs,1128,aes2_vjp,compact_all_pairs,20,0.48665601,0.4867167967,0.487920001,0.48760800055000003,0.48829918619999996,0.488512009,0.0010799839999999783,0.00035199499999999384,0.0012889813725986657,487.920001,pass,,,,,,,,,
aes2,compact,8,48,384,9024,packed_all_pairs,9024,aes2_energy,compact_all_pairs,20,0.0285439994,0.028726400824999998,0.029984000150000002,0.030035200055,0.030987199295,0.0311999992,0.000872001075,0.000288000350000003,0.023909550779760442,3.7480000187500004,pass,,,,,,,,,
aes2,compact,8,48,384,9024,packed_all_pairs,9024,aes2_full,compact_all_pairs,20,0.656639993,0.65743041295,0.6586079895000001,0.65891199995,0.66083518875,0.660896003,0.0020399985000000287,0.0009919999999998819,0.0018825601508034597,82.32599868750002,pass,,,,,,,,,
aes2,compact,8,48,384,9024,packed_all_pairs,9024,aes2_geometry,compact_all_pairs,20,0.0480960011,0.048156801575000005,0.04913600160000001,0.04915680048,0.05008480125,0.0501759984,0.0018400028249999992,0.0009439997999999908,0.0177642005002448,6.142000200000001,pass,,,,,,,,,
aes2,compact,8,48,384,9024,packed_all_pairs,9024,aes2_potential,compact_all_pairs,20,0.10176,0.10236799715,0.1030240025,0.1031312,0.10394240095,0.104672,0.0010079995000000092,0.0004480035000000021,0.006515799513866428,12.878000312500001,pass,,,,,,,,,
aes2,compact,8,48,384,9024,packed_all_pairs,9024,aes2_vjp,compact_all_pairs,20,0.487583995,0.48791839025,0.48963199550000003,0.48947840035,0.49085119655,0.491519988,0.0019759987499999854,0.0009919999999999929,0.0022899284328826044,61.2039994375,pass,,,,,,,,,
aes2,compact,32,48,1536,36096,packed_all_pairs,36096,aes2_energy,compact_all_pairs,20,0.0287040006,0.028825599745,0.02956799975,0.029785600109999998,0.03070080066,0.0315520018,0.001168001025000004,0.0007199999000000006,0.026127391651563227,0.9239999921875001,pass,,,,,,,,,
aes2,compact,32,48,1536,36096,packed_all_pairs,36096,aes2_full,compact_all_pairs,20,0.671104014,0.67174239785,0.6742720005,0.67385920285,0.67516802875,0.675776005,0.0013840047500000008,0.0005120039999999548,0.0018928034323248577,21.071000015625,pass,,,,,,,,,
aes2,compact,32,48,1536,36096,packed_all_pairs,36096,aes2_geometry,compact_all_pairs,20,0.0518720001,0.052054401525,0.0536959991,0.05326240007000001,0.0539952012,0.0542079993,0.0010400004249999997,0.00040000119999999625,0.013908786779169353,1.677999971875,pass,,,,,,,,,
aes2,compact,32,48,1536,36096,packed_all_pairs,36096,aes2_potential,compact_all_pairs,20,0.103423998,0.103423998,0.1054719985,0.10528799935,0.10673120105,0.106944002,0.0002880002500000034,0.00014400150000000445,0.008736014860187585,3.295999953125,pass,,,,,,,,,
aes2,compact,32,48,1536,36096,packed_all_pairs,36096,aes2_vjp,compact_all_pairs,20,0.495296001,0.49538719529999997,0.4961760045,0.49622079735,0.49712799344999997,0.497280002,0.00040800125000001186,0.00020799050000000485,0.0010492332981663127,15.505500140625,pass,,,,,,,,,
aes2,compact,128,48,6144,144384,packed_all_pairs,144384,aes2_energy,compact_all_pairs,20,0.0288960002,0.02904799963,0.03049599935,0.030345600185,0.03121599932,0.0315200016,0.0010160002750000015,0.0005599995999999996,0.0240761574356783,0.238249994921875,pass,,,,,,,,,
aes2,compact,128,48,6144,144384,packed_all_pairs,144384,aes2_full,compact_all_pairs,20,0.686496019,0.68667840665,0.689215988,0.6894064037,0.69268001295,0.692831993,0.0018879767499999645,0.0010239780000000365,0.0024668467645189655,5.384499906249999,pass,,,,,,,,,
aes2,compact,128,48,6144,144384,packed_all_pairs,144384,aes2_geometry,compact_all_pairs,20,0.0591039993,0.059529599015000004,0.06163199995,0.061297599805000005,0.062439998659999996,0.0625919998,0.002007999475000001,0.0008799992499999992,0.018845748046882747,0.481499999609375,pass,,,,,,,,,
aes2,compact,128,48,6144,144384,packed_all_pairs,144384,aes2_potential,compact_all_pairs,20,0.108543999,0.108543999,0.110960003,0.11089760010000001,0.11315839705,0.113279998,0.002463996250000003,0.0012960025000000042,0.013705090340740658,0.8668750234375,pass,,,,,,,,,
aes2,compact,128,48,6144,144384,packed_all_pairs,144384,aes2_vjp,compact_all_pairs,20,0.498144001,0.4983567953,0.4988159985,0.4994080007,0.5018911778,0.501951993,0.0012959987499999714,0.00036799900000000774,0.0023208729488076027,3.8969999882812503,pass,,,,,,,,,
aes2,compact,1,64,64,2016,packed_all_pairs,2016,aes2_energy,compact_all_pairs,20,0.0428799987,0.042940799175,0.04376000165,0.04370879978,0.0441471998,0.0469439998,0.0007839985249999959,0.00022399984999999997,0.01952653505483357,43.76000165,pass,,,,,,,,,
aes2,compact,1,64,64,2016,packed_all_pairs,2016,aes2_full,compact_all_pairs,20,0.884127975,0.8842496035,0.8853600025,0.88535360105,0.88617599,0.88617599,0.0006240010000000407,0.00038400300000002163,0.0007111852348136504,885.3600025000001,pass,,,,,,,,,
aes2,compact,1,64,64,2016,packed_all_pairs,2016,aes2_geometry,compact_all_pairs,20,0.0727360025,0.0731615987,0.0743359998,0.07396479995500001,0.0744640008,0.0744640008,0.0011520013000000107,9.600070000000127e-05,0.008096843312769733,74.3359998,pass,,,,,,,,,
aes2,compact,1,64,64,2016,packed_all_pairs,2016,aes2_potential,compact_all_pairs,20,0.133151993,0.13385120535,0.1343680025,0.134471999,0.13527039405,0.135391995,0.0009919932500000173,0.00041600349999999786,0.004431076138344244,134.3680025,pass,,,,,,,,,
aes2,compact,1,64,64,2016,packed_all_pairs,2016,aes2_vjp,compact_all_pairs,20,0.647360027,0.6476639871000001,0.648191988,0.64812160135,0.6483456192,0.648832023,0.00022399400000006064,9.602399999997235e-05,0.00044583155795804695,648.191988,pass,,,,,,,,,
aes2,compact,8,64,512,16128,packed_all_pairs,16128,aes2_energy,compact_all_pairs,20,0.0420479998,0.042291201605,0.0425279997,0.042931199625,0.04409760051,0.0441280007,0.0012720013000000058,0.0002719983499999967,0.016901329881378,5.3159999625,pass,,,,,,,,,
aes2,compact,8,64,512,16128,packed_all_pairs,16128,aes2_full,compact_all_pairs,20,0.899200022,0.89935200205,0.9002560079999999,0.9006271988,0.9020095762,0.90249598,0.001896009250000108,0.0008160174999999326,0.0011591129885744275,112.532001,pass,,,,,,,,,
aes2,compact,8,64,512,16128,packed_all_pairs,16128,aes2_geometry,compact_all_pairs,20,0.0769279972,0.077292799955,0.07867200299999999,0.07841759958,0.0789759979,0.0789759979,0.0005839970000000028,0.0001920014499999928,0.0072389001127004474,9.834000374999999,pass,,,,,,,,,
aes2,compact,8,64,512,16128,packed_all_pairs,16128,aes2_potential,compact_all_pairs,20,0.133343995,0.1335871969,0.1344319955,0.13455359945,0.13549279515,0.138623998,0.0009200050000000015,0.0005920010000000087,0.008367370271268637,16.8039994375,pass,,,,,,,,,
aes2,compact,8,64,512,16128,packed_all_pairs,16128,aes2_vjp,compact_all_pairs,20,0.655456007,0.6558815955999999,0.657664001,0.6575056015499999,0.6589504033,0.659680009,0.0018480124999999958,0.0009759965000000204,0.0017465569115361966,82.208000125,pass,,,,,,,,,
aes2,compact,32,64,2048,64512,packed_all_pairs,64512,aes2_energy,compact_all_pairs,20,0.0426880009,0.042809598335,0.0437759999,0.043720000055,0.044625600645,0.0449599996,0.0008159987250000028,0.00044800155000000036,0.014004418472568508,1.367999996875,pass,,,,,,,,,
aes2,compact,32,64,2048,64512,packed_all_pairs,64512,aes2_full,compact_all_pairs,20,0.923648,0.9250463962000001,0.926384002,0.9262079983,0.9271584034,0.927583992,0.0007839947500000166,0.0003840029999999661,0.0009373698426508149,28.9495000625,pass,,,,,,,,,
aes2,compact,32,64,2048,64512,packed_all_pairs,64512,aes2_geometry,compact_all_pairs,20,0.0787520036,0.07920799999,0.0799200013,0.07994400114,0.0809407979,0.0811839998,0.0010080001999999977,0.0005440004499999984,0.00847320099003703,2.497500040625,pass,,,,,,,,,
aes2,compact,32,64,2048,64512,packed_all_pairs,64512,aes2_potential,compact_all_pairs,20,0.139136001,0.13925760195,0.1407520025,0.1408384002,0.1420943945,0.142368004,0.0010880007499999844,0.0005120039999999965,0.006595738309673595,4.398500078125,pass,,,,,,,,,
aes2,compact,32,64,2048,64512,packed_all_pairs,64512,aes2_vjp,compact_all_pairs,20,0.672415972,0.67253760145,0.674463987,0.67427359825,0.67517117875,0.675231993,0.0007119917500000295,0.00040000649999999416,0.0011263952031729623,21.07699959375,pass,,,,,,,,,
aes2,compact,128,64,8192,258048,packed_all_pairs,258048,aes2_energy,compact_all_pairs,20,0.0438399985,0.0438399985,0.0442240015,0.04427839945,0.045291198385,0.045504,0.0004319995999999965,0.00023999994999999996,0.00995924933543646,0.34550001171875,pass,,,,,,,,,
aes2,compact,128,64,8192,258048,packed_all_pairs,258048,aes2_full,compact_all_pairs,20,0.95302403,0.95314560245,0.9570400115,0.9568064033500001,0.95996319355,0.962912023,0.003712043499999984,0.001903980999999999,0.002607385441792572,7.47687508984375,pass,,,,,,,,,
aes2,compact,128,64,8192,258048,packed_all_pairs,258048,aes2_geometry,compact_all_pairs,20,0.0900800005,0.09074879850499999,0.09259200095,0.092448000615,0.095201601455,0.0964479968,0.002152001449999996,0.001472000000000001,0.01855954860435542,0.723375007421875,pass,,,,,,,,,
aes2,compact,128,64,8192,258048,packed_all_pairs,258048,aes2_potential,compact_all_pairs,20,0.145408005,0.14625919645,0.14830400049999998,0.14800959905,0.15005599495000002,0.150815994,0.0013840012499999887,0.0005120039999999965,0.008725138096955888,1.1586250039062498,pass,,,,,,,,,
aes2,compact,128,64,8192,258048,packed_all_pairs,258048,aes2_vjp,compact_all_pairs,20,0.680832028,0.6809536014,0.6828639805000001,0.6827120005999999,0.6842976151000001,0.685087979,0.002064019249999993,0.0009760259999999077,0.0018669530689831787,5.33487484765625,pass,,,,,,,,,
aes2,compact,1,96,96,4560,packed_all_pairs,4560,aes2_energy,compact_all_pairs,20,0.0813760012,0.08140640148499999,0.08286399765,0.082777598875,0.08401439901,0.0842880011,0.0008959993499999958,0.00025600195000000797,0.009348473244099924,82.86399764999999,pass,,,,,,,,,
aes2,compact,1,96,96,4560,packed_all_pairs,4560,aes2_full,compact_all_pairs,20,1.465312,1.466801562,1.46726406,1.4675584015,1.46934402,1.46934402,0.0010319649999999125,0.0002241199999999388,0.0006793927026133627,1467.26406,pass,,,,,,,,,
aes2,compact,1,96,96,4560,packed_all_pairs,4560,aes2_geometry,compact_all_pairs,20,0.154144004,0.15426560495,0.15438400200000002,0.1545376031,0.15516159645,0.156256005,0.0001359992499999907,8.000399999996688e-05,0.00303444769864827,154.384002,pass,,,,,,,,,
aes2,compact,1,96,96,4560,packed_all_pairs,4560,aes2_potential,compact_all_pairs,20,0.209920004,0.21089279735,0.212063998,0.21197600065,0.21324960034999998,0.213280007,0.00035200250000000377,0.00017599749999999692,0.003934096494483519,212.063998,pass,,,,,,,,,
aes2,compact,1,96,96,4560,packed_all_pairs,4560,aes2_vjp,compact_all_pairs,20,1.03014398,1.0302352559999999,1.0313439949999998,1.0312944175,1.032328019,1.03248,0.0015119949999999882,0.0008000150000001538,0.0007354073469102891,1031.343995,pass,,,,,,,,,
aes2,compact,8,96,768,36480,packed_all_pairs,36480,aes2_energy,compact_all_pairs,20,0.0815680027,0.08214560004,0.0832480006,0.08314560094,0.08367680345,0.0842240006,0.00035200269999999256,0.0001920014499999928,0.006719791095055474,10.406000075,pass,,,,,,,,,
aes2,compact,8,96,768,36480,packed_all_pairs,36480,aes2_full,compact_all_pairs,20,1.48275197,1.48323837,1.4854240399999998,1.485143989,1.487619141,1.48767996,0.0028080300000001834,0.0016640399999998667,0.0010485087062251023,185.67800499999998,pass,,,,,,,,,
aes2,compact,8,96,768,36480,packed_all_pairs,36480,aes2_geometry,compact_all_pairs,20,0.160543993,0.1605744006,0.160799995,0.16108319765,0.16197760345,0.162463993,0.0010160020000000158,0.00014399749999999267,0.003618102873822699,20.099999375,pass,,,,,,,,,
aes2,compact,8,96,768,36480,packed_all_pairs,36480,aes2_potential,compact_all_pairs,20,0.214016005,0.214016005,0.215648003,0.21574720055,0.21754240205,0.217664003,0.0012479874999999918,0.0007199940000000016,0.005494307865450833,26.956000375000002,pass,,,,,,,,,
aes2,compact,8,96,768,36480,packed_all_pairs,36480,aes2_vjp,compact_all_pairs,20,1.03526402,1.0364191535,1.037360015,1.0373456015,1.0384992204999999,1.03856003,0.00046399500000005034,0.00022399500000003236,0.0007184195295582145,129.670001875,pass,,,,,,,,,
aes2,compact,32,96,3072,145920,packed_all_pairs,145920,aes2_energy,compact_all_pairs,20,0.0813760012,0.08237920177000001,0.0836320035,0.08351840079,0.084492802225,0.084735997,0.0011040009249999871,0.0005600041999999916,0.01020589243379058,2.613500109375,pass,,,,,,,,,
aes2,compact,32,96,3072,145920,packed_all_pairs,145920,aes2_full,compact_all_pairs,20,1.49542403,1.4954543825,1.49755204,1.4971552075,1.4982095629999999,1.50006402,0.0013920725000002854,0.0004159149999999334,0.0007524548523805937,46.79850125,pass,,,,,,,,,
aes2,compact,32,96,3072,145920,packed_all_pairs,145920,aes2_geometry,compact_all_pairs,20,0.164639995,0.164639995,0.164736003,0.1650527977,0.165870396,0.166751996,0.0007840060000000038,8.00044999999805e-05,0.0035140295280300907,5.1480000937499995,pass,,,,,,,,,
aes2,compact,32,96,3072,145920,packed_all_pairs,145920,aes2_potential,compact_all_pairs,20,0.217087999,0.21796959899999999,0.21825599699999998,0.21848000069999998,0.2195216026,0.219551995,0.0005759937500000034,0.00014398999999998274,0.002995447584160431,6.820499906249999,pass,,,,,,,,,
aes2,compact,32,96,3072,145920,packed_all_pairs,145920,aes2_vjp,compact_all_pairs,20,1.04092801,1.041110448,1.042047975,1.041971195,1.0432032205,1.04326403,0.001231997500000137,0.0007999499999999937,0.0007509653786044619,32.56399921875,pass,,,,,,,,,
aes2,compact,128,96,12288,583680,packed_all_pairs,583680,aes2_energy,compact_all_pairs,20,0.0822400004,0.083060799545,0.0839679986,0.08395999931,0.08506559957000001,0.0852480009,0.0010719988750000076,0.0006399974500000058,0.00935454756146747,0.6559999890625,pass,,,,,,,,,
aes2,compact,128,96,12288,583680,packed_all_pairs,583680,aes2_full,compact_all_pairs,20,1.52166402,1.522758344,1.52611196,1.526451188,1.5301279595,1.53103995,0.0028479075000000798,0.00119996,0.0014925675096008329,11.9227496875,pass,,,,,,,,,
aes2,compact,128,96,12288,583680,packed_all_pairs,583680,aes2_geometry,compact_all_pairs,20,0.181216002,0.1827056058,0.18327999849999999,0.1839023984,0.18681759890000002,0.187455997,0.0018880064999999835,0.0004479959999999922,0.008023825180233169,1.4318749882812498,pass,,,,,,,,,
aes2,compact,128,96,12288,583680,packed_all_pairs,583680,aes2_potential,compact_all_pairs,20,0.221184,0.22239999525,0.22455999999999998,0.22439199915,0.22563839705,0.225759998,0.0009919967500000293,0.0005599934999999945,0.004916584992088669,1.7543749999999998,pass,,,,,,,,,
aes2,compact,128,96,12288,583680,packed_all_pairs,583680,aes2_vjp,compact_all_pairs,20,1.04611194,1.0462943875,1.04764801,1.048015993,1.0495600385,1.05062401,0.0012720200000000403,0.0005440100000000392,0.0010822471509214825,8.184750078125,pass,,,,,,,,,
aes2,compact,1,128,128,8128,packed_all_pairs,8128,aes2_energy,compact_all_pairs,20,0.134752005,0.13496480025000002,0.136639997,0.1362720013,0.1376240048,0.138080001,0.001631997249999989,0.0007359905000000194,0.007173943241278828,136.63999700000002,pass,,,,,,,,,
aes2,compact,1,128,128,8128,packed_all_pairs,8128,aes2_full,compact_all_pairs,20,2.13715196,2.1372128834999997,2.13956797,2.1393920065,2.140841558,2.14102411,0.0014239499999999516,0.0007679449999999921,0.0005319096728291718,2139.56797,pass,,,,,,,,,
aes2,compact,1,128,128,8128,packed_all_pairs,8128,aes2_geometry,compact_all_pairs,20,0.263936013,0.26451361015,0.26484799400000003,0.2649952039,0.265841612,0.266784012,0.00014399750000004818,8.000450000000825e-05,0.002199565921671056,264.847994,pass,,,,,,,,,
aes2,compact,1,128,128,8128,packed_all_pairs,8128,aes2_potential,compact_all_pairs,20,0.30003199,0.30003199,0.30192001150000003,0.3021568015,0.3037855953,0.306400001,0.0009120107499999697,0.00035200950000002784,0.004352564747661748,301.92001150000004,pass,,,,,,,,,
aes2,compact,1,128,128,8128,packed_all_pairs,8128,aes2_vjp,compact_all_pairs,20,1.44582403,1.4477391824999999,1.44910401,1.4493423945,1.4509311695,1.45372796,0.0011279875000000938,0.0006559499999998497,0.00103933654924364,1449.10401,pass,,,,,,,,,
aes2,compact,8,128,1024,65024,packed_all_pairs,65024,aes2_energy,compact_all_pairs,20,0.136928007,0.13695840035,0.1377760025,0.13784319995,0.1385583963,0.142176002,0.0009999982500000226,0.00039999949999999784,0.008237124552197776,17.2220003125,pass,,,,,,,,,
aes2,compact,8,128,1024,65024,packed_all_pairs,65024,aes2_full,compact_all_pairs,20,2.16720009,2.16789929,2.1700320250000003,2.1701920025,2.1716239425,2.17299199,0.0015519825000001042,0.0008639100000000788,0.0006095522011878958,271.25400312500005,pass,,,,,,,,,
aes2,compact,8,128,1024,65024,packed_all_pairs,65024,aes2_geometry,compact_all_pairs,20,0.276800007,0.278958388,0.279296011,0.27945279925,0.2802208097,0.281376004,0.0007119927500000012,0.00015999349999998302,0.0029576835159899535,34.912001375,pass,,,,,,,,,
aes2,compact,8,128,1024,65024,packed_all_pairs,65024,aes2_potential,compact_all_pairs,20,0.305119991,0.3051503986,0.308095992,0.3074799955,0.30845598744999997,0.308607996,0.0010879927499999886,0.0004159960000000018,0.003727649542598027,38.511998999999996,pass,,,,,,,,,
aes2,compact,8,128,1024,65024,packed_all_pairs,65024,aes2_vjp,compact_all_pairs,20,1.45603204,1.4562448305,1.458752035,1.4584319945000002,1.4597343610000002,1.46076798,0.0009760599999999453,0.0005280400000000629,0.0008334603265033894,182.344004375,pass,,,,,,,,,
aes2,compact,32,128,4096,260096,packed_all_pairs,260096,aes2_energy,compact_all_pairs,20,0.136544004,0.13681759925,0.13737599550000001,0.1376175992,0.1388207994,0.138912007,0.0011200007500000164,0.0004640000000000061,0.0052471536098335735,4.2929998593750005,pass,,,,,,,,,
aes2,compact,32,128,4096,260096,packed_all_pairs,260096,aes2_full,compact_all_pairs,20,2.18419194,2.185529635,2.188015935,2.1878495925,2.1906704419999996,2.19215989,0.0012319650000005566,0.000575895000000104,0.0008305107128812029,68.37549796875001,pass,,,,,,,,,
aes2,compact,32,128,4096,260096,packed_all_pairs,260096,aes2_geometry,compact_all_pairs,20,0.28115201,0.28124320335,0.2822239995,0.28229279965000004,0.28333119775,0.283392012,0.0016959910000000078,0.0009279994999999985,0.0029393081174294935,8.819499984375,pass,,,,,,,,,
aes2,compact,32,128,4096,260096,packed_all_pairs,260096,aes2_potential,compact_all_pairs,20,0.308223993,0.308223993,0.31003201,0.3099904016,0.3106527957,0.314240009,0.0006559864999999832,0.00031998749999997966,0.0039404828215901175,9.6885003125,pass,,,,,,,,,
aes2,compact,32,128,4096,260096,packed_all_pairs,260096,aes2_vjp,compact_all_pairs,20,1.46921599,1.4692464565,1.471855995,1.471438396,1.472513607,1.47254395,0.0012399875000002059,0.0006080299999998706,0.0006867841159835842,45.995499843750004,pass,,,,,,,,,
aes2,compact,128,128,16384,1040384,packed_all_pairs,1040384,aes2_energy,compact_all_pairs,20,0.138175994,0.13823679495,0.139408,0.13932319945,0.14007040105,0.140192002,0.0011359937500000084,0.000575996499999995,0.005018976738161489,1.0891250000000001,pass,,,,,,,,,
aes2,compact,128,128,16384,1040384,packed_all_pairs,1040384,aes2_full,compact_all_pairs,20,2.21763206,2.218422308,2.2205280099999998,2.221600021,2.225252768,2.22656012,0.0042799724999995625,0.0020160699999995924,0.0011906356271609902,17.347875078125,pass,,,,,,,,,
aes2,compact,128,128,16384,1040384,packed_all_pairs,1040384,aes2_geometry,compact_all_pairs,20,0.308416009,0.30853760994999996,0.3098560125,0.3104128019,0.31290880629999995,0.313760012,0.0029759855,0.0010720045000000011,0.0053509373233470315,2.42075009765625,pass,,,,,,,,,
aes2,compact,128,128,16384,1040384,packed_all_pairs,1040384,aes2_potential,compact_all_pairs,20,0.313279986,0.3135231879,0.3161440045,0.31553759735,0.3172607871,0.317503989,0.0021919980000000283,0.0008800029999999903,0.004217690069232205,2.46987503515625,pass,,,,,,,,,
aes2,compact,128,128,16384,1040384,packed_all_pairs,1040384,aes2_vjp,compact_all_pairs,20,1.46755195,1.467643226,1.46948802,1.4697567880000002,1.4721071695,1.47231996,0.0029200275000000886,0.001376025000000003,0.001102405842636268,11.48037515625,pass,,,,,,,,,
aes2,compact,1,256,256,32640,packed_all_pairs,32640,aes2_energy,compact_all_pairs,20,0.507871985,0.50851042585,0.509903997,0.5098255992,0.51086077985,0.511712015,0.0016000120000000395,0.000832021500000002,0.0019737960858401816,509.903997,pass,,,,,,,,,
aes2,compact,1,256,256,32640,packed_all_pairs,32640,aes2_full,compact_all_pairs,20,7.62195206,7.623046498,7.626735925,7.6266544105,7.629790405,7.6328001,0.004191877500000274,0.0023519999999996877,0.0003571386748793221,7626.735925,pass,,,,,,,,,
aes2,compact,1,256,256,32640,packed_all_pairs,32640,aes2_geometry,compact_all_pairs,20,1.028512,1.028603162,1.029727995,1.0299343950000002,1.0315280089999999,1.03167999,0.0013920425000000236,0.0009600549999999597,0.000941787141043868,1029.727995,pass,,,,,,,,,
aes2,compact,1,256,256,32640,packed_all_pairs,32640,aes2_potential,compact_all_pairs,20,0.942848027,0.9451888232,0.9510720075000001,0.9502591997,0.95238238835,0.952960014,0.0017040069999999519,0.0007520019999999739,0.002665314496140551,951.0720075,pass,,,,,,,,,
aes2,compact,1,256,256,32640,packed_all_pairs,32640,aes2_vjp,compact_all_pairs,20,5.14595222,5.1461343255,5.150255919999999,5.1500416035,5.1532829985,5.15334415,0.0033600299999996253,0.0017919499999998756,0.0004648948278367774,5150.25592,pass,,,,,,,,,
aes2,compact,8,256,2048,261120,packed_all_pairs,261120,aes2_energy,compact_all_pairs,20,0.511391997,0.5116960141,0.51305598,0.51310079695,0.5150991886,0.515616,0.0010640177499999792,0.0006079969999999713,0.0020987420360147778,64.1319975,pass,,,,,,,,,
aes2,compact,8,256,2048,261120,packed_all_pairs,261120,aes2_full,compact_all_pairs,20,7.69795179,7.699289485,7.702336069999999,7.702854419,7.7073758119999995,7.70768023,0.0037038324999993932,0.0021281199999991784,0.000355163082423091,962.7920087499999,pass,,,,,,,,,
aes2,compact,8,256,2048,261120,packed_all_pairs,261120,aes2_geometry,compact_all_pairs,20,1.07987201,1.08008481,1.08217603,1.0822079965,1.084103955,1.08425605,0.0007920550000000137,0.0003520800000000879,0.0011699787320396554,135.27200375,pass,,,,,,,,,
aes2,compact,8,256,2048,261120,packed_all_pairs,261120,aes2_potential,compact_all_pairs,20,0.957408011,0.95755999105,0.960336,0.9604288013,0.9639088212,0.963999987,0.0025440160000000933,0.001359999500000042,0.0021158568463788695,120.042,pass,,,,,,,,,
aes2,compact,8,256,2048,261120,packed_all_pairs,261120,aes2_vjp,compact_all_pairs,20,5.15555191,5.1574064715,5.1597759750000005,5.15995841,5.1629838464999995,5.16374397,0.0020161874999997664,0.0010240100000000751,0.0003636705720349298,644.9719968750001,pass,,,,,,,,,
aes2,compact,32,256,8192,1044480,packed_all_pairs,1044480,aes2_energy,compact_all_pairs,20,0.512000024,0.5120911898,0.51305598,0.5129455953,0.5138143803999999,0.514240026,0.0003919754999999192,0.00020802050000001682,0.0010013317196792034,16.032999375,pass,,,,,,,,,
aes2,compact,32,256,8192,1044480,packed_all_pairs,1044480,aes2_full,compact_all_pairs,20,7.71110392,7.711134263,7.71449614,7.7144111875,7.7180511234999996,7.7217598,0.003783942500000137,0.0018558450000005777,0.000356557222193567,241.07800437499998,pass,,,,,,,,,
aes2,compact,32,256,8192,1044480,packed_all_pairs,1044480,aes2_geometry,compact_all_pairs,20,1.08595204,1.0861040210000001,1.08635199,1.0867024060000001,1.0881983915000002,1.08832002,0.0009679850000001711,0.0001440050000000026,0.0006865079726572808,33.948499687500004,pass,,,,,,,,,
aes2,compact,32,256,8192,1044480,packed_all_pairs,1044480,aes2_potential,compact_all_pairs,20,0.961759984,0.9632191954,0.965712011,0.9652880042499999,0.9673760178499999,0.967679977,0.0012640057499999635,0.0006719825000000013,0.0014829690582623882,30.178500343750002,pass,,,,,,,,,
aes2,compact,32,256,8192,1044480,packed_all_pairs,1044480,aes2_vjp,compact_all_pairs,20,5.15881586,5.159667041,5.16095996,5.16145761,5.164011383,5.16604805,0.0011841075000003087,0.0006082050000006944,0.00030877065981341315,161.27999874999998,pass,,,,,,,,,
aes2,compact,128,256,32768,4177920,packed_all_pairs,4177920,aes2_energy,compact_all_pairs,20,0.59552002,0.5958239791500001,0.598960012,0.59975360035,0.60518080275,0.606335998,0.003760009999999925,0.002000003999999944,0.004912475709509678,4.67937509375,pass,,,,,,,,,
aes2,compact,128,256,32768,4177920,packed_all_pairs,4177920,aes2_full,compact_all_pairs,20,8.13926411,8.1417564825,8.146640300000001,8.147339152499999,8.152977415499999,8.15331173,0.004775519999999034,0.0012483599999999484,0.000455943670318814,63.64562734375001,pass,,,,,,,,,
aes2,compact,128,256,32768,4177920,packed_all_pairs,4177920,aes2_geometry,compact_all_pairs,20,1.21094406,1.2112175555,1.213696,1.214044803,1.2172543615,1.21737599,0.0025039900000001225,0.0011360049999999955,0.0015539903682367845,9.482000000000001,pass,,,,,,,,,
aes2,compact,128,256,32768,4177920,packed_all_pairs,4177920,aes2_potential,compact_all_pairs,20,1.04345596,1.0444287695,1.0482719550000001,1.047953595,1.0512863810000002,1.05232,0.0033040699999999923,0.0013280549999998836,0.0021550845232544353,8.189624648437501,pass,,,,,,,,,
aes2,compact,128,256,32768,4177920,packed_all_pairs,4177920,aes2_vjp,compact_all_pairs,20,5.2670722,5.2688959625,5.273280145,5.273017645,5.277411361,5.27807999,0.00573611249999928,0.0028960699999998063,0.000633452460947189,41.197501132812505,pass,,,,,,,,,
aes2,open,1,16,16,120,packed_all_pairs,120,aes2_energy,open_all_pairs,20,0.0126400003,0.013369599635,0.014208000200000001,0.014420800000000001,0.015756800365000004,0.0190399997,0.0008079996500000002,0.00041599939999999863,0.08843972340731293,14.2080002,pass,,,,,,,,,
aes2,open,1,16,16,120,packed_all_pairs,120,aes2_full,open_all_pairs,20,0.227295995,0.22750880355,0.22799999999999998,0.22805440059999998,0.22877280565,0.228863999,0.0003999992500000049,0.0002079980000000009,0.0018798534066309424,227.99999999999997,pass,,,,,,,,,
aes2,open,1,16,16,120,packed_all_pairs,120,aes2_geometry,open_all_pairs,20,0.014304,0.01439519981,0.0152479997,0.015193599895000002,0.01545760027,0.0154879997,0.00019199960000000106,0.00011199989999999965,0.020289123372822907,15.247999700000001,pass,,,,,,,,,
aes2,open,1,16,16,120,packed_all_pairs,120,aes2_potential,open_all_pairs,20,0.0395839997,0.039675200364999996,0.041104000099999996,0.040782400419999996,0.04172960111,0.0417600013,0.001607997299999997,0.0005920007500000053,0.020525216667259667,41.10400009999999,pass,,,,,,,,,
aes2,open,1,16,16,120,packed_all_pairs,120,aes2_vjp,open_all_pairs,20,0.168448001,0.16847839435,0.1694239975,0.1694463984,0.17049760165,0.170527995,0.0013680007500000146,0.0007039980000000112,0.004098570580996244,169.4239975,pass,,,,,,,,,
aes2,open,8,16,128,960,packed_all_pairs,960,aes2_energy,open_all_pairs,20,0.0131200003,0.013454400109999999,0.0143200001,0.014374399985,0.015638399685,0.0160639994,0.0012079997000000002,0.0006240001500000007,0.0557626473347635,1.7900000125000002,pass,,,,,,,,,
aes2,open,8,16,128,960,packed_all_pairs,960,aes2_full,open_all_pairs,20,0.231424004,0.23145439735,0.2324479965,0.23268639814999997,0.23444319745,0.234656006,0.0010560039999999993,0.00044800300000000237,0.004578039110664778,29.055999562500002,pass,,,,,,,,,
aes2,open,8,16,128,960,packed_all_pairs,960,aes2_geometry,open_all_pairs,20,0.016384,0.016384,0.01737600005,0.017295999925,0.017665599695000003,0.0195199996,0.0003839987249999975,0.00012800004999999857,0.03869492653454477,2.17200000625,pass,,,,,,,,,
aes2,open,8,16,128,960,packed_all_pairs,960,aes2_potential,open_all_pairs,20,0.040959999,0.04099039919,0.042559999949999996,0.04250720013,0.0435520001,0.0435520001,0.0011120010250000034,0.0005600004999999977,0.017599674755599856,5.31999999375,pass,,,,,,,,,
aes2,open,8,16,128,960,packed_all_pairs,960,aes2_vjp,open_all_pairs,20,0.168543994,0.16878719590000002,0.1704479975,0.17039999875,0.17252319545,0.172736004,0.0013520044999999759,0.0008959994999999943,0.006811982146027675,21.3059996875,pass,,,,,,,,,
aes2,open,32,16,512,3840,packed_all_pairs,3840,aes2_energy,open_all_pairs,20,0.0128640002,0.0135632002,0.01457600015,0.01463360004,0.01574560071,0.0157760009,0.0010079995749999997,0.0006559998999999999,0.0549790394438329,0.4555000046875,pass,,,,,,,,,
aes2,open,32,16,512,3840,packed_all_pairs,3840,aes2_full,open_all_pairs,20,0.239327997,0.2396624065,0.2404480055,0.2405072018,0.2416704063,0.241791993,0.000376008000000011,0.00023999799999999127,0.0024028145438734798,7.514000171875,pass,,,,,,,,,
aes2,open,32,16,512,3840,packed_all_pairs,3840,aes2_geometry,open_all_pairs,20,0.0183680002,0.019158400865,0.01934400015,0.01932319999,0.019585600114999997,0.0196160004,0.0002400000000000041,0.00011200084999999846,0.013381387261805554,0.6045000046875,pass,,,,,,,,,
aes2,open,32,16,512,3840,packed_all_pairs,3840,aes2_potential,open_all_pairs,20,0.0430079997,0.044223998274999995,0.0453279987,0.04508959987,0.04566720132,0.0457280017,0.000992000074999999,0.0002720021000000017,0.015201251089169511,1.4164999593749998,pass,,,,,,,,,
aes2,open,32,16,512,3840,packed_all_pairs,3840,aes2_vjp,open_all_pairs,20,0.172959998,0.1729904056,0.1734879985,0.17378879935,0.1746495962,0.175136,0.0012239927500000136,0.0005119964999999865,0.004008334238992659,5.421499953125,pass,,,,,,,,,
aes2,open,128,16,2048,15360,packed_all_pairs,15360,aes2_energy,open_all_pairs,20,0.0137599995,0.013820799974999999,0.0146559998,0.01484799995,0.01561759971,0.0156479999,0.001128000149999999,0.0006399997500000001,0.043493025353439775,0.1144999984375,pass,,,,,,,,,
aes2,open,128,16,2048,15360,packed_all_pairs,15360,aes2_full,open_all_pairs,20,0.252223998,0.25225440559999995,0.25479999200000003,0.2549871966,0.25711519104999997,0.258848011,0.0026319992500000167,0.0012799949999999782,0.006864465651363545,1.9906249375000002,pass,,,,,,,,,
aes2,open,128,16,2048,15360,packed_all_pairs,15360,aes2_geometry,open_all_pairs,20,0.0232319999,0.023383999330000002,0.02513599955,0.024633599715,0.025601599410000002,0.0256319996,0.001904000999999999,0.0004799999500000006,0.03859697680925437,0.196374996484375,pass,,,,,,,,,
aes2,open,128,16,2048,15360,packed_all_pairs,15360,aes2_potential,open_all_pairs,20,0.0481280014,0.0481280014,0.04937600155000001,0.049209600310000004,0.05031039935,0.0504320003,0.0015359995750000022,0.0007999968499999913,0.017345962732402832,0.38575001210937504,pass,,,,,,,,,
aes2,open,128,16,2048,15360,packed_all_pairs,15360,aes2_vjp,open_all_pairs,20,0.176064,0.1763375943,0.177664004,0.17776479945,0.180127993,0.180127993,0.001239996250000014,0.0006399974999999891,0.006129429909840373,1.3880000312499998,pass,,,,,,,,,
aes2,open,1,32,32,496,packed_all_pairs,496,aes2_energy,open_all_pairs,20,0.0179839991,0.01828799967,0.01960000025,0.019343999875,0.020176000735,0.0204799995,0.0012079998750000008,0.00036799905000000147,0.03637590602404007,19.60000025,pass,,,,,,,,,
aes2,open,1,32,32,496,packed_all_pairs,496,aes2_full,open_all_pairs,20,0.432448,0.4326000076,0.433535993,0.4337088003,0.4350543975,0.435328007,0.0015759987500000294,0.000832006000000024,0.0021608593512949634,433.535993,pass,,,,,,,,,
aes2,open,1,32,32,496,packed_all_pairs,496,aes2_geometry,open_all_pairs,20,0.0265599992,0.026590399485000003,0.0275199991,0.02733599981,0.0276800003,0.0276800003,0.000359999074999999,0.00011200079999999779,0.014757875826086828,27.5199991,pass,,,,,,,,,
aes2,open,1,32,32,496,packed_all_pairs,496,aes2_potential,open_all_pairs,20,0.0696320012,0.069936003575,0.07060800119999999,0.07055200116,0.07089600304999999,0.0711999983,0.00021600167500000766,0.00012800100000000258,0.004692589602939334,70.60800119999999,pass,,,,,,,,,
aes2,open,1,32,32,496,packed_all_pairs,496,aes2_vjp,open_all_pairs,20,0.326240003,0.32627041059999995,0.32742399,0.32741119865,0.32823039625,0.328960001,0.00102400775,0.000592008000000005,0.0022770224183893415,327.42399,pass,,,,,,,,,
aes2,open,8,32,256,3968,packed_all_pairs,3968,aes2_energy,open_all_pairs,20,0.0194240008,0.019454399185,0.0197759997,0.01998880012,0.020931200790000003,0.0216000006,0.00047999949999999805,0.0001600002500000003,0.02703011622637764,2.4719999625,pass,,,,,,,,,
aes2,open,8,32,256,3968,packed_all_pairs,3968,aes2_full,open_all_pairs,20,0.434688002,0.434688002,0.435151994,0.43573440165,0.43834081465,0.438432008,0.0019999962500000246,0.00036799900000000774,0.002814102610730119,54.39399925,pass,,,,,,,,,
aes2,open,8,32,256,3968,packed_all_pairs,3968,aes2_geometry,open_all_pairs,20,0.0271680001,0.027198400385,0.0276159998,0.027652800085000002,0.02825120063,0.0287679993,0.00027199977500000014,0.00014400020000000097,0.012909460430834007,3.4519999749999997,pass,,,,,,,,,
aes2,open,8,32,256,3968,packed_all_pairs,3968,aes2_potential,open_all_pairs,20,0.071295999,0.07187360337,0.0721919984,0.072545599185,0.07386720331,0.0740799978,0.0009519998249999939,0.0003519989500000015,0.010185624795326682,9.0239998,pass,,,,,,,,,
aes2,open,8,32,256,3968,packed_all_pairs,3968,aes2_vjp,open_all_pairs,20,0.326624006,0.32677601455,0.328288004,0.3283535973,0.33029758919999996,0.330783993,0.0014879997499999686,0.0007999984999999821,0.0038047197226994223,41.0360005,pass,,,,,,,,,
aes2,open,32,32,1024,15872,packed_all_pairs,15872,aes2_energy,open_all_pairs,20,0.0185599998,0.01877279961,0.0197759997,0.01974560004,0.02058400017,0.0207359996,0.0008320003249999985,0.00044799969999999995,0.030885692962217676,0.617999990625,pass,,,,,,,,,
aes2,open,32,32,1024,15872,packed_all_pairs,15872,aes2_full,open_all_pairs,20,0.443392009,0.44454720329999997,0.445120007,0.44540480244999997,0.44698881235000004,0.449056,0.0007199869999999775,0.00033599149999999356,0.0024886544952958736,13.91000021875,pass,,,,,,,,,
aes2,open,32,32,1024,15872,packed_all_pairs,15872,aes2_geometry,open_all_pairs,20,0.0306560006,0.03147680155,0.0316479988,0.031667199625,0.032278399685,0.0327039994,0.00011199989999999965,6.400045000000062e-05,0.011537418906883657,0.9889999625,pass,,,,,,,,,
aes2,open,32,32,1024,15872,packed_all_pairs,15872,aes2_potential,open_all_pairs,20,0.0727040023,0.0727040023,0.0748640001,0.074659199655,0.07626399956,0.0764160007,0.0009679998750000002,0.00036799910000000213,0.012673538941680737,2.339500003125,pass,,,,,,,,,
aes2,open,32,32,1024,15872,packed_all_pairs,15872,aes2_vjp,open_all_pairs,20,0.330240011,0.33060481385,0.331008002,0.3313695995,0.33264639205,0.332767993,0.0012880042499999744,0.0003519954999999797,0.002336021362592517,10.344000062500001,pass,,,,,,,,,
aes2,open,128,32,4096,63488,packed_all_pairs,63488,aes2_energy,open_all_pairs,20,0.0187199991,0.0187199991,0.0196480006,0.019883200055,0.020833600310000002,0.0208640005,0.0011440008250000015,0.0004799999500000006,0.03526509627180619,0.1535000046875,pass,,,,,,,,,
aes2,open,128,32,4096,63488,packed_all_pairs,63488,aes2_full,open_all_pairs,20,0.455680013,0.4564095902,0.46031999599999995,0.45983359960000003,0.46282719195,0.463647991,0.0036160127500000083,0.001456007499999995,0.004871516196081947,3.5962499687499996,pass,,,,,,,,,
aes2,open,128,32,4096,63488,packed_all_pairs,63488,aes2_geometry,open_all_pairs,20,0.0354240015,0.0356367996,0.037744000550000004,0.03760480026,0.039006398845000005,0.0395839997,0.00048000179999999754,0.0001440011499999963,0.028920967929558578,0.294875004296875,pass,,,,,,,,,
aes2,open,128,32,4096,63488,packed_all_pairs,63488,aes2_potential,open_all_pairs,20,0.0768000036,0.077772796855,0.07911999895,0.07908959983,0.080483201495,0.0811519995,0.0010000002000000036,0.0004639998500000006,0.012966944144665371,0.6181249917968751,pass,,,,,,,,,
aes2,open,128,32,4096,63488,packed_all_pairs,63488,aes2_vjp,open_all_pairs,20,0.335040003,0.3357392011,0.33684800550000005,0.3370640009,0.3389504088,0.339679986,0.0017919987499999679,0.0009279994999999985,0.0036082610328438997,2.6316250429687504,pass,,,,,,,,,
aes2,open,1,48,48,1128,packed_all_pairs,1128,aes2_energy,open_all_pairs,20,0.028864,0.029137600285000002,0.0300799999,0.03017760011,0.031051199789999998,0.0312639996,0.0011520008749999998,0.0005760006500000001,0.02343101392982106,30.0799999,pass,,,,,,,,,
aes2,open,1,48,48,1128,packed_all_pairs,1128,aes2_full,open_all_pairs,20,0.654496014,0.6545264216000001,0.6556960045,0.6555392027,0.6561071816999999,0.656319976,0.0005359947499999906,0.0002560020000000329,0.0008588027776887883,655.6960045,pass,,,,,,,,,
aes2,open,1,48,48,1128,packed_all_pairs,1128,aes2_geometry,open_all_pairs,20,0.0457919985,0.045883199165,0.0461600013,0.04664960001,0.047971200224999996,0.0480320007,0.0011999997750000019,0.00024000185000000104,0.01716226035243188,46.160001300000005,pass,,,,,,,,,
aes2,open,1,48,48,1128,packed_all_pairs,1128,aes2_potential,open_all_pairs,20,0.102655999,0.10271679995,0.103120003,0.10317440069999999,0.1040096021,0.104192004,0.00031199499999999547,0.00019199749999999904,0.003691258998011997,103.120003,pass,,,,,,,,,
aes2,open,1,48,48,1128,packed_all_pairs,1128,aes2_vjp,open_all_pairs,20,0.486528009,0.48667998905000004,0.487967998,0.48780799945000003,0.48871199644999996,0.488864005,0.0004799964999999684,0.00022399400000000513,0.001201516750140075,487.967998,pass,,,,,,,,,
aes2,open,8,48,384,9024,packed_all_pairs,9024,aes2_energy,open_all_pairs,20,0.0287040006,0.029281599745,0.0306879999,0.03053119983,0.031209600265,0.0332159996,0.0009679998750000002,0.00041600039999999984,0.030243342809168225,3.8359999874999997,pass,,,,,,,,,
aes2,open,8,48,384,9024,packed_all_pairs,9024,aes2_full,open_all_pairs,20,0.656448007,0.65745122125,0.6585119964999999,0.6588656038,0.6604288071000001,0.660672009,0.0020160377499999216,0.000927984999999909,0.0018096251037808882,82.31399956249999,pass,,,,,,,,,
aes2,open,8,48,384,9024,packed_all_pairs,9024,aes2_geometry,open_all_pairs,20,0.0479039997,0.04793439989,0.04827199875,0.048940799925,0.0501440018,0.0501440018,0.0016480013999999946,0.00035199895000000495,0.018686652760920984,6.03399984375,pass,,,,,,,,,
aes2,open,8,48,384,9024,packed_all_pairs,9024,aes2_potential,open_all_pairs,20,0.102495998,0.10258719895,0.102992002,0.10322560045,0.104017602,0.104960002,0.0006959974999999896,0.00038399950000000266,0.006017530932212643,12.87400025,pass,,,,,,,,,
aes2,open,8,48,384,9024,packed_all_pairs,9024,aes2_vjp,open_all_pairs,20,0.487488002,0.48757919535,0.48964799950000004,0.48939999785,0.49080801205,0.491872013,0.002072006749999966,0.0010720045000000011,0.0026655508778409324,61.2059999375,pass,,,,,,,,,
aes2,open,32,48,1536,36096,packed_all_pairs,36096,aes2_energy,open_all_pairs,20,0.0285439994,0.028969599114999998,0.02988800035,0.029990400005,0.031062399875,0.0314880013,0.001192000674999999,0.0004799998999999999,0.025675040486121643,0.9340000109375,pass,,,,,,,,,
aes2,open,32,48,1536,36096,packed_all_pairs,36096,aes2_full,open_all_pairs,20,0.67059201,0.6708048043,0.672544003,0.6726255983,0.6747535974,0.674784005,0.002183988750000032,0.0012480024999999562,0.0021016576395920636,21.01700009375,pass,,,,,,,,,
aes2,open,32,48,1536,36096,packed_all_pairs,36096,aes2_geometry,open_all_pairs,20,0.0518720001,0.051932800575,0.05214399845,0.052438400139999994,0.05393280071,0.054175999,0.0002239979499999989,9.599890000000152e-05,0.01361244480044374,1.6294999515625,pass,,,,,,,,,
aes2,open,32,48,1536,36096,packed_all_pairs,36096,aes2_potential,open_all_pairs,20,0.103423998,0.103423998,0.1055039985,0.1054687991,0.10669600005,0.106848001,0.001040004250000004,0.0006560014999999961,0.00952103424966182,3.296999953125,pass,,,,,,,,,
aes2,open,32,48,1536,36096,packed_all_pairs,36096,aes2_vjp,open_all_pairs,20,0.495391995,0.49542240164999995,0.496255994,0.49617120029999995,0.4974448097,0.497536004,0.0009200052499999667,0.0006559939999999931,0.0013257480999694289,15.5079998125,pass,,,,,,,,,
aes2,open,128,48,6144,144384,packed_all_pairs,144384,aes2_energy,open_all_pairs,20,0.0296640005,0.02972479917,0.03060800025,0.030572800150000003,0.031528001475,0.0316799991,0.0009599994000000014,0.0004799999500000006,0.0197761819795705,0.239125001953125,pass,,,,,,,,,
aes2,open,128,48,6144,144384,packed_all_pairs,144384,aes2_full,open_all_pairs,20,0.686720014,0.6873583969,0.689424008,0.6898384005,0.6920720066999999,0.695263982,0.002152010750000044,0.0012959839999999723,0.0027222176823550365,5.386125062500001,pass,,,,,,,,,
aes2,open,128,48,6144,144384,packed_all_pairs,144384,aes2_geometry,open_all_pairs,20,0.0584320016,0.059344001505,0.0622080006,0.061532800275,0.062627200025,0.0626880005,0.0019439990000000018,0.0003359988000000008,0.020668664366012973,0.4860000046875,pass,,,,,,,,,
aes2,open,128,48,6144,144384,packed_all_pairs,144384,aes2_potential,open_all_pairs,20,0.108543999,0.10857439995000001,0.11092800250000001,0.11116799959999998,0.113188798,0.113279998,0.0024399940000000148,0.0011999980000000007,0.013936959835079102,0.86662501953125,pass,,,,,,,,,
aes2,open,128,48,6144,144384,packed_all_pairs,144384,aes2_vjp,open_all_pairs,20,0.497312009,0.49798080045000004,0.49904000800000003,0.49914400125,0.49992000010000004,0.500832021,0.0009759960000000345,0.0006079975000000126,0.0015655178333813843,3.8987500625000004,pass,,,,,,,,,
aes2,open,1,64,64,2016,packed_all_pairs,2016,aes2_energy,open_all_pairs,20,0.0414079987,0.042107200410000004,0.04299199955,0.04294400029,0.0442560017,0.0442560017,0.0010479968749999916,0.0006239991999999993,0.018413537298019648,42.99199955,pass,,,,,,,,,
aes2,open,1,64,64,2016,packed_all_pairs,2016,aes2_full,open_all_pairs,20,0.884096026,0.8842175994,0.8852159975,0.88515360645,0.88589598195,0.886048019,0.00048799775000007983,0.00027200550000000545,0.0005497069607877409,885.2159975000001,pass,,,,,,,,,
aes2,open,1,64,64,2016,packed_all_pairs,2016,aes2_geometry,open_all_pairs,20,0.0726080015,0.072790402925,0.074624002,0.07438880205000001,0.074975996855,0.0768000036,0.000600002774999997,0.0001600012000000095,0.012390215258573567,74.62400199999999,pass,,,,,,,,,
aes2,open,1,64,64,2016,packed_all_pairs,2016,aes2_potential,open_all_pairs,20,0.133471996,0.13368480455,0.13398400700000002,0.1340400004,0.13482080565,0.134911999,0.00036799525000000277,0.00019200900000002075,0.00263563027950485,133.98400700000002,pass,,,,,,,,,
aes2,open,1,64,64,2016,packed_all_pairs,2016,aes2_vjp,open_all_pairs,20,0.646336019,0.6463967772,0.647663981,0.64739360225,0.64848479915,0.648576021,0.001104012500000029,0.000287980000000021,0.001053616409259156,647.663981,pass,,,,,,,,,
aes2,open,8,64,512,16128,packed_all_pairs,16128,aes2_energy,open_all_pairs,20,0.0427520014,0.042812798359999994,0.04347199945,0.04348639938,0.04401439972,0.0442879982,0.0008239987749999941,0.0004319995499999993,0.010622072456874802,5.43399993125,pass,,,,,,,,,
aes2,open,8,64,512,16128,packed_all_pairs,16128,aes2_full,open_all_pairs,20,0.898591995,0.8987439750499999,0.9005919995,0.9007695942,0.90250238155,0.902624011,0.001871972500000041,0.0008320215000000575,0.0012629447853808472,112.5739999375,pass,,,,,,,,,
aes2,open,8,64,512,16128,packed_all_pairs,16128,aes2_geometry,open_all_pairs,20,0.0773760006,0.0773760006,0.0784000009,0.07812000141,0.079403201085,0.0796160027,0.001040000499999999,0.0008639990999999986,0.008842493250805302,9.800000112500001,pass,,,,,,,,,
aes2,open,8,64,512,16128,packed_all_pairs,16128,aes2_potential,open_all_pairs,20,0.132095993,0.13300799965000001,0.133919999,0.13396959825,0.1356992044,0.136063993,0.0009120025000000087,0.0005280000000000146,0.0070617494673442935,16.739999875000002,pass,,,,,,,,,
aes2,open,8,64,512,16128,packed_all_pairs,16128,aes2_vjp,open_all_pairs,20,0.655871987,0.6559023946,0.6576000155,0.65756000265,0.6589888181000001,0.65923202,0.002048030499999909,0.0011360044999999541,0.0018228590250369888,82.2000019375,pass,,,,,,,,,
aes2,open,32,64,2048,64512,packed_all_pairs,64512,aes2_energy,open_all_pairs,20,0.042208001,0.042664000905,0.04361600055,0.043790400015,0.045345598815,0.0453759991,0.0008080024499999977,0.0004960000500000006,0.01898105238502283,1.3630000171874999,pass,,,,,,,,,
aes2,open,32,64,2048,64512,packed_all_pairs,64512,aes2_full,open_all_pairs,20,0.924672008,0.924672008,0.926512003,0.9262736024,0.9275551795,0.928224027,0.001280024249999956,0.0005760189999999832,0.0010482548472151645,28.95350009375,pass,,,,,,,,,
aes2,open,32,64,2048,64512,packed_all_pairs,64512,aes2_geometry,open_all_pairs,20,0.0785920024,0.07874400354,0.08054400235,0.08002719953500001,0.0809599981,0.0809599981,0.0019359998249999927,0.00039999559999999434,0.011748742650825041,2.5170000734375,pass,,,,,,,,,
aes2,open,32,64,2048,64512,packed_all_pairs,64512,aes2_potential,open_all_pairs,20,0.138239995,0.138239995,0.1407520025,0.14050720105,0.1418352067,0.142048001,0.001887999250000022,0.0009440035000000124,0.008269918175922849,4.398500078125,pass,,,,,,,,,
aes2,open,32,64,2048,64512,packed_all_pairs,64512,aes2_vjp,open_all_pairs,20,0.67286402,0.67286402,0.673999995,0.6739904016,0.67501119975,0.675072014,0.0014720259999999596,0.00084802500000003,0.0011707625039424972,21.06249984375,pass,,,,,,,,,
aes2,open,128,64,8192,258048,packed_all_pairs,258048,aes2_energy,open_all_pairs,20,0.0431360006,0.043379198985,0.0440480001,0.04403519966,0.044427199285,0.0446400009,0.0003439988999999963,0.0002559982500000002,0.008398498165826461,0.34412500078124997,pass,,,,,,,,,
aes2,open,128,64,8192,258048,packed_all_pairs,258048,aes2_full,open_all_pairs,20,0.950879991,0.9524000166500001,0.954751998,0.9550048023500001,0.9589104053999999,0.959487975,0.003935977750000097,0.0018399949999999832,0.002394599856860893,7.458999984375,pass,,,,,,,,,
aes2,open,128,64,8192,258048,packed_all_pairs,258048,aes2_geometry,open_all_pairs,20,0.0901440009,0.090903999665,0.09211200105,0.09225760065000001,0.0951360017,0.0951360017,0.002120001250000003,0.001072000699999999,0.01582881566401989,0.719625008203125,pass,,,,,,,,,
aes2,open,128,64,8192,258048,packed_all_pairs,258048,aes2_potential,open_all_pairs,20,0.145408005,0.146350405,0.148448005,0.14815680085,0.14952160575,0.149856001,0.0008320027499999771,0.0005280074999999829,0.0065993492687338754,1.1597500390625,pass,,,,,,,,,
aes2,open,128,64,8192,258048,packed_all_pairs,258048,aes2_vjp,open_all_pairs,20,0.680415988,0.6806591899,0.681919992,0.682267198,0.6846207831000001,0.684863985,0.0011999612499999923,0.0008639990000000042,0.001709357849772743,5.3274999375,pass,,,,,,,,,
aes2,open,1,96,96,4560,packed_all_pairs,4560,aes2_energy,open_all_pairs,20,0.0816640034,0.081694403685,0.08224000035000001,0.08238239995999999,0.083459202225,0.0835200027,0.0008079987250000087,0.0004000030500000071,0.007197160303328669,82.24000035,pass,,,,,,,,,
aes2,open,1,96,96,4560,packed_all_pairs,4560,aes2_full,open_all_pairs,20,1.46691203,1.4670943635,1.46769601,1.4680879955,1.4698720115,1.47139204,0.001015959999999927,0.0004000050000000366,0.0007199778399477934,1467.6960100000001,pass,,,,,,,,,
aes2,open,1,96,96,4560,packed_all_pairs,4560,aes2_geometry,open_all_pairs,20,0.153952003,0.15410399635,0.154367998,0.15464479920000002,0.15579839415,0.156223997,0.0008159990000000117,0.00017599749999999692,0.0038678865095293003,154.367998,pass,,,,,,,,,
aes2,open,1,96,96,4560,packed_all_pairs,4560,aes2_potential,open_all_pairs,20,0.209920004,0.2114703945,0.212512001,0.21235359895,0.2137696031,0.213952005,0.0008159987500000188,0.0005600000000000188,0.004157307693246421,212.512001,pass,,,,,,,,,
aes2,open,1,96,96,4560,packed_all_pairs,4560,aes2_vjp,open_all_pairs,20,1.02976,1.0297903524999998,1.03094399,1.0308512015,1.0319183805,1.03219199,0.0006000724999999374,0.0002720350000000593,0.0006402241180653047,1030.94399,pass,,,,,,,,,
aes2,open,8,96,768,36480,packed_all_pairs,36480,aes2_energy,open_all_pairs,20,0.081791997,0.081913597855,0.08328000085000001,0.083182399335,0.083887997635,0.0854080021,0.000999998299999999,0.00044799969999999995,0.010054531151829875,10.410000106250001,pass,,,,,,,,,
aes2,open,8,96,768,36480,packed_all_pairs,36480,aes2_full,open_all_pairs,20,1.480672,1.4833471619999998,1.485520005,1.485024005,1.4863424375,1.48707199,0.001119997500000025,0.00043201500000011883,0.0009224518780331115,185.69000062499998,pass,,,,,,,,,
aes2,open,8,96,768,36480,packed_all_pairs,36480,aes2_geometry,open_all_pairs,20,0.159615993,0.15964640060000002,0.160351999,0.16049600025,0.16163520105,0.161696002,0.0013040005000000132,0.0005119959999999868,0.0045408573070548925,20.043999875,pass,,,,,,,,,
aes2,open,8,96,768,36480,packed_all_pairs,36480,aes2_potential,open_all_pairs,20,0.213983998,0.21495680465,0.2158079965,0.21591999899999997,0.21735200070000002,0.217503995,0.0008560017500000017,0.0003359989999999896,0.003811502621144065,26.9759995625,pass,,,,,,,,,
aes2,open,8,96,768,36480,packed_all_pairs,36480,aes2_vjp,open_all_pairs,20,1.03558397,1.0362528174999999,1.03697598,1.037147187,1.0380943805,1.03836799,0.0008880200000001004,0.0006240600000000374,0.0006569806545625517,129.6219975,pass,,,,,,,,,
aes2,open,32,96,3072,145920,packed_all_pairs,145920,aes2_energy,open_all_pairs,20,0.0821759999,0.08244960199000001,0.0831840001,0.08337920011,0.08484639790500001,0.0851199999,0.0004880037250000052,0.0002720021000000017,0.009058513602911131,2.599500003125,pass,,,,,,,,,
aes2,open,32,96,3072,145920,packed_all_pairs,145920,aes2_full,open_all_pairs,20,1.49462402,1.49532322,1.49756801,1.4974816025,1.5000223995,1.50044799,0.0019441000000000042,0.0010560149999999657,0.001012826183370637,46.7990003125,pass,,,,,,,,,
aes2,open,32,96,3072,145920,packed_all_pairs,145920,aes2_geometry,open_all_pairs,20,0.164480001,0.164540801,0.164895996,0.1654703997,0.1668560037,0.167007998,0.0018000009999999955,0.00016000099999999295,0.005757875788732715,5.152999875,pass,,,,,,,,,
aes2,open,32,96,3072,145920,packed_all_pairs,145920,aes2_potential,open_all_pairs,20,0.216064006,0.216064006,0.218208,0.21836000090000002,0.21987839805,0.219999999,0.0015840012499999945,0.0011200009999999955,0.005541896220296854,6.819000000000001,pass,,,,,,,,,
aes2,open,32,96,3072,145920,packed_all_pairs,145920,aes2_vjp,open_all_pairs,20,1.03936005,1.0405151835000002,1.04209602,1.041976004,1.0432383615,1.04335999,0.0015679950000002663,0.0007839800000000174,0.0009952313725161942,32.565500625,pass,,,,,,,,,
aes2,open,128,96,12288,583680,packed_all_pairs,583680,aes2_energy,open_all_pairs,20,0.0834560022,0.083881598305,0.08451199905000001,0.084484799205,0.085192000465,0.0853440017,0.0009439997250000054,0.0004960000500000075,0.0066123294966423714,0.6602499925781251,pass,,,,,,,,,
aes2,open,128,96,12288,583680,packed_all_pairs,583680,aes2_full,open_all_pairs,20,1.52227199,1.5230928185,1.52694398,1.527091193,1.5302959905,1.531968,0.002903997499999811,0.001663984999999979,0.0015531225844917387,11.92924984375,pass,,,,,,,,,
aes2,open,128,96,12288,583680,packed_all_pairs,583680,aes2_geometry,open_all_pairs,20,0.181024,0.18111519335,0.1828000025,0.1827519991,0.18501599985,0.185471997,0.001624002999999985,0.0007359980000000016,0.006787329729886159,1.42812501953125,pass,,,,,,,,,
aes2,open,128,96,12288,583680,packed_all_pairs,583680,aes2_potential,open_all_pairs,20,0.219136,0.22010879335,0.224255994,0.22387359810000002,0.2262527941,0.226495996,0.0016400034999999868,0.001007996499999983,0.008051331127764134,1.751999953125,pass,,,,,,,,,
aes2,open,128,96,12288,583680,packed_all_pairs,583680,aes2_vjp,open_all_pairs,20,1.04716802,1.047198363,1.049311995,1.049292791,1.0514928385,1.05158401,0.002311972499999815,0.0011680149999999667,0.001429585534457828,8.1977499609375,pass,,,,,,,,,
aes2,open,1,128,128,8128,packed_all_pairs,8128,aes2_energy,open_all_pairs,20,0.134591997,0.13526080175,0.13636799900000002,0.13643199960000002,0.13749760345,0.137983993,0.00041600324999999105,0.00024000599999998706,0.005283456165799597,136.36799900000003,pass,,,,,,,,,
aes2,open,1,128,128,8128,packed_all_pairs,8128,aes2_full,open_all_pairs,20,2.13484812,2.1367631585,2.13910401,2.1393872025,2.1424335675,2.14246392,0.0018157975000003823,0.0005120050000000376,0.000805097026764846,2139.10401,pass,,,,,,,,,
aes2,open,1,128,128,8128,packed_all_pairs,8128,aes2_geometry,open_all_pairs,20,0.264032006,0.2640624136,0.2650080025,0.26498560005,0.2653312069,0.266303986,0.00014400474999998192,6.400049999999435e-05,0.0017098769594032022,265.00800250000003,pass,,,,,,,,,
aes2,open,1,128,128,8128,packed_all_pairs,8128,aes2_potential,open_all_pairs,20,0.299008012,0.29998079110000003,0.30144000049999997,0.30148800025,0.30293119715,0.303296,0.000992014749999992,0.000496000000000052,0.003290527805792796,301.4400005,pass,,,,,,,,,
aes2,open,1,128,128,8128,packed_all_pairs,8128,aes2_vjp,open_all_pairs,20,1.44643199,1.4469183995000001,1.44899201,1.4488624025,1.450214374,1.45337605,0.0012399800000000294,0.0005599899999999547,0.0009600386973392187,1448.99201,pass,,,,,,,,,
aes2,open,8,128,1024,65024,packed_all_pairs,65024,aes2_energy,open_all_pairs,20,0.136575997,0.13712320079999998,0.1381599975,0.1380383997,0.13908960075000001,0.139423996,0.0009520020000000073,0.0005119965000000004,0.0051167001024036,17.2699996875,pass,,,,,,,,,
aes2,open,8,128,1024,65024,packed_all_pairs,65024,aes2_full,open_all_pairs,20,2.16646409,2.167619233,2.16995192,2.1701792005000002,2.1725489055,2.17385602,0.0021678225000001383,0.0012319100000000027,0.0008171796774324911,271.24399,pass,,,,,,,,,
aes2,open,8,128,1024,65024,packed_all_pairs,65024,aes2_geometry,open_all_pairs,20,0.277119994,0.27721118735,0.279424012,0.2794528008,0.28119038805,0.281311989,0.0007040129999999478,0.00024001299999998338,0.0035593861265963977,34.9280015,pass,,,,,,,,,
aes2,open,8,128,1024,65024,packed_all_pairs,65024,aes2_potential,open_all_pairs,20,0.305151999,0.30603361325,0.307792008,0.3080496043,0.3091136021,0.320544004,0.0010240150000000448,0.0005280079999999965,0.009959454114338242,38.474001,pass,,,,,,,,,
aes2,open,8,128,1024,65024,packed_all_pairs,65024,aes2_vjp,open_all_pairs,20,1.45558405,1.456617555,1.4582719800000001,1.458131195,1.459937565,1.46057606,0.001863957499999902,0.0008160500000000681,0.0008438976381346559,182.28399750000003,pass,,,,,,,,,
aes2,open,32,128,4096,260096,packed_all_pairs,260096,aes2_energy,open_all_pairs,20,0.136544004,0.13678720590000001,0.138016,0.1378463998,0.138243195,0.138303995,0.0004719937500000104,0.0002079980000000009,0.0034482306801034614,4.313,pass,,,,,,,,,
aes2,open,32,128,4096,260096,packed_all_pairs,260096,aes2_full,open_all_pairs,20,2.18499207,2.185448013,2.188096045,2.1882704,2.191086436,2.19196796,0.002896072499999569,0.0017600049999999534,0.0008957547839250438,68.37800140625,pass,,,,,,,,,
aes2,open,32,128,4096,260096,packed_all_pairs,260096,aes2_geometry,open_all_pairs,20,0.281024009,0.28120639665,0.28155200199999997,0.28178880205,0.28316800875,0.283775985,0.0006239934999999752,0.00030399849999995787,0.0024187815832516823,8.798500062499999,pass,,,,,,,,,
aes2,open,32,128,4096,260096,packed_all_pairs,260096,aes2_potential,open_all_pairs,20,0.307168007,0.30719841459999997,0.3091839995,0.3090304017,0.31018721470000005,0.310400009,0.0013600137499999998,0.0006880009999999659,0.0032578717237482864,9.661999984374999,pass,,,,,,,,,
aes2,open,32,128,4096,260096,packed_all_pairs,260096,aes2_vjp,open_all_pairs,20,1.46943998,1.4697744085,1.471520005,1.471468799,1.4733216165,1.47350395,0.0012800049999999175,0.0006560049999999595,0.0007972696255035962,45.985000156249995,pass,,,,,,,,,
aes2,open,128,128,16384,1040384,packed_all_pairs,1040384,aes2_energy,open_all_pairs,20,0.138047993,0.13820000155,0.1391199975,0.13905119885,0.14031199555,0.140768006,0.0009839984999999996,0.0005600005000000186,0.005245292111182334,1.08687498046875,pass,,,,,,,,,
aes2,open,128,128,16384,1040384,packed_all_pairs,1040384,aes2_full,open_all_pairs,20,2.2191999,2.2192608235,2.2215039699999997,2.2218144055,2.2246670935000004,2.22518396,0.0017040374999996999,0.0009759649999996345,0.0007268908389765584,17.355499765624998,pass,,,,,,,,,
aes2,open,128,128,16384,1040384,packed_all_pairs,1040384,aes2_geometry,open_all_pairs,20,0.30783999,0.3080224052,0.3099839985,0.3101392001,0.3124352079,0.313407987,0.0007039979999999835,0.00033599149999999356,0.004799693972376628,2.4217499882812503,pass,,,,,,,,,
aes2,open,128,128,16384,1040384,packed_all_pairs,1040384,aes2_potential,open_all_pairs,20,0.312319994,0.3132928016,0.31580799800000003,0.3155632004,0.31761601135,0.317919999,0.0021679995000000174,0.001024007999999993,0.004783517585691675,2.4672499843750004,pass,,,,,,,,,
aes2,open,128,128,16384,1040384,packed_all_pairs,1040384,aes2_vjp,open_all_pairs,20,1.46716797,1.467927989,1.46937597,1.4702095925,1.4742479545,1.47440004,0.002327984999999977,0.0010560200000000464,0.001526642225415325,11.479499765625,pass,,,,,,,,,
aes2,open,1,256,256,32640,packed_all_pairs,32640,aes2_energy,open_all_pairs,20,0.507871985,0.507871985,0.5094879864999999,0.509423995,0.51082077915,0.510912001,0.0011520240000000292,0.0005759894999999293,0.0019055828626635364,509.4879864999999,pass,,,,,,,,,
aes2,open,1,256,256,32640,packed_all_pairs,32640,aes2_full,open_all_pairs,20,7.61859179,7.6207806565,7.627760175000001,7.6267856135,7.6316305205,7.63190413,0.00591980999999997,0.002288105000000318,0.00048045053308908275,7627.760175,pass,,,,,,,,,
aes2,open,1,256,256,32640,packed_all_pairs,32640,aes2_geometry,open_all_pairs,20,1.02880001,1.028951991,1.029824015,1.029945605,1.031075221,1.03113604,0.0017840600000000872,0.0008159850000000191,0.000841791138910553,1029.824015,pass,,,,,,,,,
aes2,open,1,256,256,32640,packed_all_pairs,32640,aes2_potential,open_all_pairs,20,0.948863983,0.94916799915,0.950895995,0.9506895959999999,0.9523391816,0.952704012,0.002232000499999942,0.0007199940000000016,0.0012050122118578497,950.895995,pass,,,,,,,,,
aes2,open,1,256,256,32640,packed_all_pairs,32640,aes2_vjp,open_all_pairs,20,5.14639997,5.146460675,5.14857602,5.149123168,5.152515265,5.15257597,0.0028802125000000345,0.0016801349999999715,0.00038707201700036143,5148.57602,pass,,,,,,,,,
aes2,open,8,256,2048,261120,packed_all_pairs,261120,aes2_energy,open_all_pairs,20,0.511168003,0.51201918115,0.5126880105,0.51263200335,0.5131856114,0.513216019,0.0008559674999999434,0.00044798800000001027,0.0010601089098458533,64.0860013125,pass,,,,,,,,,
aes2,open,8,256,2048,261120,packed_all_pairs,261120,aes2_full,open_all_pairs,20,7.69536018,7.698095819,7.701472045,7.702473568499999,7.708215879,7.70867205,0.003767964999999762,0.002015824999999971,0.0004539810399593909,962.684005625,pass,,,,,,,,,
aes2,open,8,256,2048,261120,packed_all_pairs,261120,aes2_geometry,open_all_pairs,20,1.08089602,1.080987182,1.082159995,1.0823328075,1.0839184305,1.08419204,0.0008319949999999743,0.00027197499999997987,0.0007553663107021152,135.269999375,pass,,,,,,,,,
aes2,open,8,256,2048,261120,packed_all_pairs,261120,aes2_potential,open_all_pairs,20,0.957408011,0.95841122525,0.9599840045000001,0.96030720165,0.9628207919,0.96351999,0.00239999575000005,0.0015039745000000049,0.0017344011340622095,119.99800056250001,pass,,,,,,,,,
aes2,open,8,256,2048,261120,packed_all_pairs,261120,aes2_vjp,open_all_pairs,20,5.15782404,5.158492659499999,5.160671949999999,5.160977648,5.163542317,5.16457605,0.0024560700000000324,0.0016481850000005238,0.0003605205259322068,645.0839937499999,pass,,,,,,,,,
aes2,open,32,256,8192,1044480,packed_all_pairs,1044480,aes2_energy,open_all_pairs,20,0.511551976,0.51191680735,0.5129600165,0.51313759375,0.51439519855,0.514912009,0.0008720157499999548,0.0004639625000000258,0.0015780810863568182,16.030000515625,pass,,,,,,,,,
aes2,open,32,256,8192,1044480,packed_all_pairs,1044480,aes2_full,open_all_pairs,20,7.70940781,7.709499314,7.71276808,7.7127728225,7.715740871,7.71628809,0.001832012500000424,0.0009438999999997755,0.00022527043132451114,241.0240025,pass,,,,,,,,,
aes2,open,32,256,8192,1044480,packed_all_pairs,1044480,aes2_geometry,open_all_pairs,20,1.08595204,1.0860432115,1.08697605,1.087056011,1.0881744405,1.08844805,0.000279959999999857,0.0001919299999999513,0.0006390823076210124,33.9680015625,pass,,,,,,,,,
aes2,open,32,256,8192,1044480,packed_all_pairs,1044480,aes2_potential,open_all_pairs,20,0.960479975,0.96105760065,0.9643839894999999,0.9639967978499999,0.9657743872,0.966656029,0.001224026499999975,0.0005280074999999829,0.0015227964243472558,30.136999671874996,pass,,,,,,,,,
aes2,open,32,256,8192,1044480,packed_all_pairs,1044480,aes2_vjp,open_all_pairs,20,5.15891218,5.1590942855,5.161376000000001,5.1613056175,5.1628289904999995,5.16489601,0.002047775000000307,0.0010399799999993853,0.0002836367896960768,161.293,pass,,,,,,,,,
aes2,open,128,256,32768,4177920,packed_all_pairs,4177920,aes2_energy,open_all_pairs,20,0.596671999,0.596671999,0.5986720025000001,0.59905759995,0.6027119900500001,0.604991972,0.002048016249999951,0.0011520090000001204,0.0036807220014493797,4.677125019531251,pass,,,,,,,,,
aes2,open,128,256,32768,4177920,packed_all_pairs,4177920,aes2_full,open_all_pairs,20,8.1356802,8.1405136575,8.147167685,8.14665761,8.1532159355,8.15382385,0.0050241925000023,0.002672195000000599,0.0005276833102755016,63.649747539062496,pass,,,,,,,,,
aes2,open,128,256,32768,4177920,packed_all_pairs,4177920,aes2_geometry,open_all_pairs,20,1.21104002,1.2113136295,1.21409595,1.214233595,1.2172527645,1.21734405,0.0021280049999998774,0.0010719900000000226,0.0014457585179125994,9.485124609375,pass,,,,,,,,,
aes2,open,128,256,32768,4177920,packed_all_pairs,4177920,aes2_potential,open_all_pairs,20,1.04447997,1.04545277,1.04755199,1.0483599965,1.0522784120000002,1.05574405,0.0030720300000000034,0.0017279999999998408,0.0024447921283140108,8.183999921875001,pass,,,,,,,,,
aes2,open,128,256,32768,4177920,packed_all_pairs,4177920,aes2_vjp,open_all_pairs,20,5.2671361,5.2680479765,5.27388811,5.2737008575,5.2774801685,5.27945614,0.0017760950000003106,0.0010879050000003332,0.0005166072235380684,41.202250859375,pass,,,,,,,,,
d4,compact,1,16,16,120,committed_50_bohr_retained_pairs,120,d4_atm_energy,compact_all_within_cutoff,20,0.242528006,0.2426192003,0.2446239965,0.24415999944999997,0.24573760105,0.245920002,0.0011439992499999996,0.0005759970000000086,0.004070795908665256,244.6239965,pass,,,,,,,,,
d4,compact,1,16,16,120,committed_50_bohr_retained_pairs,120,d4_atm_gradient,compact_all_within_cutoff,20,0.444543988,0.44457439465,0.445583999,0.44576319755,0.44677121059999997,0.449568003,0.0016880112499999544,0.0007999989999999957,0.0026156243968706652,445.583999,pass,,,,,,,,,
d4,compact,1,16,16,120,committed_50_bohr_retained_pairs,120,d4_cn_cache_update,compact_all_within_cutoff,20,0.0723199993,0.07241120006,0.072672002,0.073139201105,0.07461920158,0.0757440031,0.0011440012750000006,0.0002080015500000032,0.012814477297519094,72.672002,pass,,,,,,,,,
d4,compact,1,16,16,120,committed_50_bohr_retained_pairs,120,d4_two_body_energy_potential,compact_all_within_cutoff,20,0.183264002,0.18338560295,0.184576005,0.1847504019,0.1864175965,0.186752006,0.002111998000000004,0.0010720050000000009,0.00586255592362844,184.57600499999998,pass,,,,,,,,,
d4,compact,1,16,16,120,committed_50_bohr_retained_pairs,120,d4_two_body_gradient,compact_all_within_cutoff,20,0.28342399,0.28360640519999997,0.285535991,0.28536159835,0.28691679365,0.287007987,0.0012959839999999723,0.0008639844999999702,0.003925175751859593,285.53599099999997,pass,,,,,,,,,
d4,compact,8,16,128,960,committed_50_bohr_retained_pairs,960,d4_atm_energy,compact_all_within_cutoff,20,0.246976003,0.2474624068,0.248543993,0.24860159985000002,0.2495647997,0.250719994,0.0002640000000000142,0.00014399700000000681,0.0029280001967567546,31.067999125,pass,,,,,,,,,
d4,compact,8,16,128,960,committed_50_bohr_retained_pairs,960,d4_atm_gradient,compact_all_within_cutoff,20,0.448063999,0.44897599234999996,0.4499360025,0.4499391972,0.4512655944,0.451296002,0.001856014000000017,0.0008800029999999903,0.0021782458750075734,56.2420003125,pass,,,,,,,,,
d4,compact,8,16,128,960,committed_50_bohr_retained_pairs,960,d4_cn_cache_update,compact_all_within_cutoff,20,0.0730239972,0.0730239972,0.0732799992,0.07342079877499999,0.07430879954,0.0744000003,0.0003360025499999919,0.00019200144999999974,0.005897517608826882,9.1599999,pass,,,,,,,,,
d4,compact,8,16,128,960,committed_50_bohr_retained_pairs,960,d4_two_body_energy_potential,compact_all_within_cutoff,20,0.187680006,0.18816639555,0.18936000050000001,0.18970239835,0.1915759978,0.192031994,0.0013199935000000051,0.0004480035000000021,0.006441869980152388,23.6700000625,pass,,,,,,,,,
d4,compact,8,16,128,960,committed_50_bohr_retained_pairs,960,d4_two_body_gradient,compact_all_within_cutoff,20,0.286208004,0.28626878975000003,0.28739199,0.2873407974,0.28827521089999997,0.28924799,0.000584006249999991,0.00022400899999999724,0.0026253251015515198,35.923998749999996,pass,,,,,,,,,
d4,compact,32,16,512,3840,committed_50_bohr_retained_pairs,3840,d4_atm_energy,compact_all_within_cutoff,20,0.25673601,0.2567967967,0.258000001,0.25820160044999996,0.25914719075000003,0.259359986,0.0011119994999999605,0.0006880020000000209,0.0030747969823989195,8.06250003125,pass,,,,,,,,,
d4,compact,32,16,512,3840,committed_50_bohr_retained_pairs,3840,d4_atm_gradient,compact_all_within_cutoff,20,0.466944009,0.4683728128,0.4696639925,0.46962400075,0.47145759140000004,0.471487999,0.0010399819999999949,0.0005279924999999908,0.0023452417502118333,14.676999765625,pass,,,,,,,,,
d4,compact,32,16,512,3840,committed_50_bohr_retained_pairs,3840,d4_cn_cache_update,compact_all_within_cutoff,20,0.0791999996,0.079321600455,0.0810399987,0.080875200775,0.082435201825,0.0824960023,0.001384003100000003,0.0007039979500000001,0.012653853780104961,2.532499959375,pass,,,,,,,,,
d4,compact,32,16,512,3840,committed_50_bohr_retained_pairs,3840,d4_two_body_energy_potential,compact_all_within_cutoff,20,0.200800002,0.2014080058,0.202320002,0.20237920059999998,0.20390880265,0.203999996,0.0010399962499999804,0.000576004000000005,0.0042759196697936585,6.3225000625,pass,,,,,,,,,
d4,compact,32,16,512,3840,committed_50_bohr_retained_pairs,3840,d4_two_body_gradient,compact_all_within_cutoff,20,0.303456008,0.3035472023,0.305296004,0.30510239745,0.30727040005,0.307392001,0.0015760065000000045,0.0009119954999999846,0.0038171826224547693,9.540500125,pass,,,,,,,,,
d4,compact,128,16,2048,15360,committed_50_bohr_retained_pairs,15360,d4_atm_energy,compact_all_within_cutoff,20,0.292320013,0.29466080920000004,0.29662400499999997,0.29605120115,0.297745594,0.298687994,0.0018080105000000124,0.0005760045000000047,0.004682491411503885,2.3173750390624996,pass,,,,,,,,,
d4,compact,128,16,2048,15360,committed_50_bohr_retained_pairs,15360,d4_atm_gradient,compact_all_within_cutoff,20,0.526880026,0.5278831842,0.5318399970000001,0.5310720026,0.5328352238,0.532895982,0.0027839837499999964,0.0009600214999999634,0.0035071550909900307,4.1549999765625,pass,,,,,,,,,
d4,compact,128,16,2048,15360,committed_50_bohr_retained_pairs,15360,d4_cn_cache_update,compact_all_within_cutoff,20,0.105184004,0.10597440305,0.10657599949999999,0.10721439985,0.10894400174999999,0.109247997,0.002088001249999999,0.0009759959999999929,0.011635380918281875,0.83262499609375,pass,,,,,,,,,
d4,compact,128,16,2048,15360,committed_50_bohr_retained_pairs,15360,d4_two_body_energy_potential,compact_all_within_cutoff,20,0.249855995,0.24997759595000002,0.25358399750000005,0.2533343956,0.2558431955,0.256511986,0.0021360140000000194,0.0012160089999999901,0.007467409223622762,1.9811249804687503,pass,,,,,,,,,
d4,compact,128,16,2048,15360,committed_50_bohr_retained_pairs,15360,d4_two_body_gradient,compact_all_within_cutoff,20,0.359968007,0.3604240032,0.363552004,0.3632544027,0.3649119931,0.365824014,0.0017840042499999709,0.0008800030000000181,0.004346858625542557,2.84025003125,pass,,,,,,,,,
d4,compact,1,32,32,496,committed_50_bohr_retained_pairs,496,d4_atm_energy,compact_all_within_cutoff,20,0.951168001,0.9520799933999999,0.9544799925,0.9541936010000001,0.95526877315,0.955359995,0.0012319829999998255,0.0006079969999999713,0.0011872026170138411,954.4799925000001,pass,,,,,,,,,
d4,compact,1,32,32,496,committed_50_bohr_retained_pairs,496,d4_atm_gradient,compact_all_within_cutoff,20,1.88278401,1.8829056384999998,1.8847839849999999,1.884616012,1.8862736385,1.88873601,0.001376037500000038,0.0004000050000001476,0.0007141178072636071,1884.7839849999998,pass,,,,,,,,,
d4,compact,1,32,32,496,committed_50_bohr_retained_pairs,496,d4_cn_cache_update,compact_all_within_cutoff,20,0.133535996,0.1335664036,0.1346080005,0.13448800155,0.1357775984,0.135808006,0.0008000064999999779,0.00028800250000000915,0.004965861537255619,134.6080005,pass,,,,,,,,,
d4,compact,1,32,32,496,committed_50_bohr_retained_pairs,496,d4_two_body_energy_potential,compact_all_within_cutoff,20,0.301952004,0.30207360494999996,0.30329599949999997,0.30317920135,0.30410721275,0.304320008,0.0015679897499999984,0.0006880020000000486,0.002737675294640465,303.2959995,pass,,,,,,,,,
d4,compact,1,32,32,496,committed_50_bohr_retained_pairs,496,d4_two_body_gradient,compact_all_within_cutoff,20,0.496416003,0.49665920395,0.49817599349999997,0.49800160075,0.49872481195,0.499424011,0.0006719972500000004,0.0003360060000000553,0.0015680847140744155,498.17599349999995,pass,,,,,,,,,
d4,compact,8,32,256,3968,committed_50_bohr_retained_pairs,3968,d4_atm_energy,compact_all_within_cutoff,20,0.985535979,0.9858399961000001,0.986240029,0.98684961485,0.9899935783,0.990176022,0.0010560004999999872,0.0002560019999999774,0.0013193672424961537,123.28000362499999,pass,,,,,,,,,
d4,compact,8,32,256,3968,committed_50_bohr_retained_pairs,3968,d4_atm_gradient,compact_all_within_cutoff,20,1.96096003,1.962297611,1.96451199,1.9645327985,1.9666496205000001,1.96713603,0.002360020000000018,0.0011839900000000236,0.000834451643523032,245.56399875000002,pass,,,,,,,,,
d4,compact,8,32,256,3968,committed_50_bohr_retained_pairs,3968,d4_cn_cache_update,compact_all_within_cutoff,20,0.137823999,0.137823999,0.1381279975,0.1383807994,0.13919040070000002,0.140223995,0.0009599965000000044,0.0002079904999999771,0.0045552527519263294,17.2659996875,pass,,,,,,,,,
d4,compact,8,32,256,3968,committed_50_bohr_retained_pairs,3968,d4_two_body_energy_potential,compact_all_within_cutoff,20,0.302944005,0.3034000012,0.30463999500000005,0.3047903971,0.3064528003,0.307455987,0.0012559897500000194,0.0007039909999999594,0.0035314356831256015,38.07999937500001,pass,,,,,,,,,
d4,compact,8,32,256,3968,committed_50_bohr_retained_pairs,3968,d4_two_body_gradient,compact_all_within_cutoff,20,0.508960009,0.5098415937999999,0.5127519965,0.5124560028,0.51477602155,0.515839994,0.002751991249999919,0.001439988499999989,0.003664738882290456,64.0939995625,pass,,,,,,,,,
d4,compact,32,32,1024,15872,committed_50_bohr_retained_pairs,15872,d4_atm_energy,compact_all_within_cutoff,20,0.997407973,0.9974383806,0.9984479845,0.9986480030999999,1.000204847,1.00044799,0.0011119992500000508,0.000351965500000051,0.0008495047024063805,31.201499515625002,pass,,,,,,,,,
d4,compact,32,32,1024,15872,committed_50_bohr_retained_pairs,15872,d4_atm_gradient,compact_all_within_cutoff,20,1.98246396,1.98246396,1.98487997,1.9847839884999998,1.98680003,1.98771203,0.0009200574999999045,0.0006080299999999816,0.0006503757807806492,62.0274990625,pass,,,,,,,,,
d4,compact,32,32,1024,15872,committed_50_bohr_retained_pairs,15872,d4_cn_cache_update,compact_all_within_cutoff,20,0.142207995,0.14275519879999998,0.144079998,0.14382399839999999,0.14436160285,0.14576,0.0009439924999999905,0.00017599800000001053,0.005264927404935681,4.5024999375,pass,,,,,,,,,
d4,compact,32,32,1024,15872,committed_50_bohr_retained_pairs,15872,d4_two_body_energy_potential,compact_all_within_cutoff,20,0.319487989,0.3204607966,0.3217760025,0.32191679925,0.32356320495,0.324384004,0.0013999859999999642,0.0008159875000000039,0.003846671451120615,10.055500078125,pass,,,,,,,,,
d4,compact,32,32,1024,15872,committed_50_bohr_retained_pairs,15872,d4_two_body_gradient,compact_all_within_cutoff,20,0.522239983,0.522239983,0.5248480145,0.52505120045,0.52803998845,0.529407978,0.0018559687500000477,0.0009439884999999926,0.003495865714613769,16.401500453125,pass,,,,,,,,,
d4,compact,128,32,4096,63488,committed_50_bohr_retained_pairs,63488,d4_atm_energy,compact_all_within_cutoff,20,1.03651202,1.0367856295,1.038735985,1.0388751920000001,1.040988751,1.04153597,0.0022400025000000046,0.0010080349999999072,0.0014464706469387951,8.1151248828125,pass,,,,,,,,,
d4,compact,128,32,4096,63488,committed_50_bohr_retained_pairs,63488,d4_atm_gradient,compact_all_within_cutoff,20,2.05315208,2.0540943185000002,2.0563520200000003,2.0564927825000003,2.0595216069999998,2.05955195,0.0024558324999994774,0.0013918899999996182,0.0008873041682492776,16.065250156250002,pass,,,,,,,,,
d4,compact,128,32,4096,63488,committed_50_bohr_retained_pairs,63488,d4_cn_cache_update,compact_all_within_cutoff,20,0.169504002,0.16962560295,0.1716959995,0.17176319950000002,0.17348319399999998,0.174303994,0.001064006499999992,0.0007999989999999957,0.007225188503610811,1.34137499609375,pass,,,,,,,,,
d4,compact,128,32,4096,63488,committed_50_bohr_retained_pairs,63488,d4_two_body_energy_potential,compact_all_within_cutoff,20,0.370656013,0.370656013,0.373744011,0.3735600024,0.37572959224999997,0.377279997,0.0021600054999999507,0.001248001999999998,0.004805760163393265,2.9198750859375,pass,,,,,,,,,
d4,compact,128,32,4096,63488,committed_50_bohr_retained_pairs,63488,d4_two_body_gradient,compact_all_within_cutoff,20,0.587743998,0.5877744046500001,0.592304021,0.5928303958,0.5974048139,0.605247974,0.0026799884999999524,0.0015039745000000049,0.006501014490921038,4.6273751640625,pass,,,,,,,,,
d4,compact,1,48,48,1128,committed_50_bohr_retained_pairs,1128,d4_atm_energy,compact_all_within_cutoff,20,0.737568021,0.73981759535,0.7411519885,0.7411680012999999,0.74272640655,0.742847979,0.001984000499999916,0.0009759965000000204,0.001766066691208558,741.1519885,pass,,,,,,,,,
d4,compact,1,48,48,1128,committed_50_bohr_retained_pairs,1128,d4_atm_gradient,compact_all_within_cutoff,20,1.49571204,1.4976576590000001,1.4987199900000001,1.4991135965,1.5019568485,1.50204802,0.001472024999999988,0.0008800000000001029,0.0010275787921889407,1498.71999,pass,,,,,,,,,
d4,compact,1,48,48,1128,committed_50_bohr_retained_pairs,1128,d4_cn_cache_update,compact_all_within_cutoff,20,0.199136004,0.199196804,0.19979199749999998,0.199828802,0.2004815994,0.200512007,0.0008239972499999859,0.000432007000000012,0.002424861717920917,199.79199749999998,pass,,,,,,,,,
d4,compact,1,48,48,1128,committed_50_bohr_retained_pairs,1128,d4_two_body_energy_potential,compact_all_within_cutoff,20,0.400063992,0.4002464072,0.40246400250000003,0.4022719994,0.40414400665,0.405056,0.0025999922499999606,0.0011519939999999895,0.0036814497164559482,402.46400250000005,pass,,,,,,,,,
d4,compact,1,48,48,1128,committed_50_bohr_retained_pairs,1128,d4_two_body_gradient,compact_all_within_cutoff,20,0.669983983,0.67199041245,0.6732159855,0.67326719455,0.67473757575,0.676288009,0.0011360200000000154,0.0006400054999999849,0.0018930523613941792,673.2159855,pass,,,,,,,,,
d4,compact,8,48,384,9024,committed_50_bohr_retained_pairs,9024,d4_atm_energy,compact_all_within_cutoff,20,0.789279997,0.7893104046,0.7904160025,0.7909616022,0.7932111826,0.793727994,0.0022400464999999814,0.0008159875000000039,0.0018049361820125867,98.8020003125,pass,,,,,,,,,
d4,compact,8,48,384,9024,committed_50_bohr_retained_pairs,9024,d4_atm_gradient,compact_all_within_cutoff,20,1.62537599,1.625406447,1.6283999649999998,1.6278303975,1.6288656475,1.628896,0.0013519250000000316,0.00020802500000005608,0.0007206691972236424,203.54999562499998,pass,,,,,,,,,
d4,compact,8,48,384,9024,committed_50_bohr_retained_pairs,9024,d4_cn_cache_update,compact_all_within_cutoff,20,0.200159997,0.20022079699999998,0.20228800149999998,0.20214079985,0.20369439445,0.203968003,0.0020639972500000048,0.0010880009999999912,0.006412714005336821,25.286000187499997,pass,,,,,,,,,
d4,compact,8,48,384,9024,committed_50_bohr_retained_pairs,9024,d4_two_body_energy_potential,compact_all_within_cutoff,20,0.408032,0.40839680285,0.409536004,0.40968000145000005,0.4106672047,0.410879999,0.0008959992500000014,0.000607996999999999,0.0019596425944827306,51.1920005,pass,,,,,,,,,
d4,compact,8,48,384,9024,committed_50_bohr_retained_pairs,9024,d4_two_body_gradient,compact_all_within_cutoff,20,0.694271982,0.694271982,0.6963840125,0.69649599785,0.6986928074000001,0.700608015,0.0016079992499999918,0.0009280145000000184,0.002233187443026349,87.0480015625,pass,,,,,,,,,
d4,compact,32,48,1536,36096,committed_50_bohr_retained_pairs,36096,d4_atm_energy,compact_all_within_cutoff,20,1.44227195,1.4423327595000002,1.4444320199999998,1.4447567945,1.4475663705,1.44783998,0.002512100000000128,0.0016000300000001966,0.0012606583696786612,45.13850062499999,pass,,,,,,,,,
d4,compact,32,48,1536,36096,committed_50_bohr_retained_pairs,36096,d4_atm_gradient,compact_all_within_cutoff,20,2.90326405,2.9034160215,2.90827203,2.90867039,2.9123711005,2.91334391,0.0025041099999998373,0.001600024999999894,0.0009341024245964407,90.8835009375,pass,,,,,,,,,
d4,compact,32,48,1536,36096,committed_50_bohr_retained_pairs,36096,d4_cn_cache_update,compact_all_within_cutoff,20,0.209215999,0.2094287933,0.21046399300000002,0.2101103976,0.21066560210000002,0.210848004,0.0010640030000000078,0.00025600200000000517,0.002692658280435274,6.5769997812500005,pass,,,,,,,,,
d4,compact,32,48,1536,36096,committed_50_bohr_retained_pairs,36096,d4_two_body_energy_potential,compact_all_within_cutoff,20,0.430079997,0.43011040365,0.4324799925,0.43255679745000003,0.4341423896,0.436544001,0.0009279772499999894,0.0005280074999999829,0.0033183708081989923,13.514999765625001,pass,,,,,,,,,
d4,compact,32,48,1536,36096,committed_50_bohr_retained_pairs,36096,d4_two_body_gradient,compact_all_within_cutoff,20,0.715776026,0.715776026,0.717424005,0.7173680005999999,0.7194752156499999,0.71983999,0.00191199750000004,0.0009599925000000065,0.0017448142288475365,22.419500156250002,pass,,,,,,,,,
d4,compact,128,48,6144,144384,committed_50_bohr_retained_pairs,144384,d4_atm_energy,compact_all_within_cutoff,20,2.74236798,2.764256037,2.847199915,2.846150374,2.9274080409999996,2.93926406,0.06378394499999995,0.032511949999999956,0.01890437579442113,22.2437493359375,pass,,,,,,,,,
d4,compact,128,48,6144,144384,committed_50_bohr_retained_pairs,144384,d4_atm_gradient,compact_all_within_cutoff,20,5.34425592,5.4390125775,5.596048115,5.6121343845,5.8815424665,5.89929581,0.1911762924999998,0.09414410499999981,0.027377693488827615,43.719125898437504,pass,,,,,,,,,
d4,compact,128,48,6144,144384,committed_50_bohr_retained_pairs,144384,d4_cn_cache_update,compact_all_within_cutoff,20,0.237663999,0.23778559995,0.239744,0.23952319995,0.241262404,0.242144004,0.00208000050000004,0.0010399970000000008,0.005523050470909568,1.873,pass,,,,,,,,,
d4,compact,128,48,6144,144384,committed_50_bohr_retained_pairs,144384,d4_two_body_energy_potential,compact_all_within_cutoff,20,0.480255991,0.480255991,0.482048005,0.4823568002,0.48398401160000004,0.484896004,0.0017200192499999822,0.0011679975000000176,0.0026899924066007335,3.7660000390625,pass,,,,,,,,,
d4,compact,128,48,6144,144384,committed_50_bohr_retained_pairs,144384,d4_two_body_gradient,compact_all_within_cutoff,20,0.788479984,0.7894527916,0.792479992,0.79220480035,0.79399039755,0.794112027,0.0015120349999999672,0.0009600220000000048,0.001935374761005044,6.191249937499999,pass,,,,,,,,,
d4,compact,1,64,64,2016,committed_50_bohr_retained_pairs,2016,d4_atm_energy,compact_all_within_cutoff,20,1.17529595,1.175934445,1.17720002,1.1773008109999998,1.178476857,1.17872,0.0016079550000001053,0.0008639700000001582,0.0008365732030272701,1177.20002,pass,,,,,,,,,
d4,compact,1,64,64,2016,committed_50_bohr_retained_pairs,2016,d4_atm_gradient,compact_all_within_cutoff,20,2.40083194,2.4008928634999998,2.40297604,2.4027776005,2.4038960625000003,2.40495992,0.0006639950000000283,0.0003199500000001798,0.00044228357852780603,2402.97604,pass,,,,,,,,,
d4,compact,1,64,64,2016,committed_50_bohr_retained_pairs,2016,d4_cn_cache_update,compact_all_within_cutoff,20,0.262335986,0.2625791879,0.263088003,0.26318719545,0.26394561235,0.264128,0.0008399929999999833,0.00040000649999999416,0.0019523382208437652,263.088003,pass,,,,,,,,,
d4,compact,1,64,64,2016,committed_50_bohr_retained_pairs,2016,d4_two_body_energy_potential,compact_all_within_cutoff,20,0.508480012,0.5085104196,0.509184003,0.5094688028500001,0.51127362535,0.511456013,0.0010239924999999594,0.00036799900000000774,0.0017839967239858335,509.184003,pass,,,,,,,,,
d4,compact,1,64,64,2016,committed_50_bohr_retained_pairs,2016,d4_two_body_gradient,compact_all_within_cutoff,20,0.858208001,0.8587248114499999,0.859439999,0.8597488046,0.8609712004500001,0.861792028,0.0017119940000001055,0.0005759894999999848,0.0011037529638176326,859.4399990000001,pass,,,,,,,,,
d4,compact,8,64,512,16128,committed_50_bohr_retained_pairs,16128,d4_atm_energy,compact_all_within_cutoff,20,1.22086406,1.221198365,1.2225919950000002,1.2228144159999998,1.224376049,1.22544003,0.0016958974999998766,0.001023944999999915,0.000998707170244535,152.82399937500003,pass,,,,,,,,,
d4,compact,8,64,512,16128,committed_50_bohr_retained_pairs,16128,d4_atm_gradient,compact_all_within_cutoff,20,2.51596808,2.5169408895,2.518031955,2.518091189,2.519732772,2.52012801,0.0011200274999998427,0.0005760200000002325,0.0004258180535745822,314.753994375,pass,,,,,,,,,
d4,compact,8,64,512,16128,committed_50_bohr_retained_pairs,16128,d4_cn_cache_update,compact_all_within_cutoff,20,0.263680011,0.26374079770000003,0.26633600850000005,0.26591360270000003,0.26716480745,0.267711997,0.0019360105000000294,0.0007199949999999455,0.004638549017976201,33.292001062500006,pass,,,,,,,,,
d4,compact,8,64,512,16128,committed_50_bohr_retained_pairs,16128,d4_two_body_energy_potential,compact_all_within_cutoff,20,0.516704023,0.5169775755,0.518559992,0.5183232009000001,0.5192256242,0.519711971,0.0013920214999999514,0.0006880164999999994,0.0017151871336492416,64.81999900000001,pass,,,,,,,,,
d4,compact,8,64,512,16128,committed_50_bohr_retained_pairs,16128,d4_two_body_gradient,compact_all_within_cutoff,20,0.878592014,0.87919999025,0.8810719845,0.8814191966499999,0.88398078985,0.884832025,0.0015279652500000962,0.0008000140000000155,0.0018141969946613493,110.1339980625,pass,,,,,,,,,
d4,compact,32,64,2048,64512,committed_50_bohr_retained_pairs,64512,d4_atm_energy,compact_all_within_cutoff,20,2.28297591,2.283036843,2.28518391,2.2850064155,2.2870144514999997,2.28713608,0.0005598725000002247,0.0001921599999996637,0.0004712890510541184,71.4119971875,pass,,,,,,,,,
d4,compact,32,64,2048,64512,committed_50_bohr_retained_pairs,64512,d4_atm_gradient,compact_all_within_cutoff,20,4.54537582,4.546531419,4.547504185,4.5474128245,4.5490832535,4.54960012,0.0008560425000005978,0.0005922300000000824,0.00020092567289415293,142.10950578125,pass,,,,,,,,,
d4,compact,32,64,2048,64512,committed_50_bohr_retained_pairs,64512,d4_cn_cache_update,compact_all_within_cutoff,20,0.274048001,0.27429120290000003,0.2761600015,0.27601439795,0.2771023865,0.277375996,0.0008719935000000012,0.0004479884999999961,0.0032615184574395347,8.630000046874999,pass,,,,,,,,,
d4,compact,32,64,2048,64512,committed_50_bohr_retained_pairs,64512,d4_two_body_energy_potential,compact_all_within_cutoff,20,0.534496009,0.5345264166,0.536303997,0.53633920255,0.5381487849000001,0.538847983,0.0013840197500000206,0.00073599799999996,0.0021667552474645005,16.75949990625,pass,,,,,,,,,
d4,compact,32,64,2048,64512,committed_50_bohr_retained_pairs,64512,d4_two_body_gradient,compact_all_within_cutoff,20,0.901120007,0.901120007,0.9034079905,0.9037328034,0.9055071888,0.905568004,0.0021520109999999537,0.0016800165000000478,0.0017135870155687242,28.231499703125,pass,,,,,,,,,
d4,compact,128,64,8192,258048,committed_50_bohr_retained_pairs,258048,d4_atm_energy,compact_all_within_cutoff,20,5.88223982,5.8833039055,6.00974393,6.0529743665,6.333038306500001,6.40992022,0.16441607000000058,0.08660793,0.024844821465417874,46.951124453125,pass,,,,,,,,,
d4,compact,128,64,8192,258048,committed_50_bohr_retained_pairs,258048,d4_atm_gradient,compact_all_within_cutoff,20,11.1041279,11.166356795,11.54568005,11.509495985,11.802310414999999,11.8328323,0.22320817500000167,0.13995215000000005,0.01819300439547443,90.20062539062499,pass,,,,,,,,,
d4,compact,128,64,8192,258048,committed_50_bohr_retained_pairs,258048,d4_cn_cache_update,compact_all_within_cutoff,20,0.306463987,0.30649439365,0.30745600149999996,0.30741599805000003,0.30862718840000003,0.309599996,0.000960006999999985,0.0005279930000000044,0.0025852679761313242,2.4020000117187497,pass,,,,,,,,,
d4,compact,128,64,8192,258048,committed_50_bohr_retained_pairs,258048,d4_two_body_energy_potential,compact_all_within_cutoff,20,0.593919992,0.5958656072,0.598240018,0.59817120435,0.6007728219,0.60147202,0.0018079877500000174,0.0009280145000000184,0.003012013655178016,4.673750140625001,pass,,,,,,,,,
d4,compact,128,64,8192,258048,committed_50_bohr_retained_pairs,258048,d4_two_body_gradient,compact_all_within_cutoff,20,0.99375999,0.9942159862,0.996352017,0.9967952073999999,1.0005040564999998,1.00095999,0.0021999925000000253,0.0012799800000000139,0.0021123661530293115,7.7840001328124995,pass,,,,,,,,,
d4,compact,1,96,96,4560,committed_50_bohr_retained_pairs,4560,d4_atm_energy,compact_all_within_cutoff,20,2.74431992,2.7449887675,2.74739194,2.7477087975,2.7498736985,2.75142407,0.00216794500000006,0.0016959899999999806,0.0006659104299865026,2747.39194,pass,,,,,,,,,
d4,compact,1,96,96,4560,committed_50_bohr_retained_pairs,4560,d4_atm_gradient,compact_all_within_cutoff,20,5.41884804,5.4188783925,5.42105579,5.4211215975,5.4229808120000005,5.42307186,0.0020959349999998267,0.0010559549999999973,0.00026668808062187555,5421.055789999999,pass,,,,,,,,,
d4,compact,1,96,96,4560,committed_50_bohr_retained_pairs,4560,d4_cn_cache_update,compact_all_within_cutoff,20,0.400000006,0.40009119935,0.40203200299999997,0.40188640045,0.4027728033,0.406208009,0.0005360097500000105,0.00017599749999999692,0.003195073937889474,402.032003,pass,,,,,,,,,
d4,compact,1,96,96,4560,committed_50_bohr_retained_pairs,4560,d4_two_body_energy_potential,compact_all_within_cutoff,20,0.752640009,0.7529136184999999,0.754672021,0.7543728025,0.7551423908,0.757088006,0.0009759815000000005,0.00028797950000003514,0.0012972162043935432,754.672021,pass,,,,,,,,,
d4,compact,1,96,96,4560,committed_50_bohr_retained_pairs,4560,d4_two_body_gradient,compact_all_within_cutoff,20,1.24870396,1.2492208265,1.250256005,1.2502080025,1.251075245,1.25113595,0.0001840600000000414,9.602499999994407e-05,0.0004181198896188293,1250.256005,pass,,,,,,,,,
d4,compact,8,96,768,36480,committed_50_bohr_retained_pairs,36480,d4_atm_energy,compact_all_within_cutoff,20,2.76735997,2.7681807985,2.770319935,2.770787191,2.7748496559999998,2.77852798,0.0009920600000001834,0.000559919999999714,0.0008641848455207921,346.289991875,pass,,,,,,,,,
d4,compact,8,96,768,36480,committed_50_bohr_retained_pairs,36480,d4_atm_gradient,compact_all_within_cutoff,20,5.48572779,5.4864879135,5.50291204,5.4998575690000004,5.505414223500001,5.50553608,0.004711987499999459,0.0017440400000001688,0.0012716567030205382,687.864005,pass,,,,,,,,,
d4,compact,8,96,768,36480,committed_50_bohr_retained_pairs,36480,d4_cn_cache_update,compact_all_within_cutoff,20,0.406816006,0.40687679175,0.408032,0.40787839895,0.41011359435,0.410144001,0.0011839792500000224,0.0008800030000000181,0.0024297053391028507,51.004,pass,,,,,,,,,
d4,compact,8,96,768,36480,committed_50_bohr_retained_pairs,36480,d4_two_body_energy_potential,compact_all_within_cutoff,20,0.770048022,0.7712336238999999,0.772944003,0.77274719465,0.774324775,0.774720013,0.0012719934999999571,0.0006079970000000268,0.001465272544459657,96.618000375,pass,,,,,,,,,
d4,compact,8,96,768,36480,committed_50_bohr_retained_pairs,36480,d4_two_body_gradient,compact_all_within_cutoff,20,1.30044794,1.301451216,1.30351996,1.303364801,1.30555196,1.30646396,0.0021839999999999637,0.0010240699999999325,0.0012000747526724916,162.939995,pass,,,,,,,,,
d4,compact,32,96,3072,145920,committed_50_bohr_retained_pairs,145920,d4_atm_energy,compact_all_within_cutoff,20,6.30339193,6.3034829875,6.32404804,6.320996809,6.3279793255,6.32819223,0.0036797525000000775,0.0019679100000002947,0.0013431291032889,197.62650125,pass,,,,,,,,,
d4,compact,32,96,3072,145920,committed_50_bohr_retained_pairs,145920,d4_atm_gradient,compact_all_within_cutoff,20,10.6895361,10.69245431,10.69646405,10.697004945,10.701934495,10.702816,0.005607799999999941,0.002288350000000605,0.00033610587966698276,334.26450156249996,pass,,,,,,,,,
d4,compact,32,96,3072,145920,committed_50_bohr_retained_pairs,145920,d4_cn_cache_update,compact_all_within_cutoff,20,0.416224003,0.41731841155000005,0.4188160005,0.41866719865,0.4201040012,0.420863986,0.0020240029999999964,0.0010080040000000068,0.002970949811237471,13.088000015625001,pass,,,,,,,,,
d4,compact,32,96,3072,145920,committed_50_bohr_retained_pairs,145920,d4_two_body_energy_potential,compact_all_within_cutoff,20,0.820800006,0.82122559555,0.8247680065,0.82461600005,0.8272223954000001,0.827647984,0.001280009999999998,0.0005440119999999826,0.002237350419741894,25.774000203125002,pass,,,,,,,,,
d4,compact,32,96,3072,145920,committed_50_bohr_retained_pairs,145920,d4_two_body_gradient,compact_all_within_cutoff,20,1.34758401,1.34758401,1.34963202,1.3490480055,1.350672028,1.35097599,0.002079959999999881,0.0008639749999999058,0.0008592519285819276,42.176000625,pass,,,,,,,,,
d4,compact,128,96,12288,583680,committed_50_bohr_retained_pairs,583680,d4_atm_energy,compact_all_within_cutoff,20,16.8825607,16.997594395,17.476351700000002,17.545284645,18.123270400000003,18.410368,0.688783149999999,0.3176002499999999,0.023752297400061347,136.53399765625002,pass,,,,,,,,,
d4,compact,128,96,12288,583680,committed_50_bohr_retained_pairs,583680,d4_atm_gradient,compact_all_within_cutoff,20,32.3126717,32.31711105,32.746799499999995,32.698686405000004,33.160040085,33.2532158,0.45608045000000175,0.25652695000000136,0.008937970387634197,255.83437109374995,pass,,,,,,,,,
d4,compact,128,96,12288,583680,committed_50_bohr_retained_pairs,583680,d4_cn_cache_update,compact_all_within_cutoff,20,0.456416011,0.45650720435000003,0.4584800005,0.45818720309999994,0.46071359205,0.461504012,0.001464001749999999,0.00027200550000000545,0.002909856247161785,3.5818750039062497,pass,,,,,,,,,
d4,compact,128,96,12288,583680,committed_50_bohr_retained_pairs,583680,d4_two_body_energy_potential,compact_all_within_cutoff,20,0.861184001,0.8631296162,0.8672800064999999,0.86634559935,0.86826237455,0.868384004,0.0026000284999999623,0.0010399820000001059,0.0024076555779228657,6.775625050781249,pass,,,,,,,,,
d4,compact,128,96,12288,583680,committed_50_bohr_retained_pairs,583680,d4_two_body_gradient,compact_all_within_cutoff,20,1.47161603,1.4724672109999999,1.477840005,1.477252811,1.480428789,1.48127997,0.003175942500000195,0.0015679600000000349,0.0018221805898366594,11.5456250390625,pass,,,,,,,,,
d4,compact,1,128,128,8128,committed_50_bohr_retained_pairs,8128,d4_atm_energy,compact_all_within_cutoff,20,4.19680023,4.197104191999999,4.198384044999999,4.1985232345,4.2001074275,4.20153618,0.0021203674999998867,0.0010721650000000693,0.0003065488652332395,4198.384044999999,pass,,,,,,,,,
d4,compact,1,128,128,8128,committed_50_bohr_retained_pairs,8128,d4_atm_gradient,compact_all_within_cutoff,20,8.36652756,8.367014074,8.370751859999999,8.370166254,8.373297783,8.37545586,0.0021519650000012547,0.001647954999999257,0.00025366985289627123,8370.751859999998,pass,,,,,,,,,
d4,compact,1,128,128,8128,committed_50_bohr_retained_pairs,8128,d4_cn_cache_update,compact_all_within_cutoff,20,0.596863985,0.59847517645,0.598863989,0.5993279994,0.6011776032,0.601664007,0.0012479874999999918,0.00017601299999991937,0.001968278108903517,598.8639890000001,pass,,,,,,,,,
d4,compact,1,128,128,8128,committed_50_bohr_retained_pairs,8128,d4_two_body_energy_potential,compact_all_within_cutoff,20,1.04592001,1.04731841,1.04827201,1.048544013,1.050112049,1.05193603,0.0014079824999999602,0.0006240000000000689,0.0012564020723078641,1048.2720100000001,pass,,,,,,,,,
d4,compact,1,128,128,8128,committed_50_bohr_retained_pairs,8128,d4_two_body_gradient,compact_all_within_cutoff,20,1.72329605,1.725575974,1.72756803,1.7281328085000003,1.7306047545,1.73145604,0.0020960850000000253,0.0006719800000000165,0.0010652381821433042,1727.5680300000001,pass,,,,,,,,,
d4,compact,8,128,1024,65024,committed_50_bohr_retained_pairs,65024,d4_atm_energy,compact_all_within_cutoff,20,4.26988792,4.270040129,4.273312089999999,4.2754271985,4.284811403,4.28684807,0.0046877900000001915,0.0016958750000011236,0.0012510298475271998,534.1640112499999,pass,,,,,,,,,
d4,compact,8,128,1024,65024,committed_50_bohr_retained_pairs,65024,d4_atm_gradient,compact_all_within_cutoff,20,8.54227161,8.5460115415,8.548687935,8.548953581000001,8.553548812499999,8.55440044,0.0024797924999990784,0.0013437249999999068,0.00031787768789594034,1068.585991875,pass,,,,,,,,,
d4,compact,8,128,1024,65024,committed_50_bohr_retained_pairs,65024,d4_cn_cache_update,compact_all_within_cutoff,20,0.605055988,0.60557279845,0.606672019,0.60673119425,0.6087055713999999,0.608735979,0.0007999690000000115,0.0005919934999999987,0.0015854161266516088,75.834002375,pass,,,,,,,,,
d4,compact,8,128,1024,65024,committed_50_bohr_retained_pairs,65024,d4_two_body_energy_potential,compact_all_within_cutoff,20,1.06188798,1.0628607895,1.064944025,1.064897603,1.0666127595,1.06822395,0.0021279124999999954,0.0010559549999999973,0.001391338764092738,133.118003125,pass,,,,,,,,,
d4,compact,8,128,1024,65024,committed_50_bohr_retained_pairs,65024,d4_two_body_gradient,compact_all_within_cutoff,20,1.76636803,1.7683440015,1.7706879999999998,1.770899201,1.7745775715,1.774912,0.0015599425000001332,0.0009599900000002437,0.0011733260742230764,221.33599999999998,pass,,,,,,,,,
d4,compact,32,128,4096,260096,committed_50_bohr_retained_pairs,260096,d4_atm_energy,compact_all_within_cutoff,20,10.3906565,10.39080774,10.42862365,10.4199584,10.4307518,10.4307518,0.011024000000000811,0.001264599999999838,0.0015671465109221689,325.89448906250004,pass,,,,,,,,,
d4,compact,32,128,4096,260096,committed_50_bohr_retained_pairs,260096,d4_atm_gradient,compact_all_within_cutoff,20,24.854496,24.855499865,25.302144050000003,25.186900904999998,25.459970125,25.4599991,0.3513593749999977,0.08073614999999812,0.008831225639912043,790.6920015625001,pass,,,,,,,,,
d4,compact,32,128,4096,260096,committed_50_bohr_retained_pairs,260096,d4_cn_cache_update,compact_all_within_cutoff,20,0.613919973,0.61461917205,0.616687983,0.6162543981999999,0.617905626,0.618848026,0.001567989750000054,0.0005440114999999968,0.001989739041676832,19.27149946875,pass,,,,,,,,,
d4,compact,32,128,4096,260096,committed_50_bohr_retained_pairs,260096,d4_two_body_energy_potential,compact_all_within_cutoff,20,1.11718404,1.1183088305,1.12185597,1.1213168075,1.12447678,1.12684798,0.002448025000000076,0.0012159349999999458,0.0020417631032768335,35.057999062499995,pass,,,,,,,,,
d4,compact,32,128,4096,260096,committed_50_bohr_retained_pairs,260096,d4_two_body_gradient,compact_all_within_cutoff,20,1.87391996,1.87413276,1.87616003,1.87682081,1.879959983,1.88041604,0.0024159874999998276,0.0018399949999998721,0.001036599646625918,58.6300009375,pass,,,,,,,,,
d4,compact,128,128,16384,1040384,committed_50_bohr_retained_pairs,1040384,d4_atm_energy,compact_all_within_cutoff,20,35.2351341,35.620241775,36.330383299999994,36.335716635,37.205859965,37.3087044,0.8226423250000039,0.41934585000000624,0.015475105771082463,283.83111953124995,pass,,,,,,,,,
d4,compact,128,128,16384,1040384,committed_50_bohr_retained_pairs,1040384,d4_atm_gradient,compact_all_within_cutoff,20,67.3313904,67.78675580000001,68.82864000000001,68.75482904,69.639044555,69.8476181,0.46265792500001623,0.21977614999999417,0.0091726560085499,537.7237500000001,pass,,,,,,,,,
d4,compact,128,128,16384,1040384,committed_50_bohr_retained_pairs,1040384,d4_cn_cache_update,compact_all_within_cutoff,20,0.65526402,0.6556896085999999,0.6579360065,0.65772640695,0.6594784144,0.659904003,0.0020559875000000227,0.0011360049999999955,0.002060000036359748,5.14012505078125,pass,,,,,,,,,
d4,compact,128,128,16384,1040384,committed_50_bohr_retained_pairs,1040384,d4_two_body_energy_potential,compact_all_within_cutoff,20,1.16975999,1.1704288374999998,1.174799975,1.1745631985,1.1773952285,1.17776,0.0021439475000000208,0.001087959999999999,0.0018224754801706596,9.1781248046875,pass,,,,,,,,,
d4,compact,128,128,16384,1040384,committed_50_bohr_retained_pairs,1040384,d4_two_body_gradient,compact_all_within_cutoff,20,1.97635198,1.978267237,1.98054397,1.9808479970000001,1.985692782,1.98867202,0.0037759874999998555,0.0019040149999999256,0.0014127017360517395,15.472999765625,pass,,,,,,,,,
d4,compact,1,256,256,32640,committed_50_bohr_retained_pairs,32640,d4_atm_energy,compact_all_within_cutoff,20,15.435008,15.43522099,15.44120025,15.440764859999998,15.445730915,15.44944,0.005959999999999965,0.0030722499999997765,0.00024969016571909324,15441.20025,pass,,,,,,,,,
d4,compact,1,256,256,32640,committed_50_bohr_retained_pairs,32640,d4_atm_gradient,compact_all_within_cutoff,20,31.0126724,31.01334101,31.0221281,31.02473908,31.041265135,31.0428162,0.0063123999999987745,0.003024099999999308,0.0002855006104124706,31022.128099999998,pass,,,,,,,,,
d4,compact,1,256,256,32640,committed_50_bohr_retained_pairs,32640,d4_cn_cache_update,compact_all_within_cutoff,20,2.17446399,2.1754671425,2.17902398,2.17990719,2.185772869,2.18662405,0.0045439599999999025,0.0020480150000001807,0.0014939712642354438,2179.0239800000004,pass,,,,,,,,,
d4,compact,1,256,256,32640,committed_50_bohr_retained_pairs,32640,d4_two_body_energy_potential,compact_all_within_cutoff,20,3.35718393,3.35718393,3.362895965,3.3624016034999995,3.3677839764999997,3.3685441,0.004216014999999906,0.002015944999999908,0.0010450991118671944,3362.8959649999997,pass,,,,,,,,,
d4,compact,1,256,256,32640,committed_50_bohr_retained_pairs,32640,d4_two_body_gradient,compact_all_within_cutoff,20,5.59001589,5.590988918,5.59732795,5.5974960085,5.6054990305,5.60844803,0.004463792500000174,0.0021438600000003305,0.0008315663596016016,5597.327950000001,pass,,,,,,,,,
d4,compact,8,256,2048,261120,committed_50_bohr_retained_pairs,261120,d4_atm_energy,compact_all_within_cutoff,20,26.8453445,26.847806995,26.8542242,26.854206375,26.859849935,26.8600311,0.004920949999998925,0.002272599999999514,0.00014074627792014975,3356.778025,pass,,,,,,,,,
d4,compact,8,256,2048,261120,committed_50_bohr_retained_pairs,261120,d4_atm_gradient,compact_all_within_cutoff,20,53.5586548,53.559263655,53.5700798,53.56945934,53.575181764999996,53.5936966,0.005240449999995178,0.002590200000000209,0.0001321784757552609,6696.259975,pass,,,,,,,,,
d4,compact,8,256,2048,261120,committed_50_bohr_retained_pairs,261120,d4_cn_cache_update,compact_all_within_cutoff,20,2.20515203,2.205304011,2.2094880349999997,2.2091440085,2.212561623,2.21350408,0.004055977500000196,0.0018399950000003162,0.0011036279675249985,276.186004375,pass,,,,,,,,,
d4,compact,8,256,2048,261120,committed_50_bohr_retained_pairs,261120,d4_two_body_energy_potential,compact_all_within_cutoff,20,3.40479994,3.4057727494999996,3.409871935,3.4104879855,3.417912076,3.420192,0.003959887499999759,0.0022399399999999403,0.0011626693115544698,426.233991875,pass,,,,,,,,,
d4,compact,8,256,2048,261120,committed_50_bohr_retained_pairs,261120,d4_two_body_gradient,compact_all_within_cutoff,20,5.62892818,5.62892818,5.63711977,5.6356608155000005,5.639863875500001,5.64275217,0.006007907499999909,0.002080204999999946,0.000721203143616111,704.63997125,pass,,,,,,,,,
d4,compact,32,256,8192,1044480,committed_50_bohr_retained_pairs,1044480,d4_atm_energy,compact_all_within_cutoff,20,67.1961899,68.450740425,69.3364029,69.45976754,70.654167965,70.6601257,1.3073539999999895,0.4716339499999975,0.012534198625243716,2166.762590625,pass,,,,,,,,,
d4,compact,32,256,8192,1044480,committed_50_bohr_retained_pairs,1044480,d4_atm_gradient,compact_all_within_cutoff,20,127.129852,127.75135435,133.1197435,132.86477075,136.66470915,137.087234,3.5377995000000055,1.9760205000000042,0.022159446568523065,4159.991984375,pass,,,,,,,,,
d4,compact,32,256,8192,1044480,committed_50_bohr_retained_pairs,1044480,d4_cn_cache_update,compact_all_within_cutoff,20,2.21257591,2.2135183670000003,2.21681607,2.217065585,2.220931304,2.22281599,0.003191890000000086,0.0016800149999998126,0.0011639053617407784,69.27550218750001,pass,,,,,,,,,
d4,compact,32,256,8192,1044480,committed_50_bohr_retained_pairs,1044480,d4_two_body_energy_potential,compact_all_within_cutoff,20,3.4263041,3.428249719,3.437008025,3.4393408055,3.449625551,3.45254397,0.011200072500000324,0.007040020000000036,0.002198738135678488,107.40650078125,pass,,,,,,,,,
d4,compact,32,256,8192,1044480,committed_50_bohr_retained_pairs,1044480,d4_two_body_gradient,compact_all_within_cutoff,20,5.70879984,5.7101982399999995,5.71406388,5.7137583505,5.7170591105,5.71833611,0.0027838949999994256,0.0016958650000002962,0.0004253815950167235,178.56449625000002,pass,,,,,,,,,
d4,compact,128,256,32768,4177920,committed_50_bohr_retained_pairs,4177920,d4_atm_energy,compact_all_within_cutoff,20,226.545959,227.09999045,230.900307,230.26998825,233.77367335,234.811707,2.4109077499999785,1.7100984999999866,0.00960941976020974,1803.9086484375,pass,,,,,,,,,
d4,compact,128,256,32768,4177920,committed_50_bohr_retained_pairs,4177920,d4_atm_gradient,compact_all_within_cutoff,20,439.359497,439.49938165000003,444.2231295,443.68910990000006,446.2914936,446.301727,2.8382032499999923,1.203231499999987,0.004663139811554953,3470.4931992187503,pass,,,,,,,,,
d4,compact,128,256,32768,4177920,committed_50_bohr_retained_pairs,4177920,d4_cn_cache_update,compact_all_within_cutoff,20,2.36464,2.36464,2.3689599,2.3694175725,2.372955159,2.37407994,0.0026958599999997723,0.0019999749999999317,0.0010878641143622632,18.507499218750002,pass,,,,,,,,,
d4,compact,128,256,32768,4177920,committed_50_bohr_retained_pairs,4177920,d4_two_body_energy_potential,compact_all_within_cutoff,20,3.7396481,3.7396481,3.7478719949999997,3.7473999739999995,3.753719957,3.7541759,0.007600007500000228,0.004144069999999722,0.0012121621303646639,29.280249960937496,pass,,,,,,,,,
d4,compact,128,256,32768,4177920,committed_50_bohr_retained_pairs,4177920,d4_two_body_gradient,compact_all_within_cutoff,20,6.05488014,6.06254075,6.06921577,6.068388795500001,6.0754845865,6.0772481,0.006088022500000179,0.0032479750000002916,0.0008329566059752475,47.415748203125,pass,,,,,,,,,
d4,open,1,16,16,54,committed_50_bohr_retained_pairs,120,d4_atm_energy,open_sparse_pairlist,20,0.115936004,0.11736480020000001,0.1178720035,0.1180288017,0.11890880385,0.119456001,0.0008799992500000131,0.0002400015000000033,0.006200860846172728,117.8720035,pass,,,,,,,,,
d4,open,1,16,16,54,committed_50_bohr_retained_pairs,120,d4_atm_gradient,open_sparse_pairlist,20,0.195552006,0.1964031984,0.196735993,0.1968928,0.1972016032,0.200576007,0.00028799399999998587,0.0001759905000000006,0.004684945033112292,196.735993,pass,,,,,,,,,
d4,open,1,16,16,54,committed_50_bohr_retained_pairs,120,d4_cn_cache_update,open_sparse_pairlist,20,0.04208,0.042748801615,0.0440480001,0.044240000475,0.04569920134,0.0457599983,0.0009280014999999975,0.0002719982999999995,0.021478519508868477,44.048000099999996,pass,,,,,,,,,
d4,open,1,16,16,54,committed_50_bohr_retained_pairs,120,d4_two_body_energy_potential,open_sparse_pairlist,20,0.137472004,0.13753280399999998,0.138623998,0.13887040025,0.139828798,0.142655998,0.001111996000000004,0.0007519945000000056,0.008229571316589737,138.623998,pass,,,,,,,,,
d4,open,1,16,16,54,committed_50_bohr_retained_pairs,120,d4_two_body_gradient,open_sparse_pairlist,20,0.189247996,0.18943039695,0.1917920035,0.191728001,0.1927152067,0.192928001,0.0011040012499999863,0.0005440045000000004,0.0051595366107196755,191.7920035,pass,,,,,,,,,
d4,open,8,16,128,432,committed_50_bohr_retained_pairs,960,d4_atm_energy,open_sparse_pairlist,20,0.121376,0.121376,0.122944001,0.1227856007,0.12424640015,0.124672003,0.002119994,0.0010880004999999984,0.0092831757296977,15.368000125,pass,,,,,,,,,
d4,open,8,16,128,432,committed_50_bohr_retained_pairs,960,d4_atm_gradient,open_sparse_pairlist,20,0.199487999,0.1997007933,0.2014240025,0.201414399,0.20269279440000001,0.202784002,0.00025598700000001307,0.00014399049999999636,0.003824375069698635,25.1780003125,pass,,,,,,,,,
d4,open,8,16,128,432,committed_50_bohr_retained_pairs,960,d4_cn_cache_update,open_sparse_pairlist,20,0.0435840003,0.043675201059999995,0.04452800005,0.044489599955,0.045892799240000004,0.045984,0.0008640010249999983,0.0002719983499999967,0.015555088439749317,5.56600000625,pass,,,,,,,,,
d4,open,8,16,128,432,committed_50_bohr_retained_pairs,960,d4_two_body_energy_potential,open_sparse_pairlist,20,0.141984001,0.14207519435,0.14305599800000002,0.14321919895,0.14438559734999998,0.144416004,0.0017119975000000065,0.0008480030000000138,0.006127313654296594,17.881999750000002,pass,,,,,,,,,
d4,open,8,16,128,432,committed_50_bohr_retained_pairs,960,d4_two_body_gradient,open_sparse_pairlist,20,0.194879994,0.19500159495,0.19598399849999998,0.1964864001,0.198510406,0.199392006,0.002200007000000004,0.0006880014999999795,0.006929920573991278,24.497999812499998,pass,,,,,,,,,
d4,open,32,16,512,1728,committed_50_bohr_retained_pairs,3840,d4_atm_energy,open_sparse_pairlist,20,0.130144,0.13111679335,0.13243199900000002,0.13246719769999998,0.1340847934,0.134176001,0.001519997249999988,0.0009600000000000025,0.007990986426394914,4.138499968750001,pass,,,,,,,,,
d4,open,32,16,512,1728,committed_50_bohr_retained_pairs,3840,d4_atm_gradient,open_sparse_pairlist,20,0.222080007,0.22369119845000002,0.2252479945,0.22544959935,0.2273871956,0.227904007,0.0016959942499999991,0.0008959995000000082,0.0062715755748508255,7.038999828125,pass,,,,,,,,,
d4,open,32,16,512,1728,committed_50_bohr_retained_pairs,3840,d4_cn_cache_update,open_sparse_pairlist,20,0.0479680002,0.04799840039,0.050032001,0.050174399844999995,0.05199520049,0.0531199984,0.0017760014249999997,0.0008800010999999996,0.02596142912632944,1.56350003125,pass,,,,,,,,,
d4,open,32,16,512,1728,committed_50_bohr_retained_pairs,3840,d4_two_body_energy_potential,open_sparse_pairlist,20,0.156928003,0.15698880299999998,0.1583520025,0.15862240045,0.1601375971,0.160319999,0.0011680014999999877,0.0007359980000000016,0.006497077801858917,4.948500078125,pass,,,,,,,,,
d4,open,32,16,512,1728,committed_50_bohr_retained_pairs,3840,d4_two_body_gradient,open_sparse_pairlist,20,0.216064006,0.21703679935,0.21758399899999997,0.2177455992,0.21901119900000002,0.219071999,0.001640003249999994,0.0004959999999999687,0.00396677697809619,6.799499968749999,pass,,,,,,,,,
d4,open,128,16,2048,6912,committed_50_bohr_retained_pairs,15360,d4_atm_energy,open_sparse_pairlist,20,0.167935997,0.16805759795,0.17136000099999998,0.17121760020000001,0.17402239905,0.174144,0.0023199949999999914,0.0013919994999999907,0.010996179132432168,1.3387500078124999,pass,,,,,,,,,
d4,open,128,16,2048,6912,committed_50_bohr_retained_pairs,15360,d4_atm_gradient,open_sparse_pairlist,20,0.278528005,0.2804432126,0.284319997,0.28364160225,0.28631520445,0.288352013,0.002144002249999999,0.0007040054999999934,0.007547674187706458,2.2212499765625,pass,,,,,,,,,
d4,open,128,16,2048,6912,committed_50_bohr_retained_pairs,15360,d4_cn_cache_update,open_sparse_pairlist,20,0.0724480003,0.0726912022,0.0758239999,0.07637760005000001,0.07821119728,0.0837439969,0.0023279953000000103,0.0013120025500000035,0.03136162251078303,0.5923749992187499,pass,,,,,,,,,
d4,open,128,16,2048,6912,committed_50_bohr_retained_pairs,15360,d4_two_body_energy_potential,open_sparse_pairlist,20,0.205824003,0.20679679635,0.209855996,0.20966399905,0.21281599615,0.213119999,0.0022160004999999816,0.001088001000000005,0.009294383572243844,1.6394999687499998,pass,,,,,,,,,
d4,open,128,16,2048,6912,committed_50_bohr_retained_pairs,15360,d4_two_body_gradient,open_sparse_pairlist,20,0.273663998,0.27393760655,0.2749280035,0.2751808001,0.277087986,0.277087986,0.0018159974999999995,0.0008000135000000297,0.0040796331349339165,2.1478750273437504,pass,,,,,,,,,
d4,open,1,32,32,118,committed_50_bohr_retained_pairs,496,d4_atm_energy,open_sparse_pairlist,20,0.119552001,0.11958240195,0.119919997,0.1204399996,0.1225424017,0.122815996,0.0016479972499999912,0.00023999450000000006,0.008825870003596486,119.919997,pass,,,,,,,,,
d4,open,1,32,32,118,committed_50_bohr_retained_pairs,496,d4_atm_gradient,open_sparse_pairlist,20,0.199264005,0.199324805,0.199839994,0.20017279905000002,0.20106400165000002,0.204863995,0.0003760042499999783,0.00014400450000000287,0.005937559324596022,199.839994,pass,,,,,,,,,
d4,open,1,32,32,118,committed_50_bohr_retained_pairs,496,d4_cn_cache_update,open_sparse_pairlist,20,0.0436800011,0.04371040129,0.04391999915,0.044248000165,0.045705601385,0.0458879992,0.0008400017499999995,0.00015999935000000215,0.014917153165637815,43.91999915,pass,,,,,,,,,
d4,open,1,32,32,118,committed_50_bohr_retained_pairs,496,d4_two_body_energy_potential,open_sparse_pairlist,20,0.138144001,0.1382351953,0.1386400015,0.13923519995,0.14144960410000001,0.141632006,0.0015040075000000153,0.00040000649999999416,0.007988254492024328,138.6400015,pass,,,,,,,,,
d4,open,1,32,32,118,committed_50_bohr_retained_pairs,496,d4_two_body_gradient,open_sparse_pairlist,20,0.191264004,0.19129439639999998,0.191616006,0.1922816015,0.1936992063,0.193759993,0.0019040069999999854,0.00032001000000000945,0.005364683379299595,191.616006,pass,,,,,,,,,
d4,open,8,32,256,944,committed_50_bohr_retained_pairs,3968,d4_atm_energy,open_sparse_pairlist,20,0.123135999,0.12331839994999999,0.12449600150000001,0.12460159955000001,0.12580639745,0.126080006,0.00104000025000002,0.00046399649999999404,0.006084062797721176,15.5620001875,pass,,,,,,,,,
d4,open,8,32,256,944,committed_50_bohr_retained_pairs,3968,d4_atm_gradient,open_sparse_pairlist,20,0.207872003,0.2086623954,0.2095519975,0.20944799860000002,0.2101952054,0.210559994,0.0007119997499999975,0.0003520024999999899,0.0028792300646326967,26.1939996875,pass,,,,,,,,,
d4,open,8,32,256,944,committed_50_bohr_retained_pairs,3968,d4_cn_cache_update,open_sparse_pairlist,20,0.0436800011,0.0436800011,0.045215999699999995,0.045460800265000004,0.047315200935,0.0513279997,0.0023360009999999973,0.0012640002999999948,0.040613298589652624,5.6519999625,pass,,,,,,,,,
d4,open,8,32,256,944,committed_50_bohr_retained_pairs,3968,d4_two_body_energy_potential,open_sparse_pairlist,20,0.144575998,0.1447583999,0.14588799349999998,0.14602240095000002,0.14713600175,0.148351997,0.0010400012500000055,0.000431992499999978,0.006118142531059574,18.2359991875,pass,,,,,,,,,
d4,open,8,32,256,944,committed_50_bohr_retained_pairs,3968,d4_two_body_gradient,open_sparse_pairlist,20,0.198655993,0.1996288006,0.20348799950000002,0.2032287984,0.2053360048,0.207616001,0.001864001000000004,0.0009759960000000067,0.009806929505622407,25.435999937500004,pass,,,,,,,,,
d4,open,32,32,1024,3776,committed_50_bohr_retained_pairs,15872,d4_atm_energy,open_sparse_pairlist,20,0.133791998,0.1338224056,0.13504,0.13520320130000002,0.136895999,0.136895999,0.0022320004999999976,0.0010239930000000008,0.009136615443560241,4.22,pass,,,,,,,,,
d4,open,32,32,1024,3776,committed_50_bohr_retained_pairs,15872,d4_atm_gradient,open_sparse_pairlist,20,0.228351995,0.22850400355,0.22980800299999998,0.22989760115000002,0.23102239970000002,0.233119994,0.001215997750000003,0.0007520020000000016,0.004742245695912136,7.1815000937499995,pass,,,,,,,,,
d4,open,32,32,1024,3776,committed_50_bohr_retained_pairs,15872,d4_cn_cache_update,open_sparse_pairlist,20,0.0513599999,0.051572801514999995,0.0519520007,0.05254239999,0.053857600309999996,0.0538880005,0.0020240004750000026,0.0004799999500000006,0.018826120916232487,1.623500021875,pass,,,,,,,,,
d4,open,32,32,1024,3776,committed_50_bohr_retained_pairs,15872,d4_two_body_energy_potential,open_sparse_pairlist,20,0.157695994,0.15818239779999999,0.161055997,0.1609504007,0.16317919845,0.163392007,0.0021039987500000024,0.0011680049999999859,0.009961259295428737,5.032999906250001,pass,,,,,,,,,
d4,open,32,32,1024,3776,committed_50_bohr_retained_pairs,15872,d4_two_body_gradient,open_sparse_pairlist,20,0.217056006,0.21775520410000002,0.21943999800000002,0.21938720050000002,0.22068799585,0.222207993,0.00028800225000000235,0.0001920019999999828,0.00480775985687258,6.857499937500001,pass,,,,,,,,,
d4,open,128,32,4096,15104,committed_50_bohr_retained_pairs,63488,d4_atm_energy,open_sparse_pairlist,20,0.171424001,0.17276159719999998,0.175039999,0.1747759998,0.17691040575,0.177184001,0.002232003999999982,0.0010719969999999912,0.008657910266409543,1.3674999921875,pass,,,,,,,,,
d4,open,128,32,4096,15104,committed_50_bohr_retained_pairs,63488,d4_atm_gradient,open_sparse_pairlist,20,0.294367999,0.29488480945,0.2985920015,0.29856000095,0.30053760695000004,0.301631987,0.0022160039999999936,0.0011679975000000176,0.006217669704667754,2.33275001171875,pass,,,,,,,,,
d4,open,128,32,4096,15104,committed_50_bohr_retained_pairs,63488,d4_cn_cache_update,open_sparse_pairlist,20,0.0774400011,0.07932480129000001,0.08015999944999999,0.08038080037499999,0.08248320187000001,0.0828479975,0.0012559946500000085,0.0006239972999999982,0.01552521992392646,0.6262499957031249,pass,,,,,,,,,
d4,open,128,32,4096,15104,committed_50_bohr_retained_pairs,63488,d4_two_body_energy_potential,open_sparse_pairlist,20,0.208895996,0.21084159695,0.212991998,0.21322080054999998,0.21608640545,0.216511995,0.003104001000000023,0.001824006000000017,0.009716530652759106,1.663999984375,pass,,,,,,,,,
d4,open,128,32,4096,15104,committed_50_bohr_retained_pairs,63488,d4_two_body_gradient,open_sparse_pairlist,20,0.280544013,0.28060479875000005,0.28355200599999997,0.28404480215,0.28680480750000004,0.288415998,0.0035039855000000286,0.0014879999999999893,0.00776377644834284,2.2152500468749996,pass,,,,,,,,,
d4,open,1,48,48,182,committed_50_bohr_retained_pairs,1128,d4_atm_energy,open_sparse_pairlist,20,0.121728003,0.121758403,0.123151999,0.1229759995,0.12407039804999999,0.124191999,0.0019119992500000044,0.0008959990000000015,0.007737614136785036,123.151999,pass,,,,,,,,,
d4,open,1,48,48,182,committed_50_bohr_retained_pairs,1128,d4_atm_gradient,open_sparse_pairlist,20,0.195616007,0.195616007,0.196831994,0.19681440005,0.1986351997,0.198847994,0.0016399992499999683,0.0009599999999999886,0.005075474231318024,196.831994,pass,,,,,,,,,
d4,open,1,48,48,182,committed_50_bohr_retained_pairs,1128,d4_cn_cache_update,open_sparse_pairlist,20,0.0437440015,0.043774401785,0.043935999249999996,0.04427359979,0.04576000143,0.0469760001,0.0003120014000000046,0.00011200085000000193,0.01814080517950321,43.935999249999995,pass,,,,,,,,,
d4,open,1,48,48,182,committed_50_bohr_retained_pairs,1128,d4_two_body_energy_potential,open_sparse_pairlist,20,0.137983993,0.13825760155,0.139647998,0.1393216015,0.1402800028,0.140735999,0.0013200074999999978,0.0004480035000000021,0.00575954601778532,139.647998,pass,,,,,,,,,
d4,open,1,48,48,182,committed_50_bohr_retained_pairs,1128,d4_two_body_gradient,open_sparse_pairlist,20,0.185824007,0.1869792013,0.1875360015,0.1880384005,0.18950559835,0.189536005,0.0017920025000000006,0.0003840034999999936,0.005685765920798844,187.5360015,pass,,,,,,,,,
d4,open,8,48,384,1456,committed_50_bohr_retained_pairs,9024,d4_atm_energy,open_sparse_pairlist,20,0.131328002,0.1320880001,0.133056,0.13289920015,0.13412160010000002,0.134304002,0.0009919932499999895,0.0007679985000000056,0.005851176108052899,16.632,pass,,,,,,,,,
d4,open,8,48,384,1456,committed_50_bohr_retained_pairs,9024,d4_atm_gradient,open_sparse_pairlist,20,0.213824004,0.213824004,0.2148320005,0.21517280035000003,0.21682879745,0.217984006,0.0008560045000000072,0.0006560009999999894,0.004585125831076505,26.854000062500003,pass,,,,,,,,,
d4,open,8,48,384,1456,committed_50_bohr_retained_pairs,9024,d4_cn_cache_update,open_sparse_pairlist,20,0.0456960015,0.0456960015,0.0467040017,0.04660160001,0.047879999464999996,0.0480320007,0.000984000074999991,0.0006720013499999997,0.015457696575764153,5.8380002125,pass,,,,,,,,,
d4,open,8,48,384,1456,committed_50_bohr_retained_pairs,9024,d4_two_body_energy_potential,open_sparse_pairlist,20,0.144672006,0.1447632003,0.145695999,0.14563839955,0.1468303937,0.147712007,0.0010080002500000018,0.0002719979999999955,0.0051915576120279815,18.211999875,pass,,,,,,,,,
d4,open,8,48,384,1456,committed_50_bohr_retained_pairs,9024,d4_two_body_gradient,open_sparse_pairlist,20,0.200703993,0.200703993,0.2032480015,0.2029104009,0.20432960555,0.205119997,0.0011840092499999788,0.0003039984999999995,0.00548972337504145,25.4060001875,pass,,,,,,,,,
d4,open,32,48,1536,5824,committed_50_bohr_retained_pairs,36096,d4_atm_energy,open_sparse_pairlist,20,0.163872004,0.164814404,0.1660320015,0.16653920120000001,0.16977280409999998,0.170016006,0.0015359964999999975,0.0009599999999999886,0.009413711489432083,5.188500046875,pass,,,,,,,,,
d4,open,32,48,1536,5824,committed_50_bohr_retained_pairs,36096,d4_atm_gradient,open_sparse_pairlist,20,0.259104013,0.2608063978,0.263007998,0.26268960080000003,0.26397279835,0.265888005,0.001240007749999994,0.0006719984999999928,0.0054614828920242775,8.218999937500001,pass,,,,,,,,,
d4,open,32,48,1536,5824,committed_50_bohr_retained_pairs,36096,d4_cn_cache_update,open_sparse_pairlist,20,0.0532159992,0.053428800815,0.0543200001,0.05439519976,0.055123198750000005,0.0554880016,0.0003999993499999993,0.0001440010999999991,0.009585701406819285,1.697500003125,pass,,,,,,,,,
d4,open,32,48,1536,5824,committed_50_bohr_retained_pairs,36096,d4_two_body_energy_potential,open_sparse_pairlist,20,0.161696002,0.16178719535,0.1628319995,0.1627967998,0.1639055964,0.163936004,0.0018320012500000205,0.0009279995000000124,0.005165055043180417,5.088499984375,pass,,,,,,,,,
d4,open,32,48,1536,5824,committed_50_bohr_retained_pairs,36096,d4_two_body_gradient,open_sparse_pairlist,20,0.222207993,0.2231808006,0.22497600299999998,0.22478239825,0.22715999305,0.228223994,0.00151998925000002,0.00084799549999999,0.006317490030704321,7.03050009375,pass,,,,,,,,,
d4,open,128,48,6144,23296,committed_50_bohr_retained_pairs,144384,d4_atm_energy,open_sparse_pairlist,20,0.300927997,0.3023263932,0.304271996,0.30439839809999997,0.30628000045,0.306432009,0.0026639917499999832,0.001231998000000012,0.0050391594615664375,2.37712496875,pass,,,,,,,,,
d4,open,128,48,6144,23296,committed_50_bohr_retained_pairs,144384,d4_atm_gradient,open_sparse_pairlist,20,0.452576011,0.4526063901,0.454656005,0.4552799999,0.45948319605000004,0.462431997,0.002456001749999992,0.0011840015000000315,0.005620255710523393,3.5520000390625,pass,,,,,,,,,
d4,open,128,48,6144,23296,committed_50_bohr_retained_pairs,144384,d4_cn_cache_update,open_sparse_pairlist,20,0.0820479989,0.08265599643,0.0830239989,0.083329598235,0.084059198165,0.0870079994,0.0009119994249999902,0.00032000245000000926,0.012045172307662111,0.6486249914062501,pass,,,,,,,,,
d4,open,128,48,6144,23296,committed_50_bohr_retained_pairs,144384,d4_two_body_energy_potential,open_sparse_pairlist,20,0.217087999,0.217087999,0.21952000300000002,0.21992480094999997,0.2229231987,0.223135993,0.0023199947499999984,0.001440003499999995,0.008285108960803948,1.7150000234375002,pass,,,,,,,,,
d4,open,128,48,6144,23296,committed_50_bohr_retained_pairs,144384,d4_two_body_gradient,open_sparse_pairlist,20,0.292863995,0.29480960925,0.2982079985,0.29808799915,0.3026783959,0.303104013,0.002248004249999991,0.0012480025000000117,0.008387402686983746,2.3297499882812502,pass,,,,,,,,,
d4,open,1,64,64,246,committed_50_bohr_retained_pairs,2016,d4_atm_energy,open_sparse_pairlist,20,0.123296,0.12335680095,0.123824,0.12391200094999999,0.12455040205,0.124672003,0.0007359980000000016,0.0003039980000000067,0.0034626035327991788,123.824,pass,,,,,,,,,
d4,open,1,64,64,246,committed_50_bohr_retained_pairs,2016,d4_atm_gradient,open_sparse_pairlist,20,0.196352005,0.1972639974,0.1977280005,0.19783520035,0.198414398,0.199295998,0.0007599964999999986,0.00036799900000000774,0.0030289269354877076,197.7280005,pass,,,,,,,,,
d4,open,1,64,64,246,committed_50_bohr_retained_pairs,2016,d4_cn_cache_update,open_sparse_pairlist,20,0.0437760018,0.04389759914,0.044720001499999995,0.044803200295,0.04571360145,0.0460480005,0.0012960014999999978,0.0006880014999999934,0.015386663341105344,44.720001499999995,pass,,,,,,,,,
d4,open,1,64,64,246,committed_50_bohr_retained_pairs,2016,d4_two_body_energy_potential,open_sparse_pairlist,20,0.139231995,0.139292795,0.1402560025,0.1402959987,0.141056001,0.141056001,0.0005199982500000144,0.0002400055000000012,0.0036717781126137826,140.2560025,pass,,,,,,,,,
d4,open,1,64,64,246,committed_50_bohr_retained_pairs,2016,d4_two_body_gradient,open_sparse_pairlist,20,0.188032001,0.18824479625,0.18915199500000002,0.1892367982,0.190080002,0.190080002,0.0006559977500000258,0.0003200024999999995,0.003171783542544712,189.15199500000003,pass,,,,,,,,,
d4,open,8,64,512,1968,committed_50_bohr_retained_pairs,16128,d4_atm_energy,open_sparse_pairlist,20,0.137759998,0.13791200655000002,0.139936,0.13982879965,0.1410784009,0.142719999,0.0005119962499999797,0.0001920009999999972,0.007564040235082819,17.492,pass,,,,,,,,,
d4,open,8,64,512,1968,committed_50_bohr_retained_pairs,16128,d4_atm_gradient,open_sparse_pairlist,20,0.220576003,0.22139680205,0.221663997,0.22181119995,0.22333599445,0.223488003,0.0002720019999999934,0.00015999399999999664,0.002891554216269797,27.707999625,pass,,,,,,,,,
d4,open,8,64,512,1968,committed_50_bohr_retained_pairs,16128,d4_cn_cache_update,open_sparse_pairlist,20,0.045504,0.045595200759999996,0.04697600005,0.046996800225,0.047863999195,0.0483199991,0.0010400004249999997,0.0006400011499999997,0.017033571058218084,5.87200000625,pass,,,,,,,,,
d4,open,8,64,512,1968,committed_50_bohr_retained_pairs,16128,d4_two_body_energy_potential,open_sparse_pairlist,20,0.148159996,0.14837280455000001,0.14985600100000002,0.14979360105,0.15065279875,0.151807994,0.0010080002500000296,0.0005439969999999905,0.006151987623981992,18.732000125000003,pass,,,,,,,,,
d4,open,8,64,512,1968,committed_50_bohr_retained_pairs,16128,d4_two_body_gradient,open_sparse_pairlist,20,0.202720001,0.20348000005,0.205024004,0.20497120175,0.2070864047,0.207359999,0.0010000055000000119,0.0005760045000000186,0.0058005318797359,25.628000500000002,pass,,,,,,,,,
d4,open,32,64,2048,7872,committed_50_bohr_retained_pairs,64512,d4_atm_energy,open_sparse_pairlist,20,0.173311993,0.17361599585,0.1752639935,0.17539839969999999,0.17723679325,0.178847998,0.0013119947499999896,0.0008000060000000059,0.007389179284048429,5.476999796875,pass,,,,,,,,,
d4,open,32,64,2048,7872,committed_50_bohr_retained_pairs,64512,d4_atm_gradient,open_sparse_pairlist,20,0.270336002,0.2713088096,0.272383988,0.27273439925,0.2741455944,0.274176002,0.0018799905000000394,0.00089597700000002,0.004156363729030216,8.511999625000001,pass,,,,,,,,,
d4,open,32,64,2048,7872,committed_50_bohr_retained_pairs,64512,d4_cn_cache_update,open_sparse_pairlist,20,0.0540799983,0.05411039849,0.056432001300000006,0.056313599645000004,0.058500798194999995,0.0592,0.0019039995750000024,0.0010240003500000018,0.026257142250400982,1.763500040625,pass,,,,,,,,,
d4,open,32,64,2048,7872,committed_50_bohr_retained_pairs,64512,d4_two_body_energy_potential,open_sparse_pairlist,20,0.165439993,0.16559200155,0.1670560015,0.1668447987,0.1680655984,0.168096006,0.0019839999999999858,0.0010240004999999969,0.006144666022929565,5.220500046875,pass,,,,,,,,,
d4,open,32,64,2048,7872,committed_50_bohr_retained_pairs,64512,d4_two_body_gradient,open_sparse_pairlist,20,0.225280002,0.225280002,0.227328002,0.22734720105,0.22901600635,0.230079994,0.0021600085000000047,0.0010240069999999935,0.005895663255048176,7.1040000625,pass,,,,,,,,,
d4,open,128,64,8192,31488,committed_50_bohr_retained_pairs,258048,d4_atm_energy,open_sparse_pairlist,20,0.353599995,0.35405599215,0.356271997,0.35643359865,0.35846560335,0.35849601,0.0018719882499999563,0.0008639995000000178,0.0038964503851301835,2.7833749765625,pass,,,,,,,,,
d4,open,128,64,8192,31488,committed_50_bohr_retained_pairs,258048,d4_atm_gradient,open_sparse_pairlist,20,0.509952009,0.509952009,0.515471995,0.5149712025,0.5192928192,0.521664023,0.003967971000000015,0.002000004000000055,0.005927766777713156,4.0271249609375,pass,,,,,,,,,
d4,open,128,64,8192,31488,committed_50_bohr_retained_pairs,258048,d4_cn_cache_update,open_sparse_pairlist,20,0.0847039968,0.08558559641999999,0.0878239982,0.08755199873,0.08900799939000001,0.0899199992,0.0010240003249999963,0.0002720021000000017,0.013246309287971927,0.6861249859375,pass,,,,,,,,,
d4,open,128,64,8192,31488,committed_50_bohr_retained_pairs,258048,d4_two_body_energy_potential,open_sparse_pairlist,20,0.225280002,0.225280002,0.227328002,0.2277711994,0.23044799635,0.231360003,0.0012000095000000155,0.0010079969999999966,0.006914633044152754,1.776000015625,pass,,,,,,,,,
d4,open,128,64,8192,31488,committed_50_bohr_retained_pairs,258048,d4_two_body_gradient,open_sparse_pairlist,20,0.313344002,0.31431680959999997,0.315919995,0.31643679750000003,0.3200463937,0.320928007,0.001768014749999991,0.0010080044999999926,0.005983533002208817,2.4681249609375002,pass,,,,,,,,,
d4,open,1,96,96,374,committed_50_bohr_retained_pairs,4560,d4_atm_energy,open_sparse_pairlist,20,0.125599995,0.1256304026,0.1278719975,0.12717440124999999,0.12887999835,0.129792005,0.002151996000000017,0.0009759965000000065,0.009971986253194428,127.8719975,pass,,,,,,,,,
d4,open,1,96,96,374,committed_50_bohr_retained_pairs,4560,d4_atm_gradient,open_sparse_pairlist,20,0.197247997,0.19733920459999998,0.1993440015,0.1990080007,0.20038400474999998,0.2016,0.0017439984999999825,0.00030399899999998536,0.005732252975015791,199.34400150000002,pass,,,,,,,,,
d4,open,1,96,96,374,committed_50_bohr_retained_pairs,4560,d4_cn_cache_update,open_sparse_pairlist,20,0.0446080007,0.045580800984999996,0.0467040017,0.046804800445,0.04791039975,0.0480320007,0.0010800007749999993,0.0003680009499999991,0.018127164238804307,46.7040017,pass,,,,,,,,,
d4,open,1,96,96,374,committed_50_bohr_retained_pairs,4560,d4_two_body_energy_potential,open_sparse_pairlist,20,0.148351997,0.14838240460000002,0.15003199849999999,0.14967840095,0.15140159805,0.151583999,0.0017359962500000103,0.0009920000000000068,0.006982103524075823,150.0319985,pass,,,,,,,,,
d4,open,1,96,96,374,committed_50_bohr_retained_pairs,4560,d4_two_body_gradient,open_sparse_pairlist,20,0.189088002,0.189148802,0.191151999,0.19060160075,0.19213440304999999,0.192256004,0.002032008000000002,0.0009920004999999926,0.005770053287553471,191.151999,pass,,,,,,,,,
d4,open,8,96,768,2992,committed_50_bohr_retained_pairs,36480,d4_atm_energy,open_sparse_pairlist,20,0.145280004,0.14531039639999999,0.145712003,0.14594080375000001,0.14657120594999998,0.147392005,0.0009440000000000281,0.000416003000000012,0.004062618400254324,18.214000375,pass,,,,,,,,,
d4,open,8,96,768,2992,committed_50_bohr_retained_pairs,36480,d4_atm_gradient,open_sparse_pairlist,20,0.225280002,0.225280002,0.2274399995,0.22740479800000002,0.2293135949,0.229951993,0.0011840015000000037,0.0004960005000000101,0.005540905783436712,28.4299999375,pass,,,,,,,,,
d4,open,8,96,768,2992,committed_50_bohr_retained_pairs,36480,d4_cn_cache_update,open_sparse_pairlist,20,0.0472319983,0.047292798775000006,0.0488159992,0.04887839966,0.050145601629999995,0.0501759984,0.0013200016249999974,0.000640001099999999,0.018272635899722646,6.1019999,pass,,,,,,,,,
d4,open,8,96,768,2992,committed_50_bohr_retained_pairs,36480,d4_two_body_energy_potential,open_sparse_pairlist,20,0.153600007,0.153600007,0.1566879975,0.15664319840000002,0.15856799345,0.158720002,0.00240800825000001,0.001247994500000002,0.010188213347862957,19.585999687500003,pass,,,,,,,,,
d4,open,8,96,768,2992,committed_50_bohr_retained_pairs,36480,d4_two_body_gradient,open_sparse_pairlist,20,0.203776002,0.20474879535,0.20643199950000002,0.2062608011,0.20749440005,0.207616001,0.001632001249999987,0.0009120034999999804,0.00536613597076035,25.803999937500002,pass,,,,,,,,,
d4,open,32,96,3072,11968,committed_50_bohr_retained_pairs,145920,d4_atm_energy,open_sparse_pairlist,20,0.210015997,0.21010720459999999,0.210912004,0.21126080004999997,0.213055998,0.213055998,0.001032006249999995,0.0001280009999999887,0.004148477930880585,6.591000125,pass,,,,,,,,,
d4,open,32,96,3072,11968,committed_50_bohr_retained_pairs,145920,d4_atm_gradient,open_sparse_pairlist,20,0.333824009,0.33576959475,0.33792001,0.33801920255,0.34144479165,0.341535985,0.002280011500000012,0.001279995000000006,0.0056424745951098145,10.5600003125,pass,,,,,,,,,
d4,open,32,96,3072,11968,committed_50_bohr_retained_pairs,145920,d4_cn_cache_update,open_sparse_pairlist,20,0.0580799989,0.058292800515,0.0592640005,0.059366400335,0.061065599275,0.0612480007,0.0003200024249999933,0.00017600134999999975,0.013674013920466773,1.8520000156249998,pass,,,,,,,,,
d4,open,32,96,3072,11968,committed_50_bohr_retained_pairs,145920,d4_two_body_energy_potential,open_sparse_pairlist,20,0.174079999,0.174079999,0.17598400250000001,0.1761968009,0.178016007,0.178016007,0.0006239977499999938,0.00019200149999999694,0.006505220916260466,5.499500078125,pass,,,,,,,,,
d4,open,32,96,3072,11968,committed_50_bohr_retained_pairs,145920,d4_two_body_gradient,open_sparse_pairlist,20,0.234495997,0.234495997,0.2374080045,0.23721440135,0.23916960264999998,0.239199996,0.0007040090000000054,0.00043200649999998453,0.005818298397386096,7.419000140625,pass,,,,,,,,,
d4,open,128,96,12288,47872,committed_50_bohr_retained_pairs,583680,d4_atm_energy,open_sparse_pairlist,20,0.409087986,0.41112479455,0.412191987,0.41320639549999993,0.4162895884,0.416319996,0.003912009249999959,0.000960006999999985,0.005332205126873738,3.2202498984375,pass,,,,,,,,,
d4,open,128,96,12288,47872,committed_50_bohr_retained_pairs,583680,d4_atm_gradient,open_sparse_pairlist,20,0.604160011,0.6060448110000001,0.6089439985,0.6092624008499999,0.6127887814999999,0.614400029,0.0024400057500000294,0.0014719964999999613,0.004026750807168083,4.75737498828125,pass,,,,,,,,,
d4,open,128,96,12288,47872,committed_50_bohr_retained_pairs,583680,d4_cn_cache_update,open_sparse_pairlist,20,0.0936319977,0.09366239789,0.0938559994,0.093991998955,0.09493759982,0.0954239964,0.00018400139999999454,0.00011200085000000193,0.004871277608886574,0.7332499953125,pass,,,,,,,,,
d4,open,128,96,12288,47872,committed_50_bohr_retained_pairs,583680,d4_two_body_energy_potential,open_sparse_pairlist,20,0.24064,0.24130880475,0.2439999955,0.24391520029999997,0.2462207971,0.246463999,0.0017039997500000181,0.0007999985000000098,0.006640942322876749,1.90624996484375,pass,,,,,,,,,
d4,open,128,96,12288,47872,committed_50_bohr_retained_pairs,583680,d4_two_body_gradient,open_sparse_pairlist,20,0.339935988,0.33996639559999997,0.34452798949999996,0.3445615991,0.34861919445,0.350656003,0.003696009499999986,0.0018240215000000226,0.008160402619191778,2.69162491796875,pass,,,,,,,,,
d4,open,1,128,128,502,committed_50_bohr_retained_pairs,8128,d4_atm_energy,open_sparse_pairlist,20,0.129887998,0.13004000655,0.13206400000000001,0.13179679815,0.13432159400000002,0.135263994,0.0023120007499999873,0.0018720030000000248,0.012752708698642638,132.06400000000002,pass,,,,,,,,,
d4,open,1,128,128,502,committed_50_bohr_retained_pairs,8128,d4_atm_gradient,open_sparse_pairlist,20,0.203807995,0.20383840165,0.205919996,0.2058607987,0.2078016017,0.208895996,0.000839997000000009,0.000656001500000003,0.006136943033109822,205.919996,pass,,,,,,,,,
d4,open,1,128,128,502,committed_50_bohr_retained_pairs,8128,d4_cn_cache_update,open_sparse_pairlist,20,0.0457599983,0.045820798680000004,0.0478239991,0.047223999909999995,0.048099201125,0.0481600016,0.001976000174999999,0.00024000180000000038,0.02118883950593793,47.8239991,pass,,,,,,,,,
d4,open,1,128,128,502,committed_50_bohr_retained_pairs,8128,d4_two_body_energy_potential,open_sparse_pairlist,20,0.153983995,0.15501760355000002,0.15608,0.15631039895,0.1573455971,0.162239999,0.0006160102499999931,0.0002720060000000052,0.010019796242620338,156.07999999999998,pass,,,,,,,,,
d4,open,1,128,128,502,committed_50_bohr_retained_pairs,8128,d4_two_body_gradient,open_sparse_pairlist,20,0.197344005,0.1975264069,0.19950400299999999,0.1993632011,0.2006672001,0.201792002,0.0010479952500000167,0.0005280005000000004,0.005734802220317057,199.50400299999998,pass,,,,,,,,,
d4,open,8,128,1024,4016,committed_50_bohr_retained_pairs,65024,d4_atm_energy,open_sparse_pairlist,20,0.154239997,0.15594239605000002,0.15649600349999998,0.15708320064999998,0.1586400006,0.159551993,0.0018880000000000008,0.0005760044999999908,0.008013474681187484,19.562000437499997,pass,,,,,,,,,
d4,open,8,128,1024,4016,committed_50_bohr_retained_pairs,65024,d4_atm_gradient,open_sparse_pairlist,20,0.242208004,0.2438496021,0.2458719985,0.24547840135,0.2472015974,0.247232005,0.0027920045000000004,0.0012800020000000023,0.006094769857019572,30.7339998125,pass,,,,,,,,,
d4,open,8,128,1024,4016,committed_50_bohr_retained_pairs,65024,d4_cn_cache_update,open_sparse_pairlist,20,0.0505920015,0.05156479827,0.0518720001,0.052364799559999994,0.053984000875,0.0545919985,0.0011280010999999979,0.00025600200000000517,0.01937173682718819,6.4840000125,pass,,,,,,,,,
d4,open,8,128,1024,4016,committed_50_bohr_retained_pairs,65024,d4_two_body_energy_potential,open_sparse_pairlist,20,0.167168006,0.16820160029999998,0.16977599999999998,0.16971680075,0.1716527964,0.171744004,0.0017679932499999607,0.0008800030000000181,0.0073375756274312144,21.221999999999998,pass,,,,,,,,,
d4,open,8,128,1024,4016,committed_50_bohr_retained_pairs,65024,d4_two_body_gradient,open_sparse_pairlist,20,0.214304,0.21442560095000002,0.21672,0.21649279954999998,0.2183183935,0.218592003,0.0019040029999999875,0.0007839944999999959,0.005948958037516649,27.09,pass,,,,,,,,,
d4,open,32,128,4096,16064,committed_50_bohr_retained_pairs,260096,d4_atm_energy,open_sparse_pairlist,20,0.245312005,0.24543360595,0.2464160025,0.24649440195,0.24771840104999998,0.247840002,0.001703996499999999,0.0008799955000000081,0.003461083699733279,7.700500078125001,pass,,,,,,,,,
d4,open,32,128,4096,16064,committed_50_bohr_retained_pairs,260096,d4_atm_gradient,open_sparse_pairlist,20,0.364863992,0.3662016015,0.368927985,0.36892319760000003,0.37096638715,0.372000009,0.0015679974999999735,0.001024007999999993,0.004578423961555151,11.528999531250001,pass,,,,,,,,,
d4,open,32,128,4096,16064,committed_50_bohr_retained_pairs,260096,d4_cn_cache_update,open_sparse_pairlist,20,0.0607680008,0.061041599280000004,0.06190400015,0.062059200179999996,0.06313919652,0.0631999969,0.0015680007249999975,0.0008000004999999984,0.013323069262915852,1.9345000046875,pass,,,,,,,,,
d4,open,32,128,4096,16064,committed_50_bohr_retained_pairs,260096,d4_two_body_energy_potential,open_sparse_pairlist,20,0.186399996,0.187342396,0.1888479965,0.18896639875000001,0.1903887975,0.190784007,0.001623998999999987,0.0008800030000000042,0.005961034895375225,5.901499890625,pass,,,,,,,,,
d4,open,32,128,4096,16064,committed_50_bohr_retained_pairs,260096,d4_two_body_gradient,open_sparse_pairlist,20,0.252896011,0.2529263901,0.254175991,0.25448799885,0.2557103871,0.259328008,0.0012960062499999814,0.0009920150000000127,0.0056130077511041,7.942999718749999,pass,,,,,,,,,
d4,open,128,128,16384,64256,committed_50_bohr_retained_pairs,1040384,d4_atm_energy,open_sparse_pairlist,20,0.475199997,0.4759903894,0.481104001,0.48073920015000005,0.48510239145,0.485376,0.00416000150000001,0.0021120005000000164,0.006039889075559999,3.7586250078125,pass,,,,,,,,,
d4,open,128,128,16384,64256,committed_50_bohr_retained_pairs,1040384,d4_atm_gradient,open_sparse_pairlist,20,0.702048004,0.70259522205,0.709632009,0.70981120455,0.71528001985,0.720448017,0.006768003249999932,0.0037919879999999684,0.006885257916345865,5.5440000703125,pass,,,,,,,,,
d4,open,128,128,16384,64256,committed_50_bohr_retained_pairs,1040384,d4_cn_cache_update,open_sparse_pairlist,20,0.102016002,0.10231999725,0.104223996,0.1039279993,0.10438559725,0.105024002,0.00027999524999999803,7.999699999999832e-05,0.007056673566253283,0.81424996875,pass,,,,,,,,,
d4,open,128,128,16384,64256,committed_50_bohr_retained_pairs,1040384,d4_two_body_energy_potential,open_sparse_pairlist,20,0.260096014,0.260096014,0.2618239965,0.2617088005,0.26410079165,0.264191985,0.0022400027500000252,0.0013280065000000063,0.005474309954329284,2.0454999726562497,pass,,,,,,,,,
d4,open,128,128,16384,64256,committed_50_bohr_retained_pairs,1040384,d4_two_body_gradient,open_sparse_pairlist,20,0.368416011,0.36862880625,0.37143999299999997,0.3714591994,0.37444799110000004,0.375360012,0.002072006500000001,0.0010399964999999733,0.00546327647824212,2.9018749453124997,pass,,,,,,,,,
d4,open,1,256,256,1014,committed_50_bohr_retained_pairs,32640,d4_atm_energy,open_sparse_pairlist,20,0.174720004,0.17481119735,0.175071999,0.17546400045000002,0.17687679809999998,0.17712,0.0008719980000000127,0.00023999800000000515,0.004204745900833664,175.071999,pass,,,,,,,,,
d4,open,1,256,256,1014,committed_50_bohr_retained_pairs,32640,d4_atm_gradient,open_sparse_pairlist,20,0.263648003,0.26452958875,0.2653920055,0.2656624004,0.2669168127,0.267008007,0.0017999860000000312,0.0007520169999999937,0.0037814165323402636,265.3920055,pass,,,,,,,,,
d4,open,1,256,256,1014,committed_50_bohr_retained_pairs,32640,d4_cn_cache_update,open_sparse_pairlist,20,0.0663679987,0.066428799175,0.06982399895,0.06964319869999999,0.073260799095,0.0735040009,0.0020640008499999973,0.0007040015999999968,0.026251152539110145,69.82399894999999,pass,,,,,,,,,
d4,open,1,256,256,1014,committed_50_bohr_retained_pairs,32640,d4_two_body_energy_potential,open_sparse_pairlist,20,0.242464006,0.24252480599999998,0.244671993,0.2442335985,0.24560799970000002,0.245759994,0.0020559952500000256,0.00030400600000000944,0.004611230571017534,244.67199300000001,pass,,,,,,,,,
d4,open,1,256,256,1014,committed_50_bohr_retained_pairs,32640,d4_two_body_gradient,open_sparse_pairlist,20,0.29491201,0.29503361094999997,0.2979039995,0.29759359805,0.29949920770000005,0.299712002,0.0017519895000000507,0.0008160020000000101,0.004612820608069707,297.9039995,pass,,,,,,,,,
d4,open,8,256,2048,8112,committed_50_bohr_retained_pairs,261120,d4_atm_energy,open_sparse_pairlist,20,0.213919997,0.21407200555,0.216896005,0.2162960015,0.21725599995,0.218015999,0.001248001999999998,0.00027199849999999526,0.005537039693347292,27.112000625,pass,,,,,,,,,
d4,open,8,256,2048,8112,committed_50_bohr_retained_pairs,261120,d4_atm_gradient,open_sparse_pairlist,20,0.324607998,0.3265536132,0.329728007,0.32931360155,0.3315024052,0.33238399,0.0011919879999999772,0.0007039905000000013,0.0051907581617266635,41.216000875,pass,,,,,,,,,
d4,open,8,256,2048,8112,committed_50_bohr_retained_pairs,261120,d4_cn_cache_update,open_sparse_pairlist,20,0.072544001,0.07260480147500001,0.0735360011,0.07459200098499999,0.07788479702,0.0784320012,0.003504002525000008,0.00017600129999999908,0.02773298638095118,9.1920001375,pass,,,,,,,,,
d4,open,8,256,2048,8112,committed_50_bohr_retained_pairs,261120,d4_two_body_energy_potential,open_sparse_pairlist,20,0.253632009,0.25393599759999996,0.25571200250000004,0.2553984001,0.25651358640000005,0.256543994,0.0009120107500000252,0.0005919934999999987,0.0034819014484775645,31.964000312500005,pass,,,,,,,,,
d4,open,8,256,2048,8112,committed_50_bohr_retained_pairs,261120,d4_two_body_gradient,open_sparse_pairlist,20,0.318495989,0.3194080099,0.321536005,0.3216912017,0.32393919975,0.325215995,0.001904011250000004,0.001024007500000007,0.0049690365627245,40.192000625,pass,,,,,,,,,
d4,open,32,256,8192,32448,committed_50_bohr_retained_pairs,1044480,d4_atm_energy,open_sparse_pairlist,20,0.368351996,0.36844318935,0.37102399750000004,0.37120159865,0.37341120375000003,0.374687999,0.002159990750000007,0.0015199934999999831,0.004963347582230959,11.594499921875002,pass,,,,,,,,,
d4,open,32,256,8192,32448,committed_50_bohr_retained_pairs,1044480,d4_atm_gradient,open_sparse_pairlist,20,0.543168008,0.5446879776,0.5488800110000001,0.54845440105,0.5523296033,0.55251199,0.0030400157500000136,0.0018240215000000504,0.004637728164056191,17.152500343750003,pass,,,,,,,,,
d4,open,32,256,8192,32448,committed_50_bohr_retained_pairs,1044480,d4_cn_cache_update,open_sparse_pairlist,20,0.0852800012,0.0852800012,0.08775999770000001,0.08781760001,0.09011840042,0.0908479989,0.003704002100000006,0.0018719993500000004,0.02121461032193825,2.7424999281250004,pass,,,,,,,,,
d4,open,32,256,8192,32448,committed_50_bohr_retained_pairs,1044480,d4_two_body_energy_potential,open_sparse_pairlist,20,0.278528005,0.2804735917,0.284143999,0.28373600250000003,0.28544639805,0.285567999,0.0016479867499999412,0.0009920005000000065,0.006170412094566393,8.87949996875,pass,,,,,,,,,
d4,open,32,256,8192,32448,committed_50_bohr_retained_pairs,1044480,d4_two_body_gradient,open_sparse_pairlist,20,0.380896002,0.38092640959999996,0.38299199949999996,0.38344639849999995,0.38646560035,0.386496007,0.0023039952499999683,0.0015839935000000194,0.004574235194521368,11.968499984374999,pass,,,,,,,,,
d4,open,128,256,32768,129792,committed_50_bohr_retained_pairs,4177920,d4_atm_energy,open_sparse_pairlist,20,0.781728029,0.78589281095,0.7925439775,0.79172320075,0.79690238255,0.797024012,0.004159986249999914,0.002415984499999968,0.004924605489485404,6.191749824218751,pass,,,,,,,,,
d4,open,128,256,32768,129792,committed_50_bohr_retained_pairs,4177920,d4_atm_gradient,open_sparse_pairlist,20,1.20412803,1.2081104205,1.222720025,1.221996796,1.2292128185000002,1.23097599,0.008191967499999953,0.004143950000000007,0.005749606418800294,9.5525001953125,pass,,,,,,,,,
d4,open,128,256,32768,129792,committed_50_bohr_retained_pairs,4177920,d4_cn_cache_update,open_sparse_pairlist,20,0.145952001,0.14692479435,0.1490719985,0.1490143984,0.1501487964,0.150240004,0.0011360047500000026,0.0007840024999999917,0.007971653657603155,1.16462498828125,pass,,,,,,,,,
d4,open,128,256,32768,129792,committed_50_bohr_retained_pairs,4177920,d4_two_body_energy_potential,open_sparse_pairlist,20,0.384512007,0.38463360794999996,0.38726399850000004,0.38733439895,0.39057599265000004,0.391487986,0.002680018999999978,0.0014080110000000146,0.004953146776160584,3.02549998828125,pass,,,,,,,,,
d4,open,128,256,32768,129792,committed_50_bohr_retained_pairs,4177920,d4_two_body_gradient,open_sparse_pairlist,20,0.598176003,0.5999999878,0.6023359895,0.6032703964999999,0.6074047748,0.610687971,0.0026080164999999766,0.0019200145000000113,0.004776438774825873,4.70574991796875,pass,,,,,,,,,
pairlist,compact,1,16,16,,,,dense_build,50_bohr_pairlist,20,0.0544640012,0.054767999965,0.0551999994,0.055430399814999996,0.056304000135,0.0566079989,0.0009839991250000027,0.0003999993499999993,0.011081822769839282,55.199999399999996,pass,4.4408921e-16,120,120,459.999995,1.0,28.55071960381219,127.76812475834922,True,0.0
pairlist,compact,1,16,16,,,,reuse,50_bohr_pairlist,20,0.124640003,0.1250351992,0.12572800350000002,0.12574880115,0.1263791937,0.127200007,0.000984005250000003,0.0004959999999999964,0.004815104497781741,125.72800350000001,pass,4.4408921e-16,120,120,1047.7333625,1.0,28.55071960381219,127.76812475834922,False,0.0
pairlist,compact,1,16,16,,,,sparse_build,50_bohr_pairlist,20,0.0691519976,0.06936479921500001,0.07095999645,0.0707072001,0.0717120022,0.0717120022,0.0016399975999999983,0.0005760043499999923,0.012396246014176333,70.95999645,pass,4.4408921e-16,120,120,591.33330375,1.0,28.55071960381219,127.76812475834922,False,0.0
pairlist,compact,8,16,128,,,,dense_build,50_bohr_pairlist,20,0.101792,0.1020656019,0.103519998,0.10327840065,0.10407040305,0.104192004,0.0011840015000000037,0.00044800400000000185,0.007314592511558504,12.93999975,pass,4.4408921e-16,960,960,107.83333125,1.0,20.293667316338237,22.349310226995954,True,0.0
pairlist,compact,8,16,128,,,,reuse,50_bohr_pairlist,20,0.125824004,0.12585439735,0.1266560035,0.12690560065,0.12803519900000002,0.128095999,0.0018079982500000258,0.0008160030000000096,0.007312108780310423,15.8320004375,pass,4.4408921e-16,960,960,131.93333697916668,1.0,20.293667316338237,22.349310226995954,False,0.0
pairlist,compact,8,16,128,,,,sparse_build,50_bohr_pairlist,20,0.120800003,0.122624003,0.124528002,0.12440800064999999,0.12541920094999998,0.12624,0.0006879980000000091,0.0003200024999999995,0.008810420405843894,15.56600025,pass,4.4408921e-16,960,960,129.71666875,1.0,20.293667316338237,22.349310226995954,False,0.0
pairlist,compact,32,16,512,,,,dense_build,50_bohr_pairlist,20,0.442079991,0.44214080525,0.4437920005,0.44351519935,0.44420319175,0.444415987,0.0007280192499999893,0.00025600149999999156,0.0015884001885265264,13.868500015625001,pass,4.4408921e-16,3840,3840,115.57083346354167,1.0,4.629197343993119,-69.40909224432946,True,0.0
pairlist,compact,32,16,512,,,,reuse,50_bohr_pairlist,20,0.133632004,0.13399680684999998,0.1357600015,0.13536320175,0.1363295946,0.137728006,0.001648005000000008,0.00046399249999999614,0.007653696183205254,4.2425000468750005,pass,4.4408921e-16,3840,3840,35.35416705729167,1.0,4.629197343993119,-69.40909224432946,False,0.0
pairlist,compact,32,16,512,,,,sparse_build,50_bohr_pairlist,20,0.463775992,0.4638671863,0.46433600799999997,0.4644272,0.46506720170000004,0.465279996,0.00033599100000003546,0.00015999399999999664,0.000794549938669104,14.51050025,pass,4.4408921e-16,3840,3840,120.92083541666666,1.0,4.629197343993119,-69.40909224432946,False,0.0
pairlist,compact,128,16,2048,,,,dense_build,50_bohr_pairlist,20,4.702528,4.703956743,4.7050399800000005,4.7050720214999995,4.7063088625,4.70639992,0.0013119025000003504,0.0005598100000003825,0.00019938490448815133,36.758124843750004,pass,4.4408921e-16,15360,15360,306.31770703125005,1.0,0.42371255259767704,-92.0820228503138,True,0.0
pairlist,compact,128,16,2048,,,,reuse,50_bohr_pairlist,20,0.170560002,0.1707424039,0.3725439905,0.4720511969,1.0084559700000002,1.04447997,0.3514080087499999,0.16448000849999997,0.6402625569605752,2.9104999257812496,pass,4.4408921e-16,15360,15360,24.25416604817708,1.0,0.42371255259767704,-92.0820228503138,False,0.0
pairlist,compact,128,16,2048,,,,sparse_build,50_bohr_pairlist,20,4.72272015,4.7227808455,4.724975825,4.7248368265,4.725729683,4.72636795,0.000695944999999476,0.00044798999999962064,0.0001956440527598128,36.913873632812496,pass,4.4408921e-16,15360,15360,307.6156136067708,1.0,0.42371255259767704,-92.0820228503138,False,0.0
pairlist,compact,1,32,32,,,,dense_build,50_bohr_pairlist,20,0.114175998,0.11429759895000001,0.115504,0.11529280065,0.11629599905,0.116448,0.0010720004999999894,0.00044800349999999517,0.005844898838172159,115.50399999999999,pass,0,496,496,232.8709677419355,1.0,12.938078767834881,111.85759843814935,True,0.0
pairlist,compact,1,32,32,,,,reuse,50_bohr_pairlist,20,0.244192004,0.2444352059,0.24470400050000002,0.2447664,0.2451295963,0.245920002,0.0002720019999999934,0.00012799349999999265,0.0013994079575434806,244.7040005,pass,0,496,496,493.354839717742,1.0,12.938078767834881,111.85759843814935,False,0.0
pairlist,compact,1,32,32,,,,sparse_build,50_bohr_pairlist,20,0.129023999,0.1291152066,0.1304479985,0.1302576006,0.1311695934,0.131200001,0.0010160020000000158,0.00041599550000000207,0.005115088159782938,130.44799849999998,pass,0,496,496,262.9999969758065,1.0,12.938078767834881,111.85759843814935,False,0.0
pairlist,compact,8,32,256,,,,dense_build,50_bohr_pairlist,20,0.197600007,0.1977215937,0.19825600100000002,0.198600001,0.20013280365,0.200223997,0.0008559972499999902,0.00023999800000001903,0.003983638161591156,24.782000125000003,pass,0,3968,3968,49.96370992943549,1.0,7.360180234846969,24.372529586128387,True,0.0
pairlist,compact,8,32,256,,,,reuse,50_bohr_pairlist,20,0.245631993,0.2457232006,0.2465760035,0.24644319924999997,0.2468592017,0.247071996,0.000519991500000011,0.00025600200000000517,0.0016889499491048185,30.8220004375,pass,0,3968,3968,62.14112991431451,1.0,7.360180234846969,24.372529586128387,False,0.0
pairlist,compact,8,32,256,,,,sparse_build,50_bohr_pairlist,20,0.210751995,0.21154240165,0.212848,0.21322400044999998,0.21550240125,0.216992006,0.0021280009999999905,0.0009279995000000124,0.007048470750835058,26.606,pass,0,3968,3968,53.641129032258064,1.0,7.360180234846969,24.372529586128387,False,0.0
pairlist,compact,32,32,1024,,,,dense_build,50_bohr_pairlist,20,0.871104002,0.87116481625,0.8738240005,0.8732928037000001,0.8744368252,0.874527991,0.0016400074999999292,0.00040000650000004967,0.0012558825527601936,27.307000015625,pass,0,15872,15872,55.05443551537298,1.0,1.6570870669281978,-70.81334572476075,True,0.0
pairlist,compact,32,32,1024,,,,reuse,50_bohr_pairlist,20,0.254112005,0.25429439265,0.25503999,0.25502239909999996,0.25547200035,0.255775988,0.000255994500000023,0.0001440050000000026,0.0014447841399049166,7.9699996875,pass,0,15872,15872,16.06854775705645,1.0,1.6570870669281978,-70.81334572476075,False,0.0
pairlist,compact,32,32,1024,,,,sparse_build,50_bohr_pairlist,20,0.885312021,0.88634558585,0.888304025,0.88871680205,0.89092159535,0.891103983,0.002088025499999868,0.00024002800000005875,0.0017135584049206445,27.75950078125,pass,0,15872,15872,55.96673544606855,1.0,1.6570870669281978,-70.81334572476075,False,0.0
pairlist,compact,128,32,4096,,,,dense_build,50_bohr_pairlist,20,9.34499168,9.3464512315,9.348768235000001,9.348856019500001,9.351635218,9.35321617,0.002272372499998454,0.0012002000000004287,0.00020890832281321932,73.03725183593751,pass,0,63488,63488,147.25252386277722,1.0,0.17370887363750143,-94.68781361868899,True,0.0
pairlist,compact,128,32,4096,,,,reuse,50_bohr_pairlist,20,0.290432006,0.29104001075,0.496623993,0.55975519835,1.1041855545,1.15635204,0.38513600849999996,0.20324799449999997,0.5044250229289362,3.8798749453125,pass,0,63488,63488,7.822328518775201,1.0,0.17370887363750143,-94.68781361868899,False,0.0
pairlist,compact,128,32,4096,,,,sparse_build,50_bohr_pairlist,20,9.36195183,9.3631069635,9.365007875,9.364966391500001,9.366764974999999,9.3676157,0.00158429749999911,0.0008482949999999434,0.00014543498327783343,73.1641240234375,pass,0,63488,63488,147.50831456338204,1.0,0.17370887363750143,-94.68781361868899,False,0.0
pairlist,compact,1,48,48,,,,dense_build,50_bohr_pairlist,20,0.197280005,0.19767520025000002,0.1997279975,0.1993264013,0.200287998,0.200287998,0.0016720000000000068,0.0004480029999999885,0.0047273740548159715,199.72799750000001,pass,0,1128,1128,177.06382757092197,1.0,10.31002000608352,65.90414417858052,False,10.31002000608352
pairlist,compact,1,48,48,,,,reuse,50_bohr_pairlist,20,0.363871992,0.36451040339999996,0.3655200005,0.3653679982,0.3659216059,0.365951985,0.0005119969999999863,0.00030399899999999924,0.0014070380763821539,365.5200005,pass,0,1128,1128,324.0425536347518,1.0,10.31002000608352,65.90414417858052,False,10.31002000608352
pairlist,compact,1,48,48,,,,sparse_build,50_bohr_pairlist,20,0.218879998,0.21891040465,0.22031999400000002,0.22021600079999998,0.22094879779999999,0.221343994,0.0010720002500000103,0.0005280000000000007,0.0033691194425064077,220.319994,pass,0,1128,1128,195.31914361702127,1.0,10.31002000608352,65.90414417858052,True,10.31002000608352
pairlist,compact,8,48,384,,,,dense_build,50_bohr_pairlist,20,0.328608006,0.3288512079,0.32940799,0.32961280190000003,0.33094559465,0.331584007,0.00023999849999994938,0.0001280009999999887,0.0022078822578457907,41.17599875,pass,0,9024,9024,36.50354499113475,1.0,7.305227781511925,4.03313451758216,False,7.305227781511925
pairlist,compact,8,48,384,,,,reuse,50_bohr_pairlist,20,0.366688013,0.36735680445,0.367727995,0.3680239989,0.36960479765,0.369695991,0.0004639850000000001,0.0002080050000000111,0.0021862387898784713,45.965999374999996,pass,0,9024,9024,40.749999445921986,1.0,7.305227781511925,4.03313451758216,False,7.305227781511925
pairlist,compact,8,48,384,,,,sparse_build,50_bohr_pairlist,20,0.350879997,0.35136640080000003,0.353471994,0.35295840055,0.35407520535,0.355199993,0.0018640087499999791,0.0004960154999999744,0.003240490471416157,44.18399925,pass,0,9024,9024,39.17021210106383,1.0,7.305227781511925,4.03313451758216,True,7.305227781511925
pairlist,compact,32,48,1536,,,,dense_build,50_bohr_pairlist,20,1.33667195,1.3369455595,1.338560045,1.338185609,1.339132855,1.33967996,0.0014080449999998024,0.0005120050000000376,0.0006573237871747135,41.83000140625,pass,0,36096,36096,37.08333458000887,1.0,1.6937559196307905,-72.38149010287913,False,1.6937559196307905
pairlist,compact,32,48,1536,,,,reuse,50_bohr_pairlist,20,0.375519991,0.375519991,0.3759519905,0.37623839965,0.37764159280000004,0.377824008,0.001039989000000019,0.00036798449999997374,0.0019358531995139323,11.748499703125,pass,0,36096,36096,10.415336616245568,1.0,1.6937559196307905,-72.38149010287913,False,1.6937559196307905
pairlist,compact,32,48,1536,,,,sparse_build,50_bohr_pairlist,20,1.36051202,1.36051202,1.3612319849999999,1.3612256,1.361711998,1.36201596,0.00028804000000026697,0.00016004000000013896,0.0002586489775412004,42.53849953125,pass,0,36096,36096,37.711435754654254,1.0,1.6937559196307905,-72.38149010287913,True,1.6937559196307905
pairlist,compact,128,48,6144,,,,dense_build,50_bohr_pairlist,20,14.1041279,14.1049487,14.107744199999999,14.10778879,14.110459465,14.1127996,0.002439700000001821,0.0013599500000003317,0.00014388119638749443,110.2167515625,pass,0,144384,144384,97.70988613696808,1.0,0.15820955982461804,-95.41392023772858,False,0.15820955982461804
pairlist,compact,128,48,6144,,,,reuse,50_bohr_pairlist,20,0.41129601,0.41138720335,0.6480160054999999,0.69126400185,1.2207888265,1.27772796,0.39025601774999996,0.23467200949999995,0.411764751971166,5.062625042968749,pass,0,144384,144384,4.488142768589317,1.0,0.15820955982461804,-95.41392023772858,False,0.15820955982461804
pairlist,compact,128,48,6144,,,,sparse_build,50_bohr_pairlist,20,14.125536,14.127359715,14.130064,14.13013277,14.132577215,14.1332159,0.003199600000000302,0.001775750000000187,0.0001444241216021023,110.391125,pass,0,144384,144384,97.86447251773049,1.0,0.15820955982461804,-95.41392023772858,True,0.15820955982461804
pairlist,compact,1,64,64,,,,dense_build,50_bohr_pairlist,20,0.31478399,0.31481439759999996,0.3151519895,0.31513920129999995,0.3154704035,0.315744013,0.0002640040000000399,0.0001919865000000187,0.0007954002933122378,315.1519895,pass,0,2016,2016,156.3253916170635,1.0,3.736609919132361,43.16057872560866,False,3.736609919132361
pairlist,compact,1,64,64,,,,reuse,50_bohr_pairlist,20,0.467040002,0.46767838585,0.4680320025,0.46795679775,0.4681952103,0.468255997,0.00028000049999998833,0.00011199700000000257,0.0005841671162359209,468.0320025,pass,0,2016,2016,232.15873139880952,1.0,3.736609919132361,43.16057872560866,False,3.736609919132361
pairlist,compact,1,64,64,,,,sparse_build,50_bohr_pairlist,20,0.32329601,0.32341761095,0.32692799,0.3269215986,0.32888640285,0.341472,0.0019919949999999687,0.0011520084999999958,0.011267247937152537,326.92799,pass,0,2016,2016,162.1666617063492,1.0,3.736609919132361,43.16057872560866,True,3.736609919132361
pairlist,compact,8,64,512,,,,dense_build,50_bohr_pairlist,20,0.484735996,0.48482718935,0.486831993,0.4866575957,0.4881392042,0.490783989,0.0012959909999999963,0.00036799900000000774,0.0026869739615562028,60.853999125,pass,0,16128,16128,30.185515438988098,1.0,3.4344551591538597,-6.310376042489507,False,3.4344551591538597
pairlist,compact,8,64,512,,,,reuse,50_bohr_pairlist,20,0.469920009,0.469920009,0.4717759935,0.47131999715,0.472063988,0.472063988,0.0014719959999999754,0.00020800549999999696,0.0017189957122077213,58.971999187499996,pass,0,16128,16128,29.251983723958332,1.0,3.4344551591538597,-6.310376042489507,False,3.4344551591538597
pairlist,compact,8,64,512,,,,sparse_build,50_bohr_pairlist,20,0.501183987,0.50148800315,0.5035520195000001,0.50668480095,0.515807986,0.515807986,0.006280004999999922,0.0018720030000000665,0.010977873500234051,62.94400243750001,pass,0,16128,16128,31.222223431299607,1.0,3.4344551591538597,-6.310376042489507,True,3.4344551591538597
pairlist,compact,32,64,2048,,,,dense_build,50_bohr_pairlist,20,1.82403195,1.824579169,1.825984,1.8260095955,1.8280016385,1.83046401,0.001784022499999871,0.0008479949999999903,0.0007858631876947118,57.062000000000005,pass,0,64512,64512,28.30456349206349,1.0,1.6061471513441505,-62.54473690972051,False,1.6061471513441505
pairlist,compact,32,64,2048,,,,reuse,50_bohr_pairlist,20,0.478175998,0.4798480037,0.694911987,0.73539679825,1.243742355,1.24857605,0.34395197799999994,0.2135839915,0.3503216598548028,21.71599959375,pass,0,64512,64512,10.7718251953125,1.0,1.6061471513441505,-62.54473690972051,False,1.6061471513441505
pairlist,compact,32,64,2048,,,,sparse_build,50_bohr_pairlist,20,1.85369599,1.8545168185,1.8553119900000001,1.855384004,1.8561312495,1.85984004,0.0004640575000001146,0.0001919849999998391,0.0006218799106860539,57.978499687500005,pass,0,64512,64512,28.75917643229167,1.0,1.6061471513441505,-62.54473690972051,True,1.6061471513441505
pairlist,compact,128,64,8192,,,,dense_build,50_bohr_pairlist,20,18.7992954,18.799326275000002,18.8016481,18.80234557,18.80580243,18.8071995,0.002471849999999165,0.0014877999999978186,0.0001141377761453341,146.88787578125002,pass,0,258048,258048,72.86104949466767,1.0,0.12713725878106263,-96.12883600438383,False,0.12713725878106263
pairlist,compact,128,64,8192,,,,reuse,50_bohr_pairlist,20,0.515424013,0.5163968206,0.728767991,0.8073727996500001,1.318681562,1.37632,0.28041602725000003,0.12574401500000004,0.3394671002862343,5.6934999296875,pass,0,258048,258048,2.824156711154514,1.0,0.12713725878106263,-96.12883600438383,False,0.12713725878106263
pairlist,compact,128,64,8192,,,,sparse_build,50_bohr_pairlist,20,18.8194561,18.819912765,18.825552000000002,18.82515516,18.83041904,18.8344326,0.004072699999998264,0.002575849999999491,0.00019976013887791367,147.07462500000003,pass,0,258048,258048,72.95368303571429,1.0,0.12713725878106263,-96.12883600438383,True,0.12713725878106263
pairlist,compact,1,96,96,,,,dense_build,50_bohr_pairlist,20,0.798111975,0.7983855845,0.8003199995000001,0.80028479685,0.802496016,0.802496016,0.0008800030000000181,0.0005280079999999687,0.0015925827998656257,800.3199995000001,pass,3.55271368e-15,4560,4560,175.50877182017547,1.0,2.403039348262581,-11.649292178413118,False,2.403039348262581
pairlist,compact,1,96,96,,,,reuse,50_bohr_pairlist,20,0.723519981,0.7235503886,0.7240799965,0.7242256015999999,0.7258992137,0.726112008,0.0002640037500000192,0.00012800050000000285,0.0009010360397663445,724.0799965,pass,3.55271368e-15,4560,4560,158.78947291666668,1.0,2.403039348262581,-11.649292178413118,False,2.403039348262581
pairlist,compact,1,96,96,,,,sparse_build,50_bohr_pairlist,20,0.796320021,0.79695840485,0.819552004,0.8157087981,0.83110241585,0.832895994,0.028423980000000015,0.010735989000000057,0.017593253377664625,819.5520039999999,pass,3.55271368e-15,4560,4560,179.72631666666666,1.0,2.403039348262581,-11.649292178413118,True,2.403039348262581
pairlist,compact,8,96,768,,,,dense_build,50_bohr_pairlist,20,1.08783996,1.088843236,1.090976,1.0911551830000001,1.0940031405,1.09497595,0.0024479925000000513,0.0014240149999998897,0.0016673535939092162,136.37199999999999,pass,3.55271368e-15,36480,36480,29.906140350877195,1.0,3.4391274418502205,-35.32347634126198,False,3.4391274418502205
pairlist,compact,8,96,768,,,,reuse,50_bohr_pairlist,20,0.727680027,0.72795358045,0.729872018,0.7299024076,0.7317023784,0.732128024,0.0006079970000000268,0.0003039834999999935,0.001600154772067198,91.23400225,pass,3.55271368e-15,36480,36480,20.00745663377193,1.0,3.4391274418502205,-35.32347634126198,False,3.4391274418502205
pairlist,compact,8,96,768,,,,sparse_build,50_bohr_pairlist,20,1.11964798,1.1198607704999999,1.1284960549999998,1.1269072055,1.13027203,1.13027203,0.0037599500000000674,0.0017759750000001517,0.002968240282601756,141.06200687499998,pass,3.55271368e-15,36480,36480,30.934650630482455,1.0,3.4391274418502205,-35.32347634126198,True,3.4391274418502205
pairlist,compact,32,96,3072,,,,dense_build,50_bohr_pairlist,20,3.03884792,3.0402769005000003,3.04255998,3.042721593,3.046691275,3.04675198,0.00293594499999994,0.0015679600000000349,0.0006938113539629206,95.079999375,pass,3.55271368e-15,145920,145920,20.850877055921053,1.0,0.9276435036787767,-66.89001991996123,False,0.9276435036787767
pairlist,compact,32,96,3072,,,,reuse,50_bohr_pairlist,20,0.736288011,0.7379600167,1.0167360005,0.9997392027500001,1.5031599725,1.55164802,0.31682403300000006,0.1834079919999999,0.26198431985738174,31.773000015624998,pass,3.55271368e-15,145920,145920,6.967763161321271,1.0,0.9276435036787767,-66.89001991996123,False,0.9276435036787767
pairlist,compact,32,96,3072,,,,sparse_build,50_bohr_pairlist,20,3.06592011,3.0668926915,3.07078409,3.071688009,3.079265631,3.08051205,0.005544007499999726,0.0029119250000000374,0.0014533079463203253,95.9620028125,pass,3.55271368e-15,145920,145920,21.04429886239035,1.0,0.9276435036787767,-66.89001991996123,True,0.9276435036787767
pairlist,compact,128,96,12288,,,,dense_build,50_bohr_pairlist,20,28.5657597,28.567189355,28.57124805,28.570743845,28.575509515,28.5759354,0.0038085499999986894,0.002032299999999765,9.830641943529596e-05,223.21287539062502,pass,3.55271368e-15,583680,583680,48.95019197162829,1.0,-0.0053772589748701805,-96.13403169203139,False,0.0
pairlist,compact,128,96,12288,,,,reuse,50_bohr_pairlist,20,0.854272008,1.0310479909,1.1044960000000001,1.2280335969,1.6482399835000001,1.67347205,0.47432804500000003,0.05622398500000014,0.21689092779738714,8.628875,pass,3.55271368e-15,583680,583680,1.8922971491228073,1.0,-0.0053772589748701805,-96.13403169203139,False,0.0
pairlist,compact,128,96,12288,,,,sparse_build,50_bohr_pairlist,20,28.5571518,28.560587285,28.5697117,28.56932792,28.575477760000002,28.5832005,0.007600325000002073,0.003791800000000123,0.00021138848260874793,223.20087265625,pass,3.55271368e-15,583680,583680,48.94755979303728,1.0,-0.0053772589748701805,-96.13403169203139,True,0.0
pairlist,compact,1,128,128,,,,dense_build,50_bohr_pairlist,20,1.47190404,1.472299164,1.476271985,1.476207984,1.4788032199999999,1.47977602,0.0028719624999999915,0.0014719949999999482,0.0013684466850121047,1476.2719849999999,pass,0,8128,8128,181.62795091043304,1.0,-0.5830890301694591,-11.011782632088208,False,0.0
pairlist,compact,1,128,128,,,,reuse,50_bohr_pairlist,20,1.21536005,1.2227776215,1.3060480349999999,1.301024014,1.343102436,1.34489596,0.05907201749999991,0.03318399500000002,0.03345728595316964,1306.0480349999998,pass,0,8128,8128,160.6850436761811,1.0,-0.5830890301694591,-11.011782632088208,False,0.0
pairlist,compact,1,128,128,,,,sparse_build,50_bohr_pairlist,20,1.41734397,1.41734397,1.467664005,1.4734511975,1.5304767890000002,1.53558397,0.031376007500000025,0.013264005000000023,0.02304711436410769,1467.664005,pass,0,8128,8128,180.56889825295278,1.0,-0.5830890301694591,-11.011782632088208,True,0.0
pairlist,compact,8,128,1024,,,,dense_build,50_bohr_pairlist,20,1.87193596,1.8728479599999999,1.877231955,1.8767855895,1.8800944014999998,1.88188803,0.002111942500000019,0.001455960000000034,0.0013305185430940167,234.653994375,pass,0,65024,65024,28.86983198511319,1.0,4.713325636948262,-34.00620215979655,False,4.713325636948262
pairlist,compact,8,128,1024,,,,reuse,50_bohr_pairlist,20,1.22540796,1.2291775600000001,1.29724801,1.3073615975,1.356865583,1.35689604,0.06503200500000017,0.05377596000000018,0.03368577139819658,162.15600124999997,pass,0,65024,65024,19.95029542937992,1.0,4.713325636948262,-34.00620215979655,False,4.713325636948262
pairlist,compact,8,128,1024,,,,sparse_build,50_bohr_pairlist,20,1.88947201,1.8915999529999998,1.96571201,1.9527632055000002,1.9702623830000001,1.97190404,0.014991940000000259,0.004319964999999981,0.013432959776024591,245.71400125,pass,0,65024,65024,30.230561177411417,1.0,4.713325636948262,-34.00620215979655,True,4.713325636948262
pairlist,compact,32,128,4096,,,,dense_build,50_bohr_pairlist,20,4.53497601,4.536465458,4.539183854999999,4.538975978,4.541550398,4.54364777,0.003800270000000161,0.0020000950000000906,0.00048248286859333734,141.84949546874998,pass,0,260096,260096,17.451955643300934,1.0,2.0236290913578925,-70.55175585717774,False,2.0236290913578925
pairlist,compact,32,128,4096,,,,reuse,50_bohr_pairlist,20,1.24057603,1.245622392,1.3637599950000001,1.3365695949999998,1.3711631415,1.37715197,0.05556002750000011,0.005232035000000024,0.03414987420210763,42.617499843750004,pass,0,260096,260096,5.243294764240896,1.0,2.0236290913578925,-70.55175585717774,False,2.0236290913578925
pairlist,compact,32,128,4096,,,,sparse_build,50_bohr_pairlist,20,4.61555195,4.616524978,4.6310401,4.6340287695,4.6610318685,4.68064022,0.01209616749999931,0.005631924999999871,0.0034543601985621403,144.720003125,pass,0,260096,260096,17.805118494709646,1.0,2.0236290913578925,-70.55175585717774,True,2.0236290913578925
pairlist,compact,128,128,16384,,,,dense_build,50_bohr_pairlist,20,38.5540161,38.554896750000005,38.56297685,38.56329594,38.57287674,38.573761,0.006023450000000707,0.0030708500000002914,0.00013294263214554697,301.273256640625,pass,0,1040384,1040384,37.06609948826587,1.0,0.26694878976907255,-96.3962890550885,False,0.26694878976907255
pairlist,compact,128,128,16384,,,,reuse,50_bohr_pairlist,20,1.28188801,1.3037456005,1.393408,1.3925168035,1.468972828,1.64918399,0.0798560075000001,0.03531199500000004,0.058283850373606595,10.886,pass,0,1040384,1040384,1.3393208661417322,1.0,0.26694878976907255,-96.3962890550885,False,0.26694878976907255
pairlist,compact,128,128,16384,,,,sparse_build,50_bohr_pairlist,20,38.6184311,38.622504415,38.66592025,38.663882635,38.694288300000004,38.7007027,0.021469099999997354,0.011182749999999686,0.0005678503673197686,302.07750195312497,pass,0,1040384,1040384,37.165046992264394,1.0,0.26694878976907255,-96.3962890550885,True,0.26694878976907255
pairlist,compact,1,256,256,,,,dense_build,50_bohr_pairlist,20,9.46726418,9.468054200000001,9.49369574,9.492479944500001,9.5153982655,9.51612759,0.027575732499999006,0.014815809999999985,0.0017041693226875448,9493.69574,pass,7.10542736e-15,32640,32640,290.8607763480392,1.0,-8.213785825413456,-53.879135473436236,False,0.0
pairlist,compact,1,256,256,,,,reuse,50_bohr_pairlist,20,3.99632001,4.012584124,4.018927815,4.0216447475,4.038102481,4.0537281,0.007496002499999044,0.0033919849999994867,0.0029487159086858472,4018.9278149999996,pass,7.10542736e-15,32640,32640,123.12891590073528,1.0,-8.213785825413456,-53.879135473436236,False,0.0
pairlist,compact,1,256,256,,,,sparse_build,50_bohr_pairlist,20,8.45244789,8.479625794,8.713903904999999,8.693990468500001,8.9124465035,8.9817276,0.2197759174999998,0.10939216500000093,0.017216361105788437,8713.903905,pass,7.10542736e-15,32640,32640,266.97009512867646,1.0,-8.213785825413456,-53.879135473436236,True,0.0
pairlist,compact,8,256,2048,,,,dense_build,50_bohr_pairlist,20,10.7592001,10.759503625,10.795248,10.796617555000001,10.822937875,10.8696318,0.01979230000000065,0.01065589999999883,0.0023110399568967922,1349.4060000000002,pass,7.10542736e-15,261120,261120,41.342095588235296,1.0,-3.005471018359196,-61.53692240104348,False,0.0
pairlist,compact,8,256,2048,,,,reuse,50_bohr_pairlist,20,4.01014423,4.0125759165,4.02739191,4.0295487885,4.048097591,4.06819201,0.005871777499999453,0.00241589500000039,0.0029481608003966635,503.42398875000003,pass,7.10542736e-15,261120,261120,15.42352906709559,1.0,-3.005471018359196,-61.53692240104348,False,0.0
pairlist,compact,8,256,2048,,,,sparse_build,50_bohr_pairlist,20,10.351552,10.376662399999999,10.47079995,10.45757757,10.54829771,10.5788803,0.08939167500000167,0.05497595000000022,0.005917169917195787,1308.84999375,pass,7.10542736e-15,261120,261120,40.09957088694853,1.0,-3.005471018359196,-61.53692240104348,True,0.0
pairlist,compact,32,256,8192,,,,dense_build,50_bohr_pairlist,20,16.1379204,16.14512482,16.166384700000002,16.168030445,16.199509485,16.2011204,0.013199775000000358,0.006559349999999853,0.0009822772035664987,505.1995218750001,pass,7.10542736e-15,1044480,1044480,15.47792652803309,1.0,-1.1015486969081056,-74.70280853614737,False,0.0
pairlist,compact,32,256,8192,,,,reuse,50_bohr_pairlist,20,4.02358389,4.033494518,4.0445919,4.0455583805,4.060623954,4.06153584,0.003184205000000162,0.0015358900000004283,0.002069881676893235,126.39349687500001,pass,7.10542736e-15,1044480,1044480,3.872349781709559,1.0,-1.1015486969081056,-74.70280853614737,False,0.0
pairlist,compact,32,256,8192,,,,sparse_build,50_bohr_pairlist,20,15.8992643,15.916531595,15.9883041,15.991302444999999,16.05706471,16.0809593,0.05727217500000137,0.025935650000000088,0.002858314615280855,499.63450312500004,pass,7.10542736e-15,1044480,1044480,15.307429630055148,1.0,-1.1015486969081056,-74.70280853614737,True,0.0
pairlist,compact,128,256,32768,,,,dense_build,50_bohr_pairlist,20,91.9739838,92.00411342999999,92.07344055,92.06479415999999,92.116756065,92.1450882,0.054582574999997746,0.028415700000003596,0.00046680300801936947,719.323754296875,pass,7.10542736e-15,4177920,4177920,22.038105217428768,1.0,-0.16638701571797254,-95.53160433194377,False,0.0
pairlist,compact,128,256,32768,,,,reuse,50_bohr_pairlist,20,4.10086393,4.102992101,4.107360125,4.111270380500001,4.1274958385,4.15744019,0.004719972500000225,0.0025599000000000594,0.003037144139579916,32.088750976562494,pass,7.10542736e-15,4177920,4177920,0.9831112431544883,1.0,-0.16638701571797254,-95.53160433194377,False,0.0
pairlist,compact,128,256,32768,,,,sparse_build,50_bohr_pairlist,20,91.85923,91.86695635,91.9202423,91.94201049,92.043570315,92.0463028,0.09703640000000746,0.0425147999999993,0.0006712140297217706,718.12689296875,pass,7.10542736e-15,4177920,4177920,22.001436671836704,1.0,-0.16638701571797254,-95.53160433194377,True,0.0
pairlist,open,1,16,16,,,,dense_build,50_bohr_pairlist,20,0.0543360002,0.054366400485,0.0549120009,0.05507680009,0.05612319858,0.0572480001,0.0006240010250000011,0.00039999929999999864,0.012178951902349083,54.9120009,pass,0,120,120,457.6000075,0.225,25.961532208526748,105.5361253463266,True,0.0
pairlist,open,1,16,16,,,,reuse,50_bohr_pairlist,20,0.0870079994,0.087464002915,0.11286399899999999,0.22539999897000002,0.5405247896500001,0.666015983,0.15866400482500004,0.025615997749999994,0.881087961423004,112.86399899999999,pass,0,120,27,4180.148111111111,0.225,25.961532208526748,105.5361253463266,False,0.0
pairlist,open,1,16,16,,,,sparse_build,50_bohr_pairlist,20,0.0670080036,0.06755520065500001,0.0691679977,0.06923040003,0.07023200321000002,0.0767680034,0.0007839984999999938,0.00047999995000000406,0.02770853081286786,69.1679977,pass,0,120,27,2561.7776925925923,0.225,25.961532208526748,105.5361253463266,False,0.0
pairlist,open,8,16,128,,,,dense_build,50_bohr_pairlist,20,0.102144003,0.102174403,0.103952002,0.10365440020000001,0.10467680005,0.104768001,0.0014239957500000039,0.000447999999999997,0.008324007715415652,12.994000250000001,pass,0,960,960,108.28333541666667,0.225,19.716791024380665,-77.06633788544063,True,0.0
pairlist,open,8,16,128,,,,reuse,50_bohr_pairlist,20,0.0233919993,0.0233919993,0.0238400009,0.024084800025,0.025212799935000002,0.0257600006,0.0009679994499999997,0.00036800005000000094,0.027993756362052577,2.9800001125000004,pass,0,960,216,110.37037453703705,0.225,19.716791024380665,-77.06633788544063,False,0.0
pairlist,open,8,16,128,,,,sparse_build,50_bohr_pairlist,20,0.123616003,0.12376800395,0.124448001,0.12445120115,0.12504160575,0.125376001,0.0004960019999999954,0.0002879989999999971,0.003732596356208201,15.556000125,pass,0,960,216,576.1481527777778,0.225,19.716791024380665,-77.06633788544063,False,0.0
pairlist,open,32,16,512,,,,dense_build,50_bohr_pairlist,20,0.443295985,0.44363040875,0.444063991,0.44407839774999996,0.44455678805,0.444799989,0.0004319847500000029,0.00022399450000001875,0.0007544846024528948,13.87699971875,pass,0,3840,3840,115.64166432291667,0.225,4.572316132698995,-92.64970823765802,True,0.0
pairlist,open,32,16,512,,,,reuse,50_bohr_pairlist,20,0.0314240009,0.0314240009,0.03263999895,0.03267520014,0.033880000795000004,0.0343360007,0.0015600007250000034,0.000832000749999999,0.029018599961319943,1.0199999671875,pass,0,3840,864,37.777776562499994,0.225,4.572316132698995,-92.64970823765802,False,0.0
pairlist,open,32,16,512,,,,sparse_build,50_bohr_pairlist,20,0.463295996,0.4638128074,0.46436800050000004,0.4644799979,0.46527360995,0.46636799,0.0003999995000000256,0.0002719914999999573,0.001330283433675474,14.511500015625002,pass,0,3840,864,537.4629635416667,0.225,4.572316132698995,-92.64970823765802,False,0.0
pairlist,open,128,16,2048,,,,dense_build,50_bohr_pairlist,20,4.70265579,4.703203009,4.7053120150000005,4.705115175,4.7068030325,4.70777607,0.0009199400000001745,0.0004959100000001548,0.00025041043885478217,36.7602501171875,pass,0,15360,15360,306.3354176432292,0.225,0.4332139916549016,-96.8025924418957,True,0.0
pairlist,open,128,16,2048,,,,reuse,50_bohr_pairlist,20,0.126176,0.1319823943,0.150448002,0.25342560184999996,0.6824080224000001,0.722079992,0.060016006250000004,0.017536007000000006,0.7750483126888272,1.175375015625,pass,0,15360,3456,43.53240798611111,0.225,0.4332139916549016,-96.8025924418957,False,0.0
pairlist,open,128,16,2048,,,,sparse_build,50_bohr_pairlist,20,4.72470379,4.724855999,4.725696085,4.7259296184999995,4.72751999,4.72751999,0.0013997575000006535,0.0004479900000000647,0.00018898675181709966,36.919500664062504,pass,0,15360,3456,1367.3889134837964,0.225,0.4332139916549016,-96.8025924418957,False,0.0
pairlist,open,1,32,32,,,,dense_build,50_bohr_pairlist,20,0.114848003,0.11506079729999999,0.116384,0.11640159985000001,0.11721279720000001,0.121408001,0.0008479985000000023,0.0005439965000000047,0.01147625093847627,116.384,pass,0,496,496,234.6451612903226,0.12903225806451613,-19.480342401017325,-79.39235625171845,True,24.193275259609948
pairlist,open,1,32,32,,,,reuse,50_bohr_pairlist,20,0.0232319999,0.02341439952,0.0239840001,0.072439999995,0.19411199655000036,0.675040007,0.001168000475,0.00039999929999999864,2.035288843813138,23.9840001,pass,0,496,64,374.7500015625,0.12903225806451613,-19.480342401017325,-79.39235625171845,False,24.193275259609948
pairlist,open,1,32,32,,,,sparse_build,50_bohr_pairlist,20,0.0915519968,0.091612797275,0.0937119983,0.09351040050000001,0.094936000185,0.0953920037,0.0010320004249999987,0.0004960000500000006,0.010976861633166368,93.7119983,pass,0,496,64,1464.2499734375,0.12903225806451613,-19.480342401017325,-79.39235625171845,False,24.193275259609948
pairlist,open,8,32,256,,,,dense_build,50_bohr_pairlist,20,0.197855994,0.1981904035,0.19904000300000002,0.19925919985,0.2006880064,0.202815995,0.0013519969999999937,0.0006240010000000268,0.005728168769824217,24.880000375,pass,0,3968,3968,50.16129107862904,0.12903225806451613,-12.781350289670169,-87.39549898419163,True,14.654377626940484
pairlist,open,8,32,256,,,,reuse,50_bohr_pairlist,20,0.0234239995,0.02360639912,0.0250879992,0.02474239962,0.02553760062,0.0255679991,0.0013279989499999992,0.0004480005999999998,0.0293655459649079,3.1359999,pass,0,3968,512,48.9999984375,0.12903225806451613,-12.781350289670169,-87.39549898419163,False,14.654377626940484
pairlist,open,8,32,256,,,,sparse_build,50_bohr_pairlist,20,0.171775997,0.1721104065,0.173600003,0.17352960045,0.1745984028,0.175935999,0.0007519980000000037,0.00033599850000000375,0.005157344659341716,21.700000375000002,pass,0,3968,512,339.062505859375,0.12903225806451613,-12.781350289670169,-87.39549898419163,False,14.654377626940484
pairlist,open,32,32,1024,,,,dense_build,50_bohr_pairlist,20,0.870335996,0.87164322735,0.8725120125,0.87268480645,0.87408960135,0.874271989,0.0015920097500000674,0.0005280074999999829,0.0011506981560869796,27.266000390625,pass,0,15872,15872,54.97177498109879,0.12903225806451613,-2.888213415858265,-96.19672843759271,True,2.9741121211438015
pairlist,open,32,32,1024,,,,reuse,50_bohr_pairlist,20,0.0314240009,0.031636798905,0.03318400125,0.032990400125,0.03402239825,0.0341439992,0.0013759992750000047,0.0005919989000000014,0.025546186968837568,1.0370000390624998,pass,0,15872,2048,16.203125610351563,0.12903225806451613,-2.888213415858265,-96.19672843759271,False,2.9741121211438015
pairlist,open,32,32,1024,,,,sparse_build,50_bohr_pairlist,20,0.843967974,0.8450928177,0.8473120035,0.8472288012,0.84987521765,0.850239992,0.001847997499999976,0.000975995999999979,0.001877498916238002,26.478500109375002,pass,0,15872,2048,413.72656420898437,0.12903225806451613,-2.888213415858265,-96.19672843759271,False,2.9741121211438015
pairlist,open,128,32,4096,,,,dense_build,50_bohr_pairlist,20,9.34547234,9.345715141,9.34815979,9.348206378,9.350025272,9.35020828,0.0024719224999998346,0.001503944999999618,0.00017202982626372007,73.032498359375,pass,0,63488,63488,147.2429402406754,0.12903225806451613,-0.2649441232968064,-98.10615129098045,True,0.26564794190755414
pairlist,open,128,32,4096,,,,reuse,50_bohr_pairlist,20,0.129408002,0.13384639345000002,0.1770400035,0.26024480025,0.6788016199,0.73020798,0.06670400174999999,0.031168006499999984,0.7445183335267984,1.3831250273437499,pass,0,63488,8192,21.611328552246093,0.12903225806451613,-0.2649441232968064,-98.10615129098045,False,0.26564794190755414
pairlist,open,128,32,4096,,,,sparse_build,50_bohr_pairlist,20,9.31641579,9.319121979,9.32339239,9.323169660000001,9.3259139035,9.32822418,0.0027604100000004905,0.0017437949999994373,0.0002796791780781316,72.839003046875,pass,0,63488,8192,1138.109422607422,0.12903225806451613,-0.2649441232968064,-98.10615129098045,False,0.26564794190755414
pairlist,open,1,48,48,,,,dense_build,50_bohr_pairlist,20,0.196032003,0.1962752049,0.198815994,0.19851999955,0.20041919900000002,0.200479999,0.002304006999999997,0.0009920080000000164,0.0075952317233938015,198.815994,pass,0,1128,1128,176.25531382978724,0.09219858156028368,-40.75325599810646,-78.13094353272862,False,0.0
pairlist,open,1,48,48,,,,reuse,50_bohr_pairlist,20,0.0236799996,0.023923199694999998,0.02575999965,0.090489598095,0.19174079495000032,0.611199975,0.088680000675,0.0013279999000000015,1.472268158103267,25.75999965,pass,0,1128,104,247.69230432692308,0.09219858156028368,-40.75325599810646,-78.13094353272862,False,0.0
pairlist,open,1,48,48,,,,sparse_build,50_bohr_pairlist,20,0.115103997,0.11513439795000001,0.117792003,0.11744959989999999,0.11869600205,0.118848003,0.0016079972499999928,0.0006080010000000038,0.009371778168206103,117.79200300000001,pass,0,1128,104,1132.6154134615385,0.09219858156028368,-40.75325599810646,-78.13094353272862,True,0.0
pairlist,open,8,48,384,,,,dense_build,50_bohr_pairlist,20,0.32912001,0.32924161095,0.32988800100000004,0.33025600015,0.3317279996,0.335072011,0.000992007000000017,0.00044800300000000237,0.004043814864029823,41.236000125000004,pass,0,9024,9024,36.55673769946809,0.09219858156028368,-25.56503942075784,-89.63966913835422,False,0.0
pairlist,open,8,48,384,,,,reuse,50_bohr_pairlist,20,0.0240640007,0.024793599179999997,0.02544,0.025795199915,0.027553600640000002,0.0287999995,0.0006960006249999984,0.00022399984999999997,0.041498681123090186,3.18,pass,0,9024,832,30.576923076923077,0.09219858156028368,-25.56503942075784,-89.63966913835422,False,0.0
pairlist,open,8,48,384,,,,sparse_build,50_bohr_pairlist,20,0.243456006,0.2449455965,0.2455520035,0.24550080085,0.2461567971,0.246399999,0.0005359910000000134,0.0002879944999999856,0.002477069783561765,30.6940004375,pass,0,9024,832,295.13461959134617,0.09219858156028368,-25.56503942075784,-89.63966913835422,True,0.0
pairlist,open,32,48,1536,,,,dense_build,50_bohr_pairlist,20,1.33667195,1.3367935785,1.33796799,1.338027179,1.339524778,1.33961594,0.001760009999999923,0.000976025000000158,0.0007758373851315432,41.8114996875,pass,0,36096,36096,37.06693234707447,0.09219858156028368,-6.418090390936793,-97.29477604071404,False,0.0
pairlist,open,32,48,1536,,,,reuse,50_bohr_pairlist,20,0.0331839994,0.033275200064999996,0.03387200085,0.034118399765,0.035628799395,0.0358720012,0.0010240003499999914,0.0004799998999999999,0.02227954412904146,1.0585000265625,pass,0,36096,3328,10.177884870793267,0.09219858156028368,-6.418090390936793,-97.29477604071404,False,0.0
pairlist,open,32,48,1536,,,,sparse_build,50_bohr_pairlist,20,1.24992001,1.2507103720000001,1.252095995,1.252185607,1.2535600384999999,1.25462401,0.0018560274999999127,0.0009599950000001023,0.0009769164203580632,39.12799984375,pass,0,36096,3328,376.2307677283653,0.09219858156028368,-6.418090390936793,-97.29477604071404,True,0.0
pairlist,open,128,48,6144,,,,dense_build,50_bohr_pairlist,20,14.0985279,14.102601215,14.10536,14.105198375,14.107858815,14.1082239,0.0019684000000008695,0.0013599500000003317,0.00015851974618373546,110.19812499999999,pass,0,144384,144384,97.69337322695036,0.09219858156028368,-0.607543515372877,-98.69109557035169,False,0.0
pairlist,open,128,48,6144,,,,reuse,50_bohr_pairlist,20,0.124159999,0.12814240089999998,0.1835040005,0.26313919674999997,0.667512012,0.674655974,0.09535199024999999,0.036927998499999976,0.7111866485173753,1.43362500390625,pass,0,144384,13312,13.784855806790866,0.09219858156028368,-0.607543515372877,-98.69109557035169,False,0.0
pairlist,open,128,48,6144,,,,sparse_build,50_bohr_pairlist,20,14.0168638,14.017137400000001,14.0196638,14.019921640000002,14.02290701,14.025856,0.0024161500000001723,0.0013279999999999959,0.00015734053426725826,109.5286234375,pass,0,144384,13312,1053.1598407451925,0.09219858156028368,-0.607543515372877,-98.69109557035169,True,0.0
pairlist,open,1,64,64,,,,dense_build,50_bohr_pairlist,20,0.313024014,0.3130543931,0.314927995,0.31503839785,0.3161695908,0.321215987,0.0011039899999999991,0.0005919930000000129,0.005374978249024004,314.927995,pass,0,2016,2016,156.21428323412698,0.07142857142857142,-58.68515912661242,-80.43531718826857,False,0.0
pairlist,open,1,64,64,,,,reuse,50_bohr_pairlist,20,0.0237119999,0.02374240009,0.0254560001,0.025120000075,0.026047999945000004,0.0284800008,0.0016159993250000025,0.0003200006000000002,0.04487336434385702,25.4560001,pass,0,2016,144,176.77777847222222,0.07142857142857142,-58.68515912661242,-80.43531718826857,False,0.0
pairlist,open,1,64,64,,,,sparse_build,50_bohr_pairlist,20,0.128288001,0.12865280385,0.130112,0.13037599925,0.13146719915000002,0.140192002,0.0014000017499999906,0.000624000999999999,0.018709052415680983,130.112,pass,0,2016,144,903.5555555555555,0.07142857142857142,-58.68515912661242,-80.43531718826857,True,0.0
pairlist,open,8,64,512,,,,dense_build,50_bohr_pairlist,20,0.484607995,0.48463840165,0.48516801,0.4855887995,0.48700960540000005,0.487040013,0.0018239842499999659,0.0003039985000000134,0.0018721463464282837,60.64600125,pass,0,16128,16128,30.082341889880954,0.07142857142857142,-38.46585433363588,-91.41969010999016,False,0.0
pairlist,open,8,64,512,,,,reuse,50_bohr_pairlist,20,0.0250240006,0.02520640022,0.0256159995,0.025944000210000002,0.027542400650000003,0.0285759997,0.0008080000500000004,0.00019200054999999987,0.033192615025980615,3.2019999375,pass,0,16128,1152,22.236110677083335,0.07142857142857142,-38.46585433363588,-91.41969010999016,False,0.0
pairlist,open,8,64,512,,,,sparse_build,50_bohr_pairlist,20,0.296992004,0.29732639925000004,0.29854399,0.29870240255,0.300195192,0.300864011,0.0009360162500000047,0.00041598099999998195,0.003087661088706581,37.31799875,pass,0,16128,1152,259.15276909722223,0.07142857142857142,-38.46585433363588,-91.41969010999016,True,0.0
pairlist,open,32,64,2048,,,,dense_build,50_bohr_pairlist,20,1.82272005,1.8241791455,1.8264799699999998,1.826217604,1.8284720564999999,1.82892799,0.0018319749999997637,0.0010560149999999657,0.0008099234112532525,57.077499062499996,pass,0,64512,64512,28.312251519097217,0.07142857142857142,-10.430551833535851,-97.9383460354051,False,0.0
pairlist,open,32,64,2048,,,,reuse,50_bohr_pairlist,20,0.0324480012,0.03332960082,0.03372799975,0.033804799975,0.034555198275000004,0.0356799997,0.00034400257499999504,0.00017600129999999908,0.01758492569019635,1.0539999921875,pass,0,64512,4608,7.319444390190973,0.07142857142857142,-10.430551833535851,-97.9383460354051,False,0.0
pairlist,open,32,64,2048,,,,sparse_build,50_bohr_pairlist,20,1.63420796,1.6342687790000001,1.63596803,1.6358000099999999,1.6365200389999999,1.63667202,0.0007519650000000766,0.00038397000000001125,0.0004534282029939564,51.1240009375,pass,0,64512,4608,355.0277842881944,0.07142857142857142,-10.430551833535851,-97.9383460354051,True,0.0
pairlist,open,128,64,8192,,,,dense_build,50_bohr_pairlist,20,18.7954235,18.797157535,18.7983999,18.79884338,18.802305465,18.8041592,0.0018324999999990155,0.0009442000000010609,0.00010022261002969899,146.86249921875,pass,0,258048,258048,72.8484619140625,0.07142857142857142,-1.0938760803785197,-99.15261681010425,False,0.0
pairlist,open,128,64,8192,,,,reuse,50_bohr_pairlist,20,0.127519995,0.12846239499999998,0.1575519965,0.25760319455,0.6824415741500001,0.773823977,0.06150400625000002,0.021008000000000013,0.7820954570119234,1.23087497265625,pass,0,258048,18432,8.547742865668404,0.07142857142857142,-1.0938760803785197,-99.15261681010425,False,0.0
pairlist,open,128,64,8192,,,,sparse_build,50_bohr_pairlist,20,18.5881271,18.588766735,18.5927687,18.593051245,18.59737951,18.6023045,0.003600099999999884,0.001775750000000187,0.00017782974026083525,145.25600546875,pass,0,258048,18432,1008.7222601996527,0.07142857142857142,-1.0938760803785197,-99.15261681010425,True,0.0
pairlist,open,1,96,96,,,,dense_build,50_bohr_pairlist,20,0.796256006,0.79686398225,0.800368011,0.79965600075,0.8011295853,0.801312029,0.001872003000000011,0.0007359685000000171,0.0019146289466322043,800.368011,pass,0,4560,4560,175.51930065789472,0.048903508771929824,-80.3110575592457,-83.7140824331293,False,0.0
pairlist,open,1,96,96,,,,reuse,50_bohr_pairlist,20,0.0236799996,0.023710399885,0.02566399985,0.10177280104,0.19700640695000035,0.652064025,0.14575999905,0.0019680001000000006,1.4225883759879083,25.66399985,pass,0,4560,223,115.08520112107624,0.048903508771929824,-80.3110575592457,-83.7140824331293,False,0.0
pairlist,open,1,96,96,,,,sparse_build,50_bohr_pairlist,20,0.157312006,0.157372806,0.15758399699999998,0.15775200125,0.1583311981,0.159456,0.0003279930000000264,0.00014400400000003089,0.0031486410550244206,157.58399699999998,pass,0,4560,223,706.6546950672645,0.048903508771929824,-80.3110575592457,-83.7140824331293,True,0.0
pairlist,open,8,96,768,,,,dense_build,50_bohr_pairlist,20,1.08908796,1.0891184265,1.09164804,1.0918288045,1.0953183610000001,1.09635198,0.0016160000000000618,0.0008960349999999062,0.0017769611543866737,136.456005,pass,0,36480,36480,29.9245625,0.048903508771929824,-62.324854126060636,-93.76774943353888,False,0.0
pairlist,open,8,96,768,,,,reuse,50_bohr_pairlist,20,0.0251839999,0.02530560085,0.0256319996,0.026078399925000002,0.027491200155,0.0287679993,0.0010960004500000023,0.00031999870000000083,0.03720068572543016,3.20399995,pass,0,36480,1784,14.367712780269057,0.048903508771929824,-62.324854126060636,-93.76774943353888,False,0.0
pairlist,open,8,96,768,,,,sparse_build,50_bohr_pairlist,20,0.410016,0.41007678670000003,0.4112799915,0.41130560185,0.41216480865,0.412256002,0.000967986999999948,0.0004799960000000103,0.0016740042731279113,51.4099989375,pass,0,36480,1784,230.53811182735427,0.048903508771929824,-62.324854126060636,-93.76774943353888,True,0.0
pairlist,open,32,96,3072,,,,dense_build,50_bohr_pairlist,20,3.03910398,3.039164685,3.04289591,3.0426111694999998,3.0448751915,3.04569602,0.00212800749999964,0.001151919999999862,0.0006101937562445728,95.09049718749999,pass,0,145920,145920,20.85317920778509,0.048903508771929824,-22.195166708807978,-94.70500793089363,False,0.0
pairlist,open,32,96,3072,,,,reuse,50_bohr_pairlist,20,0.101920001,0.1183967991,0.125360001,0.234598399,0.6339567957,0.69727999,0.07874400374999997,0.014768001000000003,0.8223797230770539,3.91750003125,pass,0,145920,7136,17.56726471412556,0.048903508771929824,-22.195166708807978,-94.70500793089363,False,0.0
pairlist,open,32,96,3072,,,,sparse_build,50_bohr_pairlist,20,2.36659193,2.3666225105,2.36752009,2.367619216,2.3694752245,2.36953592,0.0003919549999999994,0.00022399000000006275,0.0003441344925875318,73.9850028125,pass,0,145920,7136,331.77131306053815,0.048903508771929824,-22.195166708807978,-94.70500793089363,True,0.0
pairlist,open,128,96,12288,,,,dense_build,50_bohr_pairlist,20,28.5597763,28.560749385,28.563488,28.56463518,28.56972034,28.5701752,0.006111124999996775,0.0023202999999991647,0.00012256494099477052,223.15225,pass,0,583680,583680,48.93689692982456,0.048903508771929824,-2.6883019328731828,-99.74073609495069,False,0.0
pairlist,open,128,96,12288,,,,reuse,50_bohr_pairlist,20,0.0699520037,0.07001279705,0.0720639974,0.085473599275,0.20588959535,0.207744002,0.0007679965499999969,0.00032000240000000513,0.48543280423875423,0.5629999796874999,pass,0,583680,28544,2.5246635860426005,0.048903508771929824,-2.6883019328731828,-99.74073609495069,False,0.0
pairlist,open,128,96,12288,,,,sparse_build,50_bohr_pairlist,20,27.7919369,27.793091150000002,27.7956152,27.796104144999997,27.799554425,27.7995834,0.004481375000001009,0.002176300000000353,9.201233529311211e-05,217.15324375,pass,0,583680,28544,973.7813621076233,0.048903508771929824,-2.6883019328731828,-99.74073609495069,True,0.0
pairlist,open,1,128,128,,,,dense_build,50_bohr_pairlist,20,1.47251201,1.472542353,1.476704,1.4760928025,1.4789184015,1.47904003,0.0025999500000000175,0.0016160000000000618,0.0013942292482382963,1476.704,pass,0,8128,8128,181.6811023622047,0.037155511811023625,-86.53325256788091,-87.12688087966531,False,0.0
pairlist,open,1,128,128,,,,reuse,50_bohr_pairlist,20,0.0240000002,0.024030400485000002,0.02559999935,0.025419199925000004,0.026017600374999998,0.0266559999,0.0006800005249999984,0.00022399984999999997,0.025527464334245024,25.59999935,pass,0,8128,302,84.76820976821192,0.037155511811023625,-86.53325256788091,-87.12688087966531,False,0.0
pairlist,open,1,128,128,,,,sparse_build,50_bohr_pairlist,20,0.198208004,0.19826880495,0.198863998,0.1992208004,0.2006831987,0.204543993,0.0006719940000000091,0.00033599850000000375,0.007076984217696615,198.86399799999998,pass,0,8128,302,658.490059602649,0.037155511811023625,-86.53325256788091,-87.12688087966531,True,0.0
pairlist,open,8,128,1024,,,,dense_build,50_bohr_pairlist,20,1.87219203,1.8726479635,1.875664055,1.8756447975000001,1.8787311979999999,1.88259196,0.0024400024999999825,0.0015040600000000293,0.001254195415912892,234.45800687500002,pass,0,65024,65024,28.845719349778545,0.037155511811023625,-71.6981287461949,-94.80077191621695,False,0.0
pairlist,open,8,128,1024,,,,reuse,50_bohr_pairlist,20,0.0271359999,0.0271359999,0.02759999965,0.02765120007,0.028456000565,0.0286079999,0.0003600004249999997,0.00020799969999999932,0.014113345227470826,3.4499999562499997,pass,0,65024,2416,11.423840914735099,0.037155511811023625,-71.6981287461949,-94.80077191621695,False,0.0
pairlist,open,8,128,1024,,,,sparse_build,50_bohr_pairlist,20,0.528768003,0.5290112049,0.530848026,0.5307872056,0.5321503784499999,0.532576025,0.0012560342499999821,0.0007199944999999874,0.0019529570605555965,66.35600325,pass,0,65024,2416,219.7218650662252,0.037155511811023625,-71.6981287461949,-94.80077191621695,True,0.0
pairlist,open,32,128,4096,,,,dense_build,50_bohr_pairlist,20,4.53337622,4.535260678,4.53895998,4.5388464205,4.5422465755,4.5429759,0.002520325000000767,0.0015041849999994916,0.0005173441115487365,141.842499375,pass,0,260096,260096,17.451094903420273,0.037155511811023625,-29.78796940174827,-95.85201392689325,False,0.0
pairlist,open,32,128,4096,,,,reuse,50_bohr_pairlist,20,0.103072003,0.11091519825,0.132192001,0.2325792008,0.5831456125500001,0.683040023,0.07680000549999999,0.024992000500000007,0.7964899798753937,4.13100003125,pass,0,260096,9664,13.678808050496688,0.037155511811023625,-29.78796940174827,-95.85201392689325,False,0.0
pairlist,open,32,128,4096,,,,sparse_build,50_bohr_pairlist,20,3.18364811,3.184134396,3.18689597,3.1868175985000002,3.188911938,3.1892159,0.00370400750000055,0.0017599999999997618,0.0005832553387566259,99.5904990625,pass,0,260096,9664,329.76986444536425,0.037155511811023625,-29.78796940174827,-95.85201392689325,True,0.0
pairlist,open,128,128,16384,,,,dense_build,50_bohr_pairlist,20,38.5524483,38.553723864999995,38.559776299999996,38.559577555,38.56561696,38.5689583,0.0051679250000020716,0.002912499999997209,0.00010700597493015608,301.24825234375,pass,0,1040384,1040384,37.063023172213335,0.037155511811023625,-4.2557912868389725,-99.80714408520632,False,0.0
pairlist,open,128,128,16384,,,,reuse,50_bohr_pairlist,20,0.0685760006,0.069488000505,0.07119999825000001,0.070985599235,0.072158397705,0.0733439997,0.0012000017249999967,0.00030399860000000084,0.014175734679804639,0.5562499863281251,pass,0,1040384,38656,1.8418873719474338,0.037155511811023625,-4.2557912868389725,-99.80714408520632,False,0.0
pairlist,open,128,128,16384,,,,sparse_build,50_bohr_pairlist,20,36.9053764,36.91242863,36.9187527,36.918742555,36.924091145,36.9252472,0.0063753749999975184,0.0033130499999991514,0.00012928158927652663,288.42775546875,pass,0,1040384,38656,955.0587929428807,0.037155511811023625,-4.2557912868389725,-99.80714408520632,True,0.0
pairlist,open,1,256,256,,,,dense_build,50_bohr_pairlist,20,9.45584011,9.4705235,9.492256165,9.491723158,9.50895324,9.52403164,0.022479767500000136,0.011775969999999525,0.0017043316173483887,9492.256165,pass,0,32640,32640,290.81667172181375,0.0196078431372549,-96.63422479917871,-62.224560080822314,False,0.0
pairlist,open,1,256,256,,,,reuse,50_bohr_pairlist,20,0.0316159986,0.03416960031,0.120687999,0.22898559932499998,0.6017727788,0.676800013,0.17813599870000002,0.041984002949999995,0.9231635769217524,120.687999,pass,0,32640,640,188.57499843750003,0.0196078431372549,-96.63422479917871,-62.224560080822314,False,0.0
pairlist,open,1,256,256,,,,sparse_build,50_bohr_pairlist,20,0.318015993,0.31804639965,0.319488004,0.31975839735,0.3216031908,0.321664006,0.001919999750000012,0.0005760045000000047,0.003544675238837785,319.488004,pass,0,32640,640,499.20000625,0.0196078431372549,-96.63422479917871,-62.224560080822314,True,0.0
pairlist,open,8,256,2048,,,,dense_build,50_bohr_pairlist,20,10.7539845,10.76188831,10.785567749999998,10.78892809,10.816860989999999,10.819232,0.03439997499999947,0.018944300000002023,0.0018786566406850862,1348.1959687499998,pass,0,261120,261120,41.3050235523897,0.0196078431372549,-90.53831959842819,-81.70301425498063,False,0.0
pairlist,open,8,256,2048,,,,reuse,50_bohr_pairlist,20,0.0321919993,0.03325600025,0.1867199985,0.27468799929000004,0.7435536029,0.806815982,0.2299120047,0.10659199740000001,0.9657521012311437,23.3399998125,pass,0,261120,5120,36.46874970703125,0.0196078431372549,-90.53831959842819,-81.70301425498063,False,0.0
pairlist,open,8,256,2048,,,,sparse_build,50_bohr_pairlist,20,1.01731205,1.0178896215,1.02049595,1.0203103895,1.0222159785,1.02236795,0.002271984999999921,0.0011199749999999398,0.0015304470806286853,127.56199374999998,pass,0,261120,5120,199.315615234375,0.0196078431372549,-90.53831959842819,-81.70301425498063,True,0.0
pairlist,open,32,256,8192,,,,dense_build,50_bohr_pairlist,20,16.1421127,16.14810131,16.16639995,16.16866417,16.19113406,16.1935368,0.02200747500000233,0.010447499999999721,0.0009353615773772136,505.19999843749997,pass,0,1044480,1044480,15.477941128599877,0.0196078431372549,-61.16528200825564,-97.95991691745914,False,0.0
pairlist,open,32,256,8192,,,,reuse,50_bohr_pairlist,20,0.0402560011,0.041441599485,0.128080003,0.233241600705,0.6870591909500001,0.808416009,0.26217600039999994,0.08643200255,1.109610936484098,4.00250009375,pass,0,1044480,20480,6.253906396484375,0.0196078431372549,-61.16528200825564,-97.95991691745914,False,0.0
pairlist,open,32,256,8192,,,,sparse_build,50_bohr_pairlist,20,6.27587223,6.277179126,6.27817583,6.278617644,6.2804065730000005,6.28204823,0.0020400299999998595,0.0007998950000001059,0.00022054207032364448,196.1929946875,pass,0,1044480,20480,306.55155419921874,0.0196078431372549,-61.16528200825564,-97.95991691745914,True,0.0
pairlist,open,128,256,32768,,,,dense_build,50_bohr_pairlist,20,91.9437408,91.95246731,91.9791679,91.986742015,92.04200703000001,92.058815,0.03641322499998978,0.01667024999999711,0.0003330638301681506,718.58724921875,pass,0,4177920,4177920,22.01554072361366,0.0196078431372549,-19.79597773682402,-99.59183957662448,False,0.0
pairlist,open,128,256,32768,,,,reuse,50_bohr_pairlist,20,0.0776320025,0.07775360345,0.3011039945,0.374992000745,0.8282064112,0.864960015,0.28503999425000004,0.13423999400000003,0.703338564164081,2.35237495703125,pass,0,4177920,81920,3.6755858703613287,0.0196078431372549,-19.79597773682402,-99.59183957662448,False,0.0
pairlist,open,128,256,32768,,,,sparse_build,50_bohr_pairlist,20,73.761795,73.76282423,73.7709923,73.77194481500001,73.78148346,73.7859192,0.007722850000007497,0.004337299999995992,8.776650535588176e-05,576.33587734375,pass,0,4177920,81920,900.5248083496093,0.0196078431372549,-19.79597773682402,-99.59183957662448,True,0.0
