Start (ns),Duration (ns),Name,Result,CorrID,Pid,Tid,T-Pri,Thread Name
816532896,952,cuModuleGetLoadingMode,0,1,267968,267968,20,python3
822453924,119171511,cudaMemcpyToSymbol,0,121,267968,267968,20,python3
941628190,13125,cudaMemcpyToSymbol,0,122,267968,267968,20,python3
941641625,6874,cudaMemcpyToSymbol,0,123,267968,267968,20,python3
941655071,5721,cudaStreamIsCapturing_v10000,0,126,267968,267968,20,python3
941661413,1313,cudaStreamGetDevice_v12080,0,127,267968,267968,20,python3
941663888,8055,cudaEventCreateWithFlags,0,128,267968,267968,20,python3
941672434,294703,cudaMalloc,0,129,267968,267968,20,python3
941967768,1031079,cudaMallocHost,0,130,267968,267968,20,python3
943446482,1674,cudaStreamIsCapturing_v10000,0,133,267968,267968,20,python3
943448586,672,cudaStreamGetDevice_v12080,0,134,267968,267968,20,python3
943618150,621,cuGetProcAddress_v2,0,157,267968,267968,20,python3
943619032,771,cuGetProcAddress_v2,0,158,267968,267968,20,python3
943620084,541,cuGetProcAddress_v2,0,159,267968,267968,20,python3
943620795,211,cuGetProcAddress_v2,0,160,267968,267968,20,python3
943621176,431,cuGetProcAddress_v2,0,161,267968,267968,20,python3
943621877,451,cuGetProcAddress_v2,0,162,267968,267968,20,python3
943622498,501,cuGetProcAddress_v2,0,163,267968,267968,20,python3
943623180,531,cuGetProcAddress_v2,0,164,267968,267968,20,python3
943623881,311,cuGetProcAddress_v2,0,165,267968,267968,20,python3
943624362,581,cuGetProcAddress_v2,0,166,267968,267968,20,python3
943625124,440,cuGetProcAddress_v2,0,167,267968,267968,20,python3
943625735,400,cuGetProcAddress_v2,0,168,267968,267968,20,python3
943626326,631,cuGetProcAddress_v2,0,169,267968,267968,20,python3
943627127,351,cuGetProcAddress_v2,0,170,267968,267968,20,python3
943627648,531,cuGetProcAddress_v2,0,171,267968,267968,20,python3
943628360,310,cuGetProcAddress_v2,0,172,267968,267968,20,python3
943628861,360,cuGetProcAddress_v2,0,173,267968,267968,20,python3
943629392,210,cuGetProcAddress_v2,0,174,267968,267968,20,python3
943629873,470,cuGetProcAddress_v2,0,175,267968,267968,20,python3
943630784,401,cuGetProcAddress_v2,0,176,267968,267968,20,python3
943631355,491,cuGetProcAddress_v2,0,177,267968,267968,20,python3
943632037,320,cuGetProcAddress_v2,0,178,267968,267968,20,python3
943632738,341,cuGetProcAddress_v2,0,179,267968,267968,20,python3
943633239,351,cuGetProcAddress_v2,0,180,267968,267968,20,python3
943633760,301,cuGetProcAddress_v2,0,181,267968,267968,20,python3
943634241,571,cuGetProcAddress_v2,0,182,267968,267968,20,python3
943634982,311,cuGetProcAddress_v2,0,183,267968,267968,20,python3
943635463,311,cuGetProcAddress_v2,0,184,267968,267968,20,python3
943635944,361,cuGetProcAddress_v2,0,185,267968,267968,20,python3
943636485,281,cuGetProcAddress_v2,0,186,267968,267968,20,python3
943636936,341,cuGetProcAddress_v2,0,187,267968,267968,20,python3
943637457,291,cuGetProcAddress_v2,0,188,267968,267968,20,python3
943638018,722,cuGetProcAddress_v2,0,189,267968,267968,20,python3
943638910,240,cuGetProcAddress_v2,0,190,267968,267968,20,python3
943639331,130,cuGetProcAddress_v2,0,191,267968,267968,20,python3
943639651,421,cuGetProcAddress_v2,0,192,267968,267968,20,python3
943640242,161,cuGetProcAddress_v2,0,193,267968,267968,20,python3
943640673,401,cuGetProcAddress_v2,0,194,267968,267968,20,python3
943641234,191,cuGetProcAddress_v2,0,195,267968,267968,20,python3
943641595,321,cuGetProcAddress_v2,0,196,267968,267968,20,python3
943642176,401,cuGetProcAddress_v2,0,197,267968,267968,20,python3
943642757,331,cuGetProcAddress_v2,0,198,267968,267968,20,python3
943643378,311,cuGetProcAddress_v2,0,199,267968,267968,20,python3
943643849,251,cuGetProcAddress_v2,0,200,267968,267968,20,python3
943644270,471,cuGetProcAddress_v2,0,201,267968,267968,20,python3
943644911,261,cuGetProcAddress_v2,0,202,267968,267968,20,python3
943645342,130,cuGetProcAddress_v2,0,203,267968,267968,20,python3
943645643,130,cuGetProcAddress_v2,0,204,267968,267968,20,python3
943645943,201,cuGetProcAddress_v2,0,205,267968,267968,20,python3
943646314,160,cuGetProcAddress_v2,0,206,267968,267968,20,python3
943646655,250,cuGetProcAddress_v2,0,207,267968,267968,20,python3
943647075,241,cuGetProcAddress_v2,0,208,267968,267968,20,python3
943647486,321,cuGetProcAddress_v2,0,209,267968,267968,20,python3
943647967,531,cuGetProcAddress_v2,0,210,267968,267968,20,python3
943648668,301,cuGetProcAddress_v2,0,211,267968,267968,20,python3
943649159,131,cuGetProcAddress_v2,0,212,267968,267968,20,python3
943649450,341,cuGetProcAddress_v2,0,213,267968,267968,20,python3
943649961,170,cuGetProcAddress_v2,0,214,267968,267968,20,python3
943650312,280,cuGetProcAddress_v2,0,215,267968,267968,20,python3
943650752,351,cuGetProcAddress_v2,0,216,267968,267968,20,python3
943651273,281,cuGetProcAddress_v2,0,217,267968,267968,20,python3
943651724,161,cuGetProcAddress_v2,0,218,267968,267968,20,python3
943652055,331,cuGetProcAddress_v2,0,219,267968,267968,20,python3
943652566,210,cuGetProcAddress_v2,0,220,267968,267968,20,python3
943652947,210,cuGetProcAddress_v2,0,221,267968,267968,20,python3
943653327,251,cuGetProcAddress_v2,0,222,267968,267968,20,python3
943653758,481,cuGetProcAddress_v2,0,223,267968,267968,20,python3
943654399,161,cuGetProcAddress_v2,0,224,267968,267968,20,python3
943654730,170,cuGetProcAddress_v2,0,225,267968,267968,20,python3
943655071,340,cuGetProcAddress_v2,0,226,267968,267968,20,python3
943655582,190,cuGetProcAddress_v2,0,227,267968,267968,20,python3
943655932,161,cuGetProcAddress_v2,0,228,267968,267968,20,python3
943656363,291,cuGetProcAddress_v2,0,229,267968,267968,20,python3
943656824,311,cuGetProcAddress_v2,0,230,267968,267968,20,python3
943657425,291,cuGetProcAddress_v2,0,231,267968,267968,20,python3
943657886,221,cuGetProcAddress_v2,0,232,267968,267968,20,python3
943658277,280,cuGetProcAddress_v2,0,233,267968,267968,20,python3
943658828,160,cuGetProcAddress_v2,0,234,267968,267968,20,python3
943659159,130,cuGetProcAddress_v2,0,235,267968,267968,20,python3
943659459,331,cuGetProcAddress_v2,0,236,267968,267968,20,python3
943659960,361,cuGetProcAddress_v2,0,237,267968,267968,20,python3
943660491,230,cuGetProcAddress_v2,0,238,267968,267968,20,python3
943660992,130,cuGetProcAddress_v2,0,239,267968,267968,20,python3
943661293,330,cuGetProcAddress_v2,0,240,267968,267968,20,python3
943661794,240,cuGetProcAddress_v2,0,241,267968,267968,20,python3
943662194,291,cuGetProcAddress_v2,0,242,267968,267968,20,python3
943662645,191,cuGetProcAddress_v2,0,243,267968,267968,20,python3
943663006,210,cuGetProcAddress_v2,0,244,267968,267968,20,python3
943663387,220,cuGetProcAddress_v2,0,245,267968,267968,20,python3
943663988,130,cuGetProcAddress_v2,0,246,267968,267968,20,python3
943664288,251,cuGetProcAddress_v2,0,247,267968,267968,20,python3
943664699,150,cuGetProcAddress_v2,0,248,267968,267968,20,python3
943665020,270,cuGetProcAddress_v2,0,249,267968,267968,20,python3
943665571,441,cuGetProcAddress_v2,0,250,267968,267968,20,python3
943666172,200,cuGetProcAddress_v2,0,251,267968,267968,20,python3
943666533,210,cuGetProcAddress_v2,0,252,267968,267968,20,python3
943667014,290,cuGetProcAddress_v2,0,253,267968,267968,20,python3
943667464,151,cuGetProcAddress_v2,0,254,267968,267968,20,python3
943667895,171,cuGetProcAddress_v2,0,255,267968,267968,20,python3
943668246,300,cuGetProcAddress_v2,0,256,267968,267968,20,python3
943668717,230,cuGetProcAddress_v2,0,257,267968,267968,20,python3
943669238,230,cuGetProcAddress_v2,0,258,267968,267968,20,python3
943669849,240,cuGetProcAddress_v2,0,259,267968,267968,20,python3
943670260,130,cuGetProcAddress_v2,0,260,267968,267968,20,python3
943670670,171,cuGetProcAddress_v2,0,261,267968,267968,20,python3
943671011,241,cuGetProcAddress_v2,0,262,267968,267968,20,python3
943671432,120,cuGetProcAddress_v2,0,263,267968,267968,20,python3
943671712,331,cuGetProcAddress_v2,0,264,267968,267968,20,python3
943672213,131,cuGetProcAddress_v2,0,265,267968,267968,20,python3
943672634,221,cuGetProcAddress_v2,0,266,267968,267968,20,python3
943673025,120,cuGetProcAddress_v2,0,267,267968,267968,20,python3
943673316,210,cuGetProcAddress_v2,0,268,267968,267968,20,python3
943673887,190,cuGetProcAddress_v2,0,269,267968,267968,20,python3
943674247,131,cuGetProcAddress_v2,0,270,267968,267968,20,python3
943674648,120,cuGetProcAddress_v2,0,271,267968,267968,20,python3
943674949,210,cuGetProcAddress_v2,0,272,267968,267968,20,python3
943675329,151,cuGetProcAddress_v2,0,273,267968,267968,20,python3
943675750,161,cuGetProcAddress_v2,0,274,267968,267968,20,python3
943676081,140,cuGetProcAddress_v2,0,275,267968,267968,20,python3
943676391,201,cuGetProcAddress_v2,0,276,267968,267968,20,python3
943676862,191,cuGetProcAddress_v2,0,277,267968,267968,20,python3
943677213,220,cuGetProcAddress_v2,0,278,267968,267968,20,python3
943677714,110,cuGetProcAddress_v2,0,279,267968,267968,20,python3
943677994,161,cuGetProcAddress_v2,0,280,267968,267968,20,python3
943678325,140,cuGetProcAddress_v2,0,281,267968,267968,20,python3
943678746,200,cuGetProcAddress_v2,0,282,267968,267968,20,python3
943679117,140,cuGetProcAddress_v2,0,283,267968,267968,20,python3
943679427,201,cuGetProcAddress_v2,0,284,267968,267968,20,python3
943679908,191,cuGetProcAddress_v2,0,285,267968,267968,20,python3
943680259,240,cuGetProcAddress_v2,0,286,267968,267968,20,python3
943680780,140,cuGetProcAddress_v2,0,287,267968,267968,20,python3
943681080,171,cuGetProcAddress_v2,0,288,267968,267968,20,python3
943681411,150,cuGetProcAddress_v2,0,289,267968,267968,20,python3
943681832,250,cuGetProcAddress_v2,0,290,267968,267968,20,python3
943682253,170,cuGetProcAddress_v2,0,291,267968,267968,20,python3
943682593,151,cuGetProcAddress_v2,0,292,267968,267968,20,python3
943683024,190,cuGetProcAddress_v2,0,293,267968,267968,20,python3
943683385,270,cuGetProcAddress_v2,0,294,267968,267968,20,python3
943683946,150,cuGetProcAddress_v2,0,295,267968,267968,20,python3
943684287,210,cuGetProcAddress_v2,0,296,267968,267968,20,python3
943684657,120,cuGetProcAddress_v2,0,297,267968,267968,20,python3
943685048,441,cuGetProcAddress_v2,0,298,267968,267968,20,python3
943685659,170,cuGetProcAddress_v2,0,299,267968,267968,20,python3
943686000,230,cuGetProcAddress_v2,0,300,267968,267968,20,python3
943686541,180,cuGetProcAddress_v2,0,301,267968,267968,20,python3
943686901,121,cuGetProcAddress_v2,0,302,267968,267968,20,python3
943687332,121,cuGetProcAddress_v2,0,303,267968,267968,20,python3
943687633,160,cuGetProcAddress_v2,0,304,267968,267968,20,python3
943687984,120,cuGetProcAddress_v2,0,305,267968,267968,20,python3
943688394,161,cuGetProcAddress_v2,0,306,267968,267968,20,python3
943688725,190,cuGetProcAddress_v2,0,307,267968,267968,20,python3
943689446,121,cuGetProcAddress_v2,0,308,267968,267968,20,python3
943689847,221,cuGetProcAddress_v2,0,309,267968,267968,20,python3
943690248,120,cuGetProcAddress_v2,0,310,267968,267968,20,python3
943690659,150,cuGetProcAddress_v2,0,311,267968,267968,20,python3
943690979,161,cuGetProcAddress_v2,0,312,267968,267968,20,python3
943691320,140,cuGetProcAddress_v2,0,313,267968,267968,20,python3
943691741,130,cuGetProcAddress_v2,0,314,267968,267968,20,python3
943692041,231,cuGetProcAddress_v2,0,315,267968,267968,20,python3
943692452,150,cuGetProcAddress_v2,0,316,267968,267968,20,python3
943692773,581,cuGetProcAddress_v2,0,317,267968,267968,20,python3
943693524,120,cuGetProcAddress_v2,0,318,267968,267968,20,python3
943693945,291,cuGetProcAddress_v2,0,319,267968,267968,20,python3
943694406,130,cuGetProcAddress_v2,0,320,267968,267968,20,python3
943694716,151,cuGetProcAddress_v2,0,321,267968,267968,20,python3
943695037,210,cuGetProcAddress_v2,0,322,267968,267968,20,python3
943695408,190,cuGetProcAddress_v2,0,323,267968,267968,20,python3
943695768,201,cuGetProcAddress_v2,0,324,267968,267968,20,python3
943696239,231,cuGetProcAddress_v2,0,325,267968,267968,20,python3
943696640,130,cuGetProcAddress_v2,0,326,267968,267968,20,python3
943697331,221,cuGetProcAddress_v2,0,327,267968,267968,20,python3
943697712,130,cuGetProcAddress_v2,0,328,267968,267968,20,python3
943698003,190,cuGetProcAddress_v2,0,329,267968,267968,20,python3
943698464,220,cuGetProcAddress_v2,0,330,267968,267968,20,python3
943698844,171,cuGetProcAddress_v2,0,331,267968,267968,20,python3
943699195,230,cuGetProcAddress_v2,0,332,267968,267968,20,python3
943699596,250,cuGetProcAddress_v2,0,333,267968,267968,20,python3
943700007,220,cuGetProcAddress_v2,0,334,267968,267968,20,python3
943700528,200,cuGetProcAddress_v2,0,335,267968,267968,20,python3
943701119,270,cuGetProcAddress_v2,0,336,267968,267968,20,python3
943701559,151,cuGetProcAddress_v2,0,337,267968,267968,20,python3
943701990,141,cuGetProcAddress_v2,0,338,267968,267968,20,python3
943702291,130,cuGetProcAddress_v2,0,339,267968,267968,20,python3
943702591,151,cuGetProcAddress_v2,0,340,267968,267968,20,python3
943702912,220,cuGetProcAddress_v2,0,341,267968,267968,20,python3
943703293,150,cuGetProcAddress_v2,0,342,267968,267968,20,python3
943703734,120,cuGetProcAddress_v2,0,343,267968,267968,20,python3
943704024,140,cuGetProcAddress_v2,0,344,267968,267968,20,python3
943704335,140,cuGetProcAddress_v2,0,345,267968,267968,20,python3
943704746,340,cuGetProcAddress_v2,0,346,267968,267968,20,python3
943705257,140,cuGetProcAddress_v2,0,347,267968,267968,20,python3
943705667,121,cuGetProcAddress_v2,0,348,267968,267968,20,python3
943706058,130,cuGetProcAddress_v2,0,349,267968,267968,20,python3
943706359,130,cuGetProcAddress_v2,0,350,267968,267968,20,python3
943706669,120,cuGetProcAddress_v2,0,351,267968,267968,20,python3
943706960,110,cuGetProcAddress_v2,0,352,267968,267968,20,python3
943707240,121,cuGetProcAddress_v2,0,353,267968,267968,20,python3
943707631,170,cuGetProcAddress_v2,0,354,267968,267968,20,python3
943707972,170,cuGetProcAddress_v2,0,355,267968,267968,20,python3
943708312,131,cuGetProcAddress_v2,0,356,267968,267968,20,python3
943708924,190,cuGetProcAddress_v2,0,357,267968,267968,20,python3
943709274,130,cuGetProcAddress_v2,0,358,267968,267968,20,python3
943709695,150,cuGetProcAddress_v2,0,359,267968,267968,20,python3
943710016,130,cuGetProcAddress_v2,0,360,267968,267968,20,python3
943710316,211,cuGetProcAddress_v2,0,361,267968,267968,20,python3
943710697,170,cuGetProcAddress_v2,0,362,267968,267968,20,python3
943711028,200,cuGetProcAddress_v2,0,363,267968,267968,20,python3
943711398,151,cuGetProcAddress_v2,0,364,267968,267968,20,python3
943711819,221,cuGetProcAddress_v2,0,365,267968,267968,20,python3
943712210,170,cuGetProcAddress_v2,0,366,267968,267968,20,python3
943712841,180,cuGetProcAddress_v2,0,367,267968,267968,20,python3
943713182,140,cuGetProcAddress_v2,0,368,267968,267968,20,python3
943713492,141,cuGetProcAddress_v2,0,369,267968,267968,20,python3
943713903,200,cuGetProcAddress_v2,0,370,267968,267968,20,python3
943714264,190,cuGetProcAddress_v2,0,371,267968,267968,20,python3
943714614,201,cuGetProcAddress_v2,0,372,267968,267968,20,python3
943715075,141,cuGetProcAddress_v2,0,373,267968,267968,20,python3
943715376,140,cuGetProcAddress_v2,0,374,267968,267968,20,python3
943715807,110,cuGetProcAddress_v2,0,375,267968,267968,20,python3
943716087,191,cuGetProcAddress_v2,0,376,267968,267968,20,python3
943716438,150,cuGetProcAddress_v2,0,377,267968,267968,20,python3
943716748,151,cuGetProcAddress_v2,0,378,267968,267968,20,python3
943717059,120,cuGetProcAddress_v2,0,379,267968,267968,20,python3
943717350,120,cuGetProcAddress_v2,0,380,267968,267968,20,python3
943717640,110,cuGetProcAddress_v2,0,381,267968,267968,20,python3
943717921,230,cuGetProcAddress_v2,0,382,267968,267968,20,python3
943718332,150,cuGetProcAddress_v2,0,383,267968,267968,20,python3
943718652,130,cuGetProcAddress_v2,0,384,267968,267968,20,python3
943718953,130,cuGetProcAddress_v2,0,385,267968,267968,20,python3
943719253,121,cuGetProcAddress_v2,0,386,267968,267968,20,python3
943719544,120,cuGetProcAddress_v2,0,387,267968,267968,20,python3
943719824,121,cuGetProcAddress_v2,0,388,267968,267968,20,python3
943720195,120,cuGetProcAddress_v2,0,389,267968,267968,20,python3
943720636,120,cuGetProcAddress_v2,0,390,267968,267968,20,python3
943720926,171,cuGetProcAddress_v2,0,391,267968,267968,20,python3
943721267,160,cuGetProcAddress_v2,0,392,267968,267968,20,python3
943721588,140,cuGetProcAddress_v2,0,393,267968,267968,20,python3
943721989,130,cuGetProcAddress_v2,0,394,267968,267968,20,python3
943722289,140,cuGetProcAddress_v2,0,395,267968,267968,20,python3
943722600,130,cuGetProcAddress_v2,0,396,267968,267968,20,python3
943722890,151,cuGetProcAddress_v2,0,397,267968,267968,20,python3
943723201,130,cuGetProcAddress_v2,0,398,267968,267968,20,python3
943723602,160,cuGetProcAddress_v2,0,399,267968,267968,20,python3
943723932,151,cuGetProcAddress_v2,0,400,267968,267968,20,python3
943724253,130,cuGetProcAddress_v2,0,401,267968,267968,20,python3
943724644,140,cuGetProcAddress_v2,0,402,267968,267968,20,python3
943724954,140,cuGetProcAddress_v2,0,403,267968,267968,20,python3
943725265,220,cuGetProcAddress_v2,0,404,267968,267968,20,python3
943725656,180,cuGetProcAddress_v2,0,405,267968,267968,20,python3
943726006,150,cuGetProcAddress_v2,0,406,267968,267968,20,python3
943726327,120,cuGetProcAddress_v2,0,407,267968,267968,20,python3
943726617,161,cuGetProcAddress_v2,0,408,267968,267968,20,python3
943726958,110,cuGetProcAddress_v2,0,409,267968,267968,20,python3
943727329,140,cuGetProcAddress_v2,0,410,267968,267968,20,python3
943727639,141,cuGetProcAddress_v2,0,411,267968,267968,20,python3
943727950,180,cuGetProcAddress_v2,0,412,267968,267968,20,python3
943728581,160,cuGetProcAddress_v2,0,413,267968,267968,20,python3
943728902,350,cuGetProcAddress_v2,0,414,267968,267968,20,python3
943729433,170,cuGetProcAddress_v2,0,415,267968,267968,20,python3
943729763,211,cuGetProcAddress_v2,0,416,267968,267968,20,python3
943730134,150,cuGetProcAddress_v2,0,417,267968,267968,20,python3
943730555,140,cuGetProcAddress_v2,0,418,267968,267968,20,python3
943730875,161,cuGetProcAddress_v2,0,419,267968,267968,20,python3
943731196,150,cuGetProcAddress_v2,0,420,267968,267968,20,python3
943731517,150,cuGetProcAddress_v2,0,421,267968,267968,20,python3
943731837,161,cuGetProcAddress_v2,0,422,267968,267968,20,python3
943732368,221,cuGetProcAddress_v2,0,423,267968,267968,20,python3
943732749,140,cuGetProcAddress_v2,0,424,267968,267968,20,python3
943733060,190,cuGetProcAddress_v2,0,425,267968,267968,20,python3
943733430,161,cuGetProcAddress_v2,0,426,267968,267968,20,python3
943733761,140,cuGetProcAddress_v2,0,427,267968,267968,20,python3
943734082,130,cuGetProcAddress_v2,0,428,267968,267968,20,python3
943734472,251,cuGetProcAddress_v2,0,429,267968,267968,20,python3
943734893,160,cuGetProcAddress_v2,0,430,267968,267968,20,python3
943735234,290,cuGetProcAddress_v2,0,431,267968,267968,20,python3
943735685,210,cuGetProcAddress_v2,0,432,267968,267968,20,python3
943736065,251,cuGetProcAddress_v2,0,433,267968,267968,20,python3
943736586,141,cuGetProcAddress_v2,0,434,267968,267968,20,python3
943736897,140,cuGetProcAddress_v2,0,435,267968,267968,20,python3
943737208,190,cuGetProcAddress_v2,0,436,267968,267968,20,python3
943737568,131,cuGetProcAddress_v2,0,437,267968,267968,20,python3
943737869,250,cuGetProcAddress_v2,0,438,267968,267968,20,python3
943738390,190,cuGetProcAddress_v2,0,439,267968,267968,20,python3
943738751,220,cuGetProcAddress_v2,0,440,267968,267968,20,python3
943739141,291,cuGetProcAddress_v2,0,441,267968,267968,20,python3
943739602,291,cuGetProcAddress_v2,0,442,267968,267968,20,python3
943740173,181,cuGetProcAddress_v2,0,443,267968,267968,20,python3
943740514,130,cuGetProcAddress_v2,0,444,267968,267968,20,python3
943740814,221,cuGetProcAddress_v2,0,445,267968,267968,20,python3
943741205,130,cuGetProcAddress_v2,0,446,267968,267968,20,python3
943741606,220,cuGetProcAddress_v2,0,447,267968,267968,20,python3
943741997,200,cuGetProcAddress_v2,0,448,267968,267968,20,python3
943742367,121,cuGetProcAddress_v2,0,449,267968,267968,20,python3
943742768,281,cuGetProcAddress_v2,0,450,267968,267968,20,python3
943743219,190,cuGetProcAddress_v2,0,451,267968,267968,20,python3
943743580,190,cuGetProcAddress_v2,0,452,267968,267968,20,python3
943744081,130,cuGetProcAddress_v2,0,453,267968,267968,20,python3
943744381,131,cuGetProcAddress_v2,0,454,267968,267968,20,python3
943744782,170,cuGetProcAddress_v2,0,455,267968,267968,20,python3
943745113,150,cuGetProcAddress_v2,0,456,267968,267968,20,python3
943745443,121,cuGetProcAddress_v2,0,457,267968,267968,20,python3
943745834,120,cuGetProcAddress_v2,0,458,267968,267968,20,python3
943746125,130,cuGetProcAddress_v2,0,459,267968,267968,20,python3
943746425,140,cuGetProcAddress_v2,0,460,267968,267968,20,python3
943746736,140,cuGetProcAddress_v2,0,461,267968,267968,20,python3
943747046,181,cuGetProcAddress_v2,0,462,267968,267968,20,python3
943747407,150,cuGetProcAddress_v2,0,463,267968,267968,20,python3
943747988,170,cuGetProcAddress_v2,0,464,267968,267968,20,python3
943748319,140,cuGetProcAddress_v2,0,465,267968,267968,20,python3
943748629,181,cuGetProcAddress_v2,0,466,267968,267968,20,python3
943748990,140,cuGetProcAddress_v2,0,467,267968,267968,20,python3
943749311,170,cuGetProcAddress_v2,0,468,267968,267968,20,python3
943749742,210,cuGetProcAddress_v2,0,469,267968,267968,20,python3
943750122,171,cuGetProcAddress_v2,0,470,267968,267968,20,python3
943750473,190,cuGetProcAddress_v2,0,471,267968,267968,20,python3
943750834,190,cuGetProcAddress_v2,0,472,267968,267968,20,python3
943751204,171,cuGetProcAddress_v2,0,473,267968,267968,20,python3
943751625,170,cuGetProcAddress_v2,0,474,267968,267968,20,python3
943751966,150,cuGetProcAddress_v2,0,475,267968,267968,20,python3
943752286,121,cuGetProcAddress_v2,0,476,267968,267968,20,python3
943752577,170,cuGetProcAddress_v2,0,477,267968,267968,20,python3
943752918,130,cuGetProcAddress_v2,0,478,267968,267968,20,python3
943753328,171,cuGetProcAddress_v2,0,479,267968,267968,20,python3
943753679,140,cuGetProcAddress_v2,0,480,267968,267968,20,python3
943753990,150,cuGetProcAddress_v2,0,481,267968,267968,20,python3
943754310,191,cuGetProcAddress_v2,0,482,267968,267968,20,python3
943754671,170,cuGetProcAddress_v2,0,483,267968,267968,20,python3
943755012,160,cuGetProcAddress_v2,0,484,267968,267968,20,python3
943755342,130,cuGetProcAddress_v2,0,485,267968,267968,20,python3
943755643,190,cuGetProcAddress_v2,0,486,267968,267968,20,python3
943756003,271,cuGetProcAddress_v2,0,487,267968,267968,20,python3
943756444,231,cuGetProcAddress_v2,0,488,267968,267968,20,python3
943756845,180,cuGetProcAddress_v2,0,489,267968,267968,20,python3
943757286,220,cuGetProcAddress_v2,0,490,267968,267968,20,python3
943757677,170,cuGetProcAddress_v2,0,491,267968,267968,20,python3
943758017,211,cuGetProcAddress_v2,0,492,267968,267968,20,python3
943758478,281,cuGetProcAddress_v2,0,493,267968,267968,20,python3
943758929,140,cuGetProcAddress_v2,0,494,267968,267968,20,python3
943759350,160,cuGetProcAddress_v2,0,495,267968,267968,20,python3
943759680,131,cuGetProcAddress_v2,0,496,267968,267968,20,python3
943759971,170,cuGetProcAddress_v2,0,497,267968,267968,20,python3
943760312,140,cuGetProcAddress_v2,0,498,267968,267968,20,python3
943760612,191,cuGetProcAddress_v2,0,499,267968,267968,20,python3
943760973,160,cuGetProcAddress_v2,0,500,267968,267968,20,python3
943761304,150,cuGetProcAddress_v2,0,501,267968,267968,20,python3
943761614,181,cuGetProcAddress_v2,0,502,267968,267968,20,python3
943761975,130,cuGetProcAddress_v2,0,503,267968,267968,20,python3
943762275,131,cuGetProcAddress_v2,0,504,267968,267968,20,python3
943762576,120,cuGetProcAddress_v2,0,505,267968,267968,20,python3
943762957,160,cuGetProcAddress_v2,0,506,267968,267968,20,python3
943763277,121,cuGetProcAddress_v2,0,507,267968,267968,20,python3
943763618,180,cuGetProcAddress_v2,0,508,267968,267968,20,python3
943764059,180,cuGetProcAddress_v2,0,509,267968,267968,20,python3
943764410,160,cuGetProcAddress_v2,0,510,267968,267968,20,python3
943764850,141,cuGetProcAddress_v2,0,511,267968,267968,20,python3
943765161,140,cuGetProcAddress_v2,0,512,267968,267968,20,python3
943765472,150,cuGetProcAddress_v2,0,513,267968,267968,20,python3
943765872,191,cuGetProcAddress_v2,0,514,267968,267968,20,python3
943766223,180,cuGetProcAddress_v2,0,515,267968,267968,20,python3
943766574,130,cuGetProcAddress_v2,0,516,267968,267968,20,python3
943766964,141,cuGetProcAddress_v2,0,517,267968,267968,20,python3
943767275,140,cuGetProcAddress_v2,0,518,267968,267968,20,python3
943767686,150,cuGetProcAddress_v2,0,519,267968,267968,20,python3
943768006,121,cuGetProcAddress_v2,0,520,267968,267968,20,python3
943768297,120,cuGetProcAddress_v2,0,521,267968,267968,20,python3
943768688,120,cuGetProcAddress_v2,0,522,267968,267968,20,python3
943768978,120,cuGetProcAddress_v2,0,523,267968,267968,20,python3
943769259,130,cuGetProcAddress_v2,0,524,267968,267968,20,python3
943769650,120,cuGetProcAddress_v2,0,525,267968,267968,20,python3
943769940,150,cuGetProcAddress_v2,0,526,267968,267968,20,python3
943770371,160,cuGetProcAddress_v2,0,527,267968,267968,20,python3
943770702,150,cuGetProcAddress_v2,0,528,267968,267968,20,python3
943771022,130,cuGetProcAddress_v2,0,529,267968,267968,20,python3
943771433,170,cuGetProcAddress_v2,0,530,267968,267968,20,python3
943771774,140,cuGetProcAddress_v2,0,531,267968,267968,20,python3
943772084,140,cuGetProcAddress_v2,0,532,267968,267968,20,python3
943772485,140,cuGetProcAddress_v2,0,533,267968,267968,20,python3
943772786,150,cuGetProcAddress_v2,0,534,267968,267968,20,python3
943773206,141,cuGetProcAddress_v2,0,535,267968,267968,20,python3
943773517,160,cuGetProcAddress_v2,0,536,267968,267968,20,python3
943773848,140,cuGetProcAddress_v2,0,537,267968,267968,20,python3
943774158,140,cuGetProcAddress_v2,0,538,267968,267968,20,python3
943774469,120,cuGetProcAddress_v2,0,539,267968,267968,20,python3
943774759,131,cuGetProcAddress_v2,0,540,267968,267968,20,python3
943775060,130,cuGetProcAddress_v2,0,541,267968,267968,20,python3
943775360,171,cuGetProcAddress_v2,0,542,267968,267968,20,python3
943775691,140,cuGetProcAddress_v2,0,543,267968,267968,20,python3
943775992,150,cuGetProcAddress_v2,0,544,267968,267968,20,python3
943776302,151,cuGetProcAddress_v2,0,545,267968,267968,20,python3
943776613,190,cuGetProcAddress_v2,0,546,267968,267968,20,python3
943776963,241,cuGetProcAddress_v2,0,547,267968,267968,20,python3
943777364,191,cuGetProcAddress_v2,0,548,267968,267968,20,python3
943777815,160,cuGetProcAddress_v2,0,549,267968,267968,20,python3
943778136,220,cuGetProcAddress_v2,0,550,267968,267968,20,python3
943778617,170,cuGetProcAddress_v2,0,551,267968,267968,20,python3
943779238,290,cuGetProcAddress_v2,0,552,267968,267968,20,python3
943779699,200,cuGetProcAddress_v2,0,553,267968,267968,20,python3
943780160,120,cuGetProcAddress_v2,0,554,267968,267968,20,python3
943780450,160,cuGetProcAddress_v2,0,555,267968,267968,20,python3
943780771,260,cuGetProcAddress_v2,0,556,267968,267968,20,python3
943781202,170,cuGetProcAddress_v2,0,557,267968,267968,20,python3
943781532,171,cuGetProcAddress_v2,0,558,267968,267968,20,python3
943781863,130,cuGetProcAddress_v2,0,559,267968,267968,20,python3
943782163,161,cuGetProcAddress_v2,0,560,267968,267968,20,python3
943782494,210,cuGetProcAddress_v2,0,561,267968,267968,20,python3
943782865,210,cuGetProcAddress_v2,0,562,267968,267968,20,python3
943783245,151,cuGetProcAddress_v2,0,563,267968,267968,20,python3
943783566,170,cuGetProcAddress_v2,0,564,267968,267968,20,python3
943783907,140,cuGetProcAddress_v2,0,565,267968,267968,20,python3
943784207,241,cuGetProcAddress_v2,0,566,267968,267968,20,python3
943784628,231,cuGetProcAddress_v2,0,567,267968,267968,20,python3
943785049,130,cuGetProcAddress_v2,0,568,267968,267968,20,python3
943785350,150,cuGetProcAddress_v2,0,569,267968,267968,20,python3
943785660,120,cuGetProcAddress_v2,0,570,267968,267968,20,python3
943785951,160,cuGetProcAddress_v2,0,571,267968,267968,20,python3
943786271,181,cuGetProcAddress_v2,0,572,267968,267968,20,python3
943786612,170,cuGetProcAddress_v2,0,573,267968,267968,20,python3
943787063,150,cuGetProcAddress_v2,0,574,267968,267968,20,python3
943787383,171,cuGetProcAddress_v2,0,575,267968,267968,20,python3
943790479,2305,cuInit,0,577,267968,267968,20,python3
943793565,161,cuModuleGetLoadingMode,0,578,267968,267968,20,python3
945978267,732,cuGetProcAddress_v2,0,706,267968,267968,20,python3
945979289,261,cuGetProcAddress_v2,0,707,267968,267968,20,python3
945979830,261,cuGetProcAddress_v2,0,708,267968,267968,20,python3
945980271,171,cuGetProcAddress_v2,0,709,267968,267968,20,python3
945980732,311,cuGetProcAddress_v2,0,710,267968,267968,20,python3
945981223,150,cuGetProcAddress_v2,0,711,267968,267968,20,python3
945981554,180,cuGetProcAddress_v2,0,712,267968,267968,20,python3
945981904,241,cuGetProcAddress_v2,0,713,267968,267968,20,python3
945982315,140,cuGetProcAddress_v2,0,714,267968,267968,20,python3
945982696,130,cuGetProcAddress_v2,0,715,267968,267968,20,python3
945983007,160,cuGetProcAddress_v2,0,716,267968,267968,20,python3
945983337,191,cuGetProcAddress_v2,0,717,267968,267968,20,python3
945983798,140,cuGetProcAddress_v2,0,718,267968,267968,20,python3
945984109,150,cuGetProcAddress_v2,0,719,267968,267968,20,python3
945984429,451,cuGetProcAddress_v2,0,720,267968,267968,20,python3
945985060,211,cuGetProcAddress_v2,0,721,267968,267968,20,python3
945985441,221,cuGetProcAddress_v2,0,722,267968,267968,20,python3
945985942,130,cuGetProcAddress_v2,0,723,267968,267968,20,python3
945986243,170,cuGetProcAddress_v2,0,724,267968,267968,20,python3
945986593,151,cuGetProcAddress_v2,0,725,267968,267968,20,python3
945986914,200,cuGetProcAddress_v2,0,726,267968,267968,20,python3
945987295,160,cuGetProcAddress_v2,0,727,267968,267968,20,python3
945987736,160,cuGetProcAddress_v2,0,728,267968,267968,20,python3
945988056,231,cuGetProcAddress_v2,0,729,267968,267968,20,python3
945988467,180,cuGetProcAddress_v2,0,730,267968,267968,20,python3
945988828,140,cuGetProcAddress_v2,0,731,267968,267968,20,python3
945989138,130,cuGetProcAddress_v2,0,732,267968,267968,20,python3
945989449,170,cuGetProcAddress_v2,0,733,267968,267968,20,python3
945989789,181,cuGetProcAddress_v2,0,734,267968,267968,20,python3
945990481,140,cuGetProcAddress_v2,0,735,267968,267968,20,python3
945990781,161,cuGetProcAddress_v2,0,736,267968,267968,20,python3
945991122,130,cuGetProcAddress_v2,0,737,267968,267968,20,python3
945991433,180,cuGetProcAddress_v2,0,738,267968,267968,20,python3
945991793,131,cuGetProcAddress_v2,0,739,267968,267968,20,python3
945992104,140,cuGetProcAddress_v2,0,740,267968,267968,20,python3
945992555,250,cuGetProcAddress_v2,0,741,267968,267968,20,python3
945992966,190,cuGetProcAddress_v2,0,742,267968,267968,20,python3
945993336,141,cuGetProcAddress_v2,0,743,267968,267968,20,python3
945993647,120,cuGetProcAddress_v2,0,744,267968,267968,20,python3
945993927,141,cuGetProcAddress_v2,0,745,267968,267968,20,python3
945994378,201,cuGetProcAddress_v2,0,746,267968,267968,20,python3
945994739,150,cuGetProcAddress_v2,0,747,267968,267968,20,python3
945995060,120,cuGetProcAddress_v2,0,748,267968,267968,20,python3
945995340,221,cuGetProcAddress_v2,0,749,267968,267968,20,python3
945995841,170,cuGetProcAddress_v2,0,750,267968,267968,20,python3
945996182,130,cuGetProcAddress_v2,0,751,267968,267968,20,python3
945996482,120,cuGetProcAddress_v2,0,752,267968,267968,20,python3
945996773,140,cuGetProcAddress_v2,0,753,267968,267968,20,python3
945997073,191,cuGetProcAddress_v2,0,754,267968,267968,20,python3
945997534,141,cuGetProcAddress_v2,0,755,267968,267968,20,python3
945997835,160,cuGetProcAddress_v2,0,756,267968,267968,20,python3
945998155,181,cuGetProcAddress_v2,0,757,267968,267968,20,python3
945998606,141,cuGetProcAddress_v2,0,758,267968,267968,20,python3
945998917,120,cuGetProcAddress_v2,0,759,267968,267968,20,python3
945999248,150,cuGetProcAddress_v2,0,760,267968,267968,20,python3
945999558,130,cuGetProcAddress_v2,0,761,267968,267968,20,python3
945999859,190,cuGetProcAddress_v2,0,762,267968,267968,20,python3
946000580,120,cuGetProcAddress_v2,0,763,267968,267968,20,python3
946000871,130,cuGetProcAddress_v2,0,764,267968,267968,20,python3
946001171,171,cuGetProcAddress_v2,0,765,267968,267968,20,python3
946001502,150,cuGetProcAddress_v2,0,766,267968,267968,20,python3
946001812,171,cuGetProcAddress_v2,0,767,267968,267968,20,python3
946002263,151,cuGetProcAddress_v2,0,768,267968,267968,20,python3
946002574,140,cuGetProcAddress_v2,0,769,267968,267968,20,python3
946002884,211,cuGetProcAddress_v2,0,770,267968,267968,20,python3
946003255,140,cuGetProcAddress_v2,0,771,267968,267968,20,python3
946003556,200,cuGetProcAddress_v2,0,772,267968,267968,20,python3
946003926,161,cuGetProcAddress_v2,0,773,267968,267968,20,python3
946004247,150,cuGetProcAddress_v2,0,774,267968,267968,20,python3
946004578,130,cuGetProcAddress_v2,0,775,267968,267968,20,python3
946004868,171,cuGetProcAddress_v2,0,776,267968,267968,20,python3
946005199,130,cuGetProcAddress_v2,0,777,267968,267968,20,python3
946005499,191,cuGetProcAddress_v2,0,778,267968,267968,20,python3
946006161,160,cuGetProcAddress_v2,0,779,267968,267968,20,python3
946006491,161,cuGetProcAddress_v2,0,780,267968,267968,20,python3
946006822,120,cuGetProcAddress_v2,0,781,267968,267968,20,python3
946007103,110,cuGetProcAddress_v2,0,782,267968,267968,20,python3
946007393,140,cuGetProcAddress_v2,0,783,267968,267968,20,python3
946007694,501,cuGetProcAddress_v2,0,784,267968,267968,20,python3
946008355,160,cuGetProcAddress_v2,0,785,267968,267968,20,python3
946008686,210,cuGetProcAddress_v2,0,786,267968,267968,20,python3
946009066,121,cuGetProcAddress_v2,0,787,267968,267968,20,python3
946009347,120,cuGetProcAddress_v2,0,788,267968,267968,20,python3
946009637,161,cuGetProcAddress_v2,0,789,267968,267968,20,python3
946010008,160,cuGetProcAddress_v2,0,790,267968,267968,20,python3
946010349,140,cuGetProcAddress_v2,0,791,267968,267968,20,python3
946010649,131,cuGetProcAddress_v2,0,792,267968,267968,20,python3
946010950,130,cuGetProcAddress_v2,0,793,267968,267968,20,python3
946011250,201,cuGetProcAddress_v2,0,794,267968,267968,20,python3
946011621,130,cuGetProcAddress_v2,0,795,267968,267968,20,python3
946011942,120,cuGetProcAddress_v2,0,796,267968,267968,20,python3
946012222,121,cuGetProcAddress_v2,0,797,267968,267968,20,python3
946012623,180,cuGetProcAddress_v2,0,798,267968,267968,20,python3
946012974,150,cuGetProcAddress_v2,0,799,267968,267968,20,python3
946013284,161,cuGetProcAddress_v2,0,800,267968,267968,20,python3
946013615,170,cuGetProcAddress_v2,0,801,267968,267968,20,python3
946013956,190,cuGetProcAddress_v2,0,802,267968,267968,20,python3
946014417,130,cuGetProcAddress_v2,0,803,267968,267968,20,python3
946014707,140,cuGetProcAddress_v2,0,804,267968,267968,20,python3
946015018,230,cuGetProcAddress_v2,0,805,267968,267968,20,python3
946015519,170,cuGetProcAddress_v2,0,806,267968,267968,20,python3
946015849,141,cuGetProcAddress_v2,0,807,267968,267968,20,python3
946016260,220,cuGetProcAddress_v2,0,808,267968,267968,20,python3
946016641,150,cuGetProcAddress_v2,0,809,267968,267968,20,python3
946016961,201,cuGetProcAddress_v2,0,810,267968,267968,20,python3
946017322,150,cuGetProcAddress_v2,0,811,267968,267968,20,python3
946017823,130,cuGetProcAddress_v2,0,812,267968,267968,20,python3
946018174,130,cuGetProcAddress_v2,0,813,267968,267968,20,python3
946018474,110,cuGetProcAddress_v2,0,814,267968,267968,20,python3
946018755,130,cuGetProcAddress_v2,0,815,267968,267968,20,python3
946019166,120,cuGetProcAddress_v2,0,816,267968,267968,20,python3
946019456,120,cuGetProcAddress_v2,0,817,267968,267968,20,python3
946019757,180,cuGetProcAddress_v2,0,818,267968,267968,20,python3
946020097,121,cuGetProcAddress_v2,0,819,267968,267968,20,python3
946020378,120,cuGetProcAddress_v2,0,820,267968,267968,20,python3
946020668,111,cuGetProcAddress_v2,0,821,267968,267968,20,python3
946021069,120,cuGetProcAddress_v2,0,822,267968,267968,20,python3
946021360,120,cuGetProcAddress_v2,0,823,267968,267968,20,python3
946021650,111,cuGetProcAddress_v2,0,824,267968,267968,20,python3
946021921,120,cuGetProcAddress_v2,0,825,267968,267968,20,python3
946022221,181,cuGetProcAddress_v2,0,826,267968,267968,20,python3
946022582,110,cuGetProcAddress_v2,0,827,267968,267968,20,python3
946022863,100,cuGetProcAddress_v2,0,828,267968,267968,20,python3
946023143,130,cuGetProcAddress_v2,0,829,267968,267968,20,python3
946023444,120,cuGetProcAddress_v2,0,830,267968,267968,20,python3
946023804,131,cuGetProcAddress_v2,0,831,267968,267968,20,python3
946024105,130,cuGetProcAddress_v2,0,832,267968,267968,20,python3
946024406,120,cuGetProcAddress_v2,0,833,267968,267968,20,python3
946024696,191,cuGetProcAddress_v2,0,834,267968,267968,20,python3
946025057,230,cuGetProcAddress_v2,0,835,267968,267968,20,python3
946025448,120,cuGetProcAddress_v2,0,836,267968,267968,20,python3
946025748,160,cuGetProcAddress_v2,0,837,267968,267968,20,python3
946026199,150,cuGetProcAddress_v2,0,838,267968,267968,20,python3
946026530,170,cuGetProcAddress_v2,0,839,267968,267968,20,python3
946026870,161,cuGetProcAddress_v2,0,840,267968,267968,20,python3
946027211,200,cuGetProcAddress_v2,0,841,267968,267968,20,python3
946027592,190,cuGetProcAddress_v2,0,842,267968,267968,20,python3
946028053,180,cuGetProcAddress_v2,0,843,267968,267968,20,python3
946028393,171,cuGetProcAddress_v2,0,844,267968,267968,20,python3
946028734,130,cuGetProcAddress_v2,0,845,267968,267968,20,python3
946029155,110,cuGetProcAddress_v2,0,846,267968,267968,20,python3
946029445,130,cuGetProcAddress_v2,0,847,267968,267968,20,python3
946029856,130,cuGetProcAddress_v2,0,848,267968,267968,20,python3
946030157,120,cuGetProcAddress_v2,0,849,267968,267968,20,python3
946030457,191,cuGetProcAddress_v2,0,850,267968,267968,20,python3
946030818,270,cuGetProcAddress_v2,0,851,267968,267968,20,python3
946031499,150,cuGetProcAddress_v2,0,852,267968,267968,20,python3
946031820,170,cuGetProcAddress_v2,0,853,267968,267968,20,python3
946032160,181,cuGetProcAddress_v2,0,854,267968,267968,20,python3
946032521,130,cuGetProcAddress_v2,0,855,267968,267968,20,python3
946032832,130,cuGetProcAddress_v2,0,856,267968,267968,20,python3
946033463,160,cuGetProcAddress_v2,0,857,267968,267968,20,python3
946033804,190,cuGetProcAddress_v2,0,858,267968,267968,20,python3
946034224,121,cuGetProcAddress_v2,0,859,267968,267968,20,python3
946034515,130,cuGetProcAddress_v2,0,860,267968,267968,20,python3
946034825,161,cuGetProcAddress_v2,0,861,267968,267968,20,python3
946035156,130,cuGetProcAddress_v2,0,862,267968,267968,20,python3
946035507,120,cuGetProcAddress_v2,0,863,267968,267968,20,python3
946035787,221,cuGetProcAddress_v2,0,864,267968,267968,20,python3
946036178,231,cuGetProcAddress_v2,0,865,267968,267968,20,python3
946036569,190,cuGetProcAddress_v2,0,866,267968,267968,20,python3
946037040,140,cuGetProcAddress_v2,0,867,267968,267968,20,python3
946037340,191,cuGetProcAddress_v2,0,868,267968,267968,20,python3
946037711,130,cuGetProcAddress_v2,0,869,267968,267968,20,python3
946038012,180,cuGetProcAddress_v2,0,870,267968,267968,20,python3
946038382,171,cuGetProcAddress_v2,0,871,267968,267968,20,python3
946038723,120,cuGetProcAddress_v2,0,872,267968,267968,20,python3
946039013,121,cuGetProcAddress_v2,0,873,267968,267968,20,python3
946039434,211,cuGetProcAddress_v2,0,874,267968,267968,20,python3
946039815,140,cuGetProcAddress_v2,0,875,267968,267968,20,python3
946040126,150,cuGetProcAddress_v2,0,876,267968,267968,20,python3
946040446,130,cuGetProcAddress_v2,0,877,267968,267968,20,python3
946040857,130,cuGetProcAddress_v2,0,878,267968,267968,20,python3
946041268,150,cuGetProcAddress_v2,0,879,267968,267968,20,python3
946041709,230,cuGetProcAddress_v2,0,880,267968,267968,20,python3
946042119,141,cuGetProcAddress_v2,0,881,267968,267968,20,python3
946042440,240,cuGetProcAddress_v2,0,882,267968,267968,20,python3
946042951,180,cuGetProcAddress_v2,0,883,267968,267968,20,python3
946043302,130,cuGetProcAddress_v2,0,884,267968,267968,20,python3
946043602,161,cuGetProcAddress_v2,0,885,267968,267968,20,python3
946043933,150,cuGetProcAddress_v2,0,886,267968,267968,20,python3
946044264,130,cuGetProcAddress_v2,0,887,267968,267968,20,python3
946044674,121,cuGetProcAddress_v2,0,888,267968,267968,20,python3
946044965,140,cuGetProcAddress_v2,0,889,267968,267968,20,python3
946045285,221,cuGetProcAddress_v2,0,890,267968,267968,20,python3
946045686,120,cuGetProcAddress_v2,0,891,267968,267968,20,python3
946045977,120,cuGetProcAddress_v2,0,892,267968,267968,20,python3
946046277,151,cuGetProcAddress_v2,0,893,267968,267968,20,python3
946046598,140,cuGetProcAddress_v2,0,894,267968,267968,20,python3
946047129,210,cuGetProcAddress_v2,0,895,267968,267968,20,python3
946047510,130,cuGetProcAddress_v2,0,896,267968,267968,20,python3
946047810,121,cuGetProcAddress_v2,0,897,267968,267968,20,python3
946048101,190,cuGetProcAddress_v2,0,898,267968,267968,20,python3
946048452,120,cuGetProcAddress_v2,0,899,267968,267968,20,python3
946048752,130,cuGetProcAddress_v2,0,900,267968,267968,20,python3
946049053,130,cuGetProcAddress_v2,0,901,267968,267968,20,python3
946049453,121,cuGetProcAddress_v2,0,902,267968,267968,20,python3
946049744,180,cuGetProcAddress_v2,0,903,267968,267968,20,python3
946050095,130,cuGetProcAddress_v2,0,904,267968,267968,20,python3
946050405,120,cuGetProcAddress_v2,0,905,267968,267968,20,python3
946050696,130,cuGetProcAddress_v2,0,906,267968,267968,20,python3
946051006,121,cuGetProcAddress_v2,0,907,267968,267968,20,python3
946051297,150,cuGetProcAddress_v2,0,908,267968,267968,20,python3
946051618,130,cuGetProcAddress_v2,0,909,267968,267968,20,python3
946051918,211,cuGetProcAddress_v2,0,910,267968,267968,20,python3
946052299,200,cuGetProcAddress_v2,0,911,267968,267968,20,python3
946052670,170,cuGetProcAddress_v2,0,912,267968,267968,20,python3
946053010,140,cuGetProcAddress_v2,0,913,267968,267968,20,python3
946053311,170,cuGetProcAddress_v2,0,914,267968,267968,20,python3
946053762,150,cuGetProcAddress_v2,0,915,267968,267968,20,python3
946054082,141,cuGetProcAddress_v2,0,916,267968,267968,20,python3
946054393,140,cuGetProcAddress_v2,0,917,267968,267968,20,python3
946055114,151,cuGetProcAddress_v2,0,918,267968,267968,20,python3
946055445,130,cuGetProcAddress_v2,0,919,267968,267968,20,python3
946055856,150,cuGetProcAddress_v2,0,920,267968,267968,20,python3
946056166,161,cuGetProcAddress_v2,0,921,267968,267968,20,python3
946056497,150,cuGetProcAddress_v2,0,922,267968,267968,20,python3
946057028,140,cuGetProcAddress_v2,0,923,267968,267968,20,python3
946057328,231,cuGetProcAddress_v2,0,924,267968,267968,20,python3
946057729,171,cuGetProcAddress_v2,0,925,267968,267968,20,python3
946058070,140,cuGetProcAddress_v2,0,926,267968,267968,20,python3
946058380,151,cuGetProcAddress_v2,0,927,267968,267968,20,python3
946058801,171,cuGetProcAddress_v2,0,928,267968,267968,20,python3
946059132,150,cuGetProcAddress_v2,0,929,267968,267968,20,python3
946059463,130,cuGetProcAddress_v2,0,930,267968,267968,20,python3
946059763,130,cuGetProcAddress_v2,0,931,267968,267968,20,python3
946060064,140,cuGetProcAddress_v2,0,932,267968,267968,20,python3
946060384,131,cuGetProcAddress_v2,0,933,267968,267968,20,python3
946060685,150,cuGetProcAddress_v2,0,934,267968,267968,20,python3
946061016,120,cuGetProcAddress_v2,0,935,267968,267968,20,python3
946061316,130,cuGetProcAddress_v2,0,936,267968,267968,20,python3
946061617,140,cuGetProcAddress_v2,0,937,267968,267968,20,python3
946061927,110,cuGetProcAddress_v2,0,938,267968,267968,20,python3
946062208,120,cuGetProcAddress_v2,0,939,267968,267968,20,python3
946062749,190,cuGetProcAddress_v2,0,940,267968,267968,20,python3
946063110,190,cuGetProcAddress_v2,0,941,267968,267968,20,python3
946063590,131,cuGetProcAddress_v2,0,942,267968,267968,20,python3
946063901,130,cuGetProcAddress_v2,0,943,267968,267968,20,python3
946064202,180,cuGetProcAddress_v2,0,944,267968,267968,20,python3
946064542,161,cuGetProcAddress_v2,0,945,267968,267968,20,python3
946064863,220,cuGetProcAddress_v2,0,946,267968,267968,20,python3
946065374,130,cuGetProcAddress_v2,0,947,267968,267968,20,python3
946065664,141,cuGetProcAddress_v2,0,948,267968,267968,20,python3
946065985,130,cuGetProcAddress_v2,0,949,267968,267968,20,python3
946066296,130,cuGetProcAddress_v2,0,950,267968,267968,20,python3
946066596,130,cuGetProcAddress_v2,0,951,267968,267968,20,python3
946066897,190,cuGetProcAddress_v2,0,952,267968,267968,20,python3
946067247,181,cuGetProcAddress_v2,0,953,267968,267968,20,python3
946067598,190,cuGetProcAddress_v2,0,954,267968,267968,20,python3
946068069,140,cuGetProcAddress_v2,0,955,267968,267968,20,python3
946068370,120,cuGetProcAddress_v2,0,956,267968,267968,20,python3
946068670,140,cuGetProcAddress_v2,0,957,267968,267968,20,python3
946069091,120,cuGetProcAddress_v2,0,958,267968,267968,20,python3
946069381,161,cuGetProcAddress_v2,0,959,267968,267968,20,python3
946069722,120,cuGetProcAddress_v2,0,960,267968,267968,20,python3
946070013,140,cuGetProcAddress_v2,0,961,267968,267968,20,python3
946092375,181,cuGetProcAddress_v2,0,962,267968,267968,20,python3
946092866,151,cuGetProcAddress_v2,0,963,267968,267968,20,python3
946093197,150,cuGetProcAddress_v2,0,964,267968,267968,20,python3
946093528,180,cuGetProcAddress_v2,0,965,267968,267968,20,python3
946094149,160,cuGetProcAddress_v2,0,966,267968,267968,20,python3
946094479,171,cuGetProcAddress_v2,0,967,267968,267968,20,python3
946094930,181,cuGetProcAddress_v2,0,968,267968,267968,20,python3
946095291,140,cuGetProcAddress_v2,0,969,267968,267968,20,python3
946095602,140,cuGetProcAddress_v2,0,970,267968,267968,20,python3
946095922,140,cuGetProcAddress_v2,0,971,267968,267968,20,python3
946096233,170,cuGetProcAddress_v2,0,972,267968,267968,20,python3
946096573,151,cuGetProcAddress_v2,0,973,267968,267968,20,python3
946096904,150,cuGetProcAddress_v2,0,974,267968,267968,20,python3
946097225,160,cuGetProcAddress_v2,0,975,267968,267968,20,python3
946097555,161,cuGetProcAddress_v2,0,976,267968,267968,20,python3
946097886,180,cuGetProcAddress_v2,0,977,267968,267968,20,python3
946098237,170,cuGetProcAddress_v2,0,978,267968,267968,20,python3
946098577,161,cuGetProcAddress_v2,0,979,267968,267968,20,python3
946098908,180,cuGetProcAddress_v2,0,980,267968,267968,20,python3
946099279,170,cuGetProcAddress_v2,0,981,267968,267968,20,python3
946099619,151,cuGetProcAddress_v2,0,982,267968,267968,20,python3
946099940,210,cuGetProcAddress_v2,0,983,267968,267968,20,python3
946100321,190,cuGetProcAddress_v2,0,984,267968,267968,20,python3
946100681,120,cuGetProcAddress_v2,0,985,267968,267968,20,python3
946100972,130,cuGetProcAddress_v2,0,986,267968,267968,20,python3
946101272,171,cuGetProcAddress_v2,0,987,267968,267968,20,python3
946101613,441,cuGetProcAddress_v2,0,988,267968,267968,20,python3
946102234,171,cuGetProcAddress_v2,0,989,267968,267968,20,python3
946102565,290,cuGetProcAddress_v2,0,990,267968,267968,20,python3
946103026,190,cuGetProcAddress_v2,0,991,267968,267968,20,python3
946103497,130,cuGetProcAddress_v2,0,992,267968,267968,20,python3
946103797,140,cuGetProcAddress_v2,0,993,267968,267968,20,python3
946104108,160,cuGetProcAddress_v2,0,994,267968,267968,20,python3
946104438,131,cuGetProcAddress_v2,0,995,267968,267968,20,python3
946104739,170,cuGetProcAddress_v2,0,996,267968,267968,20,python3
946105080,220,cuGetProcAddress_v2,0,997,267968,267968,20,python3
946105581,130,cuGetProcAddress_v2,0,998,267968,267968,20,python3
946105881,411,cuGetProcAddress_v2,0,999,267968,267968,20,python3
946106573,220,cuGetProcAddress_v2,0,1000,267968,267968,20,python3
946106963,181,cuGetProcAddress_v2,0,1001,267968,267968,20,python3
946107314,160,cuGetProcAddress_v2,0,1002,267968,267968,20,python3
946107745,140,cuGetProcAddress_v2,0,1003,267968,267968,20,python3
946108055,161,cuGetProcAddress_v2,0,1004,267968,267968,20,python3
946108396,150,cuGetProcAddress_v2,0,1005,267968,267968,20,python3
946108717,120,cuGetProcAddress_v2,0,1006,267968,267968,20,python3
946109007,130,cuGetProcAddress_v2,0,1007,267968,267968,20,python3
946109418,120,cuGetProcAddress_v2,0,1008,267968,267968,20,python3
946109709,150,cuGetProcAddress_v2,0,1009,267968,267968,20,python3
946110029,140,cuGetProcAddress_v2,0,1010,267968,267968,20,python3
946110340,120,cuGetProcAddress_v2,0,1011,267968,267968,20,python3
946110630,141,cuGetProcAddress_v2,0,1012,267968,267968,20,python3
946111061,170,cuGetProcAddress_v2,0,1013,267968,267968,20,python3
946111402,130,cuGetProcAddress_v2,0,1014,267968,267968,20,python3
946111702,171,cuGetProcAddress_v2,0,1015,267968,267968,20,python3
946112033,190,cuGetProcAddress_v2,0,1016,267968,267968,20,python3
946112394,150,cuGetProcAddress_v2,0,1017,267968,267968,20,python3
946112714,151,cuGetProcAddress_v2,0,1018,267968,267968,20,python3
946113035,150,cuGetProcAddress_v2,0,1019,267968,267968,20,python3
946113355,131,cuGetProcAddress_v2,0,1020,267968,267968,20,python3
946113666,190,cuGetProcAddress_v2,0,1021,267968,267968,20,python3
946114027,150,cuGetProcAddress_v2,0,1022,267968,267968,20,python3
946114347,131,cuGetProcAddress_v2,0,1023,267968,267968,20,python3
946114648,150,cuGetProcAddress_v2,0,1024,267968,267968,20,python3
946114959,130,cuGetProcAddress_v2,0,1025,267968,267968,20,python3
946115259,150,cuGetProcAddress_v2,0,1026,267968,267968,20,python3
946115580,130,cuGetProcAddress_v2,0,1027,267968,267968,20,python3
946115880,121,cuGetProcAddress_v2,0,1028,267968,267968,20,python3
946116171,150,cuGetProcAddress_v2,0,1029,267968,267968,20,python3
946116491,151,cuGetProcAddress_v2,0,1030,267968,267968,20,python3
946116822,160,cuGetProcAddress_v2,0,1031,267968,267968,20,python3
946117443,171,cuGetProcAddress_v2,0,1032,267968,267968,20,python3
946117784,160,cuGetProcAddress_v2,0,1033,267968,267968,20,python3
946118115,150,cuGetProcAddress_v2,0,1034,267968,267968,20,python3
946118535,171,cuGetProcAddress_v2,0,1035,267968,267968,20,python3
946118876,220,cuGetProcAddress_v2,0,1036,267968,267968,20,python3
946119267,210,cuGetProcAddress_v2,0,1037,267968,267968,20,python3
946119748,170,cuGetProcAddress_v2,0,1038,267968,267968,20,python3
946120088,201,cuGetProcAddress_v2,0,1039,267968,267968,20,python3
946120569,171,cuGetProcAddress_v2,0,1040,267968,267968,20,python3
946120910,250,cuGetProcAddress_v2,0,1041,267968,267968,20,python3
946121331,220,cuGetProcAddress_v2,0,1042,267968,267968,20,python3
946121832,180,cuGetProcAddress_v2,0,1043,267968,267968,20,python3
946122172,171,cuGetProcAddress_v2,0,1044,267968,267968,20,python3
946122513,150,cuGetProcAddress_v2,0,1045,267968,267968,20,python3
946122834,210,cuGetProcAddress_v2,0,1046,267968,267968,20,python3
946123214,131,cuGetProcAddress_v2,0,1047,267968,267968,20,python3
946123625,190,cuGetProcAddress_v2,0,1048,267968,267968,20,python3
946123986,150,cuGetProcAddress_v2,0,1049,267968,267968,20,python3
946124296,121,cuGetProcAddress_v2,0,1050,267968,267968,20,python3
946124687,200,cuGetProcAddress_v2,0,1051,267968,267968,20,python3
946125378,131,cuGetProcAddress_v2,0,1052,267968,267968,20,python3
946125669,130,cuGetProcAddress_v2,0,1053,267968,267968,20,python3
946125970,120,cuGetProcAddress_v2,0,1054,267968,267968,20,python3
946126260,140,cuGetProcAddress_v2,0,1055,267968,267968,20,python3
946126571,140,cuGetProcAddress_v2,0,1056,267968,267968,20,python3
946127212,170,cuGetProcAddress_v2,0,1057,267968,267968,20,python3
946127553,170,cuGetProcAddress_v2,0,1058,267968,267968,20,python3
946127883,150,cuGetProcAddress_v2,0,1059,267968,267968,20,python3
946128204,130,cuGetProcAddress_v2,0,1060,267968,267968,20,python3
946128504,161,cuGetProcAddress_v2,0,1061,267968,267968,20,python3
946128825,140,cuGetProcAddress_v2,0,1062,267968,267968,20,python3
946129126,180,cuGetProcAddress_v2,0,1063,267968,267968,20,python3
946129496,141,cuGetProcAddress_v2,0,1064,267968,267968,20,python3
946129807,270,cuGetProcAddress_v2,0,1065,267968,267968,20,python3
946130238,150,cuGetProcAddress_v2,0,1066,267968,267968,20,python3
946130548,141,cuGetProcAddress_v2,0,1067,267968,267968,20,python3
946130849,180,cuGetProcAddress_v2,0,1068,267968,267968,20,python3
946131220,130,cuGetProcAddress_v2,0,1069,267968,267968,20,python3
946131510,130,cuGetProcAddress_v2,0,1070,267968,267968,20,python3
946131801,170,cuGetProcAddress_v2,0,1071,267968,267968,20,python3
946132131,151,cuGetProcAddress_v2,0,1072,267968,267968,20,python3
946132452,130,cuGetProcAddress_v2,0,1073,267968,267968,20,python3
946132753,120,cuGetProcAddress_v2,0,1074,267968,267968,20,python3
946133043,190,cuGetProcAddress_v2,0,1075,267968,267968,20,python3
946133414,160,cuGetProcAddress_v2,0,1076,267968,267968,20,python3
946133734,181,cuGetProcAddress_v2,0,1077,267968,267968,20,python3
946134165,181,cuGetProcAddress_v2,0,1078,267968,267968,20,python3
946134506,180,cuGetProcAddress_v2,0,1079,267968,267968,20,python3
946135147,150,cuGetProcAddress_v2,0,1080,267968,267968,20,python3
946135458,140,cuGetProcAddress_v2,0,1081,267968,267968,20,python3
946135768,131,cuGetProcAddress_v2,0,1082,267968,267968,20,python3
946136159,140,cuGetProcAddress_v2,0,1083,267968,267968,20,python3
946136470,150,cuGetProcAddress_v2,0,1084,267968,267968,20,python3
946136780,161,cuGetProcAddress_v2,0,1085,267968,267968,20,python3
946137201,140,cuGetProcAddress_v2,0,1086,267968,267968,20,python3
946137512,140,cuGetProcAddress_v2,0,1087,267968,267968,20,python3
946137902,141,cuGetProcAddress_v2,0,1088,267968,267968,20,python3
946138203,140,cuGetProcAddress_v2,0,1089,267968,267968,20,python3
946138503,111,cuGetProcAddress_v2,0,1090,267968,267968,20,python3
946138874,171,cuGetProcAddress_v2,0,1091,267968,267968,20,python3
946139225,150,cuGetProcAddress_v2,0,1092,267968,267968,20,python3
946139535,151,cuGetProcAddress_v2,0,1093,267968,267968,20,python3
946139946,130,cuGetProcAddress_v2,0,1094,267968,267968,20,python3
946140247,150,cuGetProcAddress_v2,0,1095,267968,267968,20,python3
946140567,441,cuGetProcAddress_v2,0,1096,267968,267968,20,python3
946141179,160,cuGetProcAddress_v2,0,1097,267968,267968,20,python3
946141499,161,cuGetProcAddress_v2,0,1098,267968,267968,20,python3
946141820,180,cuGetProcAddress_v2,0,1099,267968,267968,20,python3
946142170,211,cuGetProcAddress_v2,0,1100,267968,267968,20,python3
946142541,201,cuGetProcAddress_v2,0,1101,267968,267968,20,python3
946142992,241,cuGetProcAddress_v2,0,1102,267968,267968,20,python3
946143403,130,cuGetProcAddress_v2,0,1103,267968,267968,20,python3
946143794,240,cuGetProcAddress_v2,0,1104,267968,267968,20,python3
946144204,171,cuGetProcAddress_v2,0,1105,267968,267968,20,python3
946144535,200,cuGetProcAddress_v2,0,1106,267968,267968,20,python3
946144906,130,cuGetProcAddress_v2,0,1107,267968,267968,20,python3
946145206,131,cuGetProcAddress_v2,0,1108,267968,267968,20,python3
946145497,140,cuGetProcAddress_v2,0,1109,267968,267968,20,python3
946145807,151,cuGetProcAddress_v2,0,1110,267968,267968,20,python3
946146118,180,cuGetProcAddress_v2,0,1111,267968,267968,20,python3
946146469,160,cuGetProcAddress_v2,0,1112,267968,267968,20,python3
946146789,141,cuGetProcAddress_v2,0,1113,267968,267968,20,python3
946147100,160,cuGetProcAddress_v2,0,1114,267968,267968,20,python3
946147431,210,cuGetProcAddress_v2,0,1115,267968,267968,20,python3
946147811,211,cuGetProcAddress_v2,0,1116,267968,267968,20,python3
946148192,160,cuGetProcAddress_v2,0,1117,267968,267968,20,python3
946148523,190,cuGetProcAddress_v2,0,1118,267968,267968,20,python3
946148883,171,cuGetProcAddress_v2,0,1119,267968,267968,20,python3
946149224,190,cuGetProcAddress_v2,0,1120,267968,267968,20,python3
946149575,180,cuGetProcAddress_v2,0,1121,267968,267968,20,python3
946149925,181,cuGetProcAddress_v2,0,1122,267968,267968,20,python3
946150276,150,cuGetProcAddress_v2,0,1123,267968,267968,20,python3
946150597,200,cuGetProcAddress_v2,0,1124,267968,267968,20,python3
946151398,691,cuInit,0,1126,267968,267968,20,python3
946152651,110,cuModuleGetLoadingMode,0,1127,267968,267968,20,python3
948037670,1630574,cudaFree,0,1244,267968,267968,20,python3
949743097,361,cuGetProcAddress_v2,0,1245,267968,267968,20,python3
949743709,240,cuGetProcAddress_v2,0,1246,267968,267968,20,python3
949744220,420,cuGetProcAddress_v2,0,1247,267968,267968,20,python3
949744811,150,cuGetProcAddress_v2,0,1248,267968,267968,20,python3
949745131,181,cuGetProcAddress_v2,0,1249,267968,267968,20,python3
949745482,271,cuGetProcAddress_v2,0,1250,267968,267968,20,python3
949745923,140,cuGetProcAddress_v2,0,1251,267968,267968,20,python3
949746233,331,cuGetProcAddress_v2,0,1252,267968,267968,20,python3
949746734,241,cuGetProcAddress_v2,0,1253,267968,267968,20,python3
949747145,130,cuGetProcAddress_v2,0,1254,267968,267968,20,python3
949747436,170,cuGetProcAddress_v2,0,1255,267968,267968,20,python3
949747776,131,cuGetProcAddress_v2,0,1256,267968,267968,20,python3
949748087,170,cuGetProcAddress_v2,0,1257,267968,267968,20,python3
949748428,170,cuGetProcAddress_v2,0,1258,267968,267968,20,python3
949748768,341,cuGetProcAddress_v2,0,1259,267968,267968,20,python3
949749279,281,cuGetProcAddress_v2,0,1260,267968,267968,20,python3
949749730,200,cuGetProcAddress_v2,0,1261,267968,267968,20,python3
949750101,140,cuGetProcAddress_v2,0,1262,267968,267968,20,python3
949750411,171,cuGetProcAddress_v2,0,1263,267968,267968,20,python3
949750872,151,cuGetProcAddress_v2,0,1264,267968,267968,20,python3
949751183,200,cuGetProcAddress_v2,0,1265,267968,267968,20,python3
949751544,170,cuGetProcAddress_v2,0,1266,267968,267968,20,python3
949751964,161,cuGetProcAddress_v2,0,1267,267968,267968,20,python3
949752295,661,cuGetProcAddress_v2,0,1268,267968,267968,20,python3
949753227,180,cuGetProcAddress_v2,0,1269,267968,267968,20,python3
949753567,121,cuGetProcAddress_v2,0,1270,267968,267968,20,python3
949753858,130,cuGetProcAddress_v2,0,1271,267968,267968,20,python3
949754249,120,cuGetProcAddress_v2,0,1272,267968,267968,20,python3
949754529,181,cuGetProcAddress_v2,0,1273,267968,267968,20,python3
949754880,130,cuGetProcAddress_v2,0,1274,267968,267968,20,python3
949755181,170,cuGetProcAddress_v2,0,1275,267968,267968,20,python3
949755511,110,cuGetProcAddress_v2,0,1276,267968,267968,20,python3
949755882,140,cuGetProcAddress_v2,0,1277,267968,267968,20,python3
949756192,131,cuGetProcAddress_v2,0,1278,267968,267968,20,python3
949756493,140,cuGetProcAddress_v2,0,1279,267968,267968,20,python3
949756824,160,cuGetProcAddress_v2,0,1280,267968,267968,20,python3
949757154,201,cuGetProcAddress_v2,0,1281,267968,267968,20,python3
949757525,160,cuGetProcAddress_v2,0,1282,267968,267968,20,python3
949757846,150,cuGetProcAddress_v2,0,1283,267968,267968,20,python3
949758156,140,cuGetProcAddress_v2,0,1284,267968,267968,20,python3
949758577,120,cuGetProcAddress_v2,0,1285,267968,267968,20,python3
949758868,150,cuGetProcAddress_v2,0,1286,267968,267968,20,python3
949759178,130,cuGetProcAddress_v2,0,1287,267968,267968,20,python3
949759469,140,cuGetProcAddress_v2,0,1288,267968,267968,20,python3
949759769,301,cuGetProcAddress_v2,0,1289,267968,267968,20,python3
949760240,130,cuGetProcAddress_v2,0,1290,267968,267968,20,python3
949760541,130,cuGetProcAddress_v2,0,1291,267968,267968,20,python3
949760841,131,cuGetProcAddress_v2,0,1292,267968,267968,20,python3
949761142,120,cuGetProcAddress_v2,0,1293,267968,267968,20,python3
949761432,151,cuGetProcAddress_v2,0,1294,267968,267968,20,python3
949761753,130,cuGetProcAddress_v2,0,1295,267968,267968,20,python3
949762054,180,cuGetProcAddress_v2,0,1296,267968,267968,20,python3
949762404,181,cuGetProcAddress_v2,0,1297,267968,267968,20,python3
949762755,110,cuGetProcAddress_v2,0,1298,267968,267968,20,python3
949763126,140,cuGetProcAddress_v2,0,1299,267968,267968,20,python3
949763436,131,cuGetProcAddress_v2,0,1300,267968,267968,20,python3
949763737,150,cuGetProcAddress_v2,0,1301,267968,267968,20,python3
949764057,141,cuGetProcAddress_v2,0,1302,267968,267968,20,python3
949764358,130,cuGetProcAddress_v2,0,1303,267968,267968,20,python3
949764749,320,cuGetProcAddress_v2,0,1304,267968,267968,20,python3
949765250,190,cuGetProcAddress_v2,0,1305,267968,267968,20,python3
949765610,161,cuGetProcAddress_v2,0,1306,267968,267968,20,python3
949766031,201,cuGetProcAddress_v2,0,1307,267968,267968,20,python3
949766562,131,cuGetProcAddress_v2,0,1308,267968,267968,20,python3
949766863,150,cuGetProcAddress_v2,0,1309,267968,267968,20,python3
949767183,181,cuGetProcAddress_v2,0,1310,267968,267968,20,python3
949767524,170,cuGetProcAddress_v2,0,1311,267968,267968,20,python3
949767955,140,cuGetProcAddress_v2,0,1312,267968,267968,20,python3
949768266,160,cuGetProcAddress_v2,0,1313,267968,267968,20,python3
949768586,130,cuGetProcAddress_v2,0,1314,267968,267968,20,python3
949768887,130,cuGetProcAddress_v2,0,1315,267968,267968,20,python3
949769187,120,cuGetProcAddress_v2,0,1316,267968,267968,20,python3
949769568,120,cuGetProcAddress_v2,0,1317,267968,267968,20,python3
949769859,160,cuGetProcAddress_v2,0,1318,267968,267968,20,python3
949770189,140,cuGetProcAddress_v2,0,1319,267968,267968,20,python3
949770590,130,cuGetProcAddress_v2,0,1320,267968,267968,20,python3
949770891,200,cuGetProcAddress_v2,0,1321,267968,267968,20,python3
949771261,211,cuGetProcAddress_v2,0,1322,267968,267968,20,python3
949771642,130,cuGetProcAddress_v2,0,1323,267968,267968,20,python3
949772243,170,cuGetProcAddress_v2,0,1324,267968,267968,20,python3
949772584,180,cuGetProcAddress_v2,0,1325,267968,267968,20,python3
949772934,201,cuGetProcAddress_v2,0,1326,267968,267968,20,python3
949773305,150,cuGetProcAddress_v2,0,1327,267968,267968,20,python3
949773626,140,cuGetProcAddress_v2,0,1328,267968,267968,20,python3
949773936,261,cuGetProcAddress_v2,0,1329,267968,267968,20,python3
949774367,150,cuGetProcAddress_v2,0,1330,267968,267968,20,python3
949774688,160,cuGetProcAddress_v2,0,1331,267968,267968,20,python3
949775018,131,cuGetProcAddress_v2,0,1332,267968,267968,20,python3
949775319,210,cuGetProcAddress_v2,0,1333,267968,267968,20,python3
949775700,120,cuGetProcAddress_v2,0,1334,267968,267968,20,python3
949775980,211,cuGetProcAddress_v2,0,1335,267968,267968,20,python3
949776361,110,cuGetProcAddress_v2,0,1336,267968,267968,20,python3
949776642,180,cuGetProcAddress_v2,0,1337,267968,267968,20,python3
949776992,171,cuGetProcAddress_v2,0,1338,267968,267968,20,python3
949777333,160,cuGetProcAddress_v2,0,1339,267968,267968,20,python3
949777663,121,cuGetProcAddress_v2,0,1340,267968,267968,20,python3
949778044,150,cuGetProcAddress_v2,0,1341,267968,267968,20,python3
949778355,130,cuGetProcAddress_v2,0,1342,267968,267968,20,python3
949778655,141,cuGetProcAddress_v2,0,1343,267968,267968,20,python3
949778966,180,cuGetProcAddress_v2,0,1344,267968,267968,20,python3
949779317,230,cuGetProcAddress_v2,0,1345,267968,267968,20,python3
949780048,130,cuGetProcAddress_v2,0,1346,267968,267968,20,python3
949780439,200,cuGetProcAddress_v2,0,1347,267968,267968,20,python3
949780809,111,cuGetProcAddress_v2,0,1348,267968,267968,20,python3
949781180,110,cuGetProcAddress_v2,0,1349,267968,267968,20,python3
949781461,140,cuGetProcAddress_v2,0,1350,267968,267968,20,python3
949781771,121,cuGetProcAddress_v2,0,1351,267968,267968,20,python3
949782152,130,cuGetProcAddress_v2,0,1352,267968,267968,20,python3
949782453,170,cuGetProcAddress_v2,0,1353,267968,267968,20,python3
949782793,131,cuGetProcAddress_v2,0,1354,267968,267968,20,python3
949783184,110,cuGetProcAddress_v2,0,1355,267968,267968,20,python3
949783465,200,cuGetProcAddress_v2,0,1356,267968,267968,20,python3
949783925,151,cuGetProcAddress_v2,0,1357,267968,267968,20,python3
949784236,130,cuGetProcAddress_v2,0,1358,267968,267968,20,python3
949784527,120,cuGetProcAddress_v2,0,1359,267968,267968,20,python3
949784807,160,cuGetProcAddress_v2,0,1360,267968,267968,20,python3
949785128,190,cuGetProcAddress_v2,0,1361,267968,267968,20,python3
949785488,121,cuGetProcAddress_v2,0,1362,267968,267968,20,python3
949785779,110,cuGetProcAddress_v2,0,1363,267968,267968,20,python3
949786059,131,cuGetProcAddress_v2,0,1364,267968,267968,20,python3
949786350,130,cuGetProcAddress_v2,0,1365,267968,267968,20,python3
949786641,110,cuGetProcAddress_v2,0,1366,267968,267968,20,python3
949786921,110,cuGetProcAddress_v2,0,1367,267968,267968,20,python3
949787192,140,cuGetProcAddress_v2,0,1368,267968,267968,20,python3
949787492,181,cuGetProcAddress_v2,0,1369,267968,267968,20,python3
949787843,120,cuGetProcAddress_v2,0,1370,267968,267968,20,python3
949788133,111,cuGetProcAddress_v2,0,1371,267968,267968,20,python3
949788414,130,cuGetProcAddress_v2,0,1372,267968,267968,20,python3
949788805,110,cuGetProcAddress_v2,0,1373,267968,267968,20,python3
949789085,141,cuGetProcAddress_v2,0,1374,267968,267968,20,python3
949789386,130,cuGetProcAddress_v2,0,1375,267968,267968,20,python3
949789686,161,cuGetProcAddress_v2,0,1376,267968,267968,20,python3
949790017,160,cuGetProcAddress_v2,0,1377,267968,267968,20,python3
949790348,150,cuGetProcAddress_v2,0,1378,267968,267968,20,python3
949790668,141,cuGetProcAddress_v2,0,1379,267968,267968,20,python3
949790979,210,cuGetProcAddress_v2,0,1380,267968,267968,20,python3
949791450,170,cuGetProcAddress_v2,0,1381,267968,267968,20,python3
949791800,191,cuGetProcAddress_v2,0,1382,267968,267968,20,python3
949792161,140,cuGetProcAddress_v2,0,1383,267968,267968,20,python3
949792552,120,cuGetProcAddress_v2,0,1384,267968,267968,20,python3
949792842,151,cuGetProcAddress_v2,0,1385,267968,267968,20,python3
949793163,160,cuGetProcAddress_v2,0,1386,267968,267968,20,python3
949793584,120,cuGetProcAddress_v2,0,1387,267968,267968,20,python3
949793874,171,cuGetProcAddress_v2,0,1388,267968,267968,20,python3
949794305,110,cuGetProcAddress_v2,0,1389,267968,267968,20,python3
949794586,130,cuGetProcAddress_v2,0,1390,267968,267968,20,python3
949794886,131,cuGetProcAddress_v2,0,1391,267968,267968,20,python3
949795277,160,cuGetProcAddress_v2,0,1392,267968,267968,20,python3
949795608,260,cuGetProcAddress_v2,0,1393,267968,267968,20,python3
949796039,130,cuGetProcAddress_v2,0,1394,267968,267968,20,python3
949796419,131,cuGetProcAddress_v2,0,1395,267968,267968,20,python3
949796720,150,cuGetProcAddress_v2,0,1396,267968,267968,20,python3
949797131,150,cuGetProcAddress_v2,0,1397,267968,267968,20,python3
949797451,201,cuGetProcAddress_v2,0,1398,267968,267968,20,python3
949797812,140,cuGetProcAddress_v2,0,1399,267968,267968,20,python3
949798123,180,cuGetProcAddress_v2,0,1400,267968,267968,20,python3
949798473,321,cuGetProcAddress_v2,0,1401,267968,267968,20,python3
949798954,130,cuGetProcAddress_v2,0,1402,267968,267968,20,python3
949799585,121,cuGetProcAddress_v2,0,1403,267968,267968,20,python3
949799876,150,cuGetProcAddress_v2,0,1404,267968,267968,20,python3
949800196,171,cuGetProcAddress_v2,0,1405,267968,267968,20,python3
949800537,160,cuGetProcAddress_v2,0,1406,267968,267968,20,python3
949800868,220,cuGetProcAddress_v2,0,1407,267968,267968,20,python3
949801259,180,cuGetProcAddress_v2,0,1408,267968,267968,20,python3
949801609,231,cuGetProcAddress_v2,0,1409,267968,267968,20,python3
949802000,170,cuGetProcAddress_v2,0,1410,267968,267968,20,python3
949802341,110,cuGetProcAddress_v2,0,1411,267968,267968,20,python3
949802621,130,cuGetProcAddress_v2,0,1412,267968,267968,20,python3
949802922,170,cuGetProcAddress_v2,0,1413,267968,267968,20,python3
949803262,131,cuGetProcAddress_v2,0,1414,267968,267968,20,python3
949803563,140,cuGetProcAddress_v2,0,1415,267968,267968,20,python3
949803964,130,cuGetProcAddress_v2,0,1416,267968,267968,20,python3
949804264,120,cuGetProcAddress_v2,0,1417,267968,267968,20,python3
949804555,200,cuGetProcAddress_v2,0,1418,267968,267968,20,python3
949804926,160,cuGetProcAddress_v2,0,1419,267968,267968,20,python3
949805457,150,cuGetProcAddress_v2,0,1420,267968,267968,20,python3
949805767,211,cuGetProcAddress_v2,0,1421,267968,267968,20,python3
949806148,160,cuGetProcAddress_v2,0,1422,267968,267968,20,python3
949806478,151,cuGetProcAddress_v2,0,1423,267968,267968,20,python3
949806799,170,cuGetProcAddress_v2,0,1424,267968,267968,20,python3
949807150,160,cuGetProcAddress_v2,0,1425,267968,267968,20,python3
949807581,150,cuGetProcAddress_v2,0,1426,267968,267968,20,python3
949807991,121,cuGetProcAddress_v2,0,1427,267968,267968,20,python3
949808282,160,cuGetProcAddress_v2,0,1428,267968,267968,20,python3
949808613,180,cuGetProcAddress_v2,0,1429,267968,267968,20,python3
949808973,141,cuGetProcAddress_v2,0,1430,267968,267968,20,python3
949809284,120,cuGetProcAddress_v2,0,1431,267968,267968,20,python3
949809665,150,cuGetProcAddress_v2,0,1432,267968,267968,20,python3
949809985,150,cuGetProcAddress_v2,0,1433,267968,267968,20,python3
949810316,190,cuGetProcAddress_v2,0,1434,267968,267968,20,python3
949810677,120,cuGetProcAddress_v2,0,1435,267968,267968,20,python3
949810967,120,cuGetProcAddress_v2,0,1436,267968,267968,20,python3
949811348,180,cuGetProcAddress_v2,0,1437,267968,267968,20,python3
949811698,161,cuGetProcAddress_v2,0,1438,267968,267968,20,python3
949812039,120,cuGetProcAddress_v2,0,1439,267968,267968,20,python3
949812450,130,cuGetProcAddress_v2,0,1440,267968,267968,20,python3
949812750,121,cuGetProcAddress_v2,0,1441,267968,267968,20,python3
949813261,171,cuGetProcAddress_v2,0,1442,267968,267968,20,python3
949813602,140,cuGetProcAddress_v2,0,1443,267968,267968,20,python3
949813913,130,cuGetProcAddress_v2,0,1444,267968,267968,20,python3
949814213,141,cuGetProcAddress_v2,0,1445,267968,267968,20,python3
949814524,200,cuGetProcAddress_v2,0,1446,267968,267968,20,python3
949814895,150,cuGetProcAddress_v2,0,1447,267968,267968,20,python3
949815215,150,cuGetProcAddress_v2,0,1448,267968,267968,20,python3
949815546,160,cuGetProcAddress_v2,0,1449,267968,267968,20,python3
949815886,161,cuGetProcAddress_v2,0,1450,267968,267968,20,python3
949816227,180,cuGetProcAddress_v2,0,1451,267968,267968,20,python3
949816578,180,cuGetProcAddress_v2,0,1452,267968,267968,20,python3
949817049,130,cuGetProcAddress_v2,0,1453,267968,267968,20,python3
949817349,130,cuGetProcAddress_v2,0,1454,267968,267968,20,python3
949817650,150,cuGetProcAddress_v2,0,1455,267968,267968,20,python3
949817980,141,cuGetProcAddress_v2,0,1456,267968,267968,20,python3
949818291,140,cuGetProcAddress_v2,0,1457,267968,267968,20,python3
949818602,130,cuGetProcAddress_v2,0,1458,267968,267968,20,python3
949819012,161,cuGetProcAddress_v2,0,1459,267968,267968,20,python3
949819333,180,cuGetProcAddress_v2,0,1460,267968,267968,20,python3
949819804,140,cuGetProcAddress_v2,0,1461,267968,267968,20,python3
949820115,140,cuGetProcAddress_v2,0,1462,267968,267968,20,python3
949820435,150,cuGetProcAddress_v2,0,1463,267968,267968,20,python3
949820756,170,cuGetProcAddress_v2,0,1464,267968,267968,20,python3
949821086,161,cuGetProcAddress_v2,0,1465,267968,267968,20,python3
949821417,150,cuGetProcAddress_v2,0,1466,267968,267968,20,python3
949821858,120,cuGetProcAddress_v2,0,1467,267968,267968,20,python3
949822158,111,cuGetProcAddress_v2,0,1468,267968,267968,20,python3
949822439,120,cuGetProcAddress_v2,0,1469,267968,267968,20,python3
949822730,120,cuGetProcAddress_v2,0,1470,267968,267968,20,python3
949823030,150,cuGetProcAddress_v2,0,1471,267968,267968,20,python3
949823451,140,cuGetProcAddress_v2,0,1472,267968,267968,20,python3
949823751,141,cuGetProcAddress_v2,0,1473,267968,267968,20,python3
949824062,120,cuGetProcAddress_v2,0,1474,267968,267968,20,python3
949824363,110,cuGetProcAddress_v2,0,1475,267968,267968,20,python3
949824653,100,cuGetProcAddress_v2,0,1476,267968,267968,20,python3
949825034,150,cuGetProcAddress_v2,0,1477,267968,267968,20,python3
949825355,120,cuGetProcAddress_v2,0,1478,267968,267968,20,python3
949825645,160,cuGetProcAddress_v2,0,1479,267968,267968,20,python3
949825986,130,cuGetProcAddress_v2,0,1480,267968,267968,20,python3
949826286,141,cuGetProcAddress_v2,0,1481,267968,267968,20,python3
949826597,130,cuGetProcAddress_v2,0,1482,267968,267968,20,python3
949827008,160,cuGetProcAddress_v2,0,1483,267968,267968,20,python3
949827338,161,cuGetProcAddress_v2,0,1484,267968,267968,20,python3
949827789,150,cuGetProcAddress_v2,0,1485,267968,267968,20,python3
949828110,130,cuGetProcAddress_v2,0,1486,267968,267968,20,python3
949828420,141,cuGetProcAddress_v2,0,1487,267968,267968,20,python3
949829092,190,cuGetProcAddress_v2,0,1488,267968,267968,20,python3
949829462,191,cuGetProcAddress_v2,0,1489,267968,267968,20,python3
949829823,130,cuGetProcAddress_v2,0,1490,267968,267968,20,python3
949830134,210,cuGetProcAddress_v2,0,1491,267968,267968,20,python3
949830524,131,cuGetProcAddress_v2,0,1492,267968,267968,20,python3
949830825,130,cuGetProcAddress_v2,0,1493,267968,267968,20,python3
949831126,140,cuGetProcAddress_v2,0,1494,267968,267968,20,python3
949831436,150,cuGetProcAddress_v2,0,1495,267968,267968,20,python3
949831877,160,cuGetProcAddress_v2,0,1496,267968,267968,20,python3
949832218,140,cuGetProcAddress_v2,0,1497,267968,267968,20,python3
949832538,141,cuGetProcAddress_v2,0,1498,267968,267968,20,python3
949832849,130,cuGetProcAddress_v2,0,1499,267968,267968,20,python3
949833149,161,cuGetProcAddress_v2,0,1500,267968,267968,20,python3
949833600,171,cuGetProcAddress_v2,0,1501,267968,267968,20,python3
949833941,150,cuGetProcAddress_v2,0,1502,267968,267968,20,python3
949834262,150,cuGetProcAddress_v2,0,1503,267968,267968,20,python3
949834692,181,cuGetProcAddress_v2,0,1504,267968,267968,20,python3
949835043,190,cuGetProcAddress_v2,0,1505,267968,267968,20,python3
949835404,150,cuGetProcAddress_v2,0,1506,267968,267968,20,python3
949835835,150,cuGetProcAddress_v2,0,1507,267968,267968,20,python3
949836155,130,cuGetProcAddress_v2,0,1508,267968,267968,20,python3
949836456,140,cuGetProcAddress_v2,0,1509,267968,267968,20,python3
949836756,141,cuGetProcAddress_v2,0,1510,267968,267968,20,python3
949837067,140,cuGetProcAddress_v2,0,1511,267968,267968,20,python3
949837488,150,cuGetProcAddress_v2,0,1512,267968,267968,20,python3
949837808,271,cuGetProcAddress_v2,0,1513,267968,267968,20,python3
949838259,150,cuGetProcAddress_v2,0,1514,267968,267968,20,python3
949838580,140,cuGetProcAddress_v2,0,1515,267968,267968,20,python3
949838880,151,cuGetProcAddress_v2,0,1516,267968,267968,20,python3
949839311,171,cuGetProcAddress_v2,0,1517,267968,267968,20,python3
949839652,160,cuGetProcAddress_v2,0,1518,267968,267968,20,python3
949840003,260,cuGetProcAddress_v2,0,1519,267968,267968,20,python3
949840433,191,cuGetProcAddress_v2,0,1520,267968,267968,20,python3
949840794,190,cuGetProcAddress_v2,0,1521,267968,267968,20,python3
949841155,140,cuGetProcAddress_v2,0,1522,267968,267968,20,python3
949841465,131,cuGetProcAddress_v2,0,1523,267968,267968,20,python3
949841766,190,cuGetProcAddress_v2,0,1524,267968,267968,20,python3
949842127,110,cuGetProcAddress_v2,0,1525,267968,267968,20,python3
949842407,200,cuGetProcAddress_v2,0,1526,267968,267968,20,python3
949842778,180,cuGetProcAddress_v2,0,1527,267968,267968,20,python3
949843159,150,cuGetProcAddress_v2,0,1528,267968,267968,20,python3
949843469,291,cuGetProcAddress_v2,0,1529,267968,267968,20,python3
949843930,130,cuGetProcAddress_v2,0,1530,267968,267968,20,python3
949844641,121,cuGetProcAddress_v2,0,1531,267968,267968,20,python3
949844942,130,cuGetProcAddress_v2,0,1532,267968,267968,20,python3
949845243,130,cuGetProcAddress_v2,0,1533,267968,267968,20,python3
949845543,170,cuGetProcAddress_v2,0,1534,267968,267968,20,python3
949845884,180,cuGetProcAddress_v2,0,1535,267968,267968,20,python3
949846234,211,cuGetProcAddress_v2,0,1536,267968,267968,20,python3
949846615,160,cuGetProcAddress_v2,0,1537,267968,267968,20,python3
949846956,220,cuGetProcAddress_v2,0,1538,267968,267968,20,python3
949847447,190,cuGetProcAddress_v2,0,1539,267968,267968,20,python3
949847807,161,cuGetProcAddress_v2,0,1540,267968,267968,20,python3
949848128,130,cuGetProcAddress_v2,0,1541,267968,267968,20,python3
949848429,120,cuGetProcAddress_v2,0,1542,267968,267968,20,python3
949848729,201,cuGetProcAddress_v2,0,1543,267968,267968,20,python3
949849100,170,cuGetProcAddress_v2,0,1544,267968,267968,20,python3
949849441,120,cuGetProcAddress_v2,0,1545,267968,267968,20,python3
949849731,170,cuGetProcAddress_v2,0,1546,267968,267968,20,python3
949850182,180,cuGetProcAddress_v2,0,1547,267968,267968,20,python3
949850533,140,cuGetProcAddress_v2,0,1548,267968,267968,20,python3
949850833,150,cuGetProcAddress_v2,0,1549,267968,267968,20,python3
949851154,180,cuGetProcAddress_v2,0,1550,267968,267968,20,python3
949851494,131,cuGetProcAddress_v2,0,1551,267968,267968,20,python3
949851895,151,cuGetProcAddress_v2,0,1552,267968,267968,20,python3
949852206,130,cuGetProcAddress_v2,0,1553,267968,267968,20,python3
949852516,141,cuGetProcAddress_v2,0,1554,267968,267968,20,python3
949852827,140,cuGetProcAddress_v2,0,1555,267968,267968,20,python3
949853138,130,cuGetProcAddress_v2,0,1556,267968,267968,20,python3
949853538,151,cuGetProcAddress_v2,0,1557,267968,267968,20,python3
949853859,150,cuGetProcAddress_v2,0,1558,267968,267968,20,python3
949854180,140,cuGetProcAddress_v2,0,1559,267968,267968,20,python3
949854490,171,cuGetProcAddress_v2,0,1560,267968,267968,20,python3
949854831,140,cuGetProcAddress_v2,0,1561,267968,267968,20,python3
949855141,141,cuGetProcAddress_v2,0,1562,267968,267968,20,python3
949855452,150,cuGetProcAddress_v2,0,1563,267968,267968,20,python3
949855773,140,cuGetProcAddress_v2,0,1564,267968,267968,20,python3
949856083,181,cuGetProcAddress_v2,0,1565,267968,267968,20,python3
949856424,140,cuGetProcAddress_v2,0,1566,267968,267968,20,python3
949856734,131,cuGetProcAddress_v2,0,1567,267968,267968,20,python3
949857035,140,cuGetProcAddress_v2,0,1568,267968,267968,20,python3
949857336,160,cuGetProcAddress_v2,0,1569,267968,267968,20,python3
949857676,151,cuGetProcAddress_v2,0,1570,267968,267968,20,python3
949857997,170,cuGetProcAddress_v2,0,1571,267968,267968,20,python3
949858348,160,cuGetProcAddress_v2,0,1572,267968,267968,20,python3
949858678,120,cuGetProcAddress_v2,0,1573,267968,267968,20,python3
949858969,160,cuGetProcAddress_v2,0,1574,267968,267968,20,python3
949859299,201,cuGetProcAddress_v2,0,1575,267968,267968,20,python3
949859670,200,cuGetProcAddress_v2,0,1576,267968,267968,20,python3
949860031,170,cuGetProcAddress_v2,0,1577,267968,267968,20,python3
949860361,201,cuGetProcAddress_v2,0,1578,267968,267968,20,python3
949860842,191,cuGetProcAddress_v2,0,1579,267968,267968,20,python3
949861213,170,cuGetProcAddress_v2,0,1580,267968,267968,20,python3
949861554,160,cuGetProcAddress_v2,0,1581,267968,267968,20,python3
949861884,141,cuGetProcAddress_v2,0,1582,267968,267968,20,python3
949862195,180,cuGetProcAddress_v2,0,1583,267968,267968,20,python3
949862656,140,cuGetProcAddress_v2,0,1584,267968,267968,20,python3
949862966,171,cuGetProcAddress_v2,0,1585,267968,267968,20,python3
949863307,130,cuGetProcAddress_v2,0,1586,267968,267968,20,python3
949863718,210,cuGetProcAddress_v2,0,1587,267968,267968,20,python3
949864109,140,cuGetProcAddress_v2,0,1588,267968,267968,20,python3
949864419,170,cuGetProcAddress_v2,0,1589,267968,267968,20,python3
949864760,130,cuGetProcAddress_v2,0,1590,267968,267968,20,python3
949865070,171,cuGetProcAddress_v2,0,1591,267968,267968,20,python3
949865511,130,cuGetProcAddress_v2,0,1592,267968,267968,20,python3
949865812,130,cuGetProcAddress_v2,0,1593,267968,267968,20,python3
949866112,141,cuGetProcAddress_v2,0,1594,267968,267968,20,python3
949866423,140,cuGetProcAddress_v2,0,1595,267968,267968,20,python3
949866724,190,cuGetProcAddress_v2,0,1596,267968,267968,20,python3
949867184,181,cuGetProcAddress_v2,0,1597,267968,267968,20,python3
949867535,190,cuGetProcAddress_v2,0,1598,267968,267968,20,python3
949868076,190,cuGetProcAddress_v2,0,1599,267968,267968,20,python3
949868547,140,cuGetProcAddress_v2,0,1600,267968,267968,20,python3
949868858,150,cuGetProcAddress_v2,0,1601,267968,267968,20,python3
949869178,191,cuGetProcAddress_v2,0,1602,267968,267968,20,python3
949869539,140,cuGetProcAddress_v2,0,1603,267968,267968,20,python3
949869930,130,cuGetProcAddress_v2,0,1604,267968,267968,20,python3
949870230,130,cuGetProcAddress_v2,0,1605,267968,267968,20,python3
949870531,130,cuGetProcAddress_v2,0,1606,267968,267968,20,python3
949870841,151,cuGetProcAddress_v2,0,1607,267968,267968,20,python3
949871162,110,cuGetProcAddress_v2,0,1608,267968,267968,20,python3
949871443,110,cuGetProcAddress_v2,0,1609,267968,267968,20,python3
949871723,110,cuGetProcAddress_v2,0,1610,267968,267968,20,python3
949872004,120,cuGetProcAddress_v2,0,1611,267968,267968,20,python3
949872294,140,cuGetProcAddress_v2,0,1612,267968,267968,20,python3
949872595,130,cuGetProcAddress_v2,0,1613,267968,267968,20,python3
949872895,141,cuGetProcAddress_v2,0,1614,267968,267968,20,python3
949873206,140,cuGetProcAddress_v2,0,1615,267968,267968,20,python3
949873597,140,cuGetProcAddress_v2,0,1616,267968,267968,20,python3
949873907,141,cuGetProcAddress_v2,0,1617,267968,267968,20,python3
949874208,150,cuGetProcAddress_v2,0,1618,267968,267968,20,python3
949874528,141,cuGetProcAddress_v2,0,1619,267968,267968,20,python3
949874849,140,cuGetProcAddress_v2,0,1620,267968,267968,20,python3
949875150,140,cuGetProcAddress_v2,0,1621,267968,267968,20,python3
949875450,171,cuGetProcAddress_v2,0,1622,267968,267968,20,python3
949875891,130,cuGetProcAddress_v2,0,1623,267968,267968,20,python3
949876282,160,cuGetProcAddress_v2,0,1624,267968,267968,20,python3
949876602,131,cuGetProcAddress_v2,0,1625,267968,267968,20,python3
949876903,140,cuGetProcAddress_v2,0,1626,267968,267968,20,python3
949877294,150,cuGetProcAddress_v2,0,1627,267968,267968,20,python3
949877604,131,cuGetProcAddress_v2,0,1628,267968,267968,20,python3
949877995,130,cuGetProcAddress_v2,0,1629,267968,267968,20,python3
949878296,170,cuGetProcAddress_v2,0,1630,267968,267968,20,python3
949878636,151,cuGetProcAddress_v2,0,1631,267968,267968,20,python3
949879047,150,cuGetProcAddress_v2,0,1632,267968,267968,20,python3
949879358,150,cuGetProcAddress_v2,0,1633,267968,267968,20,python3
949879668,171,cuGetProcAddress_v2,0,1634,267968,267968,20,python3
949880089,140,cuGetProcAddress_v2,0,1635,267968,267968,20,python3
949880410,160,cuGetProcAddress_v2,0,1636,267968,267968,20,python3
949880820,171,cuGetProcAddress_v2,0,1637,267968,267968,20,python3
949881151,481,cuGetProcAddress_v2,0,1638,267968,267968,20,python3
949881792,171,cuGetProcAddress_v2,0,1639,267968,267968,20,python3
949882133,190,cuGetProcAddress_v2,0,1640,267968,267968,20,python3
949882484,200,cuGetProcAddress_v2,0,1641,267968,267968,20,python3
949882854,131,cuGetProcAddress_v2,0,1642,267968,267968,20,python3
949883145,160,cuGetProcAddress_v2,0,1643,267968,267968,20,python3
949883476,220,cuGetProcAddress_v2,0,1644,267968,267968,20,python3
949883866,191,cuGetProcAddress_v2,0,1645,267968,267968,20,python3
949884217,140,cuGetProcAddress_v2,0,1646,267968,267968,20,python3
949884528,140,cuGetProcAddress_v2,0,1647,267968,267968,20,python3
949884838,120,cuGetProcAddress_v2,0,1648,267968,267968,20,python3
949885129,170,cuGetProcAddress_v2,0,1649,267968,267968,20,python3
949885469,141,cuGetProcAddress_v2,0,1650,267968,267968,20,python3
949885780,170,cuGetProcAddress_v2,0,1651,267968,267968,20,python3
949886121,160,cuGetProcAddress_v2,0,1652,267968,267968,20,python3
949886451,130,cuGetProcAddress_v2,0,1653,267968,267968,20,python3
949886752,230,cuGetProcAddress_v2,0,1654,267968,267968,20,python3
949887153,210,cuGetProcAddress_v2,0,1655,267968,267968,20,python3
949887533,131,cuGetProcAddress_v2,0,1656,267968,267968,20,python3
949887834,150,cuGetProcAddress_v2,0,1657,267968,267968,20,python3
949888154,141,cuGetProcAddress_v2,0,1658,267968,267968,20,python3
949888455,130,cuGetProcAddress_v2,0,1659,267968,267968,20,python3
949888756,170,cuGetProcAddress_v2,0,1660,267968,267968,20,python3
949889086,361,cuGetProcAddress_v2,0,1661,267968,267968,20,python3
949889617,120,cuGetProcAddress_v2,0,1662,267968,267968,20,python3
949889898,160,cuGetProcAddress_v2,0,1663,267968,267968,20,python3
949890639,882,cuInit,0,1665,267968,267968,20,python3
949892222,130,cuModuleGetLoadingMode,0,1666,267968,267968,20,python3
953910687,551,cudaGetDriverEntryPoint_v11030,0,1806,267968,267968,20,python3
953911849,421,cudaGetDriverEntryPoint_v11030,0,1808,267968,267968,20,python3
961809702,1363,cuInit,0,1812,267968,267968,20,python3
961821645,18645,cudaMalloc,0,1814,267968,267968,20,python3
961840851,1944,cudaEventCreateWithFlags,0,1815,267968,267968,20,python3
961842995,481,cudaEventCreateWithFlags,0,1816,267968,267968,20,python3
961843657,431,cudaEventCreateWithFlags,0,1817,267968,267968,20,python3
961844308,421,cudaEventCreateWithFlags,0,1818,267968,267968,20,python3
961844899,431,cudaEventCreateWithFlags,0,1819,267968,267968,20,python3
961845500,411,cudaEventCreateWithFlags,0,1820,267968,267968,20,python3
961846081,1734,cudaEventCreateWithFlags,0,1821,267968,267968,20,python3
961848035,441,cudaEventCreateWithFlags,0,1822,267968,267968,20,python3
961848827,4158,cudaMalloc,0,1823,267968,267968,20,python3
961853315,541,cudaEventCreateWithFlags,0,1824,267968,267968,20,python3
961854047,410,cudaEventCreateWithFlags,0,1825,267968,267968,20,python3
961854638,411,cudaEventCreateWithFlags,0,1826,267968,267968,20,python3
961855219,1623,cudaEventCreateWithFlags,0,1827,267968,267968,20,python3
961857062,471,cudaEventCreateWithFlags,0,1828,267968,267968,20,python3
961857704,430,cudaEventCreateWithFlags,0,1829,267968,267968,20,python3
961858305,411,cudaEventCreateWithFlags,0,1830,267968,267968,20,python3
961858886,421,cudaEventCreateWithFlags,0,1831,267968,267968,20,python3
961859557,148854,cudaMalloc,0,1832,267968,267968,20,python3
962009163,892,cudaEventCreateWithFlags,0,1833,267968,267968,20,python3
962010245,431,cudaEventCreateWithFlags,0,1834,267968,267968,20,python3
962092071,752,cuInit,0,1835,267968,267968,20,python3
962095518,942,cudaFree,0,1836,267968,267968,20,python3
962102661,4699,cudaMalloc,0,1839,267968,267968,20,python3
962107791,621,cudaEventCreateWithFlags,0,1840,267968,267968,20,python3
962108603,421,cudaEventCreateWithFlags,0,1841,267968,267968,20,python3
962109194,421,cudaEventCreateWithFlags,0,1842,267968,267968,20,python3
962109785,421,cudaEventCreateWithFlags,0,1843,267968,267968,20,python3
962110376,411,cudaEventCreateWithFlags,0,1844,267968,267968,20,python3
962110957,1834,cudaEventCreateWithFlags,0,1845,267968,267968,20,python3
962112991,441,cudaEventCreateWithFlags,0,1846,267968,267968,20,python3
962113602,411,cudaEventCreateWithFlags,0,1847,267968,267968,20,python3
962114233,3177,cudaMalloc,0,1848,267968,267968,20,python3
962117710,491,cudaEventCreateWithFlags,0,1849,267968,267968,20,python3
962118381,411,cudaEventCreateWithFlags,0,1850,267968,267968,20,python3
962118963,1623,cudaEventCreateWithFlags,0,1851,267968,267968,20,python3
962120786,451,cudaEventCreateWithFlags,0,1852,267968,267968,20,python3
962121407,411,cudaEventCreateWithFlags,0,1853,267968,267968,20,python3
962121988,401,cudaEventCreateWithFlags,0,1854,267968,267968,20,python3
962122559,411,cudaEventCreateWithFlags,0,1855,267968,267968,20,python3
962123140,401,cudaEventCreateWithFlags,0,1856,267968,267968,20,python3
962123782,73610,cudaMalloc,0,1857,267968,267968,20,python3
962197873,882,cudaEventCreateWithFlags,0,1858,267968,267968,20,python3
962198945,431,cudaEventCreateWithFlags,0,1859,267968,267968,20,python3
962219725,1358514,cudaStreamCreateWithFlags,0,1860,267968,267968,20,python3
963578971,3396,cudaEventCreate,0,1861,267968,267968,20,python3
963583139,781,cudaFree,0,1862,267968,267968,20,python3
963589651,5531,cudaMalloc,0,1865,267968,267968,20,python3
963595653,641,cudaEventCreateWithFlags,0,1866,267968,267968,20,python3
963596494,1814,cudaEventCreateWithFlags,0,1867,267968,267968,20,python3
963598508,461,cudaEventCreateWithFlags,0,1868,267968,267968,20,python3
963599129,441,cudaEventCreateWithFlags,0,1869,267968,267968,20,python3
963599730,431,cudaEventCreateWithFlags,0,1870,267968,267968,20,python3
963600372,430,cudaEventCreateWithFlags,0,1871,267968,267968,20,python3
963600973,431,cudaEventCreateWithFlags,0,1872,267968,267968,20,python3
963601574,421,cudaEventCreateWithFlags,0,1873,267968,267968,20,python3
963602225,4489,cudaMalloc,0,1874,267968,267968,20,python3
963607054,531,cudaEventCreateWithFlags,0,1875,267968,267968,20,python3
963607776,431,cudaEventCreateWithFlags,0,1876,267968,267968,20,python3
963608387,421,cudaEventCreateWithFlags,0,1877,267968,267968,20,python3
963608978,411,cudaEventCreateWithFlags,0,1878,267968,267968,20,python3
963609559,411,cudaEventCreateWithFlags,0,1879,267968,267968,20,python3
963610140,411,cudaEventCreateWithFlags,0,1880,267968,267968,20,python3
963610711,3016,cudaEventCreateWithFlags,0,1881,267968,267968,20,python3
963613928,460,cudaEventCreateWithFlags,0,1882,267968,267968,20,python3
963614639,68210,cudaMalloc,0,1883,267968,267968,20,python3
963683450,752,cudaEventCreateWithFlags,0,1884,267968,267968,20,python3
963684392,441,cudaEventCreateWithFlags,0,1885,267968,267968,20,python3
963703819,3858,cudaStreamCreateWithFlags,0,1886,267968,267968,20,python3
963707927,701,cudaEventCreate,0,1887,267968,267968,20,python3
963708899,451,cudaFree,0,1888,267968,267968,20,python3
963712526,4859,cudaMalloc,0,1891,267968,267968,20,python3
963717756,601,cudaEventCreateWithFlags,0,1892,267968,267968,20,python3
963718537,421,cudaEventCreateWithFlags,0,1893,267968,267968,20,python3
963719128,421,cudaEventCreateWithFlags,0,1894,267968,267968,20,python3
963719720,410,cudaEventCreateWithFlags,0,1895,267968,267968,20,python3
963720301,400,cudaEventCreateWithFlags,0,1896,267968,267968,20,python3
963720872,411,cudaEventCreateWithFlags,0,1897,267968,267968,20,python3
963721453,1683,cudaEventCreateWithFlags,0,1898,267968,267968,20,python3
963723447,451,cudaEventCreateWithFlags,0,1899,267968,267968,20,python3
963724128,2745,cudaMalloc,0,1900,267968,267968,20,python3
963727174,501,cudaEventCreateWithFlags,0,1901,267968,267968,20,python3
963727855,421,cudaEventCreateWithFlags,0,1902,267968,267968,20,python3
963728456,421,cudaEventCreateWithFlags,0,1903,267968,267968,20,python3
963729047,1634,cudaEventCreateWithFlags,0,1904,267968,267968,20,python3
963730891,451,cudaEventCreateWithFlags,0,1905,267968,267968,20,python3
963731522,421,cudaEventCreateWithFlags,0,1906,267968,267968,20,python3
963732153,401,cudaEventCreateWithFlags,0,1907,267968,267968,20,python3
963732724,401,cudaEventCreateWithFlags,0,1908,267968,267968,20,python3
963733386,69863,cudaMalloc,0,1909,267968,267968,20,python3
963803720,741,cudaEventCreateWithFlags,0,1910,267968,267968,20,python3
963804662,421,cudaEventCreateWithFlags,0,1911,267968,267968,20,python3
963824339,3758,cudaStreamCreateWithFlags,0,1912,267968,267968,20,python3
963828337,681,cudaEventCreate,0,1913,267968,267968,20,python3
963830782,64343,cudaMalloc,0,1914,267968,267968,20,python3
963902980,681,cudaFree,0,1915,267968,267968,20,python3
963912037,441,cudaFree,0,1916,267968,267968,20,python3
963918449,5400,cudaMalloc,0,1919,267968,267968,20,python3
963924250,782,cudaEventCreateWithFlags,0,1920,267968,267968,20,python3
963925222,431,cudaEventCreateWithFlags,0,1921,267968,267968,20,python3
963925823,421,cudaEventCreateWithFlags,0,1922,267968,267968,20,python3
963926414,411,cudaEventCreateWithFlags,0,1923,267968,267968,20,python3
963926995,411,cudaEventCreateWithFlags,0,1924,267968,267968,20,python3
963927577,1713,cudaEventCreateWithFlags,0,1925,267968,267968,20,python3
963929500,461,cudaEventCreateWithFlags,0,1926,267968,267968,20,python3
963930131,411,cudaEventCreateWithFlags,0,1927,267968,267968,20,python3
963930773,2955,cudaMalloc,0,1928,267968,267968,20,python3
963934029,521,cudaEventCreateWithFlags,0,1929,267968,267968,20,python3
963934750,411,cudaEventCreateWithFlags,0,1930,267968,267968,20,python3
963935331,411,cudaEventCreateWithFlags,0,1931,267968,267968,20,python3
963935912,1804,cudaEventCreateWithFlags,0,1932,267968,267968,20,python3
963937906,441,cudaEventCreateWithFlags,0,1933,267968,267968,20,python3
963938517,411,cudaEventCreateWithFlags,0,1934,267968,267968,20,python3
963939089,410,cudaEventCreateWithFlags,0,1935,267968,267968,20,python3
963939660,410,cudaEventCreateWithFlags,0,1936,267968,267968,20,python3
963940311,59874,cudaMalloc,0,1937,267968,267968,20,python3
964000676,772,cudaEventCreateWithFlags,0,1938,267968,267968,20,python3
964001648,431,cudaEventCreateWithFlags,0,1939,267968,267968,20,python3
964028870,3958,cudaStreamIsCapturing_v10000,0,1942,267968,267968,20,python3
964033389,1382,cudaStreamGetDevice_v12080,0,1943,267968,267968,20,python3
964050040,4068,cudaMalloc,0,1954,267968,267968,20,python3
964054359,4999,cudaMalloc,0,1955,267968,267968,20,python3
964059709,8676,cudaMallocHost,0,1956,267968,267968,20,python3
964068886,12955,cudaMemsetAsync,0,1957,267968,267968,20,python3
964083074,13475,cudaMemcpyAsync,0,1958,267968,267968,20,python3
964097130,4108,cudaMemcpyAsync,0,1959,267968,267968,20,python3
964101559,5841,cudaMemcpyAsync,0,1960,267968,267968,20,python3
964107741,4348,cudaMemcpyAsync,0,1961,267968,267968,20,python3
964112410,3977,cudaMemcpyAsync,0,1962,267968,267968,20,python3
964118842,123385,cudaLaunchKernel,0,1963,267968,267968,20,python3
964243690,7655,cudaMemcpyAsync,0,1965,267968,267968,20,python3
964251806,7664,cudaEventRecord,0,1966,267968,267968,20,python3
964259971,3858,cudaEventSynchronize,0,1967,267968,267968,20,python3
964264229,3788,cudaMemcpyAsync,0,1968,267968,267968,20,python3
964268397,2816,cudaEventRecord,0,1969,267968,267968,20,python3
964271473,842,cudaEventSynchronize,0,1970,267968,267968,20,python3
1009940651,39055,cudaMallocHost,0,1971,267968,267968,20,python3
1010664934,3113957,cudaMallocHost,0,1972,267968,267968,20,python3
1013816092,9609,cudaMallocHost,0,1973,267968,267968,20,python3
1013827925,9979,cudaMalloc,0,1974,267968,267968,20,python3
1013844136,27562,cudaMemcpyAsync,0,1976,267968,267968,20,python3
1013891005,12729801,cudaMallocHost,0,1977,267968,267968,20,python3
1031700598,225961,cudaMalloc,0,1978,267968,267968,20,python3
1031940536,28935,cudaMemcpyAsync,0,1981,267968,267968,20,python3
1031992856,1103317,cudaMalloc,0,1983,267968,267968,20,python3
1033147310,667666,cudaFree,0,1984,267968,267968,20,python3
1033817059,1076777,cudaMallocHost,0,1985,267968,267968,20,python3
1035049022,75925,cudaMalloc,0,1986,267968,267968,20,python3
1035132402,58151,cudaMalloc,0,1987,267968,267968,20,python3
1035191154,10179,cudaMallocHost,0,1988,267968,267968,20,python3
1035202075,11782,cudaStreamCreateWithFlags,0,1989,267968,267968,20,python3
1035214398,2395,cudaEventCreateWithFlags,0,1990,267968,267968,20,python3
1035217344,31610,cudaMemsetAsync,0,1991,267968,267968,20,python3
1035249455,9288,cudaMemcpyAsync,0,1992,267968,267968,20,python3
1035260777,4598,cudaMemcpyAsync,0,1993,267968,267968,20,python3
1035265636,5280,cudaMemcpyAsync,0,1994,267968,267968,20,python3
1035271177,4518,cudaMemcpyAsync,0,1995,267968,267968,20,python3
1035275956,4178,cudaMemcpyAsync,0,1996,267968,267968,20,python3
1035280394,3537,cudaMemcpyAsync,0,1997,267968,267968,20,python3
1035284191,5060,cudaMemcpyAsync,0,1998,267968,267968,20,python3
1035289502,3596,cudaMemcpyAsync,0,1999,267968,267968,20,python3
1035293359,3617,cudaMemcpyAsync,0,2000,267968,267968,20,python3
1035297236,72439,cudaMemcpyAsync,0,2001,267968,267968,20,python3
1035369965,5681,cudaMemcpyAsync,0,2002,267968,267968,20,python3
1035375897,4157,cudaMemcpyAsync,0,2003,267968,267968,20,python3
1035380345,3637,cudaMemcpyAsync,0,2004,267968,267968,20,python3
1035384242,53623,cudaMemcpyAsync,0,2005,267968,267968,20,python3
1035439338,4047,cudaMemcpyAsync,0,2006,267968,267968,20,python3
1035443646,6843,cudaMemcpyAsync,0,2007,267968,267968,20,python3
1035450790,3446,cudaMemsetAsync,0,2008,267968,267968,20,python3
1035454487,3106,cudaMemsetAsync,0,2009,267968,267968,20,python3
1035457843,2575,cudaMemsetAsync,0,2010,267968,267968,20,python3
1035473914,3617,cudaMemcpyAsync,0,2011,267968,267968,20,python3
1035478292,74773,cudaMalloc,0,2012,267968,267968,20,python3
1035561200,6463,cudaMemcpyAsync,0,2015,267968,267968,20,python3
1035567943,4088,cudaMemsetAsync,0,2016,267968,267968,20,python3
1035572402,2585,cudaMemsetAsync,0,2017,267968,267968,20,python3
1035575237,2525,cudaMemsetAsync,0,2018,267968,267968,20,python3
1035585096,101143,cudaLaunchKernel,0,2019,267968,267968,20,python3
1035687371,3477,cudaMemsetAsync,0,2021,267968,267968,20,python3
1035691650,23404,cudaLaunchKernel,0,2022,267968,267968,20,python3
1035716337,62800,cudaLaunchKernel,0,2024,267968,267968,20,python3
1035789036,43605817,cudaLaunchKernel,0,2026,267968,267968,20,python3
1079396987,5230,cudaMemsetAsync,0,2028,267968,267968,20,python3
1079405864,505555,cudaLaunchKernel,0,2029,267968,267968,20,python3
1079912932,22122,cudaLaunchKernel,0,2031,267968,267968,20,python3
1079935926,17584,cudaLaunchKernel,0,2033,267968,267968,20,python3
1079954872,5300,cudaLaunchKernel,0,2035,267968,267968,20,python3
1079965613,11620843,cudaLaunchKernel,0,2037,267968,267968,20,python3
1091589932,10460,cudaMemsetAsync,0,2039,267968,267968,20,python3
1091602326,21932,cudaLaunchKernel,0,2040,267968,267968,20,python3
1091625190,30488,cudaLaunchKernel,0,2042,267968,267968,20,python3
1094120465,2761314,cuLibraryLoadData,0,2043,267968,267968,20,python3
1096883211,6092,cuLibraryGetKernel,0,2044,267968,267968,20,python3
1099471825,2473384,cuLibraryLoadData,0,2046,267968,267968,20,python3
1101947072,662,cuLibraryGetKernel,0,2047,267968,267968,20,python3
1104647169,2504663,cuLibraryLoadData,0,2049,267968,267968,20,python3
1107153475,812,cuLibraryGetKernel,0,2050,267968,267968,20,python3
1109445092,2290704,cuLibraryLoadData,0,2052,267968,267968,20,python3
1111737410,631,cuLibraryGetKernel,0,2053,267968,267968,20,python3
1113787565,2175695,cuLibraryLoadData,0,2055,267968,267968,20,python3
1115964903,551,cuLibraryGetKernel,0,2056,267968,267968,20,python3
1118277139,2342313,cuLibraryLoadData,0,2058,267968,267968,20,python3
1120620845,6071,cuLibraryGetKernel,0,2059,267968,267968,20,python3
1122736365,2062800,cuLibraryLoadData,0,2061,267968,267968,20,python3
1124800497,661,cuLibraryGetKernel,0,2062,267968,267968,20,python3
1127176324,2316064,cuLibraryLoadData,0,2064,267968,267968,20,python3
1129494071,651,cuLibraryGetKernel,0,2065,267968,267968,20,python3
1131482298,2165545,cuLibraryLoadData,0,2067,267968,267968,20,python3
1133649587,831,cuLibraryGetKernel,0,2068,267968,267968,20,python3
1135962754,2357162,cuLibraryLoadData,0,2070,267968,267968,20,python3
1138322090,682,cuLibraryGetKernel,0,2071,267968,267968,20,python3
1140327049,2263343,cuLibraryLoadData,0,2073,267968,267968,20,python3
1142592175,571,cuLibraryGetKernel,0,2074,267968,267968,20,python3
1143851801,1398761,cuLibraryLoadData,0,2076,267968,267968,20,python3
1145251364,490,cuLibraryGetKernel,0,2077,267968,267968,20,python3
1146494277,1299783,cuLibraryLoadData,0,2079,267968,267968,20,python3
1147794771,411,cuLibraryGetKernel,0,2080,267968,267968,20,python3
1149030160,1187348,cuLibraryLoadData,0,2082,267968,267968,20,python3
1150218219,371,cuLibraryGetKernel,0,2083,267968,267968,20,python3
1151438299,1300514,cuLibraryLoadData,0,2085,267968,267968,20,python3
1152739414,411,cuLibraryGetKernel,0,2086,267968,267968,20,python3
1166348484,30108,cudaLaunchKernel,0,2136,267968,267968,20,python3
1166383671,12144,cudaMemsetAsync,0,2138,267968,267968,20,python3
1166398390,32552,cudaLaunchKernel,0,2139,267968,267968,20,python3
1166432855,26681,cudaLaunchKernel,0,2141,267968,267968,20,python3
1166545440,6904,cudaLaunchKernel,0,2145,267968,267968,20,python3
1166553225,4499,cudaMemsetAsync,0,2147,267968,267968,20,python3
1166558305,4779,cudaLaunchKernel,0,2148,267968,267968,20,python3
1166563775,4780,cudaLaunchKernel,0,2150,267968,267968,20,python3
1166655671,7855,cudaLaunchKernel,0,2156,267968,267968,20,python3
1166664678,4238,cudaMemsetAsync,0,2158,267968,267968,20,python3
1166669487,4819,cudaLaunchKernel,0,2159,267968,267968,20,python3
1166675008,4569,cudaLaunchKernel,0,2161,267968,267968,20,python3
1166734351,6242,cudaLaunchKernel,0,2166,267968,267968,20,python3
1166741334,3617,cudaMemsetAsync,0,2168,267968,267968,20,python3
1166745442,4619,cudaLaunchKernel,0,2169,267968,267968,20,python3
1166750722,4810,cudaLaunchKernel,0,2171,267968,267968,20,python3
1166805487,5521,cudaLaunchKernel,0,2176,267968,267968,20,python3
1166812050,3646,cudaMemsetAsync,0,2178,267968,267968,20,python3
1166816228,4498,cudaLaunchKernel,0,2179,267968,267968,20,python3
1166821397,4579,cudaLaunchKernel,0,2181,267968,267968,20,python3
1166874589,5510,cudaLaunchKernel,0,2186,267968,267968,20,python3
1166880921,3557,cudaMemsetAsync,0,2188,267968,267968,20,python3
1166884929,4488,cudaLaunchKernel,0,2189,267968,267968,20,python3
1166890139,4669,cudaLaunchKernel,0,2191,267968,267968,20,python3
1166938982,5400,cudaLaunchKernel,0,2195,267968,267968,20,python3
1166945164,3436,cudaMemsetAsync,0,2197,267968,267968,20,python3
1166949041,4519,cudaLaunchKernel,0,2198,267968,267968,20,python3
1166954211,4459,cudaLaunchKernel,0,2200,267968,267968,20,python3
1167004076,5371,cudaLaunchKernel,0,2204,267968,267968,20,python3
1167010288,3276,cudaMemsetAsync,0,2206,267968,267968,20,python3
1167014015,4349,cudaLaunchKernel,0,2207,267968,267968,20,python3
1167019065,4609,cudaLaunchKernel,0,2209,267968,267968,20,python3
1167069581,5100,cudaLaunchKernel,0,2213,267968,267968,20,python3
1167075483,3466,cudaMemsetAsync,0,2215,267968,267968,20,python3
1167079380,4569,cudaLaunchKernel,0,2216,267968,267968,20,python3
1167084640,4539,cudaLaunchKernel,0,2218,267968,267968,20,python3
1167134886,5450,cudaLaunchKernel,0,2222,267968,267968,20,python3
1167141108,3246,cudaMemsetAsync,0,2224,267968,267968,20,python3
1167144815,4298,cudaLaunchKernel,0,2225,267968,267968,20,python3
1167149744,4750,cudaLaunchKernel,0,2227,267968,267968,20,python3
1167203728,5039,cudaLaunchKernel,0,2231,267968,267968,20,python3
1167209489,3306,cudaMemsetAsync,0,2233,267968,267968,20,python3
1167213246,4468,cudaLaunchKernel,0,2234,267968,267968,20,python3
1167218416,4588,cudaLaunchKernel,0,2236,267968,267968,20,python3
1167276517,5941,cudaLaunchKernel,0,2240,267968,267968,20,python3
1167283279,3527,cudaMemsetAsync,0,2242,267968,267968,20,python3
1167287307,4469,cudaLaunchKernel,0,2243,267968,267968,20,python3
1167292487,4649,cudaLaunchKernel,0,2245,267968,267968,20,python3
1167346150,5260,cudaLaunchKernel,0,2249,267968,267968,20,python3
1167353213,48643,cudaLaunchKernel,0,2251,267968,267968,20,python3
1167403740,26891,cudaLaunchKernel,0,2253,267968,267968,20,python3
1167432374,7925,cudaMemsetAsync,0,2255,267968,267968,20,python3
1167447273,11080491,cudaLaunchKernel,0,2256,267968,267968,20,python3
1178533585,38934,cudaLaunchKernel,0,2258,267968,267968,20,python3
1178574493,25809,cudaLaunchKernel,0,2260,267968,267968,20,python3
1178601615,22333,cudaLaunchKernel,0,2262,267968,267968,20,python3
1178624899,95924,cudaLaunchKernel,0,2264,267968,267968,20,python3
1178721895,21992,cudaLaunchKernel,0,2266,267968,267968,20,python3
1178745359,227976,cudaLaunchKernel,0,2268,267968,267968,20,python3
1178975549,27703,cudaLaunchKernel,0,2270,267968,267968,20,python3
1179003993,5090,cudaLaunchKernel,0,2272,267968,267968,20,python3
1179009985,94120,cudaLaunchKernel,0,2274,267968,267968,20,python3
1179105507,21551,cudaLaunchKernel,0,2276,267968,267968,20,python3
1179128291,21200,cudaLaunchKernel,0,2278,267968,267968,20,python3
1179151685,26190,cudaLaunchKernel,0,2280,267968,267968,20,python3
1179178927,4539,cudaLaunchKernel,0,2282,267968,267968,20,python3
1179184508,90733,cudaLaunchKernel,0,2284,267968,267968,20,python3
1179276484,21731,cudaLaunchKernel,0,2286,267968,267968,20,python3
1179299157,21431,cudaLaunchKernel,0,2288,267968,267968,20,python3
1179322221,25619,cudaLaunchKernel,0,2290,267968,267968,20,python3
1179348652,4418,cudaLaunchKernel,0,2292,267968,267968,20,python3
1179353912,101223,cudaLaunchKernel,0,2294,267968,267968,20,python3
1179456187,20880,cudaLaunchKernel,0,2296,267968,267968,20,python3
1179478099,20810,cudaLaunchKernel,0,2298,267968,267968,20,python3
1179500892,24577,cudaLaunchKernel,0,2300,267968,267968,20,python3
1179526331,4609,cudaLaunchKernel,0,2302,267968,267968,20,python3
1179532132,109409,cudaLaunchKernel,0,2304,267968,267968,20,python3
1179642683,21161,cudaLaunchKernel,0,2306,267968,267968,20,python3
1179664936,21701,cudaLaunchKernel,0,2308,267968,267968,20,python3
1179688360,26741,cudaLaunchKernel,0,2310,267968,267968,20,python3
1179715863,4418,cudaLaunchKernel,0,2312,267968,267968,20,python3
1179721624,116031,cudaLaunchKernel,0,2314,267968,267968,20,python3
1179838707,25950,cudaLaunchKernel,0,2316,267968,267968,20,python3
1179865519,32582,cudaLaunchKernel,0,2318,267968,267968,20,python3
1179899864,254506,cudaLaunchKernel,0,2320,267968,267968,20,python3
1180155182,4599,cudaLaunchKernel,0,2322,267968,267968,20,python3
1180160482,4509,cudaLaunchKernel,0,2324,267968,267968,20,python3
1180165662,4629,cudaLaunchKernel,0,2326,267968,267968,20,python3
1180171583,16422,cudaLaunchKernel,0,2328,267968,267968,20,python3
1180189357,17443,cudaLaunchKernel,0,2330,267968,267968,20,python3
1180207301,17574,cudaLaunchKernel,0,2331,267968,267968,20,python3
1180234904,1774168,cudaLaunchKernel,0,2333,267968,267968,20,python3
1182017468,964542,cudaLaunchKernel,0,2335,267968,267968,20,python3
1182983423,21852,cudaLaunchKernel,0,2337,267968,267968,20,python3
1183006197,22553,cudaLaunchKernel,0,2339,267968,267968,20,python3
1183029682,18775,cudaLaunchKernel,0,2342,267968,267968,20,python3
1183049139,4598,cudaLaunchKernel,0,2344,267968,267968,20,python3
1183054359,4689,cudaLaunchKernel,0,2346,267968,267968,20,python3
1183059879,4338,cudaLaunchKernel,0,2349,267968,267968,20,python3
1183064839,4298,cudaLaunchKernel,0,2351,267968,267968,20,python3
1183069878,4188,cudaLaunchKernel,0,2353,267968,267968,20,python3
1183074838,4308,cudaLaunchKernel,0,2356,267968,267968,20,python3
1183079727,4238,cudaLaunchKernel,0,2358,267968,267968,20,python3
1183084536,4308,cudaLaunchKernel,0,2360,267968,267968,20,python3
1183089606,26521,cudaLaunchKernel,0,2362,267968,267968,20,python3
1183116938,4308,cudaLaunchKernel,0,2364,267968,267968,20,python3
1183121838,4248,cudaLaunchKernel,0,2366,267968,267968,20,python3
1183126867,4499,cudaLaunchKernel,0,2369,267968,267968,20,python3
1183131957,4308,cudaLaunchKernel,0,2371,267968,267968,20,python3
1183136836,4348,cudaLaunchKernel,0,2373,267968,267968,20,python3
1183142236,4138,cudaLaunchKernel,0,2376,267968,267968,20,python3
1183146945,4469,cudaLaunchKernel,0,2378,267968,267968,20,python3
1183151995,4108,cudaLaunchKernel,0,2380,267968,267968,20,python3
1183156874,4319,cudaLaunchKernel,0,2383,267968,267968,20,python3
1183161774,4108,cudaLaunchKernel,0,2385,267968,267968,20,python3
1183166453,4198,cudaLaunchKernel,0,2387,267968,267968,20,python3
1183171362,4178,cudaLaunchKernel,0,2389,267968,267968,20,python3
1183176211,4198,cudaLaunchKernel,0,2391,267968,267968,20,python3
1183180980,4088,cudaLaunchKernel,0,2393,267968,267968,20,python3
1183185830,4448,cudaLaunchKernel,0,2396,267968,267968,20,python3
1183190849,4188,cudaLaunchKernel,0,2398,267968,267968,20,python3
1183195608,4198,cudaLaunchKernel,0,2400,267968,267968,20,python3
1183200568,4408,cudaLaunchKernel,0,2403,267968,267968,20,python3
1183205547,4118,cudaLaunchKernel,0,2405,267968,267968,20,python3
1183210236,4158,cudaLaunchKernel,0,2407,267968,267968,20,python3
1183215156,4388,cudaLaunchKernel,0,2410,267968,267968,20,python3
1183220115,4208,cudaLaunchKernel,0,2412,267968,267968,20,python3
1183224974,4309,cudaLaunchKernel,0,2414,267968,267968,20,python3
1183229994,4288,cudaLaunchKernel,0,2416,267968,267968,20,python3
1183234863,4439,cudaLaunchKernel,0,2418,267968,267968,20,python3
1183239873,4078,cudaLaunchKernel,0,2420,267968,267968,20,python3
1183244722,4268,cudaLaunchKernel,0,2423,267968,267968,20,python3
1183249581,6042,cudaLaunchKernel,0,2425,267968,267968,20,python3
1183256224,4278,cudaLaunchKernel,0,2427,267968,267968,20,python3
1183261364,4288,cudaLaunchKernel,0,2430,267968,267968,20,python3
1183266233,4228,cudaLaunchKernel,0,2432,267968,267968,20,python3
1183271032,4108,cudaLaunchKernel,0,2434,267968,267968,20,python3
1183275912,4308,cudaLaunchKernel,0,2437,267968,267968,20,python3
1183280811,4118,cudaLaunchKernel,0,2439,267968,267968,20,python3
1183285510,4358,cudaLaunchKernel,0,2441,267968,267968,20,python3
1183290490,4127,cudaLaunchKernel,0,2443,267968,267968,20,python3
1183295209,4208,cudaLaunchKernel,0,2445,267968,267968,20,python3
1183299998,4098,cudaLaunchKernel,0,2447,267968,267968,20,python3
1183304857,4248,cudaLaunchKernel,0,2450,267968,267968,20,python3
1183309686,4138,cudaLaunchKernel,0,2452,267968,267968,20,python3
1183314395,4228,cudaLaunchKernel,0,2454,267968,267968,20,python3
1183319395,4208,cudaLaunchKernel,0,2457,267968,267968,20,python3
1183324184,4438,cudaLaunchKernel,0,2459,267968,267968,20,python3
1183329194,4117,cudaLaunchKernel,0,2461,267968,267968,20,python3
1183334073,4228,cudaLaunchKernel,0,2464,267968,267968,20,python3
1183338872,4138,cudaLaunchKernel,0,2466,267968,267968,20,python3
1183343591,4158,cudaLaunchKernel,0,2468,267968,267968,20,python3
1183348370,4178,cudaLaunchKernel,0,2470,267968,267968,20,python3
1183353129,4318,cudaLaunchKernel,0,2472,267968,267968,20,python3
1183358019,4097,cudaLaunchKernel,0,2474,267968,267968,20,python3
1183362878,4398,cudaLaunchKernel,0,2477,267968,267968,20,python3
1183367847,4248,cudaLaunchKernel,0,2479,267968,267968,20,python3
1183372677,4228,cudaLaunchKernel,0,2481,267968,267968,20,python3
1183377676,4178,cudaLaunchKernel,0,2484,267968,267968,20,python3
1183382435,4198,cudaLaunchKernel,0,2486,267968,267968,20,python3
1183387204,4058,cudaLaunchKernel,0,2488,267968,267968,20,python3
1183392034,4238,cudaLaunchKernel,0,2491,267968,267968,20,python3
1183396863,4017,cudaLaunchKernel,0,2493,267968,267968,20,python3
1183401472,4378,cudaLaunchKernel,0,2495,267968,267968,20,python3
1183406471,9378,cudaLaunchKernel,0,2497,267968,267968,20,python3
1183416470,4379,cudaLaunchKernel,0,2499,267968,267968,20,python3
1183421440,4198,cudaLaunchKernel,0,2501,267968,267968,20,python3
1183426409,4328,cudaLaunchKernel,0,2504,267968,267968,20,python3
1183431339,4077,cudaLaunchKernel,0,2506,267968,267968,20,python3
1183435997,4198,cudaLaunchKernel,0,2508,267968,267968,20,python3
1183440967,4208,cudaLaunchKernel,0,2511,267968,267968,20,python3
1183445756,4409,cudaLaunchKernel,0,2513,267968,267968,20,python3
1183450736,4057,cudaLaunchKernel,0,2515,267968,267968,20,python3
1183455575,4258,cudaLaunchKernel,0,2518,267968,267968,20,python3
1183460414,4318,cudaLaunchKernel,0,2520,267968,267968,20,python3
1183465313,4259,cudaLaunchKernel,0,2522,267968,267968,20,python3
1183470193,4138,cudaLaunchKernel,0,2524,267968,267968,20,python3
1183474912,4358,cudaLaunchKernel,0,2526,267968,267968,20,python3
1183479851,4148,cudaLaunchKernel,0,2528,267968,267968,20,python3
1183484771,4588,cudaLaunchKernel,0,2531,267968,267968,20,python3
1183489951,4107,cudaLaunchKernel,0,2533,267968,267968,20,python3
1183494649,4178,cudaLaunchKernel,0,2535,267968,267968,20,python3
1183499599,4118,cudaLaunchKernel,0,2538,267968,267968,20,python3
1183504298,4148,cudaLaunchKernel,0,2540,267968,267968,20,python3
1183509027,4128,cudaLaunchKernel,0,2542,267968,267968,20,python3
1183513916,4288,cudaLaunchKernel,0,2545,267968,267968,20,python3
1183518786,4318,cudaLaunchKernel,0,2547,267968,267968,20,python3
1183523685,4238,cudaLaunchKernel,0,2549,267968,267968,20,python3
1183528544,4228,cudaLaunchKernel,0,2551,267968,267968,20,python3
1183533373,4269,cudaLaunchKernel,0,2553,267968,267968,20,python3
1183538223,4118,cudaLaunchKernel,0,2555,267968,267968,20,python3
1183543112,4258,cudaLaunchKernel,0,2558,267968,267968,20,python3
1183547951,4098,cudaLaunchKernel,0,2560,267968,267968,20,python3
1183552831,18555,cudaLaunchKernel,0,2562,267968,267968,20,python3
1183578850,96855,cudaLaunchKernel,0,2564,267968,267968,20,python3
1183701484,17054060,cudaMallocHost,0,2567,267968,267968,20,python3
1203599265,207466,cudaMalloc,0,2568,267968,267968,20,python3
1203807973,2081355,cudaMemcpy,0,2569,267968,267968,20,python3
1205890150,3617,cudaEventCreateWithFlags,0,2570,267968,267968,20,python3
1205894308,5617698,cudaFreeHost,0,2571,267968,267968,20,python3
1211518138,2725,cudaStreamIsCapturing_v10000,0,2573,267968,267968,20,python3
1211521394,38273,cudaMemcpyAsync,0,2574,267968,267968,20,python3
1211560238,8607,cudaEventRecord,0,2575,267968,267968,20,python3
1211634961,13977,cudaMalloc,0,2576,267968,267968,20,python3
1211649228,7505,cudaMemcpyAsync,0,2577,267968,267968,20,python3
1211657003,11422,cudaMemcpyAsync,0,2578,267968,267968,20,python3
1211668705,3758,cudaMemcpyAsync,0,2579,267968,267968,20,python3
1211672733,3707,cudaMemcpyAsync,0,2580,267968,267968,20,python3
1211676711,3757,cudaMemcpyAsync,0,2581,267968,267968,20,python3
1211680718,3537,cudaMemcpyAsync,0,2582,267968,267968,20,python3
1211684506,4438,cudaMemcpyAsync,0,2583,267968,267968,20,python3
1211689205,4238,cudaMemcpyAsync,0,2584,267968,267968,20,python3
1211693713,3577,cudaMemcpyAsync,0,2585,267968,267968,20,python3
1211697541,3556,cudaMemcpyAsync,0,2586,267968,267968,20,python3
1211701348,3527,cudaMemcpyAsync,0,2587,267968,267968,20,python3
1211705125,3637,cudaMemcpyAsync,0,2588,267968,267968,20,python3
1211709012,86967,cudaMemcpyAsync,0,2589,267968,267968,20,python3
1211798584,131771,cudaMalloc,0,2590,267968,267968,20,python3
1211931267,15800,cudaMemsetAsync,0,2591,267968,267968,20,python3
1211947809,3566,cudaMemsetAsync,0,2592,267968,267968,20,python3
1211953890,2655,cudaMemsetAsync,0,2593,267968,267968,20,python3
1211956796,2535,cudaMemsetAsync,0,2594,267968,267968,20,python3
1211962487,105261,cudaLaunchKernel,0,2595,267968,267968,20,python3
1212069511,27633,cudaLaunchKernel,0,2597,267968,267968,20,python3
1212098065,73451,cudaLaunchKernel,0,2599,267968,267968,20,python3
1212172928,23195,cudaLaunchKernel,0,2601,267968,267968,20,python3
1212197024,22273,cudaLaunchKernel,0,2603,267968,267968,20,python3
1212220038,3938,cudaMemsetAsync,0,2605,267968,267968,20,python3
1212224206,2605,cudaMemsetAsync,0,2606,267968,267968,20,python3
1212228174,81025,cudaLaunchKernel,0,2607,267968,267968,20,python3
1212310732,22422,cudaLaunchKernel,0,2609,267968,267968,20,python3
1212333826,3637,cudaMemsetAsync,0,2611,267968,267968,20,python3
1212337733,5270,cudaMemsetAsync,0,2612,267968,267968,20,python3
1212343274,3306,cudaMemsetAsync,0,2613,267968,267968,20,python3
1212346831,2645,cudaMemsetAsync,0,2614,267968,267968,20,python3
1212349726,2595,cudaMemsetAsync,0,2615,267968,267968,20,python3
1212353323,33875,cudaLaunchKernel,0,2616,267968,267968,20,python3
1212389091,3096,cudaMemsetAsync,0,2618,267968,267968,20,python3
1212392448,2585,cudaMemsetAsync,0,2619,267968,267968,20,python3
1212395293,2485,cudaMemsetAsync,0,2620,267968,267968,20,python3
1212398189,2484,cudaMemsetAsync,0,2621,267968,267968,20,python3
1212400914,2394,cudaMemsetAsync,0,2622,267968,267968,20,python3
1212404711,31180,cudaLaunchKernel,0,2623,267968,267968,20,python3
1212437123,21331,cudaLaunchKernel,0,2625,267968,267968,20,python3
1212459596,19657,cudaLaunchKernel,0,2627,267968,267968,20,python3
1212480536,21511,cudaLaunchKernel,0,2629,267968,267968,20,python3
1212503289,38895,cudaLaunchKernel,0,2631,267968,267968,20,python3
1212547814,3858,cudaMemsetAsync,0,2633,267968,267968,20,python3
1212551992,2665,cudaMemsetAsync,0,2634,267968,267968,20,python3
1212556130,36149,cudaLaunchKernel,0,2635,267968,267968,20,python3
1212593171,3216,cudaMemsetAsync,0,2637,267968,267968,20,python3
1212596638,2494,cudaMemsetAsync,0,2638,267968,267968,20,python3
1212601086,38303,cudaLaunchKernel,0,2639,267968,267968,20,python3
1212640411,21511,cudaLaunchKernel,0,2641,267968,267968,20,python3
1212662664,25398,cudaLaunchKernel,0,2643,267968,267968,20,python3
1212689114,21221,cudaLaunchKernel,0,2645,267968,267968,20,python3
1212711086,3597,cudaMemsetAsync,0,2647,267968,267968,20,python3
1212714934,2544,cudaMemsetAsync,0,2648,267968,267968,20,python3
1212719061,36420,cudaLaunchKernel,0,2649,267968,267968,20,python3
1212756413,24376,cudaLaunchKernel,0,2651,267968,267968,20,python3
1212781651,4899,cudaLaunchKernel,0,2653,267968,267968,20,python3
1212787172,3396,cudaMemsetAsync,0,2655,267968,267968,20,python3
1212790818,2555,cudaMemsetAsync,0,2656,267968,267968,20,python3
1212794886,2445,cudaMemsetAsync,0,2657,267968,267968,20,python3
1212798623,31701,cudaLaunchKernel,0,2658,267968,267968,20,python3
1212831406,20369,cudaLaunchKernel,0,2660,267968,267968,20,python3
1212852777,42561,cudaLaunchKernel,0,2662,267968,267968,20,python3
1212896230,22232,cudaLaunchKernel,0,2664,267968,267968,20,python3
1212919354,18836,cudaLaunchKernel,0,2666,267968,267968,20,python3
1212939092,4608,cudaLaunchKernel,0,2668,267968,267968,20,python3
1212944522,3447,cudaMemsetAsync,0,2670,267968,267968,20,python3
1212948229,2435,cudaMemsetAsync,0,2671,267968,267968,20,python3
1212952638,28935,cudaLaunchKernel,0,2672,267968,267968,20,python3
1212982545,29316,cudaLaunchKernel,0,2674,267968,267968,20,python3
1213013043,24887,cudaLaunchKernel,0,2676,267968,267968,20,python3
1213039012,75555,cudaLaunchKernel,0,2678,267968,267968,20,python3
1213115739,22824,cudaLaunchKernel,0,2680,267968,267968,20,python3
1213139675,21751,cudaLaunchKernel,0,2682,267968,267968,20,python3
1213162288,4789,cudaLaunchKernel,0,2684,267968,267968,20,python3
1213167879,3727,cudaMemsetAsync,0,2686,267968,267968,20,python3
1213171876,2505,cudaMemsetAsync,0,2687,267968,267968,20,python3
1213179250,30088,cudaLaunchKernel,0,2688,267968,267968,20,python3
1213210410,65485,cudaLaunchKernel,0,2690,267968,267968,20,python3
1213277308,23885,cudaLaunchKernel,0,2692,267968,267968,20,python3
1213302005,4859,cudaLaunchKernel,0,2694,267968,267968,20,python3
1213307565,3507,cudaMemsetAsync,0,2696,267968,267968,20,python3
1213311312,2605,cudaMemsetAsync,0,2697,267968,267968,20,python3
1213314158,2615,cudaMemsetAsync,0,2698,267968,267968,20,python3
1213318927,29176,cudaLaunchKernel,0,2699,267968,267968,20,python3
1213349045,22442,cudaLaunchKernel,0,2701,267968,267968,20,python3
1213372690,19968,cudaLaunchKernel,0,2703,267968,267968,20,python3
1213393449,4589,cudaLaunchKernel,0,2705,267968,267968,20,python3
1213398930,29186,cudaLaunchKernel,0,2707,267968,267968,20,python3
1213429087,4709,cudaLaunchKernel,0,2709,267968,267968,20,python3
1213434357,20680,cudaLaunchKernel,0,2710,267968,267968,20,python3
1213456009,3787,cudaMemsetAsync,0,2712,267968,267968,20,python3
1213460037,2544,cudaMemsetAsync,0,2713,267968,267968,20,python3
1213462982,2525,cudaMemsetAsync,0,2714,267968,267968,20,python3
1213465747,2515,cudaMemsetAsync,0,2715,267968,267968,20,python3
1213468753,2575,cudaMemsetAsync,0,2716,267968,267968,20,python3
1213471559,2544,cudaMemsetAsync,0,2717,267968,267968,20,python3
1213477279,20690,cudaLaunchKernel,0,2718,267968,267968,20,python3
1213498831,75574,cudaLaunchKernel,0,2720,267968,267968,20,python3
1213575768,51087,cudaLaunchKernel,0,2722,267968,267968,20,python3
1213627777,105441,cudaLaunchKernel,0,2724,267968,267968,20,python3
1213734982,21851,cudaLaunchKernel,0,2726,267968,267968,20,python3
1213759338,19547,cudaLaunchKernel,0,2728,267968,267968,20,python3
1213779847,67990,cudaLaunchKernel,0,2730,267968,267968,20,python3
1213849210,31981,cudaLaunchKernel,0,2732,267968,267968,20,python3
1213882193,21942,cudaLaunchKernel,0,2734,267968,267968,20,python3
1213905127,4558,cudaLaunchKernel,0,2736,267968,267968,20,python3
1213912370,19518,cudaLaunchKernel,0,2738,267968,267968,20,python3
1213932829,43894,cudaLaunchKernel,0,2740,267968,267968,20,python3
1213977795,118527,cudaLaunchKernel,0,2742,267968,267968,20,python3
1214097514,23555,cudaLaunchKernel,0,2744,267968,267968,20,python3
1214122011,4659,cudaLaunchKernel,0,2746,267968,267968,20,python3
1214127151,4408,cudaLaunchKernel,0,2747,267968,267968,20,python3
1214132060,4288,cudaLaunchKernel,0,2748,267968,267968,20,python3
1214136839,20720,cudaLaunchKernel,0,2749,267968,267968,20,python3
1214158200,4749,cudaMemsetAsync,0,2751,267968,267968,20,python3
1214163209,2565,cudaMemsetAsync,0,2752,267968,267968,20,python3
1214166355,19337,cudaLaunchKernel,0,2753,267968,267968,20,python3
1214187245,4769,cudaLaunchKernel,0,2755,267968,267968,20,python3
1214192736,4358,cudaLaunchKernel,0,2757,267968,267968,20,python3
1214197846,28063,cudaLaunchKernel,0,2759,267968,267968,20,python3
1214226861,21100,cudaLaunchKernel,0,2761,267968,267968,20,python3
1214248963,4449,cudaLaunchKernel,0,2763,267968,267968,20,python3
1214254183,4459,cudaLaunchKernel,0,2765,267968,267968,20,python3
1214259323,3246,cudaMemsetAsync,0,2767,267968,267968,20,python3
1214262820,2615,cudaMemsetAsync,0,2768,267968,267968,20,python3
1214271516,20409,cudaLaunchKernel,0,2769,267968,267968,20,python3
1214292827,28434,cudaLaunchKernel,0,2771,267968,267968,20,python3
1214322233,22784,cudaLaunchKernel,0,2773,267968,267968,20,python3
1214345988,45938,cudaLaunchKernel,0,2775,267968,267968,20,python3
1214392998,39185,cudaLaunchKernel,0,2777,267968,267968,20,python3
1214433345,33574,cudaLaunchKernel,0,2779,267968,267968,20,python3
1214467541,3957,cudaMemsetAsync,0,2781,267968,267968,20,python3
1214472260,20970,cudaLaunchKernel,0,2782,267968,267968,20,python3
1214495654,82728,cudaLaunchKernel,0,2784,267968,267968,20,python3
1214579474,23796,cudaLaunchKernel,0,2786,267968,267968,20,python3
1214604172,22813,cudaLaunchKernel,0,2788,267968,267968,20,python3
1214627626,3717,cudaMemsetAsync,0,2790,267968,267968,20,python3
1214631854,4649,cudaLaunchKernel,0,2791,267968,267968,20,python3
1214637625,4850,cudaLaunchKernel,0,2793,267968,267968,20,python3
1214643186,4629,cudaLaunchKernel,0,2795,267968,267968,20,python3
1214648516,4749,cudaLaunchKernel,0,2797,267968,267968,20,python3
1214653997,4448,cudaLaunchKernel,0,2799,267968,267968,20,python3
1214659207,4458,cudaLaunchKernel,0,2801,267968,267968,20,python3
1214664206,2996,cudaMemsetAsync,0,2803,267968,267968,20,python3
1214667663,4308,cudaLaunchKernel,0,2804,267968,267968,20,python3
1214673905,28133,cudaLaunchKernel,0,2806,267968,267968,20,python3
1214703090,22874,cudaLaunchKernel,0,2808,267968,267968,20,python3
1214726946,19257,cudaLaunchKernel,0,2810,267968,267968,20,python3
1214747044,61398,cudaLaunchKernel,0,2812,267968,267968,20,python3
1214809704,22353,cudaLaunchKernel,0,2814,267968,267968,20,python3
1214832918,29657,cudaLaunchKernel,0,2816,267968,267968,20,python3
1214863547,26881,cudaLaunchKernel,0,2818,267968,267968,20,python3
1214891270,20038,cudaLaunchKernel,0,2820,267968,267968,20,python3
1214912130,4639,cudaLaunchKernel,0,2822,267968,267968,20,python3
1214917330,3797,cudaMemsetAsync,0,2824,267968,267968,20,python3
1214921628,4689,cudaLaunchKernel,0,2825,267968,267968,20,python3
1214928250,4449,cudaLaunchKernel,0,2827,267968,267968,20,python3
1214933480,4519,cudaLaunchKernel,0,2829,267968,267968,20,python3
1214938771,5049,cudaLaunchKernel,0,2831,267968,267968,20,python3
1214944602,4428,cudaLaunchKernel,0,2833,267968,267968,20,python3
1214949872,24386,cudaLaunchKernel,0,2835,267968,267968,20,python3
1214975100,4689,cudaLaunchKernel,0,2837,267968,267968,20,python3
1214981031,73390,cudaLaunchKernel,0,2839,267968,267968,20,python3
1215055614,24817,cudaLaunchKernel,0,2841,267968,267968,20,python3
1215081263,4478,cudaLaunchKernel,0,2843,267968,267968,20,python3
1215086533,4438,cudaLaunchKernel,0,2845,267968,267968,20,python3
1215091773,4368,cudaLaunchKernel,0,2847,267968,267968,20,python3
1215096963,24006,cudaLaunchKernel,0,2849,267968,267968,20,python3
1215121940,22373,cudaLaunchKernel,0,2851,267968,267968,20,python3
1215145275,4519,cudaLaunchKernel,0,2853,267968,267968,20,python3
1215150295,4749,cudaLaunchKernel,0,2854,267968,267968,20,python3
1215155845,20579,cudaLaunchKernel,0,2856,267968,267968,20,python3
1215177156,3787,cudaMemsetAsync,0,2858,267968,267968,20,python3
1215181204,2605,cudaMemsetAsync,0,2859,267968,267968,20,python3
1215185702,29056,cudaLaunchKernel,0,2860,267968,267968,20,python3
1215215669,19187,cudaLaunchKernel,0,2862,267968,267968,20,python3
1215235768,45156,cudaLaunchKernel,0,2864,267968,267968,20,python3
1215281796,19958,cudaLaunchKernel,0,2866,267968,267968,20,python3
1215302706,18134,cudaLaunchKernel,0,2867,267968,267968,20,python3
1215321892,25679,cudaLaunchKernel,0,2869,267968,267968,20,python3
1215350066,772,cudaStreamIsCapturing_v10000,0,2872,267968,267968,20,python3
1215351148,3958,cudaStreamWaitEvent,0,2873,267968,267968,20,python3
1215355426,12314,cudaMemcpyAsync,0,2874,267968,267968,20,python3
1215368121,4238,cudaEventRecord,0,2875,267968,267968,20,python3
1215374092,6031,cudaMalloc,0,2876,267968,267968,20,python3
1215380414,5791,cudaMemsetAsync,0,2877,267968,267968,20,python3
1215387588,6232,cudaMallocHost,0,2878,267968,267968,20,python3
1215394100,3306,cudaMalloc,0,2879,267968,267968,20,python3
1215397787,1323,cudaEventCreateWithFlags,0,2880,267968,267968,20,python3
1215399340,4769,cudaMemsetAsync,0,2881,267968,267968,20,python3
1215404901,10370,cudaMallocHost,0,2882,267968,267968,20,python3
1215415561,6873,cudaMemcpyAsync,0,2883,267968,267968,20,python3
1215422725,3757,cudaMemcpyAsync,0,2884,267968,267968,20,python3
1215426873,3486,cudaMemcpyAsync,0,2885,267968,267968,20,python3
1215430620,3797,cudaMemcpyAsync,0,2886,267968,267968,20,python3
1215434678,3436,cudaMemcpyAsync,0,2887,267968,267968,20,python3
1215438365,3376,cudaMemcpyAsync,0,2888,267968,267968,20,python3
1215442102,3396,cudaMemcpyAsync,0,2889,267968,267968,20,python3
1215445749,3306,cudaMemcpyAsync,0,2890,267968,267968,20,python3
1215449316,3466,cudaMemcpyAsync,0,2891,267968,267968,20,python3
1215453033,2995,cudaEventRecord,0,2892,267968,267968,20,python3
1215456700,46399853,cudaEventSynchronize,0,2893,267968,267968,20,python3
1261912199,7805,cudaMalloc,0,2894,267968,267968,20,python3
1261920665,102767,cudaStreamCreateWithFlags,0,2895,267968,267968,20,python3
1262024413,2726,cudaStreamBeginCapture_v10000,0,2896,267968,267968,20,python3
1262028291,56678,cudaLaunchKernel,0,2897,267968,267968,20,python3
1262086672,21111,cudaLaunchKernel,0,2899,267968,267968,20,python3
1262108524,2194,cudaMemsetAsync,0,2901,267968,267968,20,python3
1262110979,1442,cudaMemsetAsync,0,2902,267968,267968,20,python3
1262114656,16842,cudaLaunchKernel,0,2903,267968,267968,20,python3
1262132560,17834,cudaLaunchKernel,0,2905,267968,267968,20,python3
1262151326,38393,cudaLaunchKernel,0,2907,267968,267968,20,python3
1262190751,24026,cudaLaunchKernel,0,2909,267968,267968,20,python3
1262216981,44124,cudaLaunchKernel,0,2911,267968,267968,20,python3
1262262448,1753,cudaLaunchKernel,0,2913,267968,267968,20,python3
1262264903,1382,cudaMemsetAsync,0,2915,267968,267968,20,python3
1262266536,1473,cudaMemsetAsync,0,2916,267968,267968,20,python3
1262269722,17654,cudaLaunchKernel,0,2917,267968,267968,20,python3
1262288237,25068,cudaLaunchKernel,0,2919,267968,267968,20,python3
1262314157,37862,cudaLaunchKernel,0,2921,267968,267968,20,python3
1262353171,17564,cudaLaunchKernel,0,2923,267968,267968,20,python3
1262371747,1663,cudaLaunchKernel,0,2925,267968,267968,20,python3
1262374211,1734,cudaLaunchKernel,0,2927,267968,267968,20,python3
1262376536,1342,cudaMemsetAsync,0,2929,267968,267968,20,python3
1262378119,1122,cudaMemsetAsync,0,2930,267968,267968,20,python3
1262380523,1624,cudaLaunchKernel,0,2931,267968,267968,20,python3
1262382938,1763,cudaLaunchKernel,0,2933,267968,267968,20,python3
1262385453,1843,cudaLaunchKernel,0,2935,267968,267968,20,python3
1262388138,3116,cudaLaunchKernel,0,2937,267968,267968,20,python3
1262392035,1503,cudaLaunchKernel,0,2939,267968,267968,20,python3
1262394109,2655,cudaMemsetAsync,0,2941,267968,267968,20,python3
1262397035,1192,cudaMemsetAsync,0,2942,267968,267968,20,python3
1262399009,1573,cudaLaunchKernel,0,2943,267968,267968,20,python3
1262401373,2976,cudaLaunchKernel,0,2945,267968,267968,20,python3
1262405211,1613,cudaLaunchKernel,0,2947,267968,267968,20,python3
1262407575,8927,cudaLaunchKernel,0,2949,267968,267968,20,python3
1262417133,1493,cudaMemsetAsync,0,2951,267968,267968,20,python3
1262418877,2434,cudaMemsetAsync,0,2952,267968,267968,20,python3
1262422143,1112,cudaMemsetAsync,0,2953,267968,267968,20,python3
1262423866,2705,cudaLaunchKernel,0,2954,267968,267968,20,python3
1262427393,1673,cudaLaunchKernel,0,2956,267968,267968,20,python3
1262429948,2986,cudaLaunchKernel,0,2958,267968,267968,20,python3
1262433745,1593,cudaLaunchKernel,0,2960,267968,267968,20,python3
1262436090,2915,cudaLaunchKernel,0,2962,267968,267968,20,python3
1262439887,1833,cudaLaunchKernel,0,2964,267968,267968,20,python3
1262442472,2745,cudaLaunchKernel,0,2966,267968,267968,20,python3
1262445808,1172,cudaMemsetAsync,0,2968,267968,267968,20,python3
1262447221,1182,cudaMemsetAsync,0,2969,267968,267968,20,python3
1262449505,5972,cudaLaunchKernel,0,2970,267968,267968,20,python3
1262456298,1583,cudaLaunchKernel,0,2972,267968,267968,20,python3
1262458683,3086,cudaLaunchKernel,0,2974,267968,267968,20,python3
1262462530,1884,cudaLaunchKernel,0,2976,267968,267968,20,python3
1262465175,4048,cudaLaunchKernel,0,2978,267968,267968,20,python3
1262470034,1694,cudaLaunchKernel,0,2980,267968,267968,20,python3
1262472559,2846,cudaLaunchKernel,0,2982,267968,267968,20,python3
1262476256,1503,cudaLaunchKernel,0,2984,267968,267968,20,python3
1262478310,2345,cudaMemsetAsync,0,2986,267968,267968,20,python3
1262480925,1112,cudaMemsetAsync,0,2987,267968,267968,20,python3
1262483540,2866,cudaLaunchKernel,0,2988,267968,267968,20,python3
1262487227,1744,cudaLaunchKernel,0,2990,267968,267968,20,python3
1262489762,1683,cudaLaunchKernel,0,2992,267968,267968,20,python3
1262492257,2735,cudaLaunchKernel,0,2994,267968,267968,20,python3
1262495864,1473,cudaLaunchKernel,0,2996,267968,267968,20,python3
1262498248,2495,cudaMemsetAsync,0,2998,267968,267968,20,python3
1262501014,1122,cudaMemsetAsync,0,2999,267968,267968,20,python3
1262502396,2224,cudaMemsetAsync,0,3000,267968,267968,20,python3
1262505512,2044,cudaLaunchKernel,0,3001,267968,267968,20,python3
1262508348,2925,cudaLaunchKernel,0,3003,267968,267968,20,python3
1262512075,1693,cudaLaunchKernel,0,3005,267968,267968,20,python3
1262514569,2716,cudaLaunchKernel,0,3007,267968,267968,20,python3
1262518066,1503,cudaLaunchKernel,0,3009,267968,267968,20,python3
1262520240,2806,cudaMemsetAsync,0,3011,267968,267968,20,python3
1262523316,1102,cudaMemsetAsync,0,3012,267968,267968,20,python3
1262526212,21491,cudaLaunchKernel,0,3013,267968,267968,20,python3
1262548564,56639,cudaLaunchKernel,0,3015,267968,267968,20,python3
1262606285,27402,cudaLaunchKernel,0,3017,267968,267968,20,python3
1262634629,19437,cudaLaunchKernel,0,3019,267968,267968,20,python3
1262655068,1563,cudaLaunchKernel,0,3021,267968,267968,20,python3
1262657422,2916,cudaLaunchKernel,0,3023,267968,267968,20,python3
1262661169,1343,cudaMemsetAsync,0,3025,267968,267968,20,python3
1262662752,2445,cudaMemsetAsync,0,3026,267968,267968,20,python3
1262674675,2014,cudaLaunchKernel,0,3027,267968,267968,20,python3
1262677270,2495,cudaMemsetAsync,0,3029,267968,267968,20,python3
1262680376,1673,cudaLaunchKernel,0,3030,267968,267968,20,python3
1262682590,2726,cudaMemsetAsync,0,3032,267968,267968,20,python3
1262687039,20890,cudaLaunchKernel,0,3033,267968,267968,20,python3
1262708951,44815,cudaLaunchKernel,0,3035,267968,267968,20,python3
1262778483,12845032,cudaLaunchKernel,0,3038,267968,267968,20,python3
1275630197,16301,cudaLaunchKernel,0,3041,267968,267968,20,python3
1275743945,1547445,cuKernelGetFunction,0,3044,267968,267968,20,python3
1277300547,6533,cuLaunchKernel,0,3048,267968,267968,20,python3
1277310627,2033,cudaLaunchKernel,0,3050,267968,267968,20,python3
1277314003,3086,cudaLaunchKernel,0,3053,267968,267968,20,python3
1277318051,1523,cudaLaunchKernel,0,3056,267968,267968,20,python3
1277339151,531,cuKernelGetFunction,0,3059,267968,267968,20,python3
1277341546,3286,cuLaunchKernel,0,3063,267968,267968,20,python3
1277345794,1663,cudaLaunchKernel,0,3065,267968,267968,20,python3
1277348349,2695,cudaLaunchKernel,0,3068,267968,267968,20,python3
1277351845,1403,cudaLaunchKernel,0,3071,267968,267968,20,python3
1277360021,310,cuKernelGetFunction,0,3074,267968,267968,20,python3
1277361904,2856,cuLaunchKernel,0,3078,267968,267968,20,python3
1277365551,2646,cudaLaunchKernel,0,3080,267968,267968,20,python3
1277369008,3928,cudaLaunchKernel,0,3083,267968,267968,20,python3
1277373817,1393,cudaLaunchKernel,0,3086,267968,267968,20,python3
1277386772,862,cuLibraryGetKernel,0,3088,267968,267968,20,python3
1277388225,35437,cuKernelGetFunction,0,3090,267968,267968,20,python3
1277428452,1873,cuLaunchKernel,0,3095,267968,267968,20,python3
1277431497,3126,cudaLaunchKernel,0,3097,267968,267968,20,python3
1277435485,1403,cudaLaunchKernel,0,3100,267968,267968,20,python3
1277437659,2525,cudaLaunchKernel,0,3103,267968,267968,20,python3
1277445284,421,cuKernelGetFunction,0,3106,267968,267968,20,python3
1277447288,1472,cuLaunchKernel,0,3110,267968,267968,20,python3
1277449512,3026,cudaLaunchKernel,0,3112,267968,267968,20,python3
1277453399,1473,cudaLaunchKernel,0,3115,267968,267968,20,python3
1277455734,4057,cudaLaunchKernel,0,3118,267968,267968,20,python3
1277463559,330,cuKernelGetFunction,0,3121,267968,267968,20,python3
1277465482,1443,cuLaunchKernel,0,3125,267968,267968,20,python3
1277467676,2726,cudaLaunchKernel,0,3127,267968,267968,20,python3
1277471223,1383,cudaLaunchKernel,0,3130,267968,267968,20,python3
1277473367,3768,cudaLaunchKernel,0,3133,267968,267968,20,python3
1277480892,270,cuKernelGetFunction,0,3136,267968,267968,20,python3
1277482745,1303,cuLaunchKernel,0,3140,267968,267968,20,python3
1277484779,1403,cudaLaunchKernel,0,3142,267968,267968,20,python3
1277486953,2565,cudaLaunchKernel,0,3145,267968,267968,20,python3
1277490370,1443,cudaLaunchKernel,0,3148,267968,267968,20,python3
1277501962,281,cuKernelGetFunction,0,3151,267968,267968,20,python3
1277503785,2906,cuLaunchKernel,0,3155,267968,267968,20,python3
1277507573,1483,cudaLaunchKernel,0,3157,267968,267968,20,python3
1277509847,2555,cudaLaunchKernel,0,3160,267968,267968,20,python3
1277518013,22342,cudaLaunchKernel,0,3163,267968,267968,20,python3
1277541327,2675,cudaLaunchKernel,0,3166,267968,267968,20,python3
1277555093,421,cuLibraryGetKernel,0,3168,267968,267968,20,python3
1277555985,21992,cuKernelGetFunction,0,3170,267968,267968,20,python3
1277580542,1733,cuLaunchKernel,0,3174,267968,267968,20,python3
1277583578,3086,cudaLaunchKernel,0,3176,267968,267968,20,python3
1277587606,1422,cudaLaunchKernel,0,3179,267968,267968,20,python3
1277589870,2605,cudaLaunchKernel,0,3182,267968,267968,20,python3
1277602915,320,cuKernelGetFunction,0,3185,267968,267968,20,python3
1277604768,1423,cuLaunchKernel,0,3189,267968,267968,20,python3
1277607003,2945,cudaLaunchKernel,0,3191,267968,267968,20,python3
1277610850,2455,cudaLaunchKernel,0,3194,267968,267968,20,python3
1277614136,1373,cudaLaunchKernel,0,3197,267968,267968,20,python3
1277619386,331,cuKernelGetFunction,0,3200,267968,267968,20,python3
1277621280,2434,cuLaunchKernel,0,3204,267968,267968,20,python3
1277624526,1423,cudaLaunchKernel,0,3206,267968,267968,20,python3
1277626770,1603,cudaLaunchKernel,0,3209,267968,267968,20,python3
1277629205,6753,cudaLaunchKernel,0,3212,267968,267968,20,python3
1277646167,401,cuLibraryGetKernel,0,3214,267968,267968,20,python3
1277646989,30518,cuKernelGetFunction,0,3216,267968,267968,20,python3
1277680864,1713,cuLaunchKernel,0,3221,267968,267968,20,python3
1277683779,1483,cudaLaunchKernel,0,3223,267968,267968,20,python3
1277686134,2695,cudaLaunchKernel,0,3226,267968,267968,20,python3
1277689680,1433,cudaLaunchKernel,0,3229,267968,267968,20,python3
1277695872,341,cuKernelGetFunction,0,3232,267968,267968,20,python3
1277697676,2745,cuLaunchKernel,0,3236,267968,267968,20,python3
1277701253,1422,cudaLaunchKernel,0,3238,267968,267968,20,python3
1277703477,2665,cudaLaunchKernel,0,3241,267968,267968,20,python3
1277706973,1403,cudaLaunchKernel,0,3244,267968,267968,20,python3
1277711983,301,cuKernelGetFunction,0,3247,267968,267968,20,python3
1277713776,3788,cuLaunchKernel,0,3251,267968,267968,20,python3
1277718445,1443,cudaLaunchKernel,0,3253,267968,267968,20,python3
1277720750,2745,cudaLaunchKernel,0,3256,267968,267968,20,python3
1277724327,1382,cudaLaunchKernel,0,3259,267968,267968,20,python3
1277729356,281,cuKernelGetFunction,0,3262,267968,267968,20,python3
1277731140,1272,cuLaunchKernel,0,3266,267968,267968,20,python3
1277733284,2765,cudaLaunchKernel,0,3268,267968,267968,20,python3
1277736901,1372,cudaLaunchKernel,0,3271,267968,267968,20,python3
1277739125,4248,cudaLaunchKernel,0,3274,267968,267968,20,python3
1277753462,301,cuKernelGetFunction,0,3277,267968,267968,20,python3
1277755346,1453,cuLaunchKernel,0,3281,267968,267968,20,python3
1277757590,3878,cudaLaunchKernel,0,3283,267968,267968,20,python3
1277762339,1393,cudaLaunchKernel,0,3286,267968,267968,20,python3
1277769623,90022,cudaLaunchKernel,0,3288,267968,267968,20,python3
1277867620,3767,cudaMemsetAsync,0,3290,267968,267968,20,python3
1277876708,3677,cudaLaunchKernel,0,3291,267968,267968,20,python3
1277882940,2124,cudaLaunchKernel,0,3293,267968,267968,20,python3
1277886186,3296,cudaMemsetAsync,0,3295,267968,267968,20,python3
1277890203,1914,cudaLaunchKernel,0,3296,267968,267968,20,python3
1277892969,2054,cudaLaunchKernel,0,3298,267968,267968,20,python3
1277906204,3917,cudaLaunchKernel,0,3300,267968,267968,20,python3
1277910983,1082,cudaMemsetAsync,0,3302,267968,267968,20,python3
1277912656,3096,cudaLaunchKernel,0,3303,267968,267968,20,python3
1277916784,1764,cudaLaunchKernel,0,3305,267968,267968,20,python3
1277922736,4137,cudaLaunchKernel,0,3307,267968,267968,20,python3
1277927595,1072,cudaMemsetAsync,0,3309,267968,267968,20,python3
1277929088,2735,cudaLaunchKernel,0,3310,267968,267968,20,python3
1277932464,1413,cudaLaunchKernel,0,3312,267968,267968,20,python3
1277943265,2855,cudaLaunchKernel,0,3315,267968,267968,20,python3
1277946781,1083,cudaMemsetAsync,0,3317,267968,267968,20,python3
1277948244,2565,cudaLaunchKernel,0,3318,267968,267968,20,python3
1277951430,1403,cudaLaunchKernel,0,3320,267968,267968,20,python3
1277959957,2645,cudaLaunchKernel,0,3323,267968,267968,20,python3
1277963263,1072,cudaMemsetAsync,0,3325,267968,267968,20,python3
1277964756,1342,cudaLaunchKernel,0,3326,267968,267968,20,python3
1277966710,2785,cudaLaunchKernel,0,3328,267968,267968,20,python3
1277976398,4689,cudaLaunchKernel,0,3331,267968,267968,20,python3
1277981758,2295,cudaMemsetAsync,0,3333,267968,267968,20,python3
1277984473,1273,cudaLaunchKernel,0,3334,267968,267968,20,python3
1277986387,2515,cudaLaunchKernel,0,3336,267968,267968,20,python3
1277996096,1382,cudaLaunchKernel,0,3339,267968,267968,20,python3
1277998049,2345,cudaMemsetAsync,0,3341,267968,267968,20,python3
1278000785,1322,cudaLaunchKernel,0,3342,267968,267968,20,python3
1278002698,2565,cudaLaunchKernel,0,3344,267968,267968,20,python3
1278008880,1393,cudaLaunchKernel,0,3346,267968,267968,20,python3
1278010844,2334,cudaMemsetAsync,0,3348,267968,267968,20,python3
1278013579,1353,cudaLaunchKernel,0,3349,267968,267968,20,python3
1278015573,1332,cudaLaunchKernel,0,3351,267968,267968,20,python3
1278020332,2966,cudaLaunchKernel,0,3353,267968,267968,20,python3
1278023929,1042,cudaMemsetAsync,0,3355,267968,267968,20,python3
1278025352,2745,cudaLaunchKernel,0,3356,267968,267968,20,python3
1278028728,1463,cudaLaunchKernel,0,3358,267968,267968,20,python3
1278033798,2504,cudaLaunchKernel,0,3360,267968,267968,20,python3
1278036954,1052,cudaMemsetAsync,0,3362,267968,267968,20,python3
1278038376,4018,cudaLaunchKernel,0,3363,267968,267968,20,python3
1278043025,1413,cudaLaunchKernel,0,3365,267968,267968,20,python3
1278047854,2565,cudaLaunchKernel,0,3367,267968,267968,20,python3
1278051061,1062,cudaMemsetAsync,0,3369,267968,267968,20,python3
1278052493,2525,cudaLaunchKernel,0,3370,267968,267968,20,python3
1278055639,1393,cudaLaunchKernel,0,3372,267968,267968,20,python3
1278060338,1383,cudaLaunchKernel,0,3374,267968,267968,20,python3
1278062282,2224,cudaMemsetAsync,0,3376,267968,267968,20,python3
1278064897,1383,cudaLaunchKernel,0,3377,267968,267968,20,python3
1278066881,2695,cudaLaunchKernel,0,3379,267968,267968,20,python3
1278072952,1303,cudaLaunchKernel,0,3381,267968,267968,20,python3
1278074826,2294,cudaMemsetAsync,0,3383,267968,267968,20,python3
1278077511,1403,cudaLaunchKernel,0,3384,267968,267968,20,python3
1278079495,2665,cudaLaunchKernel,0,3386,267968,267968,20,python3
1278085667,1422,cudaLaunchKernel,0,3388,267968,267968,20,python3
1278088502,3206,cudaLaunchKernel,0,3390,267968,267968,20,python3
1278093612,2044,cudaLaunchKernel,0,3392,267968,267968,20,python3
1278097309,32191,cudaLaunchKernel,0,3394,267968,267968,20,python3
1278130673,46919,cudaLaunchKernel,0,3396,267968,267968,20,python3
1278178654,104650,cudaLaunchKernel,0,3398,267968,267968,20,python3
1278284506,39887,cudaLaunchKernel,0,3400,267968,267968,20,python3
1278326517,1583,cudaLaunchKernel,0,3402,267968,267968,20,python3
1278330214,257241,cudaLaunchKernel,0,3404,267968,267968,20,python3
1278589138,904598,cudaLaunchKernel,0,3406,267968,267968,20,python3
1279495459,19247,cudaLaunchKernel,0,3408,267968,267968,20,python3
1279516299,292038,cudaLaunchKernel,0,3410,267968,267968,20,python3
1279831441,541,cuLibraryGetKernel,0,3412,267968,267968,20,python3
1279832743,22754,cuKernelGetFunction,0,3414,267968,267968,20,python3
1279859013,3257,cuLaunchKernel,0,3418,267968,267968,20,python3
1279870215,431,cuKernelGetFunction,0,3420,267968,267968,20,python3
1279872369,1663,cuLaunchKernel,0,3424,267968,267968,20,python3
1279881156,290,cuKernelGetFunction,0,3426,267968,267968,20,python3
1279882899,2715,cuLaunchKernel,0,3430,267968,267968,20,python3
1279886827,1593,cudaLaunchKernel,0,3431,267968,267968,20,python3
1279905743,360,cuKernelGetFunction,0,3434,267968,267968,20,python3
1279907636,2816,cuLaunchKernel,0,3438,267968,267968,20,python3
1279911694,15730,cudaLaunchKernel,0,3439,267968,267968,20,python3
1279928907,19748,cudaLaunchKernel,0,3441,267968,267968,20,python3
1279956640,361,cuKernelGetFunction,0,3444,267968,267968,20,python3
1279958834,1433,cuLaunchKernel,0,3448,267968,267968,20,python3
1279965787,291,cuKernelGetFunction,0,3450,267968,267968,20,python3
1279967471,1282,cuLaunchKernel,0,3454,267968,267968,20,python3
1279969454,2976,cudaLaunchKernel,0,3455,267968,267968,20,python3
1279976698,291,cuKernelGetFunction,0,3458,267968,267968,20,python3
1279978472,2544,cuLaunchKernel,0,3462,267968,267968,20,python3
1279984553,39806,cuKernelGetFunction,0,3464,267968,267968,20,python3
1280026042,3196,cuLaunchKernel,0,3468,267968,267968,20,python3
1280048896,331,cuKernelGetFunction,0,3470,267968,267968,20,python3
1280050880,1573,cuLaunchKernel,0,3474,267968,267968,20,python3
1280059927,271,cuKernelGetFunction,0,3476,267968,267968,20,python3
1280061670,3597,cuLaunchKernel,0,3480,267968,267968,20,python3
1280066500,1583,cudaLaunchKernel,0,3481,267968,267968,20,python3
1280077370,471,cuLibraryGetKernel,0,3483,267968,267968,20,python3
1280078352,32021,cuKernelGetFunction,0,3485,267968,267968,20,python3
1280113439,4148,cuLaunchKernel,0,3490,267968,267968,20,python3
1280127015,401,cuKernelGetFunction,0,3492,267968,267968,20,python3
1280129520,1413,cuLaunchKernel,0,3497,267968,267968,20,python3
1280138367,310,cuKernelGetFunction,0,3499,267968,267968,20,python3
1280140411,2675,cuLaunchKernel,0,3504,267968,267968,20,python3
1280144108,1553,cudaLaunchKernel,0,3505,267968,267968,20,python3
1280153907,350,cuKernelGetFunction,0,3508,267968,267968,20,python3
1280155850,3838,cuLaunchKernel,0,3512,267968,267968,20,python3
1280160529,1523,cudaLaunchKernel,0,3513,267968,267968,20,python3
1280162774,1542,cudaLaunchKernel,0,3515,267968,267968,20,python3
1280168665,320,cuKernelGetFunction,0,3518,267968,267968,20,python3
1280170508,2505,cuLaunchKernel,0,3522,267968,267968,20,python3
1280176570,270,cuKernelGetFunction,0,3524,267968,267968,20,python3
1280178263,1202,cuLaunchKernel,0,3528,267968,267968,20,python3
1280180287,2805,cudaLaunchKernel,0,3529,267968,267968,20,python3
1280186769,271,cuKernelGetFunction,0,3532,267968,267968,20,python3
1280188483,1242,cuLaunchKernel,0,3536,267968,267968,20,python3
1280193091,271,cuKernelGetFunction,0,3538,267968,267968,20,python3
1280194775,2635,cuLaunchKernel,0,3542,267968,267968,20,python3
1280200926,271,cuKernelGetFunction,0,3544,267968,267968,20,python3
1280202630,2464,cuLaunchKernel,0,3548,267968,267968,20,python3
1280208571,270,cuKernelGetFunction,0,3550,267968,267968,20,python3
1280210264,2525,cuLaunchKernel,0,3554,267968,267968,20,python3
1280213651,1513,cudaLaunchKernel,0,3555,267968,267968,20,python3
1280223760,301,cuKernelGetFunction,0,3558,267968,267968,20,python3
1280226175,2665,cuLaunchKernel,0,3563,267968,267968,20,python3
1280232557,320,cuKernelGetFunction,0,3565,267968,267968,20,python3
1280234631,1242,cuLaunchKernel,0,3570,267968,267968,20,python3
1280243347,281,cuKernelGetFunction,0,3572,267968,267968,20,python3
1280245091,3777,cuLaunchKernel,0,3576,267968,267968,20,python3
1280250972,32532,cudaLaunchKernel,0,3577,267968,267968,20,python3
1280286129,1854,cudaLaunchKernel,0,3580,267968,267968,20,python3
1280289355,16882,cudaLaunchKernel,0,3583,267968,267968,20,python3
1280307159,1453,cudaLaunchKernel,0,3586,267968,267968,20,python3
1280317028,401,cuKernelGetFunction,0,3589,267968,267968,20,python3
1280319433,2885,cuLaunchKernel,0,3593,267968,267968,20,python3
1280323270,1563,cudaLaunchKernel,0,3595,267968,267968,20,python3
1280325675,1533,cudaLaunchKernel,0,3598,267968,267968,20,python3
1280327999,5270,cudaLaunchKernel,0,3601,267968,267968,20,python3
1280343499,360,cuKernelGetFunction,0,3604,267968,267968,20,python3
1280345482,42371,cuLaunchKernel,0,3608,267968,267968,20,python3
1280388986,1693,cudaLaunchKernel,0,3610,267968,267968,20,python3
1280391540,1463,cudaLaunchKernel,0,3613,267968,267968,20,python3
1280393805,1402,cudaLaunchKernel,0,3616,267968,267968,20,python3
1280404996,371,cuKernelGetFunction,0,3619,267968,267968,20,python3
1280406990,7945,cuLaunchKernel,0,3623,267968,267968,20,python3
1280415977,1523,cudaLaunchKernel,0,3625,267968,267968,20,python3
1280418322,1452,cudaLaunchKernel,0,3628,267968,267968,20,python3
1280420546,1412,cudaLaunchKernel,0,3631,267968,267968,20,python3
1280426207,330,cuKernelGetFunction,0,3634,267968,267968,20,python3
1280428100,1273,cuLaunchKernel,0,3638,267968,267968,20,python3
1280430324,1433,cudaLaunchKernel,0,3640,267968,267968,20,python3
1280432549,1352,cudaLaunchKernel,0,3643,267968,267968,20,python3
1280434703,1392,cudaLaunchKernel,0,3646,267968,267968,20,python3
1280445714,320,cuKernelGetFunction,0,3649,267968,267968,20,python3
1280448118,1323,cuLaunchKernel,0,3654,267968,267968,20,python3
1280450222,3217,cudaLaunchKernel,0,3656,267968,267968,20,python3
1280454280,1413,cudaLaunchKernel,0,3659,267968,267968,20,python3
1280456535,1402,cudaLaunchKernel,0,3662,267968,267968,20,python3
1280461654,311,cuKernelGetFunction,0,3665,267968,267968,20,python3
1280463468,1332,cuLaunchKernel,0,3669,267968,267968,20,python3
1280465522,1452,cudaLaunchKernel,0,3671,267968,267968,20,python3
1280467746,1343,cudaLaunchKernel,0,3674,267968,267968,20,python3
1280469880,1363,cudaLaunchKernel,0,3677,267968,267968,20,python3
1280474719,261,cuKernelGetFunction,0,3680,267968,267968,20,python3
1280476443,1262,cuLaunchKernel,0,3684,267968,267968,20,python3
1280478436,1443,cudaLaunchKernel,0,3686,267968,267968,20,python3
1280480661,1352,cudaLaunchKernel,0,3689,267968,267968,20,python3
1280482785,2835,cudaLaunchKernel,0,3692,267968,267968,20,python3
1280489177,260,cuKernelGetFunction,0,3695,267968,267968,20,python3
1280490940,1343,cuLaunchKernel,0,3699,267968,267968,20,python3
1280493044,1443,cudaLaunchKernel,0,3701,267968,267968,20,python3
1280496270,34466,cudaLaunchKernel,0,3703,267968,267968,20,python3
1280532059,28955,cudaLaunchKernel,0,3705,267968,267968,20,python3
1280564090,2004,cudaLaunchKernel,0,3707,267968,267968,20,python3
1280567987,1744,cudaLaunchKernel,0,3709,267968,267968,20,python3
1280570492,1894,cudaMemsetAsync,0,3711,267968,267968,20,python3
1280572646,1183,cudaMemsetAsync,0,3712,267968,267968,20,python3
1280575762,19417,cudaLaunchKernel,0,3713,267968,267968,20,python3
1280596191,1306215,cudaLaunchKernel,0,3715,267968,267968,20,python3
1281904580,21601,cudaLaunchKernel,0,3717,267968,267968,20,python3
1281927003,25338,cudaLaunchKernel,0,3719,267968,267968,20,python3
1281953624,1713,cudaLaunchKernel,0,3721,267968,267968,20,python3
1281956439,1954,cudaLaunchKernel,0,3723,267968,267968,20,python3
1281959264,1714,cudaMemsetAsync,0,3725,267968,267968,20,python3
1281961218,1273,cudaMemsetAsync,0,3726,267968,267968,20,python3
1281965516,21902,cudaLaunchKernel,0,3727,267968,267968,20,python3
1281988520,37422,cudaLaunchKernel,0,3729,267968,267968,20,python3
1282027234,25980,cudaLaunchKernel,0,3731,267968,267968,20,python3
1282054627,19136,cudaLaunchKernel,0,3733,267968,267968,20,python3
1282074725,17032,cudaLaunchKernel,0,3735,267968,267968,20,python3
1282092519,15930,cudaLaunchKernel,0,3737,267968,267968,20,python3
1282109361,18105,cudaLaunchKernel,0,3739,267968,267968,20,python3
1282128498,1753,cudaLaunchKernel,0,3741,267968,267968,20,python3
1282131133,1553,cudaLaunchKernel,0,3743,267968,267968,20,python3
1282133387,1353,cudaMemsetAsync,0,3745,267968,267968,20,python3
1282134980,1182,cudaMemsetAsync,0,3746,267968,267968,20,python3
1282138396,17093,cudaLaunchKernel,0,3747,267968,267968,20,python3
1282156441,27933,cudaLaunchKernel,0,3749,267968,267968,20,python3
1282185366,27332,cudaLaunchKernel,0,3751,267968,267968,20,python3
1282213911,20689,cudaLaunchKernel,0,3753,267968,267968,20,python3
1282235652,19157,cudaLaunchKernel,0,3755,267968,267968,20,python3
1282255731,17914,cudaLaunchKernel,0,3757,267968,267968,20,python3
1282274607,17633,cudaLaunchKernel,0,3759,267968,267968,20,python3
1282293212,1683,cudaLaunchKernel,0,3761,267968,267968,20,python3
1282295817,1533,cudaLaunchKernel,0,3763,267968,267968,20,python3
1282298152,1382,cudaMemsetAsync,0,3765,267968,267968,20,python3
1282299785,1222,cudaMemsetAsync,0,3766,267968,267968,20,python3
1282303362,2023,cudaLaunchKernel,0,3767,267968,267968,20,python3
1282306347,2104,cudaLaunchKernel,0,3769,267968,267968,20,python3
1282309674,2003,cudaLaunchKernel,0,3771,267968,267968,20,python3
1282312589,2124,cudaLaunchKernel,0,3773,267968,267968,20,python3
1282315535,1603,cudaLaunchKernel,0,3775,267968,267968,20,python3
1282317929,1483,cudaLaunchKernel,0,3777,267968,267968,20,python3
1282320174,1222,cudaMemsetAsync,0,3779,267968,267968,20,python3
1282321646,1273,cudaMemsetAsync,0,3780,267968,267968,20,python3
1282324462,1974,cudaLaunchKernel,0,3781,267968,267968,20,python3
1282327528,1843,cudaLaunchKernel,0,3783,267968,267968,20,python3
1282330253,1723,cudaLaunchKernel,0,3785,267968,267968,20,python3
1282333319,4799,cudaLaunchKernel,0,3787,267968,267968,20,python3
1282338990,1573,cudaLaunchKernel,0,3789,267968,267968,20,python3
1282341334,2976,cudaLaunchKernel,0,3791,267968,267968,20,python3
1282345001,1182,cudaMemsetAsync,0,3793,267968,267968,20,python3
1282346434,2234,cudaMemsetAsync,0,3794,267968,267968,20,python3
1282350932,1874,cudaLaunchKernel,0,3795,267968,267968,20,python3
1282353648,22823,cudaLaunchKernel,0,3797,267968,267968,20,python3
1282377373,16662,cudaLaunchKernel,0,3799,267968,267968,20,python3
1282394977,2895,cudaLaunchKernel,0,3801,267968,267968,20,python3
1282398734,1553,cudaLaunchKernel,0,3803,267968,267968,20,python3
1282400988,1212,cudaMemsetAsync,0,3805,267968,267968,20,python3
1282402531,3096,cudaMemsetAsync,0,3806,267968,267968,20,python3
1282407330,8266,cudaLaunchKernel,0,3807,267968,267968,20,python3
1282416738,30268,cudaLaunchKernel,0,3809,267968,267968,20,python3
1282448008,1543,cudaLaunchKernel,0,3811,267968,267968,20,python3
1282450372,2846,cudaLaunchKernel,0,3813,267968,267968,20,python3
1282454019,1273,cudaMemsetAsync,0,3815,267968,267968,20,python3
1282455542,2254,cudaMemsetAsync,0,3816,267968,267968,20,python3
1282459039,1142,cudaMemsetAsync,0,3817,267968,267968,20,python3
1282460442,2875,cudaMemsetAsync,0,3818,267968,267968,20,python3
1282464078,1724,cudaLaunchKernel,0,3819,267968,267968,20,python3
1282466784,2855,cudaLaunchKernel,0,3821,267968,267968,20,python3
1282470571,25809,cudaLaunchKernel,0,3823,267968,267968,20,python3
1282497202,16291,cudaLaunchKernel,0,3825,267968,267968,20,python3
1282514565,3456,cudaLaunchKernel,0,3827,267968,267968,20,python3
1282518953,1944,cudaLaunchKernel,0,3829,267968,267968,20,python3
1282521709,2735,cudaLaunchKernel,0,3831,267968,267968,20,python3
1282525145,1232,cudaMemsetAsync,0,3833,267968,267968,20,python3
1282526628,2635,cudaMemsetAsync,0,3834,267968,267968,20,python3
1282532259,1823,cudaLaunchKernel,0,3835,267968,267968,20,python3
1282534884,4208,cudaLaunchKernel,0,3837,267968,267968,20,python3
1282539953,1924,cudaLaunchKernel,0,3839,267968,267968,20,python3
1282542759,3226,cudaLaunchKernel,0,3841,267968,267968,20,python3
1282547047,21561,cudaLaunchKernel,0,3843,267968,267968,20,python3
1282569901,18465,cudaLaunchKernel,0,3845,267968,267968,20,python3
1282589418,1793,cudaLaunchKernel,0,3847,267968,267968,20,python3
1282592173,2846,cudaLaunchKernel,0,3849,267968,267968,20,python3
1282595720,1212,cudaMemsetAsync,0,3851,267968,267968,20,python3
1282597193,1162,cudaMemsetAsync,0,3852,267968,267968,20,python3
1282600279,18695,cudaLaunchKernel,0,3853,267968,267968,20,python3
1282620006,17654,cudaLaunchKernel,0,3855,267968,267968,20,python3
1282638662,17553,cudaLaunchKernel,0,3857,267968,267968,20,python3
1282657157,1563,cudaLaunchKernel,0,3859,267968,267968,20,python3
1282659542,2505,cudaLaunchKernel,0,3861,267968,267968,20,python3
1282663109,25298,cudaLaunchKernel,0,3863,267968,267968,20,python3
1282690811,21592,cudaLaunchKernel,0,3865,267968,267968,20,python3
1282713485,27292,cudaLaunchKernel,0,3867,267968,267968,20,python3
1282741659,17202,cudaLaunchKernel,0,3869,267968,267968,20,python3
1282759823,1563,cudaLaunchKernel,0,3871,267968,267968,20,python3
1282762198,2996,cudaLaunchKernel,0,3873,267968,267968,20,python3
1282765965,1343,cudaMemsetAsync,0,3875,267968,267968,20,python3
1282767568,1122,cudaMemsetAsync,0,3876,267968,267968,20,python3
1282772037,18024,cudaLaunchKernel,0,3877,267968,267968,20,python3
1282790993,17333,cudaLaunchKernel,0,3879,267968,267968,20,python3
1282809228,15890,cudaLaunchKernel,0,3881,267968,267968,20,python3
1282826050,5861,cudaLaunchKernel,0,3883,267968,267968,20,python3
1282832853,1553,cudaLaunchKernel,0,3885,267968,267968,20,python3
1282835458,28394,cudaLaunchKernel,0,3887,267968,267968,20,python3
1282864453,1303,cudaMemsetAsync,0,3889,267968,267968,20,python3
1282869583,16942,cudaLaunchKernel,0,3890,267968,267968,20,python3
1282887577,15780,cudaLaunchKernel,0,3892,267968,267968,20,python3
1282904359,15790,cudaLaunchKernel,0,3894,267968,267968,20,python3
1282921071,68521,cudaLaunchKernel,0,3896,267968,267968,20,python3
1282990854,1714,cudaLaunchKernel,0,3898,267968,267968,20,python3
1282993389,1513,cudaLaunchKernel,0,3900,267968,267968,20,python3
1282995784,1262,cudaMemsetAsync,0,3902,267968,267968,20,python3
1282997297,1092,cudaMemsetAsync,0,3903,267968,267968,20,python3
1282998629,1092,cudaMemsetAsync,0,3904,267968,267968,20,python3
1283011153,39105,cudaLaunchKernel,0,3905,267968,267968,20,python3
1283051290,22313,cudaLaunchKernel,0,3907,267968,267968,20,python3
1283074564,1633,cudaLaunchKernel,0,3909,267968,267968,20,python3
1283085054,31941,cudaLaunchKernel,0,3911,267968,267968,20,python3
1283118799,16151,cudaLaunchKernel,0,3913,267968,267968,20,python3
1283136723,22052,cudaLaunchKernel,0,3915,267968,267968,20,python3
1283159767,20720,cudaLaunchKernel,0,3917,267968,267968,20,python3
1283181308,17083,cudaStreamEndCapture_v10000,0,3919,267968,267968,20,python3
1283199142,2255,cudaGraphGetNodes_v10000,0,3920,267968,267968,20,python3
1283203571,1543,cudaGraphGetNodes_v10000,0,3921,267968,267968,20,python3
1283205514,1263,cudaGraphNodeGetType_v10000,0,3922,267968,267968,20,python3
1283207017,461,cudaGraphNodeGetType_v10000,0,3923,267968,267968,20,python3
1283207669,430,cudaGraphNodeGetType_v10000,0,3924,267968,267968,20,python3
1283208290,411,cudaGraphNodeGetType_v10000,0,3925,267968,267968,20,python3
1283208901,361,cudaGraphNodeGetType_v10000,0,3926,267968,267968,20,python3
1283209452,671,cudaGraphNodeGetType_v10000,0,3927,267968,267968,20,python3
1283210314,370,cudaGraphNodeGetType_v10000,0,3928,267968,267968,20,python3
1283210875,410,cudaGraphNodeGetType_v10000,0,3929,267968,267968,20,python3
1283211476,361,cudaGraphNodeGetType_v10000,0,3930,267968,267968,20,python3
1283212027,431,cudaGraphNodeGetType_v10000,0,3931,267968,267968,20,python3
1283212648,361,cudaGraphNodeGetType_v10000,0,3932,267968,267968,20,python3
1283213199,361,cudaGraphNodeGetType_v10000,0,3933,267968,267968,20,python3
1283213750,361,cudaGraphNodeGetType_v10000,0,3934,267968,267968,20,python3
1283214301,351,cudaGraphNodeGetType_v10000,0,3935,267968,267968,20,python3
1283214842,381,cudaGraphNodeGetType_v10000,0,3936,267968,267968,20,python3
1283215413,351,cudaGraphNodeGetType_v10000,0,3937,267968,267968,20,python3
1283215964,351,cudaGraphNodeGetType_v10000,0,3938,267968,267968,20,python3
1283216505,361,cudaGraphNodeGetType_v10000,0,3939,267968,267968,20,python3
1283217056,361,cudaGraphNodeGetType_v10000,0,3940,267968,267968,20,python3
1283217608,360,cudaGraphNodeGetType_v10000,0,3941,267968,267968,20,python3
1283218159,370,cudaGraphNodeGetType_v10000,0,3942,267968,267968,20,python3
1283218720,360,cudaGraphNodeGetType_v10000,0,3943,267968,267968,20,python3
1283219271,541,cudaGraphNodeGetType_v10000,0,3944,267968,267968,20,python3
1283220002,361,cudaGraphNodeGetType_v10000,0,3945,267968,267968,20,python3
1283220553,351,cudaGraphNodeGetType_v10000,0,3946,267968,267968,20,python3
1283221104,351,cudaGraphNodeGetType_v10000,0,3947,267968,267968,20,python3
1283221655,351,cudaGraphNodeGetType_v10000,0,3948,267968,267968,20,python3
1283222196,371,cudaGraphNodeGetType_v10000,0,3949,267968,267968,20,python3
1283222757,361,cudaGraphNodeGetType_v10000,0,3950,267968,267968,20,python3
1283223308,351,cudaGraphNodeGetType_v10000,0,3951,267968,267968,20,python3
1283223859,351,cudaGraphNodeGetType_v10000,0,3952,267968,267968,20,python3
1283224401,370,cudaGraphNodeGetType_v10000,0,3953,267968,267968,20,python3
1283224962,360,cudaGraphNodeGetType_v10000,0,3954,267968,267968,20,python3
1283225513,360,cudaGraphNodeGetType_v10000,0,3955,267968,267968,20,python3
1283226064,360,cudaGraphNodeGetType_v10000,0,3956,267968,267968,20,python3
1283226605,360,cudaGraphNodeGetType_v10000,0,3957,267968,267968,20,python3
1283227156,350,cudaGraphNodeGetType_v10000,0,3958,267968,267968,20,python3
1283227697,371,cudaGraphNodeGetType_v10000,0,3959,267968,267968,20,python3
1283228248,361,cudaGraphNodeGetType_v10000,0,3960,267968,267968,20,python3
1283228799,351,cudaGraphNodeGetType_v10000,0,3961,267968,267968,20,python3
1283229340,351,cudaGraphNodeGetType_v10000,0,3962,267968,267968,20,python3
1283229881,361,cudaGraphNodeGetType_v10000,0,3963,267968,267968,20,python3
1283230432,361,cudaGraphNodeGetType_v10000,0,3964,267968,267968,20,python3
1283230983,361,cudaGraphNodeGetType_v10000,0,3965,267968,267968,20,python3
1283231534,351,cudaGraphNodeGetType_v10000,0,3966,267968,267968,20,python3
1283232075,351,cudaGraphNodeGetType_v10000,0,3967,267968,267968,20,python3
1283232616,371,cudaGraphNodeGetType_v10000,0,3968,267968,267968,20,python3
1283233177,351,cudaGraphNodeGetType_v10000,0,3969,267968,267968,20,python3
1283233718,351,cudaGraphNodeGetType_v10000,0,3970,267968,267968,20,python3
1283234259,351,cudaGraphNodeGetType_v10000,0,3971,267968,267968,20,python3
1283234800,351,cudaGraphNodeGetType_v10000,0,3972,267968,267968,20,python3
1283235341,361,cudaGraphNodeGetType_v10000,0,3973,267968,267968,20,python3
1283235892,361,cudaGraphNodeGetType_v10000,0,3974,267968,267968,20,python3
1283236444,360,cudaGraphNodeGetType_v10000,0,3975,267968,267968,20,python3
1283236995,350,cudaGraphNodeGetType_v10000,0,3976,267968,267968,20,python3
1283237536,380,cudaGraphNodeGetType_v10000,0,3977,267968,267968,20,python3
1283238107,350,cudaGraphNodeGetType_v10000,0,3978,267968,267968,20,python3
1283238648,350,cudaGraphNodeGetType_v10000,0,3979,267968,267968,20,python3
1283239189,360,cudaGraphNodeGetType_v10000,0,3980,267968,267968,20,python3
1283239740,371,cudaGraphNodeGetType_v10000,0,3981,267968,267968,20,python3
1283240301,351,cudaGraphNodeGetType_v10000,0,3982,267968,267968,20,python3
1283240842,411,cudaGraphNodeGetType_v10000,0,3983,267968,267968,20,python3
1283241433,361,cudaGraphNodeGetType_v10000,0,3984,267968,267968,20,python3
1283241974,371,cudaGraphNodeGetType_v10000,0,3985,267968,267968,20,python3
1283242535,351,cudaGraphNodeGetType_v10000,0,3986,267968,267968,20,python3
1283243076,361,cudaGraphNodeGetType_v10000,0,3987,267968,267968,20,python3
1283243617,361,cudaGraphNodeGetType_v10000,0,3988,267968,267968,20,python3
1283244168,351,cudaGraphNodeGetType_v10000,0,3989,267968,267968,20,python3
1283244709,361,cudaGraphNodeGetType_v10000,0,3990,267968,267968,20,python3
1283245260,351,cudaGraphNodeGetType_v10000,0,3991,267968,267968,20,python3
1283245801,361,cudaGraphNodeGetType_v10000,0,3992,267968,267968,20,python3
1283246352,351,cudaGraphNodeGetType_v10000,0,3993,267968,267968,20,python3
1283246893,351,cudaGraphNodeGetType_v10000,0,3994,267968,267968,20,python3
1283247435,360,cudaGraphNodeGetType_v10000,0,3995,267968,267968,20,python3
1283247976,360,cudaGraphNodeGetType_v10000,0,3996,267968,267968,20,python3
1283248527,350,cudaGraphNodeGetType_v10000,0,3997,267968,267968,20,python3
1283249068,370,cudaGraphNodeGetType_v10000,0,3998,267968,267968,20,python3
1283249629,360,cudaGraphNodeGetType_v10000,0,3999,267968,267968,20,python3
1283250180,350,cudaGraphNodeGetType_v10000,0,4000,267968,267968,20,python3
1283250721,360,cudaGraphNodeGetType_v10000,0,4001,267968,267968,20,python3
1283251272,361,cudaGraphNodeGetType_v10000,0,4002,267968,267968,20,python3
1283251813,361,cudaGraphNodeGetType_v10000,0,4003,267968,267968,20,python3
1283252364,351,cudaGraphNodeGetType_v10000,0,4004,267968,267968,20,python3
1283252905,351,cudaGraphNodeGetType_v10000,0,4005,267968,267968,20,python3
1283253446,351,cudaGraphNodeGetType_v10000,0,4006,267968,267968,20,python3
1283253987,351,cudaGraphNodeGetType_v10000,0,4007,267968,267968,20,python3
1283254528,361,cudaGraphNodeGetType_v10000,0,4008,267968,267968,20,python3
1283255069,361,cudaGraphNodeGetType_v10000,0,4009,267968,267968,20,python3
1283255620,351,cudaGraphNodeGetType_v10000,0,4010,267968,267968,20,python3
1283256161,351,cudaGraphNodeGetType_v10000,0,4011,267968,267968,20,python3
1283256993,350,cudaGraphNodeGetType_v10000,0,4012,267968,267968,20,python3
1283257534,350,cudaGraphNodeGetType_v10000,0,4013,267968,267968,20,python3
1283258075,350,cudaGraphNodeGetType_v10000,0,4014,267968,267968,20,python3
1283258616,351,cudaGraphNodeGetType_v10000,0,4015,267968,267968,20,python3
1283259157,361,cudaGraphNodeGetType_v10000,0,4016,267968,267968,20,python3
1283259698,361,cudaGraphNodeGetType_v10000,0,4017,267968,267968,20,python3
1283260249,361,cudaGraphNodeGetType_v10000,0,4018,267968,267968,20,python3
1283260800,351,cudaGraphNodeGetType_v10000,0,4019,267968,267968,20,python3
1283261341,371,cudaGraphNodeGetType_v10000,0,4020,267968,267968,20,python3
1283261902,351,cudaGraphNodeGetType_v10000,0,4021,267968,267968,20,python3
1283262443,351,cudaGraphNodeGetType_v10000,0,4022,267968,267968,20,python3
1283262984,351,cudaGraphNodeGetType_v10000,0,4023,267968,267968,20,python3
1283263525,361,cudaGraphNodeGetType_v10000,0,4024,267968,267968,20,python3
1283264066,361,cudaGraphNodeGetType_v10000,0,4025,267968,267968,20,python3
1283264687,351,cudaGraphNodeGetType_v10000,0,4026,267968,267968,20,python3
1283265228,351,cudaGraphNodeGetType_v10000,0,4027,267968,267968,20,python3
1283265770,360,cudaGraphNodeGetType_v10000,0,4028,267968,267968,20,python3
1283266321,350,cudaGraphNodeGetType_v10000,0,4029,267968,267968,20,python3
1283266862,360,cudaGraphNodeGetType_v10000,0,4030,267968,267968,20,python3
1283267403,360,cudaGraphNodeGetType_v10000,0,4031,267968,267968,20,python3
1283267944,360,cudaGraphNodeGetType_v10000,0,4032,267968,267968,20,python3
1283268495,360,cudaGraphNodeGetType_v10000,0,4033,267968,267968,20,python3
1283269036,360,cudaGraphNodeGetType_v10000,0,4034,267968,267968,20,python3
1283269587,350,cudaGraphNodeGetType_v10000,0,4035,267968,267968,20,python3
1283270128,351,cudaGraphNodeGetType_v10000,0,4036,267968,267968,20,python3
1283270669,351,cudaGraphNodeGetType_v10000,0,4037,267968,267968,20,python3
1283271210,351,cudaGraphNodeGetType_v10000,0,4038,267968,267968,20,python3
1283271751,361,cudaGraphNodeGetType_v10000,0,4039,267968,267968,20,python3
1283272292,361,cudaGraphNodeGetType_v10000,0,4040,267968,267968,20,python3
1283272833,361,cudaGraphNodeGetType_v10000,0,4041,267968,267968,20,python3
1283273384,351,cudaGraphNodeGetType_v10000,0,4042,267968,267968,20,python3
1283273925,351,cudaGraphNodeGetType_v10000,0,4043,267968,267968,20,python3
1283274466,351,cudaGraphNodeGetType_v10000,0,4044,267968,267968,20,python3
1283275007,351,cudaGraphNodeGetType_v10000,0,4045,267968,267968,20,python3
1283275548,361,cudaGraphNodeGetType_v10000,0,4046,267968,267968,20,python3
1283276089,361,cudaGraphNodeGetType_v10000,0,4047,267968,267968,20,python3
1283276640,361,cudaGraphNodeGetType_v10000,0,4048,267968,267968,20,python3
1283277191,351,cudaGraphNodeGetType_v10000,0,4049,267968,267968,20,python3
1283277732,361,cudaGraphNodeGetType_v10000,0,4050,267968,267968,20,python3
1283278273,361,cudaGraphNodeGetType_v10000,0,4051,267968,267968,20,python3
1283278814,361,cudaGraphNodeGetType_v10000,0,4052,267968,267968,20,python3
1283279365,351,cudaGraphNodeGetType_v10000,0,4053,267968,267968,20,python3
1283279907,350,cudaGraphNodeGetType_v10000,0,4054,267968,267968,20,python3
1283280448,350,cudaGraphNodeGetType_v10000,0,4055,267968,267968,20,python3
1283280989,350,cudaGraphNodeGetType_v10000,0,4056,267968,267968,20,python3
1283281530,360,cudaGraphNodeGetType_v10000,0,4057,267968,267968,20,python3
1283282071,360,cudaGraphNodeGetType_v10000,0,4058,267968,267968,20,python3
1283282622,350,cudaGraphNodeGetType_v10000,0,4059,267968,267968,20,python3
1283283163,350,cudaGraphNodeGetType_v10000,0,4060,267968,267968,20,python3
1283283704,350,cudaGraphNodeGetType_v10000,0,4061,267968,267968,20,python3
1283284245,350,cudaGraphNodeGetType_v10000,0,4062,267968,267968,20,python3
1283284786,361,cudaGraphNodeGetType_v10000,0,4063,267968,267968,20,python3
1283285327,361,cudaGraphNodeGetType_v10000,0,4064,267968,267968,20,python3
1283285868,361,cudaGraphNodeGetType_v10000,0,4065,267968,267968,20,python3
1283286419,351,cudaGraphNodeGetType_v10000,0,4066,267968,267968,20,python3
1283286960,351,cudaGraphNodeGetType_v10000,0,4067,267968,267968,20,python3
1283287501,351,cudaGraphNodeGetType_v10000,0,4068,267968,267968,20,python3
1283288042,351,cudaGraphNodeGetType_v10000,0,4069,267968,267968,20,python3
1283288583,361,cudaGraphNodeGetType_v10000,0,4070,267968,267968,20,python3
1283289124,371,cudaGraphNodeGetType_v10000,0,4071,267968,267968,20,python3
1283289685,361,cudaGraphNodeGetType_v10000,0,4072,267968,267968,20,python3
1283290226,361,cudaGraphNodeGetType_v10000,0,4073,267968,267968,20,python3
1283290777,351,cudaGraphNodeGetType_v10000,0,4074,267968,267968,20,python3
1283291318,361,cudaGraphNodeGetType_v10000,0,4075,267968,267968,20,python3
1283291869,361,cudaGraphNodeGetType_v10000,0,4076,267968,267968,20,python3
1283292420,361,cudaGraphNodeGetType_v10000,0,4077,267968,267968,20,python3
1283292961,361,cudaGraphNodeGetType_v10000,0,4078,267968,267968,20,python3
1283293513,360,cudaGraphNodeGetType_v10000,0,4079,267968,267968,20,python3
1283294064,370,cudaGraphNodeGetType_v10000,0,4080,267968,267968,20,python3
1283294615,360,cudaGraphNodeGetType_v10000,0,4081,267968,267968,20,python3
1283295166,350,cudaGraphNodeGetType_v10000,0,4082,267968,267968,20,python3
1283295707,360,cudaGraphNodeGetType_v10000,0,4083,267968,267968,20,python3
1283296258,350,cudaGraphNodeGetType_v10000,0,4084,267968,267968,20,python3
1283296799,350,cudaGraphNodeGetType_v10000,0,4085,267968,267968,20,python3
1283297340,361,cudaGraphNodeGetType_v10000,0,4086,267968,267968,20,python3
1283297891,361,cudaGraphNodeGetType_v10000,0,4087,267968,267968,20,python3
1283298432,361,cudaGraphNodeGetType_v10000,0,4088,267968,267968,20,python3
1283298973,361,cudaGraphNodeGetType_v10000,0,4089,267968,267968,20,python3
1283299524,361,cudaGraphNodeGetType_v10000,0,4090,267968,267968,20,python3
1283300065,361,cudaGraphNodeGetType_v10000,0,4091,267968,267968,20,python3
1283300616,351,cudaGraphNodeGetType_v10000,0,4092,267968,267968,20,python3
1283301157,351,cudaGraphNodeGetType_v10000,0,4093,267968,267968,20,python3
1283301698,361,cudaGraphNodeGetType_v10000,0,4094,267968,267968,20,python3
1283302249,361,cudaGraphNodeGetType_v10000,0,4095,267968,267968,20,python3
1283302790,361,cudaGraphNodeGetType_v10000,0,4096,267968,267968,20,python3
1283303331,361,cudaGraphNodeGetType_v10000,0,4097,267968,267968,20,python3
1283303882,361,cudaGraphNodeGetType_v10000,0,4098,267968,267968,20,python3
1283304423,361,cudaGraphNodeGetType_v10000,0,4099,267968,267968,20,python3
1283304974,351,cudaGraphNodeGetType_v10000,0,4100,267968,267968,20,python3
1283305515,371,cudaGraphNodeGetType_v10000,0,4101,267968,267968,20,python3
1283306077,360,cudaGraphNodeGetType_v10000,0,4102,267968,267968,20,python3
1283306628,350,cudaGraphNodeGetType_v10000,0,4103,267968,267968,20,python3
1283307169,370,cudaGraphNodeGetType_v10000,0,4104,267968,267968,20,python3
1283307720,360,cudaGraphNodeGetType_v10000,0,4105,267968,267968,20,python3
1283308261,360,cudaGraphNodeGetType_v10000,0,4106,267968,267968,20,python3
1283308812,360,cudaGraphNodeGetType_v10000,0,4107,267968,267968,20,python3
1283309363,350,cudaGraphNodeGetType_v10000,0,4108,267968,267968,20,python3
1283309904,350,cudaGraphNodeGetType_v10000,0,4109,267968,267968,20,python3
1283310445,371,cudaGraphNodeGetType_v10000,0,4110,267968,267968,20,python3
1283310996,371,cudaGraphNodeGetType_v10000,0,4111,267968,267968,20,python3
1283311557,371,cudaGraphNodeGetType_v10000,0,4112,267968,267968,20,python3
1283312118,351,cudaGraphNodeGetType_v10000,0,4113,267968,267968,20,python3
1283312659,361,cudaGraphNodeGetType_v10000,0,4114,267968,267968,20,python3
1283313200,361,cudaGraphNodeGetType_v10000,0,4115,267968,267968,20,python3
1283313751,351,cudaGraphNodeGetType_v10000,0,4116,267968,267968,20,python3
1283314292,351,cudaGraphNodeGetType_v10000,0,4117,267968,267968,20,python3
1283314833,361,cudaGraphNodeGetType_v10000,0,4118,267968,267968,20,python3
1283315384,361,cudaGraphNodeGetType_v10000,0,4119,267968,267968,20,python3
1283315935,351,cudaGraphNodeGetType_v10000,0,4120,267968,267968,20,python3
1283316476,351,cudaGraphNodeGetType_v10000,0,4121,267968,267968,20,python3
1283317017,361,cudaGraphNodeGetType_v10000,0,4122,267968,267968,20,python3
1283317568,351,cudaGraphNodeGetType_v10000,0,4123,267968,267968,20,python3
1283318109,361,cudaGraphNodeGetType_v10000,0,4124,267968,267968,20,python3
1283318651,360,cudaGraphNodeGetType_v10000,0,4125,267968,267968,20,python3
1283319202,350,cudaGraphNodeGetType_v10000,0,4126,267968,267968,20,python3
1283319743,350,cudaGraphNodeGetType_v10000,0,4127,267968,267968,20,python3
1283320284,350,cudaGraphNodeGetType_v10000,0,4128,267968,267968,20,python3
1283320825,350,cudaGraphNodeGetType_v10000,0,4129,267968,267968,20,python3
1283321366,360,cudaGraphNodeGetType_v10000,0,4130,267968,267968,20,python3
1283321907,360,cudaGraphNodeGetType_v10000,0,4131,267968,267968,20,python3
1283322448,360,cudaGraphNodeGetType_v10000,0,4132,267968,267968,20,python3
1283322999,350,cudaGraphNodeGetType_v10000,0,4133,267968,267968,20,python3
1283323540,371,cudaGraphNodeGetType_v10000,0,4134,267968,267968,20,python3
1283324091,361,cudaGraphNodeGetType_v10000,0,4135,267968,267968,20,python3
1283324642,351,cudaGraphNodeGetType_v10000,0,4136,267968,267968,20,python3
1283325183,351,cudaGraphNodeGetType_v10000,0,4137,267968,267968,20,python3
1283325724,371,cudaGraphNodeGetType_v10000,0,4138,267968,267968,20,python3
1283326285,351,cudaGraphNodeGetType_v10000,0,4139,267968,267968,20,python3
1283326826,351,cudaGraphNodeGetType_v10000,0,4140,267968,267968,20,python3
1283327367,351,cudaGraphNodeGetType_v10000,0,4141,267968,267968,20,python3
1283327908,351,cudaGraphNodeGetType_v10000,0,4142,267968,267968,20,python3
1283328449,692,cudaGraphNodeGetType_v10000,0,4143,267968,267968,20,python3
1283329331,351,cudaGraphNodeGetType_v10000,0,4144,267968,267968,20,python3
1283329872,351,cudaGraphNodeGetType_v10000,0,4145,267968,267968,20,python3
1283330413,351,cudaGraphNodeGetType_v10000,0,4146,267968,267968,20,python3
1283330954,361,cudaGraphNodeGetType_v10000,0,4147,267968,267968,20,python3
1283331495,361,cudaGraphNodeGetType_v10000,0,4148,267968,267968,20,python3
1283332036,361,cudaGraphNodeGetType_v10000,0,4149,267968,267968,20,python3
1283332587,351,cudaGraphNodeGetType_v10000,0,4150,267968,267968,20,python3
1283333128,351,cudaGraphNodeGetType_v10000,0,4151,267968,267968,20,python3
1283333669,351,cudaGraphNodeGetType_v10000,0,4152,267968,267968,20,python3
1283334210,351,cudaGraphNodeGetType_v10000,0,4153,267968,267968,20,python3
1283335012,350,cudaGraphNodeGetType_v10000,0,4154,267968,267968,20,python3
1283335553,350,cudaGraphNodeGetType_v10000,0,4155,267968,267968,20,python3
1283336094,350,cudaGraphNodeGetType_v10000,0,4156,267968,267968,20,python3
1283336635,361,cudaGraphNodeGetType_v10000,0,4157,267968,267968,20,python3
1283337176,361,cudaGraphNodeGetType_v10000,0,4158,267968,267968,20,python3
1283337717,361,cudaGraphNodeGetType_v10000,0,4159,267968,267968,20,python3
1283338268,351,cudaGraphNodeGetType_v10000,0,4160,267968,267968,20,python3
1283338809,351,cudaGraphNodeGetType_v10000,0,4161,267968,267968,20,python3
1283339350,351,cudaGraphNodeGetType_v10000,0,4162,267968,267968,20,python3
1283339891,351,cudaGraphNodeGetType_v10000,0,4163,267968,267968,20,python3
1283340432,361,cudaGraphNodeGetType_v10000,0,4164,267968,267968,20,python3
1283340973,361,cudaGraphNodeGetType_v10000,0,4165,267968,267968,20,python3
1283341524,351,cudaGraphNodeGetType_v10000,0,4166,267968,267968,20,python3
1283342065,351,cudaGraphNodeGetType_v10000,0,4167,267968,267968,20,python3
1283342606,351,cudaGraphNodeGetType_v10000,0,4168,267968,267968,20,python3
1283343147,351,cudaGraphNodeGetType_v10000,0,4169,267968,267968,20,python3
1283343688,361,cudaGraphNodeGetType_v10000,0,4170,267968,267968,20,python3
1283344229,361,cudaGraphNodeGetType_v10000,0,4171,267968,267968,20,python3
1283344770,361,cudaGraphNodeGetType_v10000,0,4172,267968,267968,20,python3
1283345321,351,cudaGraphNodeGetType_v10000,0,4173,267968,267968,20,python3
1283345862,351,cudaGraphNodeGetType_v10000,0,4174,267968,267968,20,python3
1283346404,350,cudaGraphNodeGetType_v10000,0,4175,267968,267968,20,python3
1283346945,350,cudaGraphNodeGetType_v10000,0,4176,267968,267968,20,python3
1283347486,370,cudaGraphNodeGetType_v10000,0,4177,267968,267968,20,python3
1283348037,360,cudaGraphNodeGetType_v10000,0,4178,267968,267968,20,python3
1283348578,360,cudaGraphNodeGetType_v10000,0,4179,267968,267968,20,python3
1283349119,360,cudaGraphNodeGetType_v10000,0,4180,267968,267968,20,python3
1283349670,350,cudaGraphNodeGetType_v10000,0,4181,267968,267968,20,python3
1283350211,350,cudaGraphNodeGetType_v10000,0,4182,267968,267968,20,python3
1283350752,350,cudaGraphNodeGetType_v10000,0,4183,267968,267968,20,python3
1283351293,351,cudaGraphNodeGetType_v10000,0,4184,267968,267968,20,python3
1283351834,361,cudaGraphNodeGetType_v10000,0,4185,267968,267968,20,python3
1283352375,361,cudaGraphNodeGetType_v10000,0,4186,267968,267968,20,python3
1283352916,361,cudaGraphNodeGetType_v10000,0,4187,267968,267968,20,python3
1283353467,351,cudaGraphNodeGetType_v10000,0,4188,267968,267968,20,python3
1283354008,351,cudaGraphNodeGetType_v10000,0,4189,267968,267968,20,python3
1283354549,351,cudaGraphNodeGetType_v10000,0,4190,267968,267968,20,python3
1283355090,351,cudaGraphNodeGetType_v10000,0,4191,267968,267968,20,python3
1283355631,361,cudaGraphNodeGetType_v10000,0,4192,267968,267968,20,python3
1283356172,361,cudaGraphNodeGetType_v10000,0,4193,267968,267968,20,python3
1283356723,351,cudaGraphNodeGetType_v10000,0,4194,267968,267968,20,python3
1283357264,351,cudaGraphNodeGetType_v10000,0,4195,267968,267968,20,python3
1283357805,351,cudaGraphNodeGetType_v10000,0,4196,267968,267968,20,python3
1283358346,351,cudaGraphNodeGetType_v10000,0,4197,267968,267968,20,python3
1283358887,351,cudaGraphNodeGetType_v10000,0,4198,267968,267968,20,python3
1283359428,361,cudaGraphNodeGetType_v10000,0,4199,267968,267968,20,python3
1283359969,361,cudaGraphNodeGetType_v10000,0,4200,267968,267968,20,python3
1283360520,351,cudaGraphNodeGetType_v10000,0,4201,267968,267968,20,python3
1283361062,350,cudaGraphNodeGetType_v10000,0,4202,267968,267968,20,python3
1283361603,350,cudaGraphNodeGetType_v10000,0,4203,267968,267968,20,python3
1283362144,350,cudaGraphNodeGetType_v10000,0,4204,267968,267968,20,python3
1283362685,360,cudaGraphNodeGetType_v10000,0,4205,267968,267968,20,python3
1283363226,360,cudaGraphNodeGetType_v10000,0,4206,267968,267968,20,python3
1283363767,360,cudaGraphNodeGetType_v10000,0,4207,267968,267968,20,python3
1283364318,360,cudaGraphNodeGetType_v10000,0,4208,267968,267968,20,python3
1283364859,360,cudaGraphNodeGetType_v10000,0,4209,267968,267968,20,python3
1283365410,350,cudaGraphNodeGetType_v10000,0,4210,267968,267968,20,python3
1283365951,351,cudaGraphNodeGetType_v10000,0,4211,267968,267968,20,python3
1283366492,361,cudaGraphNodeGetType_v10000,0,4212,267968,267968,20,python3
1283367033,361,cudaGraphNodeGetType_v10000,0,4213,267968,267968,20,python3
1283367574,361,cudaGraphNodeGetType_v10000,0,4214,267968,267968,20,python3
1283368125,351,cudaGraphNodeGetType_v10000,0,4215,267968,267968,20,python3
1283368666,361,cudaGraphNodeGetType_v10000,0,4216,267968,267968,20,python3
1283369207,361,cudaGraphNodeGetType_v10000,0,4217,267968,267968,20,python3
1283369758,351,cudaGraphNodeGetType_v10000,0,4218,267968,267968,20,python3
1283370299,361,cudaGraphNodeGetType_v10000,0,4219,267968,267968,20,python3
1283370840,361,cudaGraphNodeGetType_v10000,0,4220,267968,267968,20,python3
1283371381,361,cudaGraphNodeGetType_v10000,0,4221,267968,267968,20,python3
1283371932,351,cudaGraphNodeGetType_v10000,0,4222,267968,267968,20,python3
1283372473,351,cudaGraphNodeGetType_v10000,0,4223,267968,267968,20,python3
1283373014,351,cudaGraphNodeGetType_v10000,0,4224,267968,267968,20,python3
1283373555,351,cudaGraphNodeGetType_v10000,0,4225,267968,267968,20,python3
1283374197,350,cudaGraphNodeGetType_v10000,0,4226,267968,267968,20,python3
1283374738,360,cudaGraphNodeGetType_v10000,0,4227,267968,267968,20,python3
1283375289,350,cudaGraphNodeGetType_v10000,0,4228,267968,267968,20,python3
1283375830,360,cudaGraphNodeGetType_v10000,0,4229,267968,267968,20,python3
1283376371,360,cudaGraphNodeGetType_v10000,0,4230,267968,267968,20,python3
1283376922,350,cudaGraphNodeGetType_v10000,0,4231,267968,267968,20,python3
1283377463,351,cudaGraphNodeGetType_v10000,0,4232,267968,267968,20,python3
1283378004,351,cudaGraphNodeGetType_v10000,0,4233,267968,267968,20,python3
1283378545,351,cudaGraphNodeGetType_v10000,0,4234,267968,267968,20,python3
1283379086,361,cudaGraphNodeGetType_v10000,0,4235,267968,267968,20,python3
1283379627,361,cudaGraphNodeGetType_v10000,0,4236,267968,267968,20,python3
1283380178,351,cudaGraphNodeGetType_v10000,0,4237,267968,267968,20,python3
1283380719,361,cudaGraphNodeGetType_v10000,0,4238,267968,267968,20,python3
1283381260,361,cudaGraphNodeGetType_v10000,0,4239,267968,267968,20,python3
1283381801,361,cudaGraphNodeGetType_v10000,0,4240,267968,267968,20,python3
1283382352,351,cudaGraphNodeGetType_v10000,0,4241,267968,267968,20,python3
1283382893,361,cudaGraphNodeGetType_v10000,0,4242,267968,267968,20,python3
1283383434,361,cudaGraphNodeGetType_v10000,0,4243,267968,267968,20,python3
1283383975,361,cudaGraphNodeGetType_v10000,0,4244,267968,267968,20,python3
1283384526,351,cudaGraphNodeGetType_v10000,0,4245,267968,267968,20,python3
1283385067,361,cudaGraphNodeGetType_v10000,0,4246,267968,267968,20,python3
1283385608,361,cudaGraphNodeGetType_v10000,0,4247,267968,267968,20,python3
1283386159,351,cudaGraphNodeGetType_v10000,0,4248,267968,267968,20,python3
1283386700,351,cudaGraphNodeGetType_v10000,0,4249,267968,267968,20,python3
1283387242,360,cudaGraphNodeGetType_v10000,0,4250,267968,267968,20,python3
1283387793,350,cudaGraphNodeGetType_v10000,0,4251,267968,267968,20,python3
1283388334,350,cudaGraphNodeGetType_v10000,0,4252,267968,267968,20,python3
1283388875,350,cudaGraphNodeGetType_v10000,0,4253,267968,267968,20,python3
1283389416,360,cudaGraphNodeGetType_v10000,0,4254,267968,267968,20,python3
1283389967,350,cudaGraphNodeGetType_v10000,0,4255,267968,267968,20,python3
1283390508,360,cudaGraphNodeGetType_v10000,0,4256,267968,267968,20,python3
1283391059,350,cudaGraphNodeGetType_v10000,0,4257,267968,267968,20,python3
1283391600,351,cudaGraphNodeGetType_v10000,0,4258,267968,267968,20,python3
1283392141,351,cudaGraphNodeGetType_v10000,0,4259,267968,267968,20,python3
1283392682,351,cudaGraphNodeGetType_v10000,0,4260,267968,267968,20,python3
1283393223,361,cudaGraphNodeGetType_v10000,0,4261,267968,267968,20,python3
1283393774,351,cudaGraphNodeGetType_v10000,0,4262,267968,267968,20,python3
1283394315,361,cudaGraphNodeGetType_v10000,0,4263,267968,267968,20,python3
1283394866,351,cudaGraphNodeGetType_v10000,0,4264,267968,267968,20,python3
1283395407,351,cudaGraphNodeGetType_v10000,0,4265,267968,267968,20,python3
1283395948,351,cudaGraphNodeGetType_v10000,0,4266,267968,267968,20,python3
1283396489,361,cudaGraphNodeGetType_v10000,0,4267,267968,267968,20,python3
1283397040,351,cudaGraphNodeGetType_v10000,0,4268,267968,267968,20,python3
1283397581,351,cudaGraphNodeGetType_v10000,0,4269,267968,267968,20,python3
1283398122,351,cudaGraphNodeGetType_v10000,0,4270,267968,267968,20,python3
1283398663,361,cudaGraphNodeGetType_v10000,0,4271,267968,267968,20,python3
1283399214,351,cudaGraphNodeGetType_v10000,0,4272,267968,267968,20,python3
1283399755,351,cudaGraphNodeGetType_v10000,0,4273,267968,267968,20,python3
1283400296,351,cudaGraphNodeGetType_v10000,0,4274,267968,267968,20,python3
1283400837,361,cudaGraphNodeGetType_v10000,0,4275,267968,267968,20,python3
1283401379,360,cudaGraphNodeGetType_v10000,0,4276,267968,267968,20,python3
1283401920,360,cudaGraphNodeGetType_v10000,0,4277,267968,267968,20,python3
1283402471,360,cudaGraphNodeGetType_v10000,0,4278,267968,267968,20,python3
1283403012,360,cudaGraphNodeGetType_v10000,0,4279,267968,267968,20,python3
1283403553,360,cudaGraphNodeGetType_v10000,0,4280,267968,267968,20,python3
1283404104,350,cudaGraphNodeGetType_v10000,0,4281,267968,267968,20,python3
1283404645,360,cudaGraphNodeGetType_v10000,0,4282,267968,267968,20,python3
1283405186,360,cudaGraphNodeGetType_v10000,0,4283,267968,267968,20,python3
1283405727,360,cudaGraphNodeGetType_v10000,0,4284,267968,267968,20,python3
1283406278,351,cudaGraphNodeGetType_v10000,0,4285,267968,267968,20,python3
1283406819,351,cudaGraphNodeGetType_v10000,0,4286,267968,267968,20,python3
1283407360,351,cudaGraphNodeGetType_v10000,0,4287,267968,267968,20,python3
1283407901,361,cudaGraphNodeGetType_v10000,0,4288,267968,267968,20,python3
1283414474,430,cudaGraphNodeGetType_v10000,0,4289,267968,267968,20,python3
1283415115,360,cudaGraphNodeGetType_v10000,0,4290,267968,267968,20,python3
1283415666,350,cudaGraphNodeGetType_v10000,0,4291,267968,267968,20,python3
1283416197,350,cudaGraphNodeGetType_v10000,0,4292,267968,267968,20,python3
1283416738,351,cudaGraphNodeGetType_v10000,0,4293,267968,267968,20,python3
1283417269,351,cudaGraphNodeGetType_v10000,0,4294,267968,267968,20,python3
1283417810,351,cudaGraphNodeGetType_v10000,0,4295,267968,267968,20,python3
1283418341,351,cudaGraphNodeGetType_v10000,0,4296,267968,267968,20,python3
1283418882,351,cudaGraphNodeGetType_v10000,0,4297,267968,267968,20,python3
1283419413,351,cudaGraphNodeGetType_v10000,0,4298,267968,267968,20,python3
1283419944,351,cudaGraphNodeGetType_v10000,0,4299,267968,267968,20,python3
1283420485,351,cudaGraphNodeGetType_v10000,0,4300,267968,267968,20,python3
1283421016,361,cudaGraphNodeGetType_v10000,0,4301,267968,267968,20,python3
1283421557,351,cudaGraphNodeGetType_v10000,0,4302,267968,267968,20,python3
1283422098,351,cudaGraphNodeGetType_v10000,0,4303,267968,267968,20,python3
1283422639,361,cudaGraphNodeGetType_v10000,0,4304,267968,267968,20,python3
1283423190,341,cudaGraphNodeGetType_v10000,0,4305,267968,267968,20,python3
1283423741,351,cudaGraphNodeGetType_v10000,0,4306,267968,267968,20,python3
1283424272,351,cudaGraphNodeGetType_v10000,0,4307,267968,267968,20,python3
1283424833,351,cudaGraphNodeGetType_v10000,0,4308,267968,267968,20,python3
1283425364,361,cudaGraphNodeGetType_v10000,0,4309,267968,267968,20,python3
1283425905,361,cudaGraphNodeGetType_v10000,0,4310,267968,267968,20,python3
1283426446,351,cudaGraphNodeGetType_v10000,0,4311,267968,267968,20,python3
1283426977,351,cudaGraphNodeGetType_v10000,0,4312,267968,267968,20,python3
1283427518,351,cudaGraphNodeGetType_v10000,0,4313,267968,267968,20,python3
1283428049,351,cudaGraphNodeGetType_v10000,0,4314,267968,267968,20,python3
1283428590,351,cudaGraphNodeGetType_v10000,0,4315,267968,267968,20,python3
1283429121,361,cudaGraphNodeGetType_v10000,0,4316,267968,267968,20,python3
1283429663,350,cudaGraphNodeGetType_v10000,0,4317,267968,267968,20,python3
1283430204,350,cudaGraphNodeGetType_v10000,0,4318,267968,267968,20,python3
1283430745,360,cudaGraphNodeGetType_v10000,0,4319,267968,267968,20,python3
1283431286,350,cudaGraphNodeGetType_v10000,0,4320,267968,267968,20,python3
1283431817,360,cudaGraphNodeGetType_v10000,0,4321,267968,267968,20,python3
1283432358,350,cudaGraphNodeGetType_v10000,0,4322,267968,267968,20,python3
1283432889,350,cudaGraphNodeGetType_v10000,0,4323,267968,267968,20,python3
1283433430,350,cudaGraphNodeGetType_v10000,0,4324,267968,267968,20,python3
1283433961,350,cudaGraphNodeGetType_v10000,0,4325,267968,267968,20,python3
1283435794,1910218,cudaGraphInstantiate_v12000,0,4326,267968,267968,20,python3
1285346974,174273,cudaGraphUpload_v10000,0,4327,267968,267968,20,python3
1285521818,68892,cudaStreamSynchronize,0,4328,267968,267968,20,python3
1285591050,1784,cudaStreamBeginCapture_v10000,0,4329,267968,267968,20,python3
1285594016,26330,cudaLaunchKernel,0,4330,267968,267968,20,python3
1285622059,2094,cudaLaunchKernel,0,4332,267968,267968,20,python3
1285625346,25879,cudaLaunchKernel,0,4334,267968,267968,20,python3
1285651947,1062,cudaStreamEndCapture_v10000,0,4336,267968,267968,20,python3
1285653329,47541,cudaGraphInstantiate_v12000,0,4337,267968,267968,20,python3
1285701501,6082,cudaStreamDestroy,0,4338,267968,267968,20,python3
1285712542,1122,cudaStreamIsCapturing_v10000,0,4340,267968,267968,20,python3
1285715458,11532,cudaMemcpyAsync,0,4341,267968,267968,20,python3
1285727471,6422,cudaMemsetAsync,0,4342,267968,267968,20,python3
1285734464,6402,cudaEventRecord,0,4343,267968,267968,20,python3
1285741778,2755,cudaStreamWaitEvent,0,4344,267968,267968,20,python3
1285745014,338617,cudaLaunchHostFunc_v10000,0,4345,267968,267968,20,python3
1286085014,66877,cudaLaunchKernel,0,4346,267968,267968,20,python3
1286165327,5951,cudaMemsetAsync,0,4348,267968,267968,20,python3
1286171529,2956,cudaMemsetAsync,0,4349,267968,267968,20,python3
1286174995,2826,cudaMemsetAsync,0,4350,267968,267968,20,python3
1286178081,2886,cudaMemsetAsync,0,4351,267968,267968,20,python3
1286181368,2785,cudaMemsetAsync,0,4352,267968,267968,20,python3
1286184444,2865,cudaMemsetAsync,0,4353,267968,267968,20,python3
1286187559,2756,cudaMemsetAsync,0,4354,267968,267968,20,python3
1286190575,2786,cudaMemsetAsync,0,4355,267968,267968,20,python3
1286193601,2805,cudaMemsetAsync,0,4356,267968,267968,20,python3
1286197308,25699,cudaLaunchKernel,0,4357,267968,267968,20,python3
1286224250,53231,cudaLaunchKernel,0,4359,267968,267968,20,python3
1286278864,21902,cudaLaunchKernel,0,4361,267968,267968,20,python3
1286302579,6322,cudaLaunchKernel,0,4363,267968,267968,20,python3
1286310124,5230,cudaLaunchKernel,0,4365,267968,267968,20,python3
1286316205,5390,cudaLaunchKernel,0,4367,267968,267968,20,python3
1286322627,5391,cudaLaunchKernel,0,4369,267968,267968,20,python3
1286328869,5581,cudaLaunchKernel,0,4371,267968,267968,20,python3
1286335432,3977,cudaMemsetAsync,0,4373,267968,267968,20,python3
1286339660,2745,cudaMemsetAsync,0,4374,267968,267968,20,python3
1286344860,39315,cudaLaunchKernel,0,4375,267968,267968,20,python3
1286385087,33373,cudaLaunchKernel,0,4377,267968,267968,20,python3
1286419442,61067,cudaLaunchKernel,0,4379,267968,267968,20,python3
1286481451,22322,cudaLaunchKernel,0,4381,267968,267968,20,python3
1286504605,21972,cudaLaunchKernel,0,4383,267968,267968,20,python3
1286527378,41650,cudaLaunchKernel,0,4385,267968,267968,20,python3
1286570010,20920,cudaLaunchKernel,0,4387,267968,267968,20,python3
1286591681,21712,cudaLaunchKernel,0,4389,267968,267968,20,python3
1286614324,20920,cudaLaunchKernel,0,4391,267968,267968,20,python3
1286636337,20940,cudaLaunchKernel,0,4393,267968,267968,20,python3
1286658298,21441,cudaLaunchKernel,0,4395,267968,267968,20,python3
1286681282,61037,cudaLaunchKernel,0,4397,267968,267968,20,python3
1286743281,43423,cudaLaunchKernel,0,4399,267968,267968,20,python3
1286787906,24587,cudaLaunchKernel,0,4401,267968,267968,20,python3
1286813345,22362,cudaLaunchKernel,0,4403,267968,267968,20,python3
1286837851,20540,cudaLaunchKernel,0,4405,267968,267968,20,python3
1286859232,31280,cudaLaunchKernel,0,4407,267968,267968,20,python3
1286891394,70825,cudaLaunchKernel,0,4409,267968,267968,20,python3
1286963291,23795,cudaLaunchKernel,0,4411,267968,267968,20,python3
1286987928,19898,cudaLaunchKernel,0,4413,267968,267968,20,python3
1287008648,19948,cudaLaunchKernel,0,4415,267968,267968,20,python3
1287030089,4899,cudaLaunchKernel,0,4417,267968,267968,20,python3
1287035759,4789,cudaLaunchKernel,0,4419,267968,267968,20,python3
1287041410,26621,cudaLaunchKernel,0,4421,267968,267968,20,python3
1287069063,43182,cudaLaunchKernel,0,4423,267968,267968,20,python3
1287113237,23315,cudaLaunchKernel,0,4425,267968,267968,20,python3
1287137423,21652,cudaLaunchKernel,0,4427,267968,267968,20,python3
1287160808,47801,cudaLaunchKernel,0,4429,267968,267968,20,python3
1287209692,22272,cudaLaunchKernel,0,4431,267968,267968,20,python3
1287233397,6031,cudaLaunchKernel,0,4433,267968,267968,20,python3
1287240240,5200,cudaLaunchKernel,0,4435,267968,267968,20,python3
1287246352,22352,cudaLaunchKernel,0,4437,267968,267968,20,python3
1287269776,28425,cudaLaunchKernel,0,4439,267968,267968,20,python3
1287299132,23024,cudaLaunchKernel,0,4441,267968,267968,20,python3
1287323068,22784,cudaLaunchKernel,0,4443,267968,267968,20,python3
1287346683,4649,cudaMemsetAsync,0,4445,267968,267968,20,python3
1287351593,2865,cudaMemsetAsync,0,4446,267968,267968,20,python3
1287356302,5771,cudaLaunchKernel,0,4447,267968,267968,20,python3
1287362894,23124,cudaLaunchKernel,0,4449,267968,267968,20,python3
1287386810,30548,cudaLaunchKernel,0,4451,267968,267968,20,python3
1287418230,36720,cudaLaunchKernel,0,4453,267968,267968,20,python3
1287455761,24457,cudaLaunchKernel,0,4455,267968,267968,20,python3
1287481000,19998,cudaLaunchKernel,0,4457,267968,267968,20,python3
1287502060,21571,cudaLaunchKernel,0,4459,267968,267968,20,python3
1287534762,20660,cudaLaunchKernel,0,4465,267968,267968,20,python3
1287556394,4308,cudaMemsetAsync,0,4467,267968,267968,20,python3
1287560942,3006,cudaMemsetAsync,0,4468,267968,267968,20,python3
1287569348,5361,cudaLaunchKernel,0,4469,267968,267968,20,python3
1287575340,3096,cudaMemsetAsync,0,4471,267968,267968,20,python3
1287578997,5440,cudaLaunchKernel,0,4472,267968,267968,20,python3
1287585339,5591,cudaLaunchKernel,0,4474,267968,267968,20,python3
1287594867,5641,cudaLaunchKernel,0,4476,267968,267968,20,python3
1287601770,3477,cudaMemsetAsync,0,4478,267968,267968,20,python3
1287609786,6292,cudaLaunchKernel,0,4479,267968,267968,20,python3
1287617510,4900,cudaLaunchKernel,0,4481,267968,267968,20,python3
1287623151,4749,cudaLaunchKernel,0,4483,267968,267968,20,python3
1287628952,4308,cudaLaunchKernel,0,4485,267968,267968,20,python3
1287634894,5089,cudaLaunchKernel,0,4487,267968,267968,20,python3
1287640745,3156,cudaMemsetAsync,0,4489,267968,267968,20,python3
1287644602,5140,cudaLaunchKernel,0,4490,267968,267968,20,python3
1287650634,5049,cudaLaunchKernel,0,4492,267968,267968,20,python3
1287672976,7304,cudaLaunchKernel,0,4494,267968,267968,20,python3
1287681312,3307,cudaMemsetAsync,0,4496,267968,267968,20,python3
1287685150,5420,cudaLaunchKernel,0,4497,267968,267968,20,python3
1287691442,4588,cudaLaunchKernel,0,4499,267968,267968,20,python3
1287700138,4609,cudaLaunchKernel,0,4501,267968,267968,20,python3
1287705328,3086,cudaMemsetAsync,0,4503,267968,267968,20,python3
1287708795,4518,cudaLaunchKernel,0,4504,267968,267968,20,python3
1287713965,4608,cudaLaunchKernel,0,4506,267968,267968,20,python3
1287727991,5310,cudaLaunchKernel,0,4509,267968,267968,20,python3
1287733973,3096,cudaMemsetAsync,0,4511,267968,267968,20,python3
1287737439,4439,cudaLaunchKernel,0,4512,267968,267968,20,python3
1287742479,4398,cudaLaunchKernel,0,4514,267968,267968,20,python3
1287754221,4529,cudaLaunchKernel,0,4517,267968,267968,20,python3
1287759371,3146,cudaMemsetAsync,0,4519,267968,267968,20,python3
1287762898,4559,cudaLaunchKernel,0,4520,267968,267968,20,python3
1287768068,4539,cudaLaunchKernel,0,4522,267968,267968,20,python3
1287779610,4448,cudaLaunchKernel,0,4525,267968,267968,20,python3
1287784640,3035,cudaMemsetAsync,0,4527,267968,267968,20,python3
1287788066,4469,cudaLaunchKernel,0,4528,267968,267968,20,python3
1287793136,4488,cudaLaunchKernel,0,4530,267968,267968,20,python3
1287804477,4579,cudaLaunchKernel,0,4533,267968,267968,20,python3
1287809657,3106,cudaMemsetAsync,0,4535,267968,267968,20,python3
1287813134,4458,cudaLaunchKernel,0,4536,267968,267968,20,python3
1287818244,4378,cudaLaunchKernel,0,4538,267968,267968,20,python3
1287826349,4409,cudaLaunchKernel,0,4540,267968,267968,20,python3
1287831369,2975,cudaMemsetAsync,0,4542,267968,267968,20,python3
1287834745,4589,cudaLaunchKernel,0,4543,267968,267968,20,python3
1287839935,4298,cudaLaunchKernel,0,4545,267968,267968,20,python3
1287847920,4529,cudaLaunchKernel,0,4547,267968,267968,20,python3
1287853080,3086,cudaMemsetAsync,0,4549,267968,267968,20,python3
1287856537,4388,cudaLaunchKernel,0,4550,267968,267968,20,python3
1287861526,4329,cudaLaunchKernel,0,4552,267968,267968,20,python3
1287869722,4308,cudaLaunchKernel,0,4554,267968,267968,20,python3
1287874611,3126,cudaMemsetAsync,0,4556,267968,267968,20,python3
1287878108,4278,cudaLaunchKernel,0,4557,267968,267968,20,python3
1287882977,4489,cudaLaunchKernel,0,4559,267968,267968,20,python3
1287891123,4519,cudaLaunchKernel,0,4561,267968,267968,20,python3
1287896253,2965,cudaMemsetAsync,0,4563,267968,267968,20,python3
1287899589,4449,cudaLaunchKernel,0,4564,267968,267968,20,python3
1287904639,4378,cudaLaunchKernel,0,4566,267968,267968,20,python3
1287912624,4418,cudaLaunchKernel,0,4568,267968,267968,20,python3
1287917684,3216,cudaMemsetAsync,0,4570,267968,267968,20,python3
1287921270,4379,cudaLaunchKernel,0,4571,267968,267968,20,python3
1287926290,4388,cudaLaunchKernel,0,4573,267968,267968,20,python3
1287934315,4339,cudaLaunchKernel,0,4575,267968,267968,20,python3
1287939265,3066,cudaMemsetAsync,0,4577,267968,267968,20,python3
1287942701,4309,cudaLaunchKernel,0,4578,267968,267968,20,python3
1287947601,4298,cudaLaunchKernel,0,4580,267968,267968,20,python3
1287955626,4429,cudaLaunchKernel,0,4582,267968,267968,20,python3
1287961507,4589,cudaLaunchKernel,0,4584,267968,267968,20,python3
1287967549,4879,cudaLaunchKernel,0,4586,267968,267968,20,python3
1287973400,6142,cudaMemsetAsync,0,4588,267968,267968,20,python3
1287980393,6423,cudaLaunchKernel,0,4589,267968,267968,20,python3
1287987777,5371,cudaLaunchKernel,0,4591,267968,267968,20,python3
1287995332,6743,cudaLaunchKernel,0,4593,267968,267968,20,python3
1288003417,5501,cudaLaunchKernel,0,4595,267968,267968,20,python3
1288009709,5731,cudaLaunchKernel,0,4597,267968,267968,20,python3
1288016212,4829,cudaLaunchKernel,0,4599,267968,267968,20,python3
1288022193,5461,cudaLaunchKernel,0,4601,267968,267968,20,python3
1288029307,5440,cudaLaunchKernel,0,4603,267968,267968,20,python3
1288035459,4208,cudaLaunchKernel,0,4605,267968,267968,20,python3
1288040528,5511,cudaLaunchKernel,0,4607,267968,267968,20,python3
1288047061,4879,cudaLaunchKernel,0,4609,267968,267968,20,python3
1288052782,5159,cudaLaunchKernel,0,4611,267968,267968,20,python3
1288059665,5540,cudaLaunchKernel,0,4613,267968,267968,20,python3
1288066087,4068,cudaLaunchKernel,0,4615,267968,267968,20,python3
1288071117,5200,cudaLaunchKernel,0,4617,267968,267968,20,python3
1288077278,5010,cudaLaunchKernel,0,4619,267968,267968,20,python3
1288083100,4919,cudaLaunchKernel,0,4621,267968,267968,20,python3
1288089382,5029,cudaLaunchKernel,0,4623,267968,267968,20,python3
1288095042,4108,cudaLaunchKernel,0,4625,267968,267968,20,python3
1288100002,5170,cudaLaunchKernel,0,4627,267968,267968,20,python3
1288105903,4799,cudaLaunchKernel,0,4629,267968,267968,20,python3
1288111514,5009,cudaLaunchKernel,0,4631,267968,267968,20,python3
1288118307,5320,cudaLaunchKernel,0,4633,267968,267968,20,python3
1288124348,4038,cudaLaunchKernel,0,4635,267968,267968,20,python3
1288129358,4999,cudaLaunchKernel,0,4637,267968,267968,20,python3
1288135329,4769,cudaLaunchKernel,0,4639,267968,267968,20,python3
1288140900,5120,cudaLaunchKernel,0,4641,267968,267968,20,python3
1288147422,5230,cudaLaunchKernel,0,4643,267968,267968,20,python3
1288153284,4248,cudaLaunchKernel,0,4645,267968,267968,20,python3
1288158634,5651,cudaLaunchKernel,0,4647,267968,267968,20,python3
1288165026,5260,cudaLaunchKernel,0,4649,267968,267968,20,python3
1288171128,4879,cudaLaunchKernel,0,4651,267968,267968,20,python3
1288177560,5090,cudaLaunchKernel,0,4653,267968,267968,20,python3
1288183291,4148,cudaLaunchKernel,0,4655,267968,267968,20,python3
1288188120,4218,cudaLaunchKernel,0,4657,267968,267968,20,python3
1288192969,4218,cudaLaunchKernel,0,4659,267968,267968,20,python3
1288198400,5109,cudaLaunchKernel,0,4661,267968,267968,20,python3
1288204982,5250,cudaLaunchKernel,0,4663,267968,267968,20,python3
1288210833,5040,cudaLaunchKernel,0,4664,267968,267968,20,python3
1288217055,5260,cudaLaunchKernel,0,4666,267968,267968,20,python3
1288224209,5200,cudaLaunchKernel,0,4668,267968,267968,20,python3
1288230351,4929,cudaLaunchKernel,0,4670,267968,267968,20,python3
1288236212,5230,cudaLaunchKernel,0,4672,267968,267968,20,python3
1288242384,4859,cudaLaunchKernel,0,4675,267968,267968,20,python3
1288247884,4098,cudaLaunchKernel,0,4677,267968,267968,20,python3
1288252573,4038,cudaLaunchKernel,0,4679,267968,267968,20,python3
1288257412,4148,cudaLaunchKernel,0,4682,267968,267968,20,python3
1288262131,4138,cudaLaunchKernel,0,4684,267968,267968,20,python3
1288266840,4108,cudaLaunchKernel,0,4686,267968,267968,20,python3
1288271720,4138,cudaLaunchKernel,0,4689,267968,267968,20,python3
1288276439,4088,cudaLaunchKernel,0,4691,267968,267968,20,python3
1288281098,4017,cudaLaunchKernel,0,4693,267968,267968,20,python3
1288285967,4969,cudaLaunchKernel,0,4695,267968,267968,20,python3
1288291548,4057,cudaLaunchKernel,0,4697,267968,267968,20,python3
1288296207,4147,cudaLaunchKernel,0,4699,267968,267968,20,python3
1288301126,4078,cudaLaunchKernel,0,4702,267968,267968,20,python3
1288305805,4118,cudaLaunchKernel,0,4704,267968,267968,20,python3
1288310504,4058,cudaLaunchKernel,0,4706,267968,267968,20,python3
1288315343,4048,cudaLaunchKernel,0,4709,267968,267968,20,python3
1288319972,4068,cudaLaunchKernel,0,4711,267968,267968,20,python3
1288324611,4058,cudaLaunchKernel,0,4713,267968,267968,20,python3
1288329460,4108,cudaLaunchKernel,0,4716,267968,267968,20,python3
1288334149,4048,cudaLaunchKernel,0,4718,267968,267968,20,python3
1288338778,3997,cudaLaunchKernel,0,4720,267968,267968,20,python3
1288343407,4128,cudaLaunchKernel,0,4722,267968,267968,20,python3
1288348126,4158,cudaLaunchKernel,0,4724,267968,267968,20,python3
1288352865,4017,cudaLaunchKernel,0,4726,267968,267968,20,python3
1288357654,4098,cudaLaunchKernel,0,4729,267968,267968,20,python3
1288362333,4058,cudaLaunchKernel,0,4731,267968,267968,20,python3
1288366972,3967,cudaLaunchKernel,0,4733,267968,267968,20,python3
1288371711,4027,cudaLaunchKernel,0,4736,267968,267968,20,python3
1288376320,4017,cudaLaunchKernel,0,4738,267968,267968,20,python3
1288380918,4058,cudaLaunchKernel,0,4740,267968,267968,20,python3
1288385748,4097,cudaLaunchKernel,0,4743,267968,267968,20,python3
1288390426,4108,cudaLaunchKernel,0,4745,267968,267968,20,python3
1288395105,4068,cudaLaunchKernel,0,4747,267968,267968,20,python3
1288399794,4108,cudaLaunchKernel,0,4749,267968,267968,20,python3
1288404483,12234,cudaLaunchKernel,0,4751,267968,267968,20,python3
1288417308,4248,cudaLaunchKernel,0,4753,267968,267968,20,python3
1288422357,4058,cudaLaunchKernel,0,4756,267968,267968,20,python3
1288427016,4078,cudaLaunchKernel,0,4758,267968,267968,20,python3
1288431675,4118,cudaLaunchKernel,0,4760,267968,267968,20,python3
1288436565,4388,cudaLaunchKernel,0,4763,267968,267968,20,python3
1288441534,4038,cudaLaunchKernel,0,4765,267968,267968,20,python3
1288446143,4108,cudaLaunchKernel,0,4767,267968,267968,20,python3
1288451022,4128,cudaLaunchKernel,0,4770,267968,267968,20,python3
1288455731,4108,cudaLaunchKernel,0,4772,267968,267968,20,python3
1288460410,4028,cudaLaunchKernel,0,4774,267968,267968,20,python3
1288465069,4208,cudaLaunchKernel,0,4776,267968,267968,20,python3
1288469868,4088,cudaLaunchKernel,0,4778,267968,267968,20,python3
1288474527,4068,cudaLaunchKernel,0,4780,267968,267968,20,python3
1288479366,4088,cudaLaunchKernel,0,4783,267968,267968,20,python3
1288484025,4128,cudaLaunchKernel,0,4785,267968,267968,20,python3
1288488724,4168,cudaLaunchKernel,0,4787,267968,267968,20,python3
1288493664,4117,cudaLaunchKernel,0,4790,267968,267968,20,python3
1288498363,4077,cudaLaunchKernel,0,4792,267968,267968,20,python3
1288503042,4087,cudaLaunchKernel,0,4794,267968,267968,20,python3
1288507901,4038,cudaLaunchKernel,0,4797,267968,267968,20,python3
1288512520,4138,cudaLaunchKernel,0,4799,267968,267968,20,python3
1288517249,4007,cudaLaunchKernel,0,4801,267968,267968,20,python3
1288521877,4088,cudaLaunchKernel,0,4803,267968,267968,20,python3
1288526556,4018,cudaLaunchKernel,0,4805,267968,267968,20,python3
1288531145,4038,cudaLaunchKernel,0,4807,267968,267968,20,python3
1288535954,4108,cudaLaunchKernel,0,4810,267968,267968,20,python3
1288540643,4048,cudaLaunchKernel,0,4812,267968,267968,20,python3
1288545262,3958,cudaLaunchKernel,0,4814,267968,267968,20,python3
1288550001,4038,cudaLaunchKernel,0,4817,267968,267968,20,python3
1288554620,4018,cudaLaunchKernel,0,4819,267968,267968,20,python3
1288559209,4017,cudaLaunchKernel,0,4821,267968,267968,20,python3
1288563988,4098,cudaLaunchKernel,0,4824,267968,267968,20,python3
1288568657,4028,cudaLaunchKernel,0,4826,267968,267968,20,python3
1288573256,3947,cudaLaunchKernel,0,4828,267968,267968,20,python3
1288577824,4168,cudaLaunchKernel,0,4830,267968,267968,20,python3
1288582583,4088,cudaLaunchKernel,0,4832,267968,267968,20,python3
1288587242,4038,cudaLaunchKernel,0,4834,267968,267968,20,python3
1288592052,4087,cudaLaunchKernel,0,4837,267968,267968,20,python3
1288596720,4078,cudaLaunchKernel,0,4839,267968,267968,20,python3
1288601369,4028,cudaLaunchKernel,0,4841,267968,267968,20,python3
1288606168,4158,cudaLaunchKernel,0,4844,267968,267968,20,python3
1288610908,4037,cudaLaunchKernel,0,4846,267968,267968,20,python3
1288615516,4008,cudaLaunchKernel,0,4848,267968,267968,20,python3
1288620285,4048,cudaLaunchKernel,0,4851,267968,267968,20,python3
1288624914,4018,cudaLaunchKernel,0,4853,267968,267968,20,python3
1288629513,3988,cudaLaunchKernel,0,4855,267968,267968,20,python3
1288634122,4148,cudaLaunchKernel,0,4857,267968,267968,20,python3
1288638871,11492,cudaLaunchKernel,0,4859,267968,267968,20,python3
1288650954,4158,cudaLaunchKernel,0,4861,267968,267968,20,python3
1288655883,4108,cudaLaunchKernel,0,4864,267968,267968,20,python3
1288660612,4068,cudaLaunchKernel,0,4866,267968,267968,20,python3
1288665251,3988,cudaLaunchKernel,0,4868,267968,267968,20,python3
1288670000,4148,cudaLaunchKernel,0,4871,267968,267968,20,python3
1288674729,4218,cudaLaunchKernel,0,4873,267968,267968,20,python3
1288679519,3987,cudaLaunchKernel,0,4875,267968,267968,20,python3
1288684278,4047,cudaLaunchKernel,0,4878,267968,267968,20,python3
1288688896,4078,cudaLaunchKernel,0,4880,267968,267968,20,python3
1288693555,4058,cudaLaunchKernel,0,4882,267968,267968,20,python3
1288698244,4158,cudaLaunchKernel,0,4884,267968,267968,20,python3
1288703053,4038,cudaLaunchKernel,0,4886,267968,267968,20,python3
1288707662,4048,cudaLaunchKernel,0,4888,267968,267968,20,python3
1288712481,4118,cudaLaunchKernel,0,4891,267968,267968,20,python3
1288717180,4068,cudaLaunchKernel,0,4893,267968,267968,20,python3
1288721889,4489,cudaLaunchKernel,0,4895,267968,267968,20,python3
1288727831,6061,cudaLaunchKernel,0,4897,267968,267968,20,python3
1288735926,61508,cudaLaunchKernel,0,4899,267968,267968,20,python3
1288799838,4699,cudaMemsetAsync,0,4902,267968,267968,20,python3
1288806461,731,cudaStreamIsCapturing_v10000,0,4904,267968,267968,20,python3
1288807473,2184,cudaStreamWaitEvent,0,4905,267968,267968,20,python3
1288810008,16121,cudaMemcpyAsync,0,4906,267968,267968,20,python3
1288826499,4439,cudaEventRecord,0,4907,267968,267968,20,python3
1288831328,511,cudaStreamIsCapturing_v10000,0,4908,267968,267968,20,python3
1288832150,21060,cudaGraphLaunch_v10000,0,4909,267968,267968,20,python3
1288854823,3808,cudaMemsetAsync,0,4910,267968,267968,20,python3
1288858891,2856,cudaMemsetAsync,0,4911,267968,267968,20,python3
1288862007,2755,cudaMemsetAsync,0,4912,267968,267968,20,python3
1288865063,2715,cudaMemsetAsync,0,4913,267968,267968,20,python3
1288868029,2695,cudaMemsetAsync,0,4914,267968,267968,20,python3
1288870994,2675,cudaMemsetAsync,0,4915,267968,267968,20,python3
1288873910,2665,cudaMemsetAsync,0,4916,267968,267968,20,python3
1288877537,28364,cudaLaunchKernel,0,4917,267968,267968,20,python3
1288906642,3437,cudaMemsetAsync,0,4919,267968,267968,20,python3
1288910680,67880,cudaLaunchKernel,0,4920,267968,267968,20,python3
1288980553,5090,cudaLaunchKernel,0,4922,267968,267968,20,python3
1288986675,6032,cudaLaunchKernel,0,4924,267968,267968,20,python3
1288993608,5531,cudaLaunchKernel,0,4926,267968,267968,20,python3
1289000191,44916,cudaLaunchKernel,0,4928,267968,267968,20,python3
1289046089,27141,cudaLaunchKernel,0,4930,267968,267968,20,python3
1289074262,85784,cudaLaunchKernel,0,4932,267968,267968,20,python3
1289161058,23555,cudaLaunchKernel,0,4934,267968,267968,20,python3
1289185615,5400,cudaLaunchKernel,0,4936,267968,267968,20,python3
1289196706,5010,cudaMemsetAsync,0,4938,267968,267968,20,python3
1289201986,2786,cudaMemsetAsync,0,4939,267968,267968,20,python3
1289205052,2735,cudaMemsetAsync,0,4940,267968,267968,20,python3
1289208970,25458,cudaLaunchKernel,0,4941,267968,267968,20,python3
1289235110,3326,cudaMemsetAsync,0,4943,267968,267968,20,python3
1289238686,2826,cudaMemsetAsync,0,4944,267968,267968,20,python3
1289242854,5130,cudaLaunchKernel,0,4945,267968,267968,20,python3
1289248886,5591,cudaLaunchKernel,0,4947,267968,267968,20,python3
1289255428,5240,cudaLaunchKernel,0,4949,267968,267968,20,python3
1289261530,5380,cudaLaunchKernel,0,4951,267968,267968,20,python3
1289268012,5371,cudaLaunchKernel,0,4953,267968,267968,20,python3
1289278833,3276,cudaMemsetAsync,0,4955,267968,267968,20,python3
1289282430,2986,cudaMemsetAsync,0,4956,267968,267968,20,python3
1289286718,5180,cudaLaunchKernel,0,4957,267968,267968,20,python3
1289292479,3156,cudaMemsetAsync,0,4959,267968,267968,20,python3
1289295876,2915,cudaMemsetAsync,0,4960,267968,267968,20,python3
1289300334,4920,cudaLaunchKernel,0,4961,267968,267968,20,python3
1289306075,4719,cudaLaunchKernel,0,4963,267968,267968,20,python3
1289311505,4589,cudaLaunchKernel,0,4965,267968,267968,20,python3
1289316826,5139,cudaLaunchKernel,0,4967,267968,267968,20,python3
1289322547,3176,cudaMemsetAsync,0,4969,267968,267968,20,python3
1289325983,2806,cudaMemsetAsync,0,4970,267968,267968,20,python3
1289329650,5090,cudaLaunchKernel,0,4971,267968,267968,20,python3
1289335491,4569,cudaLaunchKernel,0,4973,267968,267968,20,python3
1289340791,4810,cudaLaunchKernel,0,4975,267968,267968,20,python3
1289346162,3046,cudaMemsetAsync,0,4977,267968,267968,20,python3
1289349468,2705,cudaMemsetAsync,0,4978,267968,267968,20,python3
1289353646,2675,cudaMemsetAsync,0,4979,267968,267968,20,python3
1289356972,4910,cudaLaunchKernel,0,4980,267968,267968,20,python3
1289362673,4689,cudaLaunchKernel,0,4982,267968,267968,20,python3
1289368234,4839,cudaLaunchKernel,0,4984,267968,267968,20,python3
1289373915,4859,cudaLaunchKernel,0,4986,267968,267968,20,python3
1289379525,4699,cudaLaunchKernel,0,4988,267968,267968,20,python3
1289384996,4619,cudaLaunchKernel,0,4990,267968,267968,20,python3
1289390186,3266,cudaMemsetAsync,0,4992,267968,267968,20,python3
1289393702,3056,cudaMemsetAsync,0,4993,267968,267968,20,python3
1289398782,4940,cudaLaunchKernel,0,4994,267968,267968,20,python3
1289404453,11953,cudaLaunchKernel,0,4996,267968,267968,20,python3
1289417257,4850,cudaLaunchKernel,0,4998,267968,267968,20,python3
1289422908,4799,cudaLaunchKernel,0,5000,267968,267968,20,python3
1289428469,4979,cudaLaunchKernel,0,5002,267968,267968,20,python3
1289434340,4829,cudaLaunchKernel,0,5004,267968,267968,20,python3
1289439941,4599,cudaLaunchKernel,0,5006,267968,267968,20,python3
1289445151,3286,cudaMemsetAsync,0,5008,267968,267968,20,python3
1289448687,2866,cudaMemsetAsync,0,5009,267968,267968,20,python3
1289454599,5330,cudaLaunchKernel,0,5010,267968,267968,20,python3
1289460710,5120,cudaLaunchKernel,0,5012,267968,267968,20,python3
1289466612,6913,cudaLaunchKernel,0,5014,267968,267968,20,python3
1289474266,9889,cudaLaunchKernel,0,5016,267968,267968,20,python3
1289932091,5921,cudaMemsetAsync,0,5018,267968,267968,20,python3
1289938293,2935,cudaMemsetAsync,0,5019,267968,267968,20,python3
1289941479,2775,cudaMemsetAsync,0,5020,267968,267968,20,python3
1289946909,8306,cudaLaunchKernel,0,5021,267968,267968,20,python3
1289956157,5350,cudaLaunchKernel,0,5023,267968,267968,20,python3
1289962389,5009,cudaLaunchKernel,0,5025,267968,267968,20,python3
1289968250,4719,cudaLaunchKernel,0,5027,267968,267968,20,python3
1289973880,5060,cudaLaunchKernel,0,5029,267968,267968,20,python3
1289979822,4589,cudaLaunchKernel,0,5031,267968,267968,20,python3
1289984982,5290,cudaLaunchKernel,0,5032,267968,267968,20,python3
1289991163,3277,cudaMemsetAsync,0,5034,267968,267968,20,python3
1289994700,2866,cudaMemsetAsync,0,5035,267968,267968,20,python3
1289998017,2835,cudaMemsetAsync,0,5036,267968,267968,20,python3
1290001092,2736,cudaMemsetAsync,0,5037,267968,267968,20,python3
1290004238,2756,cudaMemsetAsync,0,5038,267968,267968,20,python3
1290007234,2826,cudaMemsetAsync,0,5039,267968,267968,20,python3
1290012965,5521,cudaLaunchKernel,0,5040,267968,267968,20,python3
1290019297,5300,cudaLaunchKernel,0,5042,267968,267968,20,python3
1290025499,5010,cudaLaunchKernel,0,5044,267968,267968,20,python3
1290031350,4970,cudaLaunchKernel,0,5046,267968,267968,20,python3
1290037211,4950,cudaLaunchKernel,0,5048,267968,267968,20,python3
1290044365,4829,cudaLaunchKernel,0,5050,267968,267968,20,python3
1290050066,5210,cudaLaunchKernel,0,5052,267968,267968,20,python3
1290056178,5300,cudaLaunchKernel,0,5054,267968,267968,20,python3
1290062660,5340,cudaLaunchKernel,0,5056,267968,267968,20,python3
1290068772,4649,cudaLaunchKernel,0,5058,267968,267968,20,python3
1290075675,4809,cudaLaunchKernel,0,5060,267968,267968,20,python3
1290081356,5220,cudaLaunchKernel,0,5062,267968,267968,20,python3
1290087568,5230,cudaLaunchKernel,0,5064,267968,267968,20,python3
1290093569,5000,cudaLaunchKernel,0,5066,267968,267968,20,python3
1290099390,4619,cudaLaunchKernel,0,5068,267968,267968,20,python3
1290104460,4529,cudaLaunchKernel,0,5069,267968,267968,20,python3
1290109449,4479,cudaLaunchKernel,0,5070,267968,267968,20,python3
1290114489,5010,cudaLaunchKernel,0,5071,267968,267968,20,python3
1290120090,3506,cudaMemsetAsync,0,5073,267968,267968,20,python3
1290123847,2835,cudaMemsetAsync,0,5074,267968,267968,20,python3
1290127344,4759,cudaLaunchKernel,0,5075,267968,267968,20,python3
1290133395,34927,cudaLaunchKernel,0,5077,267968,267968,20,python3
1290593323,38083,cudaLaunchKernel,0,5079,267968,267968,20,python3
1290634081,25028,cudaLaunchKernel,0,5081,267968,267968,20,python3
1290660121,38173,cudaLaunchKernel,0,5083,267968,267968,20,python3
1290699126,172519,cudaLaunchKernel,0,5085,267968,267968,20,python3
1290975654,33403,cudaLaunchKernel,0,5087,267968,267968,20,python3
1291011622,5130,cudaLaunchKernel,0,5089,267968,267968,20,python3
1291017524,4709,cudaLaunchKernel,0,5091,267968,267968,20,python3
1291022994,5140,cudaLaunchKernel,0,5093,267968,267968,20,python3
1291029006,5410,cudaLaunchKernel,0,5095,267968,267968,20,python3
1291035257,4699,cudaLaunchKernel,0,5097,267968,267968,20,python3
1291040648,4568,cudaLaunchKernel,0,5099,267968,267968,20,python3
1291045988,26110,cudaLaunchKernel,0,5101,267968,267968,20,python3
1291072919,4870,cudaLaunchKernel,0,5103,267968,267968,20,python3
1291078500,5120,cudaMemsetAsync,0,5105,267968,267968,20,python3
1291084111,2895,cudaMemsetAsync,0,5106,267968,267968,20,python3
1291092707,5180,cudaLaunchKernel,0,5107,267968,267968,20,python3
1291098769,5791,cudaLaunchKernel,0,5109,267968,267968,20,python3
1291105562,5420,cudaLaunchKernel,0,5111,267968,267968,20,python3
1291111804,5240,cudaLaunchKernel,0,5113,267968,267968,20,python3
1291117925,16612,cudaLaunchKernel,0,5115,267968,267968,20,python3
1291135469,5621,cudaLaunchKernel,0,5117,267968,267968,20,python3
1291141621,3506,cudaMemsetAsync,0,5119,267968,267968,20,python3
1291145819,5670,cudaLaunchKernel,0,5120,267968,267968,20,python3
1291153273,5220,cudaLaunchKernel,0,5122,267968,267968,20,python3
1291159334,4760,cudaLaunchKernel,0,5124,267968,267968,20,python3
1291164865,5280,cudaLaunchKernel,0,5126,267968,267968,20,python3
1291170686,2986,cudaMemsetAsync,0,5128,267968,267968,20,python3
1291174123,10880,cudaLaunchKernel,0,5129,267968,267968,20,python3
1291186116,4799,cudaLaunchKernel,0,5131,267968,267968,20,python3
1291191636,4549,cudaLaunchKernel,0,5133,267968,267968,20,python3
1291196906,4559,cudaLaunchKernel,0,5135,267968,267968,20,python3
1291202206,4629,cudaLaunchKernel,0,5137,267968,267968,20,python3
1291207547,4588,cudaLaunchKernel,0,5139,267968,267968,20,python3
1291212686,3387,cudaMemsetAsync,0,5141,267968,267968,20,python3
1291216534,4669,cudaLaunchKernel,0,5142,267968,267968,20,python3
1291222816,4598,cudaLaunchKernel,0,5144,267968,267968,20,python3
1291228216,4719,cudaLaunchKernel,0,5146,267968,267968,20,python3
1291233727,5280,cudaLaunchKernel,0,5148,267968,267968,20,python3
1291239798,4709,cudaLaunchKernel,0,5150,267968,267968,20,python3
1291245419,5039,cudaLaunchKernel,0,5152,267968,267968,20,python3
1291251240,4859,cudaLaunchKernel,0,5154,267968,267968,20,python3
1291257011,7835,cudaLaunchKernel,0,5156,267968,267968,20,python3
1292024827,8396,cudaLaunchKernel,0,5158,267968,267968,20,python3
1292034235,4799,cudaLaunchKernel,0,5160,267968,267968,20,python3
1292039596,4268,cudaMemsetAsync,0,5162,267968,267968,20,python3
1292044375,4799,cudaLaunchKernel,0,5163,267968,267968,20,python3
1292050466,4729,cudaLaunchKernel,0,5165,267968,267968,20,python3
1292055997,4709,cudaLaunchKernel,0,5167,267968,267968,20,python3
1292061487,4579,cudaLaunchKernel,0,5169,267968,267968,20,python3
1292066878,4729,cudaLaunchKernel,0,5171,267968,267968,20,python3
1292072378,5050,cudaLaunchKernel,0,5173,267968,267968,20,python3
1292078179,4439,cudaLaunchKernel,0,5175,267968,267968,20,python3
1292083509,5551,cudaLaunchKernel,0,5177,267968,267968,20,python3
1292089882,4879,cudaLaunchKernel,0,5179,267968,267968,20,python3
1292095542,4539,cudaLaunchKernel,0,5181,267968,267968,20,python3
1292100832,4429,cudaLaunchKernel,0,5183,267968,267968,20,python3
1292106012,4589,cudaLaunchKernel,0,5185,267968,267968,20,python3
1292111393,5129,cudaLaunchKernel,0,5187,267968,267968,20,python3
1292117384,5130,cudaLaunchKernel,0,5189,267968,267968,20,python3
1292123335,4609,cudaLaunchKernel,0,5191,267968,267968,20,python3
1292128495,4739,cudaLaunchKernel,0,5192,267968,267968,20,python3
1292133986,5009,cudaLaunchKernel,0,5194,267968,267968,20,python3
1292139667,3476,cudaMemsetAsync,0,5196,267968,267968,20,python3
1292143424,2955,cudaMemsetAsync,0,5197,267968,267968,20,python3
1292148273,4940,cudaLaunchKernel,0,5198,267968,267968,20,python3
1292154024,5410,cudaLaunchKernel,0,5200,267968,267968,20,python3
1292160266,5340,cudaLaunchKernel,0,5202,267968,267968,20,python3
1292166318,5199,cudaLaunchKernel,0,5204,267968,267968,20,python3
1292171988,4970,cudaLaunchKernel,0,5205,267968,267968,20,python3
1292178020,6021,cudaLaunchKernel,0,5207,267968,267968,20,python3
1292186376,3517,cudaMemsetAsync,0,5209,267968,267968,20,python3
1292190163,2745,cudaMemsetAsync,0,5210,267968,267968,20,python3
1292193459,47421,cudaLaunchKernel,0,5211,267968,267968,20,python3
1292241852,43032,cudaLaunchKernel,0,5213,267968,267968,20,python3
1292285505,3757,cudaMemsetAsync,0,5215,267968,267968,20,python3
1292289793,21812,cudaLaunchKernel,0,5216,267968,267968,20,python3
1292315613,22873,cudaLaunchKernel,0,5218,267968,267968,20,python3
1292340009,29346,cudaLaunchKernel,0,5220,267968,267968,20,python3
1292370017,8345,cudaMemcpyAsync,0,5222,267968,267968,20,python3
1292378633,4689,cudaMemcpyAsync,0,5223,267968,267968,20,python3
1292383613,3987,cudaMemcpyAsync,0,5224,267968,267968,20,python3
1292387871,3717,cudaMemcpyAsync,0,5225,267968,267968,20,python3
1292391858,3858,cudaMemcpyAsync,0,5226,267968,267968,20,python3
1292395976,4358,cudaMemcpyAsync,0,5227,267968,267968,20,python3
1292400645,3707,cudaMemcpyAsync,0,5228,267968,267968,20,python3
1292404703,11742,cudaEventRecord,0,5229,267968,267968,20,python3
1292416936,3176090908,cudaEventSynchronize,0,5230,267968,267968,20,python3
4468513304,9959,cudaStreamSynchronize,0,5231,267968,267968,20,python3
4468528563,2155,cudaStreamIsCapturing_v10000,0,5234,267968,267968,20,python3
4468531229,1593,cudaStreamGetDevice_v12080,0,5235,267968,267968,20,python3
4468534164,50727,cudaMemcpyAsync,0,5236,267968,267968,20,python3
4468585572,7926,cudaEventRecord,0,5237,267968,267968,20,python3
4468593958,2024,cudaEventSynchronize,0,5238,267968,267968,20,python3
4468599689,128796,cudaLaunchKernel,0,5239,267968,267968,20,python3
4468730078,3437,cudaEventRecord,0,5241,267968,267968,20,python3
4468733785,1644,cudaEventSynchronize,0,5242,267968,267968,20,python3
4468975617,802,cudaStreamIsCapturing_v10000,0,5245,267968,267968,20,python3
4468976669,812,cudaStreamGetDevice_v12080,0,5246,267968,267968,20,python3
4469001316,481,cudaStreamIsCapturing_v10000,0,5271,267968,267968,20,python3
4469002008,451,cudaStreamGetDevice_v12080,0,5272,267968,267968,20,python3
4469009201,8396,cudaMemsetAsync,0,5283,267968,267968,20,python3
4469018209,6722,cudaMemcpyAsync,0,5284,267968,267968,20,python3
4469025503,5550,cudaMemcpyAsync,0,5285,267968,267968,20,python3
4469031364,5771,cudaMemcpyAsync,0,5286,267968,267968,20,python3
4469037455,5040,cudaMemcpyAsync,0,5287,267968,267968,20,python3
4469042826,4208,cudaMemcpyAsync,0,5288,267968,267968,20,python3
4469047935,9659,cudaLaunchKernel,0,5289,267968,267968,20,python3
4469058506,7113,cudaMemcpyAsync,0,5291,267968,267968,20,python3
4469065900,3587,cudaEventRecord,0,5292,267968,267968,20,python3
4469069777,25709,cudaEventSynchronize,0,5293,267968,267968,20,python3
4469244661,942,cudaStreamIsCapturing_v10000,0,5295,267968,267968,20,python3
4469247376,7705,cudaMemcpyAsync,0,5296,267968,267968,20,python3
4469255512,5290,cudaMemsetAsync,0,5297,267968,267968,20,python3
4469261213,3827,cudaEventRecord,0,5298,267968,267968,20,python3
4469265451,3206,cudaStreamWaitEvent,0,5299,267968,267968,20,python3
4469269158,15019,cudaLaunchHostFunc_v10000,0,5300,267968,267968,20,python3
4469285349,9919,cudaLaunchKernel,0,5301,267968,267968,20,python3
4469308353,3486,cudaMemsetAsync,0,5303,267968,267968,20,python3
4469312090,2945,cudaMemsetAsync,0,5304,267968,267968,20,python3
4469315536,2866,cudaMemsetAsync,0,5305,267968,267968,20,python3
4469318652,2946,cudaMemsetAsync,0,5306,267968,267968,20,python3
4469322099,2966,cudaMemsetAsync,0,5307,267968,267968,20,python3
4469325455,2836,cudaMemsetAsync,0,5308,267968,267968,20,python3
4469328531,2796,cudaMemsetAsync,0,5309,267968,267968,20,python3
4469331587,2775,cudaMemsetAsync,0,5310,267968,267968,20,python3
4469334613,2855,cudaMemsetAsync,0,5311,267968,267968,20,python3
4469338190,7755,cudaLaunchKernel,0,5312,267968,267968,20,python3
4469347097,7133,cudaLaunchKernel,0,5314,267968,267968,20,python3
4469355172,6993,cudaLaunchKernel,0,5316,267968,267968,20,python3
4469363909,6322,cudaLaunchKernel,0,5318,267968,267968,20,python3
4469371093,14086,cudaLaunchKernel,0,5320,267968,267968,20,python3
4469386091,5992,cudaLaunchKernel,0,5322,267968,267968,20,python3
4469393215,5550,cudaLaunchKernel,0,5324,267968,267968,20,python3
4469399697,5731,cudaLaunchKernel,0,5326,267968,267968,20,python3
4469406170,10770,cudaMemsetAsync,0,5328,267968,267968,20,python3
4469417221,3055,cudaMemsetAsync,0,5329,267968,267968,20,python3
4469423082,6753,cudaLaunchKernel,0,5330,267968,267968,20,python3
4469430937,6663,cudaLaunchKernel,0,5332,267968,267968,20,python3
4469438712,7103,cudaLaunchKernel,0,5334,267968,267968,20,python3
4469446807,6573,cudaLaunchKernel,0,5336,267968,267968,20,python3
4469454362,6312,cudaLaunchKernel,0,5338,267968,267968,20,python3
4469461676,6151,cudaLaunchKernel,0,5340,267968,267968,20,python3
4469468819,6422,cudaLaunchKernel,0,5342,267968,267968,20,python3
4469476233,6122,cudaLaunchKernel,0,5344,267968,267968,20,python3
4469483668,6622,cudaLaunchKernel,0,5346,267968,267968,20,python3
4469491402,6643,cudaLaunchKernel,0,5348,267968,267968,20,python3
4469499017,6562,cudaLaunchKernel,0,5350,267968,267968,20,python3
4469507573,6553,cudaLaunchKernel,0,5352,267968,267968,20,python3
4469515037,5721,cudaLaunchKernel,0,5354,267968,267968,20,python3
4469521891,6552,cudaLaunchKernel,0,5356,267968,267968,20,python3
4469529415,6422,cudaLaunchKernel,0,5358,267968,267968,20,python3
4469538462,5320,cudaLaunchKernel,0,5360,267968,267968,20,python3
4469544874,5581,cudaLaunchKernel,0,5362,267968,267968,20,python3
4469551277,6071,cudaLaunchKernel,0,5364,267968,267968,20,python3
4469558220,5971,cudaLaunchKernel,0,5366,267968,267968,20,python3
4469565093,5360,cudaLaunchKernel,0,5368,267968,267968,20,python3
4469571375,5160,cudaLaunchKernel,0,5370,267968,267968,20,python3
4469578138,4499,cudaLaunchKernel,0,5372,267968,267968,20,python3
4469583368,4709,cudaLaunchKernel,0,5374,267968,267968,20,python3
4469588979,5240,cudaLaunchKernel,0,5376,267968,267968,20,python3
4469595080,5551,cudaLaunchKernel,0,5378,267968,267968,20,python3
4469601462,5852,cudaLaunchKernel,0,5380,267968,267968,20,python3
4469608516,5250,cudaLaunchKernel,0,5382,267968,267968,20,python3
4469615690,5270,cudaLaunchKernel,0,5384,267968,267968,20,python3
4469621861,5351,cudaLaunchKernel,0,5386,267968,267968,20,python3
4469628664,5210,cudaLaunchKernel,0,5388,267968,267968,20,python3
4469634776,5050,cudaLaunchKernel,0,5390,267968,267968,20,python3
4469640667,6072,cudaLaunchKernel,0,5392,267968,267968,20,python3
4469647821,5841,cudaLaunchKernel,0,5394,267968,267968,20,python3
4469654504,6282,cudaLaunchKernel,0,5396,267968,267968,20,python3
4469661537,5621,cudaLaunchKernel,0,5398,267968,267968,20,python3
4469667899,3657,cudaMemsetAsync,0,5400,267968,267968,20,python3
4469671807,3086,cudaMemsetAsync,0,5401,267968,267968,20,python3
4469676516,5681,cudaLaunchKernel,0,5402,267968,267968,20,python3
4469682998,5130,cudaLaunchKernel,0,5404,267968,267968,20,python3
4469688930,5851,cudaLaunchKernel,0,5406,267968,267968,20,python3
4469695592,5230,cudaLaunchKernel,0,5408,267968,267968,20,python3
4469701634,6001,cudaLaunchKernel,0,5410,267968,267968,20,python3
4469708427,5771,cudaLaunchKernel,0,5412,267968,267968,20,python3
4469715200,6131,cudaLaunchKernel,0,5414,267968,267968,20,python3
4469729607,5721,cudaLaunchKernel,0,5420,267968,267968,20,python3
4469736110,3466,cudaMemsetAsync,0,5422,267968,267968,20,python3
4469739827,2905,cudaMemsetAsync,0,5423,267968,267968,20,python3
4469749495,5551,cudaLaunchKernel,0,5424,267968,267968,20,python3
4469755647,3457,cudaMemsetAsync,0,5426,267968,267968,20,python3
4469759685,6091,cudaLaunchKernel,0,5427,267968,267968,20,python3
4469766858,5481,cudaLaunchKernel,0,5429,267968,267968,20,python3
4469778120,5951,cudaLaunchKernel,0,5431,267968,267968,20,python3
4469785624,3477,cudaMemsetAsync,0,5433,267968,267968,20,python3
4469794822,5981,cudaLaunchKernel,0,5434,267968,267968,20,python3
4469801805,4909,cudaLaunchKernel,0,5436,267968,267968,20,python3
4469807756,4689,cudaLaunchKernel,0,5438,267968,267968,20,python3
4469813818,4118,cudaLaunchKernel,0,5440,267968,267968,20,python3
4469819639,6082,cudaLaunchKernel,0,5442,267968,267968,20,python3
4469826602,3096,cudaMemsetAsync,0,5444,267968,267968,20,python3
4469830410,5560,cudaLaunchKernel,0,5445,267968,267968,20,python3
4469837153,5560,cudaLaunchKernel,0,5447,267968,267968,20,python3
4469872590,7204,cudaLaunchKernel,0,5449,267968,267968,20,python3
4469880616,3256,cudaMemsetAsync,0,5451,267968,267968,20,python3
4469884593,5922,cudaLaunchKernel,0,5452,267968,267968,20,python3
4469891747,5380,cudaLaunchKernel,0,5454,267968,267968,20,python3
4469902197,4709,cudaLaunchKernel,0,5456,267968,267968,20,python3
4469907798,3065,cudaMemsetAsync,0,5458,267968,267968,20,python3
4469911264,4429,cudaLaunchKernel,0,5459,267968,267968,20,python3
4469916304,4468,cudaLaunchKernel,0,5461,267968,267968,20,python3
4469930551,5210,cudaLaunchKernel,0,5464,267968,267968,20,python3
4469936613,3506,cudaMemsetAsync,0,5466,267968,267968,20,python3
4469940520,4469,cudaLaunchKernel,0,5467,267968,267968,20,python3
4469945670,4398,cudaLaunchKernel,0,5469,267968,267968,20,python3
4469957913,4609,cudaLaunchKernel,0,5472,267968,267968,20,python3
4469963113,3316,cudaMemsetAsync,0,5474,267968,267968,20,python3
4469966800,4369,cudaLaunchKernel,0,5475,267968,267968,20,python3
4469971750,4388,cudaLaunchKernel,0,5477,267968,267968,20,python3
4469983402,4468,cudaLaunchKernel,0,5480,267968,267968,20,python3
4469988452,3126,cudaMemsetAsync,0,5482,267968,267968,20,python3
4469992028,4369,cudaLaunchKernel,0,5483,267968,267968,20,python3
4469996998,4799,cudaLaunchKernel,0,5485,267968,267968,20,python3
4470009011,4609,cudaLaunchKernel,0,5488,267968,267968,20,python3
4470014211,3146,cudaMemsetAsync,0,5490,267968,267968,20,python3
4470017737,4349,cudaLaunchKernel,0,5491,267968,267968,20,python3
4470022727,4328,cudaLaunchKernel,0,5493,267968,267968,20,python3
4470031033,4388,cudaLaunchKernel,0,5495,267968,267968,20,python3
4470036002,3227,cudaMemsetAsync,0,5497,267968,267968,20,python3
4470039609,4419,cudaLaunchKernel,0,5498,267968,267968,20,python3
4470044619,4368,cudaLaunchKernel,0,5500,267968,267968,20,python3
4470052484,4478,cudaLaunchKernel,0,5502,267968,267968,20,python3
4470057554,3085,cudaMemsetAsync,0,5504,267968,267968,20,python3
4470061060,4359,cudaLaunchKernel,0,5505,267968,267968,20,python3
4470066010,4408,cudaLaunchKernel,0,5507,267968,267968,20,python3
4470074285,4449,cudaLaunchKernel,0,5509,267968,267968,20,python3
4470079295,3156,cudaMemsetAsync,0,5511,267968,267968,20,python3
4470082832,4248,cudaLaunchKernel,0,5512,267968,267968,20,python3
4470087671,4449,cudaLaunchKernel,0,5514,267968,267968,20,python3
4470095736,4429,cudaLaunchKernel,0,5516,267968,267968,20,python3
4470100766,3056,cudaMemsetAsync,0,5518,267968,267968,20,python3
4470104233,4338,cudaLaunchKernel,0,5519,267968,267968,20,python3
4470109212,4419,cudaLaunchKernel,0,5521,267968,267968,20,python3
4470117498,4378,cudaLaunchKernel,0,5523,267968,267968,20,python3
4470122457,3096,cudaMemsetAsync,0,5525,267968,267968,20,python3
4470125934,4348,cudaLaunchKernel,0,5526,267968,267968,20,python3
4470130884,4348,cudaLaunchKernel,0,5528,267968,267968,20,python3
4470139019,4469,cudaLaunchKernel,0,5530,267968,267968,20,python3
4470144069,2945,cudaMemsetAsync,0,5532,267968,267968,20,python3
4470147395,4348,cudaLaunchKernel,0,5533,267968,267968,20,python3
4470152335,4488,cudaLaunchKernel,0,5535,267968,267968,20,python3
4470160911,4609,cudaLaunchKernel,0,5537,267968,267968,20,python3
4470167293,5130,cudaLaunchKernel,0,5539,267968,267968,20,python3
4470174216,5280,cudaLaunchKernel,0,5541,267968,267968,20,python3
4470180468,7104,cudaMemsetAsync,0,5543,267968,267968,20,python3
4470188413,6302,cudaLaunchKernel,0,5544,267968,267968,20,python3
4470195687,5541,cudaLaunchKernel,0,5546,267968,267968,20,python3
4470203071,5751,cudaLaunchKernel,0,5548,267968,267968,20,python3
4470210025,5280,cudaLaunchKernel,0,5550,267968,267968,20,python3
4470216066,5601,cudaLaunchKernel,0,5552,267968,267968,20,python3
4470222418,5361,cudaLaunchKernel,0,5554,267968,267968,20,python3
4470228951,5410,cudaLaunchKernel,0,5556,267968,267968,20,python3
4470236024,5381,cudaLaunchKernel,0,5558,267968,267968,20,python3
4470242106,4248,cudaLaunchKernel,0,5560,267968,267968,20,python3
4470247186,5420,cudaLaunchKernel,0,5562,267968,267968,20,python3
4470253668,4709,cudaLaunchKernel,0,5564,267968,267968,20,python3
4470259098,5361,cudaLaunchKernel,0,5566,267968,267968,20,python3
4470266112,5330,cudaLaunchKernel,0,5568,267968,267968,20,python3
4470272304,4598,cudaLaunchKernel,0,5570,267968,267968,20,python3
4470277934,5060,cudaLaunchKernel,0,5572,267968,267968,20,python3
4470283946,4949,cudaLaunchKernel,0,5574,267968,267968,20,python3
4470289717,5340,cudaLaunchKernel,0,5576,267968,267968,20,python3
4470296450,5130,cudaLaunchKernel,0,5578,267968,267968,20,python3
4470302231,4138,cudaLaunchKernel,0,5580,267968,267968,20,python3
4470307220,5641,cudaLaunchKernel,0,5582,267968,267968,20,python3
4470313743,4829,cudaLaunchKernel,0,5584,267968,267968,20,python3
4470319384,5420,cudaLaunchKernel,0,5586,267968,267968,20,python3
4470326748,5610,cudaLaunchKernel,0,5588,267968,267968,20,python3
4470333090,4228,cudaLaunchKernel,0,5590,267968,267968,20,python3
4470338280,5220,cudaLaunchKernel,0,5592,267968,267968,20,python3
4470344381,4689,cudaLaunchKernel,0,5594,267968,267968,20,python3
4470349872,5200,cudaLaunchKernel,0,5596,267968,267968,20,python3
4470356474,5000,cudaLaunchKernel,0,5598,267968,267968,20,python3
4470362105,4138,cudaLaunchKernel,0,5600,267968,267968,20,python3
4470367445,5621,cudaLaunchKernel,0,5602,267968,267968,20,python3
4470373767,4810,cudaLaunchKernel,0,5604,267968,267968,20,python3
4470379408,4890,cudaLaunchKernel,0,5606,267968,267968,20,python3
4470385881,4959,cudaLaunchKernel,0,5608,267968,267968,20,python3
4470391481,4178,cudaLaunchKernel,0,5610,267968,267968,20,python3
4470396341,4258,cudaLaunchKernel,0,5612,267968,267968,20,python3
4470401230,4268,cudaLaunchKernel,0,5614,267968,267968,20,python3
4470406580,12614,cudaLaunchKernel,0,5616,267968,267968,20,python3
4470420527,5691,cudaLaunchKernel,0,5618,267968,267968,20,python3
4470426839,5130,cudaLaunchKernel,0,5619,267968,267968,20,python3
4470433542,5610,cudaLaunchKernel,0,5621,267968,267968,20,python3
4470441176,5250,cudaLaunchKernel,0,5623,267968,267968,20,python3
4470447398,4990,cudaLaunchKernel,0,5625,267968,267968,20,python3
4470453289,5200,cudaLaunchKernel,0,5627,267968,267968,20,python3
4470459421,5400,cudaLaunchKernel,0,5630,267968,267968,20,python3
4470465453,4208,cudaLaunchKernel,0,5632,267968,267968,20,python3
4470470242,4268,cudaLaunchKernel,0,5634,267968,267968,20,python3
4470475331,4248,cudaLaunchKernel,0,5637,267968,267968,20,python3
4470480191,4248,cudaLaunchKernel,0,5639,267968,267968,20,python3
4470485010,4218,cudaLaunchKernel,0,5641,267968,267968,20,python3
4470490009,4249,cudaLaunchKernel,0,5644,267968,267968,20,python3
4470494839,4087,cudaLaunchKernel,0,5646,267968,267968,20,python3
4470499508,4178,cudaLaunchKernel,0,5648,267968,267968,20,python3
4470504517,5210,cudaLaunchKernel,0,5650,267968,267968,20,python3
4470510328,4228,cudaLaunchKernel,0,5652,267968,267968,20,python3
4470515127,4198,cudaLaunchKernel,0,5654,267968,267968,20,python3
4470520107,8576,cudaLaunchKernel,0,5657,267968,267968,20,python3
4470529294,4158,cudaLaunchKernel,0,5659,267968,267968,20,python3
4470534033,4219,cudaLaunchKernel,0,5661,267968,267968,20,python3
4470539023,4128,cudaLaunchKernel,0,5664,267968,267968,20,python3
4470543732,4238,cudaLaunchKernel,0,5666,267968,267968,20,python3
4470548551,4108,cudaLaunchKernel,0,5668,267968,267968,20,python3
4470553431,4268,cudaLaunchKernel,0,5671,267968,267968,20,python3
4470558270,4098,cudaLaunchKernel,0,5673,267968,267968,20,python3
4470562939,4408,cudaLaunchKernel,0,5675,267968,267968,20,python3
4470567958,4188,cudaLaunchKernel,0,5677,267968,267968,20,python3
4470572737,4198,cudaLaunchKernel,0,5679,267968,267968,20,python3
4470577507,4117,cudaLaunchKernel,0,5681,267968,267968,20,python3
4470582386,4208,cudaLaunchKernel,0,5684,267968,267968,20,python3
4470587165,4168,cudaLaunchKernel,0,5686,267968,267968,20,python3
4470591904,4168,cudaLaunchKernel,0,5688,267968,267968,20,python3
4470596843,4098,cudaLaunchKernel,0,5691,267968,267968,20,python3
4470601532,4208,cudaLaunchKernel,0,5693,267968,267968,20,python3
4470606322,4067,cudaLaunchKernel,0,5695,267968,267968,20,python3
4470611151,4248,cudaLaunchKernel,0,5698,267968,267968,20,python3
4470615970,4138,cudaLaunchKernel,0,5700,267968,267968,20,python3
4470620679,4248,cudaLaunchKernel,0,5702,267968,267968,20,python3
4470625528,4328,cudaLaunchKernel,0,5704,267968,267968,20,python3
4470630438,4148,cudaLaunchKernel,0,5706,267968,267968,20,python3
4470635157,4027,cudaLaunchKernel,0,5708,267968,267968,20,python3
4470639966,4108,cudaLaunchKernel,0,5711,267968,267968,20,python3
4470644685,4118,cudaLaunchKernel,0,5713,267968,267968,20,python3
4470649374,4138,cudaLaunchKernel,0,5715,267968,267968,20,python3
4470654283,4148,cudaLaunchKernel,0,5718,267968,267968,20,python3
4470659012,4258,cudaLaunchKernel,0,5720,267968,267968,20,python3
4470663841,4058,cudaLaunchKernel,0,5722,267968,267968,20,python3
4470668751,4228,cudaLaunchKernel,0,5725,267968,267968,20,python3
4470673550,4138,cudaLaunchKernel,0,5727,267968,267968,20,python3
4470678259,4288,cudaLaunchKernel,0,5729,267968,267968,20,python3
4470683168,4108,cudaLaunchKernel,0,5731,267968,267968,20,python3
4470687867,4228,cudaLaunchKernel,0,5733,267968,267968,20,python3
4470692676,4128,cudaLaunchKernel,0,5735,267968,267968,20,python3
4470697576,4268,cudaLaunchKernel,0,5738,267968,267968,20,python3
4470702415,4078,cudaLaunchKernel,0,5740,267968,267968,20,python3
4470707054,4198,cudaLaunchKernel,0,5742,267968,267968,20,python3
4470712023,4158,cudaLaunchKernel,0,5745,267968,267968,20,python3
4470716762,4188,cudaLaunchKernel,0,5747,267968,267968,20,python3
4470721542,4097,cudaLaunchKernel,0,5749,267968,267968,20,python3
4470726411,4158,cudaLaunchKernel,0,5752,267968,267968,20,python3
4470731150,4108,cudaLaunchKernel,0,5754,267968,267968,20,python3
4470735819,4188,cudaLaunchKernel,0,5756,267968,267968,20,python3
4470740608,4178,cudaLaunchKernel,0,5758,267968,267968,20,python3
4470745357,4148,cudaLaunchKernel,0,5760,267968,267968,20,python3
4470750086,4078,cudaLaunchKernel,0,5762,267968,267968,20,python3
4470754925,4279,cudaLaunchKernel,0,5765,267968,267968,20,python3
4470759785,4117,cudaLaunchKernel,0,5767,267968,267968,20,python3
4470764474,4127,cudaLaunchKernel,0,5769,267968,267968,20,python3
4470769363,4038,cudaLaunchKernel,0,5772,267968,267968,20,python3
4470773982,4168,cudaLaunchKernel,0,5774,267968,267968,20,python3
4470778731,4088,cudaLaunchKernel,0,5776,267968,267968,20,python3
4470783590,4218,cudaLaunchKernel,0,5779,267968,267968,20,python3
4470788379,4048,cudaLaunchKernel,0,5781,267968,267968,20,python3
4470792998,4108,cudaLaunchKernel,0,5783,267968,267968,20,python3
4470797737,4148,cudaLaunchKernel,0,5785,267968,267968,20,python3
4470802466,4248,cudaLaunchKernel,0,5787,267968,267968,20,python3
4470807285,4038,cudaLaunchKernel,0,5789,267968,267968,20,python3
4470812095,4157,cudaLaunchKernel,0,5792,267968,267968,20,python3
4470816824,4077,cudaLaunchKernel,0,5794,267968,267968,20,python3
4470821472,4188,cudaLaunchKernel,0,5796,267968,267968,20,python3
4470826432,4158,cudaLaunchKernel,0,5799,267968,267968,20,python3
4470831161,6051,cudaLaunchKernel,0,5801,267968,267968,20,python3
4470837804,4077,cudaLaunchKernel,0,5803,267968,267968,20,python3
4470842653,4178,cudaLaunchKernel,0,5806,267968,267968,20,python3
4470847422,4128,cudaLaunchKernel,0,5808,267968,267968,20,python3
4470852131,4138,cudaLaunchKernel,0,5810,267968,267968,20,python3
4470856880,4138,cudaLaunchKernel,0,5812,267968,267968,20,python3
4470861609,4158,cudaLaunchKernel,0,5814,267968,267968,20,python3
4470866338,4158,cudaLaunchKernel,0,5816,267968,267968,20,python3
4470871258,4218,cudaLaunchKernel,0,5819,267968,267968,20,python3
4470876057,4228,cudaLaunchKernel,0,5821,267968,267968,20,python3
4470880876,4218,cudaLaunchKernel,0,5823,267968,267968,20,python3
4470885855,4108,cudaLaunchKernel,0,5826,267968,267968,20,python3
4470890534,4198,cudaLaunchKernel,0,5828,267968,267968,20,python3
4470895293,4088,cudaLaunchKernel,0,5830,267968,267968,20,python3
4470900153,4238,cudaLaunchKernel,0,5833,267968,267968,20,python3
4470904972,4098,cudaLaunchKernel,0,5835,267968,267968,20,python3
4470909651,4198,cudaLaunchKernel,0,5837,267968,267968,20,python3
4470914460,4108,cudaLaunchKernel,0,5839,267968,267968,20,python3
4470919169,4248,cudaLaunchKernel,0,5841,267968,267968,20,python3
4470923988,4128,cudaLaunchKernel,0,5843,267968,267968,20,python3
4470928878,4188,cudaLaunchKernel,0,5846,267968,267968,20,python3
4470933647,4097,cudaLaunchKernel,0,5848,267968,267968,20,python3
4470938486,4959,cudaLaunchKernel,0,5850,267968,267968,20,python3
4470944748,5971,cudaLaunchKernel,0,5852,267968,267968,20,python3
4470952833,5441,cudaLaunchKernel,0,5854,267968,267968,20,python3
4470960247,4098,cudaMemsetAsync,0,5857,267968,267968,20,python3
4470966059,691,cudaStreamIsCapturing_v10000,0,5859,267968,267968,20,python3
4470967000,2555,cudaStreamWaitEvent,0,5860,267968,267968,20,python3
4470969896,13245,cudaMemcpyAsync,0,5861,267968,267968,20,python3
4470983482,4007,cudaEventRecord,0,5862,267968,267968,20,python3
4470988081,511,cudaStreamIsCapturing_v10000,0,5863,267968,267968,20,python3
4470989012,29657,cudaGraphLaunch_v10000,0,5864,267968,267968,20,python3
4471020322,3908,cudaMemsetAsync,0,5865,267968,267968,20,python3
4471024480,2926,cudaMemsetAsync,0,5866,267968,267968,20,python3
4471027656,2836,cudaMemsetAsync,0,5867,267968,267968,20,python3
4471030762,2795,cudaMemsetAsync,0,5868,267968,267968,20,python3
4471033818,2755,cudaMemsetAsync,0,5869,267968,267968,20,python3
4471036854,2735,cudaMemsetAsync,0,5870,267968,267968,20,python3
4471039839,2756,cudaMemsetAsync,0,5871,267968,267968,20,python3
4471043607,7013,cudaLaunchKernel,0,5872,267968,267968,20,python3
4471051442,3146,cudaMemsetAsync,0,5874,267968,267968,20,python3
4471055279,6202,cudaLaunchKernel,0,5875,267968,267968,20,python3
4471063254,4779,cudaLaunchKernel,0,5877,267968,267968,20,python3
4471069035,5521,cudaLaunchKernel,0,5879,267968,267968,20,python3
4471075437,5541,cudaLaunchKernel,0,5881,267968,267968,20,python3
4471082020,5611,cudaLaunchKernel,0,5883,267968,267968,20,python3
4471088482,5270,cudaLaunchKernel,0,5885,267968,267968,20,python3
4471095035,5190,cudaLaunchKernel,0,5887,267968,267968,20,python3
4471101257,5661,cudaLaunchKernel,0,5889,267968,267968,20,python3
4471107980,6001,cudaLaunchKernel,0,5891,267968,267968,20,python3
4471119862,4168,cudaMemsetAsync,0,5893,267968,267968,20,python3
4471124281,2975,cudaMemsetAsync,0,5894,267968,267968,20,python3
4471127517,2925,cudaMemsetAsync,0,5895,267968,267968,20,python3
4471131274,5551,cudaLaunchKernel,0,5896,267968,267968,20,python3
4471137466,3126,cudaMemsetAsync,0,5898,267968,267968,20,python3
4471140842,2836,cudaMemsetAsync,0,5899,267968,267968,20,python3
4471144950,5571,cudaLaunchKernel,0,5900,267968,267968,20,python3
4471151382,5371,cudaLaunchKernel,0,5902,267968,267968,20,python3
4471157975,5260,cudaLaunchKernel,0,5904,267968,267968,20,python3
4471164137,5270,cudaLaunchKernel,0,5906,267968,267968,20,python3
4471170419,5641,cudaLaunchKernel,0,5908,267968,267968,20,python3
4471180488,3176,cudaMemsetAsync,0,5910,267968,267968,20,python3
4471183905,5600,cudaMemsetAsync,0,5911,267968,267968,20,python3
4471190788,5761,cudaLaunchKernel,0,5912,267968,267968,20,python3
4471197120,3136,cudaMemsetAsync,0,5914,267968,267968,20,python3
4471200496,2786,cudaMemsetAsync,0,5915,267968,267968,20,python3
4471204634,5260,cudaLaunchKernel,0,5916,267968,267968,20,python3
4471210696,5290,cudaLaunchKernel,0,5918,267968,267968,20,python3
4471216767,5210,cudaLaunchKernel,0,5920,267968,267968,20,python3
4471222789,5661,cudaLaunchKernel,0,5922,267968,267968,20,python3
4471229121,3206,cudaMemsetAsync,0,5924,267968,267968,20,python3
4471232588,2825,cudaMemsetAsync,0,5925,267968,267968,20,python3
4471236796,5540,cudaLaunchKernel,0,5926,267968,267968,20,python3
4471243098,5310,cudaLaunchKernel,0,5928,267968,267968,20,python3
4471249299,4579,cudaLaunchKernel,0,5930,267968,267968,20,python3
4471254429,3126,cudaMemsetAsync,0,5932,267968,267968,20,python3
4471257806,2985,cudaMemsetAsync,0,5933,267968,267968,20,python3
4471262274,2756,cudaMemsetAsync,0,5934,267968,267968,20,python3
4471266192,5600,cudaLaunchKernel,0,5935,267968,267968,20,python3
4471272794,5190,cudaLaunchKernel,0,5937,267968,267968,20,python3
4471278936,5300,cudaLaunchKernel,0,5939,267968,267968,20,python3
4471285098,5290,cudaLaunchKernel,0,5941,267968,267968,20,python3
4471291280,4959,cudaLaunchKernel,0,5943,267968,267968,20,python3
4471297131,4649,cudaLaunchKernel,0,5945,267968,267968,20,python3
4471302301,3236,cudaMemsetAsync,0,5947,267968,267968,20,python3
4471305787,2866,cudaMemsetAsync,0,5948,267968,267968,20,python3
4471310627,5640,cudaLaunchKernel,0,5949,267968,267968,20,python3
4471317019,5741,cudaLaunchKernel,0,5951,267968,267968,20,python3
4471323501,5040,cudaLaunchKernel,0,5953,267968,267968,20,python3
4471329543,5270,cudaLaunchKernel,0,5955,267968,267968,20,python3
4471335594,5511,cudaLaunchKernel,0,5957,267968,267968,20,python3
4471342017,5700,cudaLaunchKernel,0,5959,267968,267968,20,python3
4471348439,4629,cudaLaunchKernel,0,5961,267968,267968,20,python3
4471353929,3307,cudaMemsetAsync,0,5963,267968,267968,20,python3
4471357496,2916,cudaMemsetAsync,0,5964,267968,267968,20,python3
4471364229,5470,cudaLaunchKernel,0,5965,267968,267968,20,python3
4471370842,5741,cudaLaunchKernel,0,5967,267968,267968,20,python3
4471377434,5561,cudaLaunchKernel,0,5969,267968,267968,20,python3
4471383716,4519,cudaLaunchKernel,0,5971,267968,267968,20,python3
4471388916,3176,cudaMemsetAsync,0,5973,267968,267968,20,python3
4471392353,2765,cudaMemsetAsync,0,5974,267968,267968,20,python3
4471395358,2706,cudaMemsetAsync,0,5975,267968,267968,20,python3
4471399917,5972,cudaLaunchKernel,0,5976,267968,267968,20,python3
4471406740,11953,cudaLaunchKernel,0,5978,267968,267968,20,python3
4471419565,5590,cudaLaunchKernel,0,5980,267968,267968,20,python3
4471425927,4548,cudaLaunchKernel,0,5982,267968,267968,20,python3
4471431377,5330,cudaLaunchKernel,0,5984,267968,267968,20,python3
4471437489,4699,cudaLaunchKernel,0,5986,267968,267968,20,python3
4471442769,5480,cudaLaunchKernel,0,5987,267968,267968,20,python3
4471449141,3407,cudaMemsetAsync,0,5989,267968,267968,20,python3
4471452798,2866,cudaMemsetAsync,0,5990,267968,267968,20,python3
4471456074,2726,cudaMemsetAsync,0,5991,267968,267968,20,python3
4471459050,2825,cudaMemsetAsync,0,5992,267968,267968,20,python3
4471462276,2836,cudaMemsetAsync,0,5993,267968,267968,20,python3
4471465352,2825,cudaMemsetAsync,0,5994,267968,267968,20,python3
4471471283,5611,cudaLaunchKernel,0,5995,267968,267968,20,python3
4471477646,5620,cudaLaunchKernel,0,5997,267968,267968,20,python3
4471484108,5591,cudaLaunchKernel,0,5999,267968,267968,20,python3
4471490530,5441,cudaLaunchKernel,0,6001,267968,267968,20,python3
4471496802,5060,cudaLaunchKernel,0,6003,267968,267968,20,python3
4471504527,5370,cudaLaunchKernel,0,6005,267968,267968,20,python3
4471511109,5611,cudaLaunchKernel,0,6007,267968,267968,20,python3
4471517722,5491,cudaLaunchKernel,0,6009,267968,267968,20,python3
4471524154,5811,cudaLaunchKernel,0,6011,267968,267968,20,python3
4471530737,4448,cudaLaunchKernel,0,6013,267968,267968,20,python3
4471537841,5119,cudaLaunchKernel,0,6015,267968,267968,20,python3
4471543832,8196,cudaLaunchKernel,0,6017,267968,267968,20,python3
4471553220,5891,cudaLaunchKernel,0,6019,267968,267968,20,python3
4471559873,5210,cudaLaunchKernel,0,6021,267968,267968,20,python3
4471565934,4529,cudaLaunchKernel,0,6023,267968,267968,20,python3
4471570914,4458,cudaLaunchKernel,0,6024,267968,267968,20,python3
4471575823,4439,cudaLaunchKernel,0,6025,267968,267968,20,python3
4471580843,5260,cudaLaunchKernel,0,6026,267968,267968,20,python3
4471586684,3507,cudaMemsetAsync,0,6028,267968,267968,20,python3
4471590441,2885,cudaMemsetAsync,0,6029,267968,267968,20,python3
4471593978,5039,cudaLaunchKernel,0,6030,267968,267968,20,python3
4471600059,5631,cudaLaunchKernel,0,6032,267968,267968,20,python3
4471606522,4929,cudaLaunchKernel,0,6034,267968,267968,20,python3
4471613335,4969,cudaLaunchKernel,0,6036,267968,267968,20,python3
4471619206,5470,cudaLaunchKernel,0,6038,267968,267968,20,python3
4471625418,5270,cudaLaunchKernel,0,6040,267968,267968,20,python3
4471631479,5200,cudaLaunchKernel,0,6042,267968,267968,20,python3
4471638072,4559,cudaLaunchKernel,0,6044,267968,267968,20,python3
4471643342,4549,cudaLaunchKernel,0,6046,267968,267968,20,python3
4471648682,6633,cudaLaunchKernel,0,6048,267968,267968,20,python3
4471656317,5210,cudaLaunchKernel,0,6050,267968,267968,20,python3
4471662328,4669,cudaLaunchKernel,0,6052,267968,267968,20,python3
4471667689,4418,cudaLaunchKernel,0,6054,267968,267968,20,python3
4471673359,5100,cudaLaunchKernel,0,6056,267968,267968,20,python3
4471679170,4649,cudaLaunchKernel,0,6058,267968,267968,20,python3
4471684481,3186,cudaMemsetAsync,0,6060,267968,267968,20,python3
4471687937,2866,cudaMemsetAsync,0,6061,267968,267968,20,python3
4471696113,5310,cudaLaunchKernel,0,6062,267968,267968,20,python3
4471702255,5219,cudaLaunchKernel,0,6064,267968,267968,20,python3
4471708366,5370,cudaLaunchKernel,0,6066,267968,267968,20,python3
4471714538,5210,cudaLaunchKernel,0,6068,267968,267968,20,python3
4471720590,5310,cudaLaunchKernel,0,6070,267968,267968,20,python3
4471726701,5270,cudaLaunchKernel,0,6072,267968,267968,20,python3
4471732482,3196,cudaMemsetAsync,0,6074,267968,267968,20,python3
4471736340,5420,cudaLaunchKernel,0,6075,267968,267968,20,python3
4471744135,5530,cudaLaunchKernel,0,6077,267968,267968,20,python3
4471750537,5180,cudaLaunchKernel,0,6079,267968,267968,20,python3
4471756488,5591,cudaLaunchKernel,0,6081,267968,267968,20,python3
4471762610,3226,cudaMemsetAsync,0,6083,267968,267968,20,python3
4471766287,4639,cudaLaunchKernel,0,6084,267968,267968,20,python3
4471771908,4668,cudaLaunchKernel,0,6086,267968,267968,20,python3
4471777268,4528,cudaLaunchKernel,0,6088,267968,267968,20,python3
4471782468,4558,cudaLaunchKernel,0,6090,267968,267968,20,python3
4471787738,4909,cudaLaunchKernel,0,6092,267968,267968,20,python3
4471793338,4489,cudaLaunchKernel,0,6094,267968,267968,20,python3
4471798338,3086,cudaMemsetAsync,0,6096,267968,267968,20,python3
4471801875,4599,cudaLaunchKernel,0,6097,267968,267968,20,python3
4471808257,4569,cudaLaunchKernel,0,6099,267968,267968,20,python3
4471813587,4569,cudaLaunchKernel,0,6101,267968,267968,20,python3
4471818937,5471,cudaLaunchKernel,0,6103,267968,267968,20,python3
4471825229,4639,cudaLaunchKernel,0,6105,267968,267968,20,python3
4471830780,5270,cudaLaunchKernel,0,6107,267968,267968,20,python3
4471836852,5049,cudaLaunchKernel,0,6109,267968,267968,20,python3
4471842813,5110,cudaLaunchKernel,0,6111,267968,267968,20,python3
4471848694,5090,cudaLaunchKernel,0,6113,267968,267968,20,python3
4471854555,4609,cudaLaunchKernel,0,6115,267968,267968,20,python3
4471859745,3267,cudaMemsetAsync,0,6117,267968,267968,20,python3
4471863523,4658,cudaLaunchKernel,0,6118,267968,267968,20,python3
4471869344,4659,cudaLaunchKernel,0,6120,267968,267968,20,python3
4471874764,4599,cudaLaunchKernel,0,6122,267968,267968,20,python3
4471880104,4599,cudaLaunchKernel,0,6124,267968,267968,20,python3
4471885464,4539,cudaLaunchKernel,0,6126,267968,267968,20,python3
4471890765,5049,cudaLaunchKernel,0,6128,267968,267968,20,python3
4471896566,4598,cudaLaunchKernel,0,6130,267968,267968,20,python3
4471902016,5000,cudaLaunchKernel,0,6132,267968,267968,20,python3
4471907827,7474,cudaLaunchKernel,0,6134,267968,267968,20,python3
4471916063,4559,cudaLaunchKernel,0,6136,267968,267968,20,python3
4471921363,4609,cudaLaunchKernel,0,6138,267968,267968,20,python3
4471926753,4499,cudaLaunchKernel,0,6140,267968,267968,20,python3
4471932043,5311,cudaLaunchKernel,0,6142,267968,267968,20,python3
4471938235,5370,cudaLaunchKernel,0,6144,267968,267968,20,python3
4471944337,4629,cudaLaunchKernel,0,6146,267968,267968,20,python3
4471949427,4689,cudaLaunchKernel,0,6147,267968,267968,20,python3
4471954867,4989,cudaLaunchKernel,0,6149,267968,267968,20,python3
4471960588,3507,cudaMemsetAsync,0,6151,267968,267968,20,python3
4471964335,2956,cudaMemsetAsync,0,6152,267968,267968,20,python3
4471969174,4990,cudaLaunchKernel,0,6153,267968,267968,20,python3
4471974905,5401,cudaLaunchKernel,0,6155,267968,267968,20,python3
4471981137,5651,cudaLaunchKernel,0,6157,267968,267968,20,python3
4471987660,5350,cudaLaunchKernel,0,6159,267968,267968,20,python3
4471993501,4939,cudaLaunchKernel,0,6160,267968,267968,20,python3
4471999392,5721,cudaLaunchKernel,0,6162,267968,267968,20,python3
4472007287,3276,cudaMemsetAsync,0,6164,267968,267968,20,python3
4472010814,2655,cudaMemsetAsync,0,6165,267968,267968,20,python3
4472014050,5480,cudaLaunchKernel,0,6166,267968,267968,20,python3
4472020362,5631,cudaLaunchKernel,0,6168,267968,267968,20,python3
4472026514,3136,cudaMemsetAsync,0,6170,267968,267968,20,python3
4472030171,5811,cudaLaunchKernel,0,6171,267968,267968,20,python3
4472039018,5751,cudaLaunchKernel,0,6173,267968,267968,20,python3
4472046071,5170,cudaLaunchKernel,0,6175,267968,267968,20,python3
4472051792,7585,cudaMemcpyAsync,0,6177,267968,267968,20,python3
4472059657,4258,cudaMemcpyAsync,0,6178,267968,267968,20,python3
4472064196,3887,cudaMemcpyAsync,0,6179,267968,267968,20,python3
4472068354,5640,cudaMemcpyAsync,0,6180,267968,267968,20,python3
4472074255,7594,cudaMemcpyAsync,0,6181,267968,267968,20,python3
4473007477,7515,cudaMemcpyAsync,0,6182,267968,267968,20,python3
4473015362,3868,cudaMemcpyAsync,0,6183,267968,267968,20,python3
4473019550,4098,cudaEventRecord,0,6184,267968,267968,20,python3
4473024009,3181536197,cudaEventSynchronize,0,6185,267968,267968,20,python3
7654723708,8977,cudaStreamSynchronize,0,6186,267968,267968,20,python3
7654735721,33434,cudaLaunchKernel,0,6187,267968,267968,20,python3
7654770487,5982,cudaEventRecord,0,6189,267968,267968,20,python3
7654776819,1784,cudaEventSynchronize,0,6190,267968,267968,20,python3
7655034431,1624,cudaStreamIsCapturing_v10000,0,6193,267968,267968,20,python3
7655036576,1382,cudaStreamGetDevice_v12080,0,6194,267968,267968,20,python3
7655062766,501,cudaStreamIsCapturing_v10000,0,6219,267968,267968,20,python3
7655063487,461,cudaStreamGetDevice_v12080,0,6220,267968,267968,20,python3
7655070330,7985,cudaMemsetAsync,0,6231,267968,267968,20,python3
7655078967,12503,cudaMemcpyAsync,0,6232,267968,267968,20,python3
7655091961,5280,cudaMemcpyAsync,0,6233,267968,267968,20,python3
7655097562,5961,cudaMemcpyAsync,0,6234,267968,267968,20,python3
7655103824,4879,cudaMemcpyAsync,0,6235,267968,267968,20,python3
7655108994,4238,cudaMemcpyAsync,0,6236,267968,267968,20,python3
7655113963,9108,cudaLaunchKernel,0,6237,267968,267968,20,python3
7655123782,6673,cudaMemcpyAsync,0,6239,267968,267968,20,python3
7655130755,3517,cudaEventRecord,0,6240,267968,267968,20,python3
7655134583,30598,cudaEventSynchronize,0,6241,267968,267968,20,python3
7655169369,501,cudaStreamIsCapturing_v10000,0,6243,267968,267968,20,python3
7655171042,4970,cudaMemcpyAsync,0,6244,267968,267968,20,python3
7655176443,4789,cudaMemsetAsync,0,6245,267968,267968,20,python3
7655181633,3266,cudaEventRecord,0,6246,267968,267968,20,python3
7655185340,2885,cudaStreamWaitEvent,0,6247,267968,267968,20,python3
7655188666,14137,cudaLaunchHostFunc_v10000,0,6248,267968,267968,20,python3
7655203715,7694,cudaLaunchKernel,0,6249,267968,267968,20,python3
7655223743,3537,cudaMemsetAsync,0,6251,267968,267968,20,python3
7655227530,3176,cudaMemsetAsync,0,6252,267968,267968,20,python3
7655231087,2835,cudaMemsetAsync,0,6253,267968,267968,20,python3
7655234163,2966,cudaMemsetAsync,0,6254,267968,267968,20,python3
7655237650,3065,cudaMemsetAsync,0,6255,267968,267968,20,python3
7655241106,2966,cudaMemsetAsync,0,6256,267968,267968,20,python3
7655244322,2856,cudaMemsetAsync,0,6257,267968,267968,20,python3
7655247438,2926,cudaMemsetAsync,0,6258,267968,267968,20,python3
7655250604,2776,cudaMemsetAsync,0,6259,267968,267968,20,python3
7655254131,7294,cudaLaunchKernel,0,6260,267968,267968,20,python3
7655262657,7695,cudaLaunchKernel,0,6262,267968,267968,20,python3
7655271224,6192,cudaLaunchKernel,0,6264,267968,267968,20,python3
7655278948,5341,cudaLaunchKernel,0,6266,267968,267968,20,python3
7655285090,5531,cudaLaunchKernel,0,6268,267968,267968,20,python3
7655291412,6182,cudaLaunchKernel,0,6270,267968,267968,20,python3
7655298526,6252,cudaLaunchKernel,0,6272,267968,267968,20,python3
7655305700,5720,cudaLaunchKernel,0,6274,267968,267968,20,python3
7655312102,3436,cudaMemsetAsync,0,6276,267968,267968,20,python3
7655315799,3076,cudaMemsetAsync,0,6277,267968,267968,20,python3
7655321259,5471,cudaLaunchKernel,0,6278,267968,267968,20,python3
7655327591,6182,cudaLaunchKernel,0,6280,267968,267968,20,python3
7655334705,5691,cudaLaunchKernel,0,6282,267968,267968,20,python3
7655341187,5631,cudaLaunchKernel,0,6284,267968,267968,20,python3
7655347640,5410,cudaLaunchKernel,0,6286,267968,267968,20,python3
7655353892,9327,cudaLaunchKernel,0,6288,267968,267968,20,python3
7655364051,5931,cudaLaunchKernel,0,6290,267968,267968,20,python3
7655370794,5711,cudaLaunchKernel,0,6292,267968,267968,20,python3
7655377416,5461,cudaLaunchKernel,0,6294,267968,267968,20,python3
7655383708,5251,cudaLaunchKernel,0,6296,267968,267968,20,python3
7655389760,5380,cudaLaunchKernel,0,6298,267968,267968,20,python3
7655396463,5941,cudaLaunchKernel,0,6300,267968,267968,20,python3
7655403176,5230,cudaLaunchKernel,0,6302,267968,267968,20,python3
7655417804,6121,cudaLaunchKernel,0,6304,267968,267968,20,python3
7655424797,5521,cudaLaunchKernel,0,6306,267968,267968,20,python3
7655432712,5551,cudaLaunchKernel,0,6308,267968,267968,20,python3
7655439245,6201,cudaLaunchKernel,0,6310,267968,267968,20,python3
7655446268,5741,cudaLaunchKernel,0,6312,267968,267968,20,python3
7655452740,5200,cudaLaunchKernel,0,6314,267968,267968,20,python3
7655458772,5591,cudaLaunchKernel,0,6316,267968,267968,20,python3
7655465124,5020,cudaLaunchKernel,0,6318,267968,267968,20,python3
7655471566,4479,cudaLaunchKernel,0,6320,267968,267968,20,python3
7655476796,4759,cudaLaunchKernel,0,6322,267968,267968,20,python3
7655482417,5440,cudaLaunchKernel,0,6324,267968,267968,20,python3
7655488709,5581,cudaLaunchKernel,0,6326,267968,267968,20,python3
7655495031,5681,cudaLaunchKernel,0,6328,267968,267968,20,python3
7655501463,5301,cudaLaunchKernel,0,6330,267968,267968,20,python3
7655508337,5570,cudaLaunchKernel,0,6332,267968,267968,20,python3
7655514689,5390,cudaLaunchKernel,0,6334,267968,267968,20,python3
7655521462,5520,cudaLaunchKernel,0,6336,267968,267968,20,python3
7655527874,5039,cudaLaunchKernel,0,6338,267968,267968,20,python3
7655533745,5781,cudaLaunchKernel,0,6340,267968,267968,20,python3
7655540638,5952,cudaLaunchKernel,0,6342,267968,267968,20,python3
7655547411,5681,cudaLaunchKernel,0,6344,267968,267968,20,python3
7655553843,5822,cudaLaunchKernel,0,6346,267968,267968,20,python3
7655560326,3837,cudaMemsetAsync,0,6348,267968,267968,20,python3
7655564414,2965,cudaMemsetAsync,0,6349,267968,267968,20,python3
7655568892,5641,cudaLaunchKernel,0,6350,267968,267968,20,python3
7655575334,5030,cudaLaunchKernel,0,6352,267968,267968,20,python3
7655581226,5380,cudaLaunchKernel,0,6354,267968,267968,20,python3
7655587408,5159,cudaLaunchKernel,0,6356,267968,267968,20,python3
7655593359,5831,cudaLaunchKernel,0,6358,267968,267968,20,python3
7655599972,5580,cudaLaunchKernel,0,6360,267968,267968,20,python3
7655606684,5751,cudaLaunchKernel,0,6362,267968,267968,20,python3
7655620330,5431,cudaLaunchKernel,0,6368,267968,267968,20,python3
7655626562,3417,cudaMemsetAsync,0,6370,267968,267968,20,python3
7655630249,2876,cudaMemsetAsync,0,6371,267968,267968,20,python3
7655639106,5330,cudaLaunchKernel,0,6372,267968,267968,20,python3
7655644957,3397,cudaMemsetAsync,0,6374,267968,267968,20,python3
7655648905,5480,cudaLaunchKernel,0,6375,267968,267968,20,python3
7655655277,5270,cudaLaunchKernel,0,6377,267968,267968,20,python3
7655665196,5511,cudaLaunchKernel,0,6379,267968,267968,20,python3
7655672119,3407,cudaMemsetAsync,0,6381,267968,267968,20,python3
7655680966,5861,cudaLaunchKernel,0,6382,267968,267968,20,python3
7655687779,5050,cudaLaunchKernel,0,6384,267968,267968,20,python3
7655693560,4739,cudaLaunchKernel,0,6386,267968,267968,20,python3
7655699421,4138,cudaLaunchKernel,0,6388,267968,267968,20,python3
7655704942,5280,cudaLaunchKernel,0,6390,267968,267968,20,python3
7655710994,3075,cudaMemsetAsync,0,6392,267968,267968,20,python3
7655714590,5441,cudaLaunchKernel,0,6393,267968,267968,20,python3
7655720872,5601,cudaLaunchKernel,0,6395,267968,267968,20,python3
7655753254,6643,cudaLaunchKernel,0,6397,267968,267968,20,python3
7655760698,3237,cudaMemsetAsync,0,6399,267968,267968,20,python3
7655764656,5480,cudaLaunchKernel,0,6400,267968,267968,20,python3
7655771138,4930,cudaLaunchKernel,0,6402,267968,267968,20,python3
7655780777,4619,cudaLaunchKernel,0,6404,267968,267968,20,python3
7655785987,2995,cudaMemsetAsync,0,6406,267968,267968,20,python3
7655789353,4659,cudaLaunchKernel,0,6407,267968,267968,20,python3
7655794623,4409,cudaLaunchKernel,0,6409,267968,267968,20,python3
7655808740,8537,cudaLaunchKernel,0,6412,267968,267968,20,python3
7655817998,3136,cudaMemsetAsync,0,6414,267968,267968,20,python3
7655821535,4418,cudaLaunchKernel,0,6415,267968,267968,20,python3
7655826564,4469,cudaLaunchKernel,0,6417,267968,267968,20,python3
7655838808,4608,cudaLaunchKernel,0,6420,267968,267968,20,python3
7655843998,3176,cudaMemsetAsync,0,6422,267968,267968,20,python3
7655847544,4359,cudaLaunchKernel,0,6423,267968,267968,20,python3
7655852554,4388,cudaLaunchKernel,0,6425,267968,267968,20,python3
7655863855,4429,cudaLaunchKernel,0,6428,267968,267968,20,python3
7655868875,2996,cudaMemsetAsync,0,6430,267968,267968,20,python3
7655872262,4298,cudaLaunchKernel,0,6431,267968,267968,20,python3
7655877161,4338,cudaLaunchKernel,0,6433,267968,267968,20,python3
7655888643,4488,cudaLaunchKernel,0,6436,267968,267968,20,python3
7655893692,3126,cudaMemsetAsync,0,6438,267968,267968,20,python3
7655897189,4399,cudaLaunchKernel,0,6439,267968,267968,20,python3
7655902189,4418,cudaLaunchKernel,0,6441,267968,267968,20,python3
7655910404,4469,cudaLaunchKernel,0,6443,267968,267968,20,python3
7655915454,3076,cudaMemsetAsync,0,6445,267968,267968,20,python3
7655918921,4388,cudaLaunchKernel,0,6446,267968,267968,20,python3
7655923900,4368,cudaLaunchKernel,0,6448,267968,267968,20,python3
7655932026,4448,cudaLaunchKernel,0,6450,267968,267968,20,python3
7655937065,3126,cudaMemsetAsync,0,6452,267968,267968,20,python3
7655940572,4368,cudaLaunchKernel,0,6453,267968,267968,20,python3
7655945592,4428,cudaLaunchKernel,0,6455,267968,267968,20,python3
7655953968,4358,cudaLaunchKernel,0,6457,267968,267968,20,python3
7655958887,3026,cudaMemsetAsync,0,6459,267968,267968,20,python3
7655962283,4369,cudaLaunchKernel,0,6460,267968,267968,20,python3
7655967263,4368,cudaLaunchKernel,0,6462,267968,267968,20,python3
7655975258,4389,cudaLaunchKernel,0,6464,267968,267968,20,python3
7655980238,3056,cudaMemsetAsync,0,6466,267968,267968,20,python3
7655983674,4288,cudaLaunchKernel,0,6467,267968,267968,20,python3
7655988564,4438,cudaLaunchKernel,0,6469,267968,267968,20,python3
7655996910,4388,cudaLaunchKernel,0,6471,267968,267968,20,python3
7656001879,3066,cudaMemsetAsync,0,6473,267968,267968,20,python3
7656005336,4298,cudaLaunchKernel,0,6474,267968,267968,20,python3
7656010225,4378,cudaLaunchKernel,0,6476,267968,267968,20,python3
7656018250,4409,cudaLaunchKernel,0,6478,267968,267968,20,python3
7656023250,3106,cudaMemsetAsync,0,6480,267968,267968,20,python3
7656026727,4308,cudaLaunchKernel,0,6481,267968,267968,20,python3
7656031656,4338,cudaLaunchKernel,0,6483,267968,267968,20,python3
7656040142,4399,cudaLaunchKernel,0,6485,267968,267968,20,python3
7656045943,4900,cudaLaunchKernel,0,6487,267968,267968,20,python3
7656052315,5240,cudaLaunchKernel,0,6489,267968,267968,20,python3
7656058527,6723,cudaMemsetAsync,0,6491,267968,267968,20,python3
7656066122,5951,cudaLaunchKernel,0,6492,267968,267968,20,python3
7656073025,5150,cudaLaunchKernel,0,6494,267968,267968,20,python3
7656079908,5450,cudaLaunchKernel,0,6496,267968,267968,20,python3
7656086471,5099,cudaLaunchKernel,0,6498,267968,267968,20,python3
7656092332,5420,cudaLaunchKernel,0,6500,267968,267968,20,python3
7656098684,5010,cudaLaunchKernel,0,6502,267968,267968,20,python3
7656104735,5200,cudaLaunchKernel,0,6504,267968,267968,20,python3
7656110927,5120,cudaLaunchKernel,0,6506,267968,267968,20,python3
7656116678,4178,cudaLaunchKernel,0,6508,267968,267968,20,python3
7656121678,5520,cudaLaunchKernel,0,6510,267968,267968,20,python3
7656128351,5109,cudaLaunchKernel,0,6512,267968,267968,20,python3
7656134192,5019,cudaLaunchKernel,0,6514,267968,267968,20,python3
7656140484,5190,cudaLaunchKernel,0,6516,267968,267968,20,python3
7656146545,4128,cudaLaunchKernel,0,6518,267968,267968,20,python3
7656151645,5010,cudaLaunchKernel,0,6520,267968,267968,20,python3
7656157556,4659,cudaLaunchKernel,0,6522,267968,267968,20,python3
7656163067,4939,cudaLaunchKernel,0,6524,267968,267968,20,python3
7656169399,5010,cudaLaunchKernel,0,6526,267968,267968,20,python3
7656175030,4248,cudaLaunchKernel,0,6528,267968,267968,20,python3
7656180119,8757,cudaLaunchKernel,0,6530,267968,267968,20,python3
7656189638,5079,cudaLaunchKernel,0,6532,267968,267968,20,python3
7656195529,5029,cudaLaunchKernel,0,6534,267968,267968,20,python3
7656202382,5210,cudaLaunchKernel,0,6536,267968,267968,20,python3
7656208223,4178,cudaLaunchKernel,0,6538,267968,267968,20,python3
7656213363,4929,cudaLaunchKernel,0,6540,267968,267968,20,python3
7656219144,5300,cudaLaunchKernel,0,6542,267968,267968,20,python3
7656225246,4989,cudaLaunchKernel,0,6544,267968,267968,20,python3
7656231127,4909,cudaLaunchKernel,0,6546,267968,267968,20,python3
7656236667,4379,cudaLaunchKernel,0,6548,267968,267968,20,python3
7656242138,5160,cudaLaunchKernel,0,6550,267968,267968,20,python3
7656248059,5070,cudaLaunchKernel,0,6552,267968,267968,20,python3
7656253970,4740,cudaLaunchKernel,0,6554,267968,267968,20,python3
7656259621,4719,cudaLaunchKernel,0,6556,267968,267968,20,python3
7656264961,4098,cudaLaunchKernel,0,6558,267968,267968,20,python3
7656269751,4348,cudaLaunchKernel,0,6560,267968,267968,20,python3
7656274730,4178,cudaLaunchKernel,0,6562,267968,267968,20,python3
7656279990,4799,cudaLaunchKernel,0,6564,267968,267968,20,python3
7656285851,5301,cudaLaunchKernel,0,6566,267968,267968,20,python3
7656291733,5029,cudaLaunchKernel,0,6567,267968,267968,20,python3
7656297884,4840,cudaLaunchKernel,0,6569,267968,267968,20,python3
7656304517,5771,cudaLaunchKernel,0,6571,267968,267968,20,python3
7656311230,4809,cudaLaunchKernel,0,6573,267968,267968,20,python3
7656316891,5099,cudaLaunchKernel,0,6575,267968,267968,20,python3
7656322892,4920,cudaLaunchKernel,0,6578,267968,267968,20,python3
7656328453,4148,cudaLaunchKernel,0,6580,267968,267968,20,python3
7656333502,4138,cudaLaunchKernel,0,6582,267968,267968,20,python3
7656338422,4328,cudaLaunchKernel,0,6585,267968,267968,20,python3
7656343351,4048,cudaLaunchKernel,0,6587,267968,267968,20,python3
7656347980,4088,cudaLaunchKernel,0,6589,267968,267968,20,python3
7656352829,4058,cudaLaunchKernel,0,6592,267968,267968,20,python3
7656357558,4028,cudaLaunchKernel,0,6594,267968,267968,20,python3
7656362147,4188,cudaLaunchKernel,0,6596,267968,267968,20,python3
7656367167,5079,cudaLaunchKernel,0,6598,267968,267968,20,python3
7656372848,4107,cudaLaunchKernel,0,6600,267968,267968,20,python3
7656377536,4229,cudaLaunchKernel,0,6602,267968,267968,20,python3
7656382536,4088,cudaLaunchKernel,0,6605,267968,267968,20,python3
7656387205,4068,cudaLaunchKernel,0,6607,267968,267968,20,python3
7656391844,4088,cudaLaunchKernel,0,6609,267968,267968,20,python3
7656396693,4118,cudaLaunchKernel,0,6612,267968,267968,20,python3
7656401382,4028,cudaLaunchKernel,0,6614,267968,267968,20,python3
7656405981,10229,cudaLaunchKernel,0,6616,267968,267968,20,python3
7656417002,4258,cudaLaunchKernel,0,6619,267968,267968,20,python3
7656421851,4078,cudaLaunchKernel,0,6621,267968,267968,20,python3
7656426500,4088,cudaLaunchKernel,0,6623,267968,267968,20,python3
7656431209,4138,cudaLaunchKernel,0,6625,267968,267968,20,python3
7656435938,4148,cudaLaunchKernel,0,6627,267968,267968,20,python3
7656440657,4138,cudaLaunchKernel,0,6629,267968,267968,20,python3
7656445556,4539,cudaLaunchKernel,0,6632,267968,267968,20,python3
7656450666,4128,cudaLaunchKernel,0,6634,267968,267968,20,python3
7656455355,4028,cudaLaunchKernel,0,6636,267968,267968,20,python3
7656460144,4068,cudaLaunchKernel,0,6639,267968,267968,20,python3
7656464793,4118,cudaLaunchKernel,0,6641,267968,267968,20,python3
7656469482,4198,cudaLaunchKernel,0,6643,267968,267968,20,python3
7656474462,4198,cudaLaunchKernel,0,6646,267968,267968,20,python3
7656479251,4128,cudaLaunchKernel,0,6648,267968,267968,20,python3
7656483960,4047,cudaLaunchKernel,0,6650,267968,267968,20,python3
7656488619,4158,cudaLaunchKernel,0,6652,267968,267968,20,python3
7656493348,4107,cudaLaunchKernel,0,6654,267968,267968,20,python3
7656498027,4097,cudaLaunchKernel,0,6656,267968,267968,20,python3
7656502876,4098,cudaLaunchKernel,0,6659,267968,267968,20,python3
7656507555,4098,cudaLaunchKernel,0,6661,267968,267968,20,python3
7656512224,4037,cudaLaunchKernel,0,6663,267968,267968,20,python3
7656517023,4058,cudaLaunchKernel,0,6666,267968,267968,20,python3
7656521662,7033,cudaLaunchKernel,0,6668,267968,267968,20,python3
7656529286,4228,cudaLaunchKernel,0,6670,267968,267968,20,python3
7656534276,4108,cudaLaunchKernel,0,6673,267968,267968,20,python3
7656538975,4088,cudaLaunchKernel,0,6675,267968,267968,20,python3
7656543634,4118,cudaLaunchKernel,0,6677,267968,267968,20,python3
7656548373,4118,cudaLaunchKernel,0,6679,267968,267968,20,python3
7656553092,4118,cudaLaunchKernel,0,6681,267968,267968,20,python3
7656557781,4118,cudaLaunchKernel,0,6683,267968,267968,20,python3
7656562660,4068,cudaLaunchKernel,0,6686,267968,267968,20,python3
7656567299,4068,cudaLaunchKernel,0,6688,267968,267968,20,python3
7656571928,4007,cudaLaunchKernel,0,6690,267968,267968,20,python3
7656576707,4078,cudaLaunchKernel,0,6693,267968,267968,20,python3
7656581356,4098,cudaLaunchKernel,0,6695,267968,267968,20,python3
7656586025,4118,cudaLaunchKernel,0,6697,267968,267968,20,python3
7656590904,4048,cudaLaunchKernel,0,6700,267968,267968,20,python3
7656595523,4078,cudaLaunchKernel,0,6702,267968,267968,20,python3
7656600172,4057,cudaLaunchKernel,0,6704,267968,267968,20,python3
7656604841,4248,cudaLaunchKernel,0,6706,267968,267968,20,python3
7656609660,4108,cudaLaunchKernel,0,6708,267968,267968,20,python3
7656614329,4057,cudaLaunchKernel,0,6710,267968,267968,20,python3
7656619138,4128,cudaLaunchKernel,0,6713,267968,267968,20,python3
7656623877,4168,cudaLaunchKernel,0,6715,267968,267968,20,python3
7656628616,4118,cudaLaunchKernel,0,6717,267968,267968,20,python3
7656633495,4138,cudaLaunchKernel,0,6720,267968,267968,20,python3
7656638204,4078,cudaLaunchKernel,0,6722,267968,267968,20,python3
7656642853,4088,cudaLaunchKernel,0,6724,267968,267968,20,python3
7656647702,4128,cudaLaunchKernel,0,6727,267968,267968,20,python3
7656652411,4128,cudaLaunchKernel,0,6729,267968,267968,20,python3
7656657100,4098,cudaLaunchKernel,0,6731,267968,267968,20,python3
7656661809,4118,cudaLaunchKernel,0,6733,267968,267968,20,python3
7656666508,4389,cudaLaunchKernel,0,6735,267968,267968,20,python3
7656671468,4048,cudaLaunchKernel,0,6737,267968,267968,20,python3
7656676277,4118,cudaLaunchKernel,0,6740,267968,267968,20,python3
7656680976,4138,cudaLaunchKernel,0,6742,267968,267968,20,python3
7656685685,4178,cudaLaunchKernel,0,6744,267968,267968,20,python3
7656690614,4158,cudaLaunchKernel,0,6747,267968,267968,20,python3
7656695343,4048,cudaLaunchKernel,0,6749,267968,267968,20,python3
7656699962,4038,cudaLaunchKernel,0,6751,267968,267968,20,python3
7656704761,4108,cudaLaunchKernel,0,6754,267968,267968,20,python3
7656709440,4088,cudaLaunchKernel,0,6756,267968,267968,20,python3
7656714099,4088,cudaLaunchKernel,0,6758,267968,267968,20,python3
7656718798,4128,cudaLaunchKernel,0,6760,267968,267968,20,python3
7656723497,4068,cudaLaunchKernel,0,6762,267968,267968,20,python3
7656728136,4078,cudaLaunchKernel,0,6764,267968,267968,20,python3
7656732965,4158,cudaLaunchKernel,0,6767,267968,267968,20,python3
7656737694,4098,cudaLaunchKernel,0,6769,267968,267968,20,python3
7656742373,4068,cudaLaunchKernel,0,6771,267968,267968,20,python3
7656747202,4138,cudaLaunchKernel,0,6774,267968,267968,20,python3
7656751911,4058,cudaLaunchKernel,0,6776,267968,267968,20,python3
7656756540,4168,cudaLaunchKernel,0,6778,267968,267968,20,python3
7656761470,4158,cudaLaunchKernel,0,6781,267968,267968,20,python3
7656766199,4348,cudaLaunchKernel,0,6783,267968,267968,20,python3
7656771118,4108,cudaLaunchKernel,0,6785,267968,267968,20,python3
7656775837,4248,cudaLaunchKernel,0,6787,267968,267968,20,python3
7656780676,4429,cudaLaunchKernel,0,6789,267968,267968,20,python3
7656785676,4128,cudaLaunchKernel,0,6791,267968,267968,20,python3
7656790565,4138,cudaLaunchKernel,0,6794,267968,267968,20,python3
7656795294,4118,cudaLaunchKernel,0,6796,267968,267968,20,python3
7656800154,4468,cudaLaunchKernel,0,6798,267968,267968,20,python3
7656806085,5991,cudaLaunchKernel,0,6800,267968,267968,20,python3
7656814040,6102,cudaLaunchKernel,0,6802,267968,267968,20,python3
7656822005,4148,cudaMemsetAsync,0,6805,267968,267968,20,python3
7656827746,662,cudaStreamIsCapturing_v10000,0,6807,267968,267968,20,python3
7656828698,2565,cudaStreamWaitEvent,0,6808,267968,267968,20,python3
7656831574,17924,cudaMemcpyAsync,0,6809,267968,267968,20,python3
7656849828,4148,cudaEventRecord,0,6810,267968,267968,20,python3
7656854788,531,cudaStreamIsCapturing_v10000,0,6811,267968,267968,20,python3
7656855800,28685,cudaGraphLaunch_v10000,0,6812,267968,267968,20,python3
7656885927,3798,cudaMemsetAsync,0,6813,267968,267968,20,python3
7656889975,2936,cudaMemsetAsync,0,6814,267968,267968,20,python3
7656893151,2906,cudaMemsetAsync,0,6815,267968,267968,20,python3
7656896297,2876,cudaMemsetAsync,0,6816,267968,267968,20,python3
7656899423,2826,cudaMemsetAsync,0,6817,267968,267968,20,python3
7656902519,2735,cudaMemsetAsync,0,6818,267968,267968,20,python3
7656905505,2775,cudaMemsetAsync,0,6819,267968,267968,20,python3
7656909803,7094,cudaLaunchKernel,0,6820,267968,267968,20,python3
7656917698,3136,cudaMemsetAsync,0,6822,267968,267968,20,python3
7656921495,6032,cudaLaunchKernel,0,6823,267968,267968,20,python3
7656928970,4719,cudaLaunchKernel,0,6825,267968,267968,20,python3
7656934761,5460,cudaLaunchKernel,0,6827,267968,267968,20,python3
7656941103,5811,cudaLaunchKernel,0,6829,267968,267968,20,python3
7656947956,5190,cudaLaunchKernel,0,6831,267968,267968,20,python3
7656953997,5361,cudaLaunchKernel,0,6833,267968,267968,20,python3
7656960219,5170,cudaLaunchKernel,0,6835,267968,267968,20,python3
7656966401,6022,cudaLaunchKernel,0,6837,267968,267968,20,python3
7656973465,5199,cudaLaunchKernel,0,6839,267968,267968,20,python3
7656983925,4548,cudaMemsetAsync,0,6841,267968,267968,20,python3
7656988724,2865,cudaMemsetAsync,0,6842,267968,267968,20,python3
7656991860,2735,cudaMemsetAsync,0,6843,267968,267968,20,python3
7656995437,6061,cudaLaunchKernel,0,6844,267968,267968,20,python3
7657002139,3196,cudaMemsetAsync,0,6846,267968,267968,20,python3
7657005576,2885,cudaMemsetAsync,0,6847,267968,267968,20,python3
7657009634,5500,cudaLaunchKernel,0,6848,267968,267968,20,python3
7657015956,5280,cudaLaunchKernel,0,6850,267968,267968,20,python3
7657022188,5109,cudaLaunchKernel,0,6852,267968,267968,20,python3
7657028189,5440,cudaLaunchKernel,0,6854,267968,267968,20,python3
7657034621,5521,cudaLaunchKernel,0,6856,267968,267968,20,python3
7657044761,3146,cudaMemsetAsync,0,6858,267968,267968,20,python3
7657048227,2716,cudaMemsetAsync,0,6859,267968,267968,20,python3
7657051754,5400,cudaLaunchKernel,0,6860,267968,267968,20,python3
7657057926,3146,cudaMemsetAsync,0,6862,267968,267968,20,python3
7657061312,2736,cudaMemsetAsync,0,6863,267968,267968,20,python3
7657065621,5240,cudaLaunchKernel,0,6864,267968,267968,20,python3
7657071662,5220,cudaLaunchKernel,0,6866,267968,267968,20,python3
7657077603,5140,cudaLaunchKernel,0,6868,267968,267968,20,python3
7657083645,5711,cudaLaunchKernel,0,6870,267968,267968,20,python3
7657090017,3116,cudaMemsetAsync,0,6872,267968,267968,20,python3
7657093394,2845,cudaMemsetAsync,0,6873,267968,267968,20,python3
7657097622,5741,cudaLaunchKernel,0,6874,267968,267968,20,python3
7657104104,5100,cudaLaunchKernel,0,6876,267968,267968,20,python3
7657109935,4659,cudaLaunchKernel,0,6878,267968,267968,20,python3
7657115155,3036,cudaMemsetAsync,0,6880,267968,267968,20,python3
7657118441,2796,cudaMemsetAsync,0,6881,267968,267968,20,python3
7657123040,2786,cudaMemsetAsync,0,6882,267968,267968,20,python3
7657126827,5751,cudaLaunchKernel,0,6883,267968,267968,20,python3
7657133410,5230,cudaLaunchKernel,0,6885,267968,267968,20,python3
7657139582,5310,cudaLaunchKernel,0,6887,267968,267968,20,python3
7657145663,5902,cudaLaunchKernel,0,6889,267968,267968,20,python3
7657152386,4880,cudaLaunchKernel,0,6891,267968,267968,20,python3
7657158157,4529,cudaLaunchKernel,0,6893,267968,267968,20,python3
7657163217,3376,cudaMemsetAsync,0,6895,267968,267968,20,python3
7657166854,2835,cudaMemsetAsync,0,6896,267968,267968,20,python3
7657171252,5912,cudaLaunchKernel,0,6897,267968,267968,20,python3
7657177885,5340,cudaLaunchKernel,0,6899,267968,267968,20,python3
7657183957,4999,cudaLaunchKernel,0,6901,267968,267968,20,python3
7657189838,5621,cudaLaunchKernel,0,6903,267968,267968,20,python3
7657196240,8476,cudaLaunchKernel,0,6905,267968,267968,20,python3
7657205688,5731,cudaLaunchKernel,0,6907,267968,267968,20,python3
7657212170,4750,cudaLaunchKernel,0,6909,267968,267968,20,python3
7657217751,3567,cudaMemsetAsync,0,6911,267968,267968,20,python3
7657221578,2796,cudaMemsetAsync,0,6912,267968,267968,20,python3
7657228131,5621,cudaLaunchKernel,0,6913,267968,267968,20,python3
7657234764,5480,cudaLaunchKernel,0,6915,267968,267968,20,python3
7657241116,5370,cudaLaunchKernel,0,6917,267968,267968,20,python3
7657247227,4639,cudaLaunchKernel,0,6919,267968,267968,20,python3
7657252548,3286,cudaMemsetAsync,0,6921,267968,267968,20,python3
7657256094,2906,cudaMemsetAsync,0,6922,267968,267968,20,python3
7657259240,2886,cudaMemsetAsync,0,6923,267968,267968,20,python3
7657264039,5631,cudaLaunchKernel,0,6924,267968,267968,20,python3
7657270412,5520,cudaLaunchKernel,0,6926,267968,267968,20,python3
7657276784,5791,cudaLaunchKernel,0,6928,267968,267968,20,python3
7657283316,4779,cudaLaunchKernel,0,6930,267968,267968,20,python3
7657288997,5320,cudaLaunchKernel,0,6932,267968,267968,20,python3
7657295079,4639,cudaLaunchKernel,0,6934,267968,267968,20,python3
7657300499,5370,cudaLaunchKernel,0,6935,267968,267968,20,python3
7657306741,3116,cudaMemsetAsync,0,6937,267968,267968,20,python3
7657310128,2735,cudaMemsetAsync,0,6938,267968,267968,20,python3
7657313173,2706,cudaMemsetAsync,0,6939,267968,267968,20,python3
7657316119,2755,cudaMemsetAsync,0,6940,267968,267968,20,python3
7657319265,2745,cudaMemsetAsync,0,6941,267968,267968,20,python3
7657322251,2745,cudaMemsetAsync,0,6942,267968,267968,20,python3
7657328192,5691,cudaLaunchKernel,0,6943,267968,267968,20,python3
7657334694,5681,cudaLaunchKernel,0,6945,267968,267968,20,python3
7657341217,5581,cudaLaunchKernel,0,6947,267968,267968,20,python3
7657347639,5821,cudaLaunchKernel,0,6949,267968,267968,20,python3
7657354242,4999,cudaLaunchKernel,0,6951,267968,267968,20,python3
7657361045,5170,cudaLaunchKernel,0,6953,267968,267968,20,python3
7657367096,5972,cudaLaunchKernel,0,6955,267968,267968,20,python3
7657374080,5821,cudaLaunchKernel,0,6957,267968,267968,20,python3
7657380813,5510,cudaLaunchKernel,0,6959,267968,267968,20,python3
7657387084,4569,cudaLaunchKernel,0,6961,267968,267968,20,python3
7657393727,5200,cudaLaunchKernel,0,6963,267968,267968,20,python3
7657399769,5330,cudaLaunchKernel,0,6965,267968,267968,20,python3
7657406281,11993,cudaLaunchKernel,0,6967,267968,267968,20,python3
7657419196,5570,cudaLaunchKernel,0,6969,267968,267968,20,python3
7657425568,4659,cudaLaunchKernel,0,6971,267968,267968,20,python3
7657430708,4508,cudaLaunchKernel,0,6972,267968,267968,20,python3
7657435677,4519,cudaLaunchKernel,0,6973,267968,267968,20,python3
7657440917,5371,cudaLaunchKernel,0,6974,267968,267968,20,python3
7657446869,3386,cudaMemsetAsync,0,6976,267968,267968,20,python3
7657450506,2815,cudaMemsetAsync,0,6977,267968,267968,20,python3
7657453962,4880,cudaLaunchKernel,0,6978,267968,267968,20,python3
7657459763,5220,cudaLaunchKernel,0,6980,267968,267968,20,python3
7657465815,5200,cudaLaunchKernel,0,6982,267968,267968,20,python3
7657472738,5060,cudaLaunchKernel,0,6984,267968,267968,20,python3
7657478609,5441,cudaLaunchKernel,0,6986,267968,267968,20,python3
7657484791,5691,cudaLaunchKernel,0,6988,267968,267968,20,python3
7657491273,5431,cudaLaunchKernel,0,6990,267968,267968,20,python3
7657498006,4659,cudaLaunchKernel,0,6992,267968,267968,20,python3
7657503387,4568,cudaLaunchKernel,0,6994,267968,267968,20,python3
7657508747,5550,cudaLaunchKernel,0,6996,267968,267968,20,python3
7657515109,5310,cudaLaunchKernel,0,6998,267968,267968,20,python3
7657521251,4478,cudaLaunchKernel,0,7000,267968,267968,20,python3
7657526431,4468,cudaLaunchKernel,0,7002,267968,267968,20,python3
7657531841,5220,cudaLaunchKernel,0,7004,267968,267968,20,python3
7657537772,4709,cudaLaunchKernel,0,7006,267968,267968,20,python3
7657543163,3286,cudaMemsetAsync,0,7008,267968,267968,20,python3
7657546709,2826,cudaMemsetAsync,0,7009,267968,267968,20,python3
7657554584,5160,cudaLaunchKernel,0,7010,267968,267968,20,python3
7657560586,5460,cudaLaunchKernel,0,7012,267968,267968,20,python3
7657566938,8296,cudaLaunchKernel,0,7014,267968,267968,20,python3
7657576105,5691,cudaLaunchKernel,0,7016,267968,267968,20,python3
7657582688,5300,cudaLaunchKernel,0,7018,267968,267968,20,python3
7657588760,5410,cudaLaunchKernel,0,7020,267968,267968,20,python3
7657594711,3356,cudaMemsetAsync,0,7022,267968,267968,20,python3
7657598749,5400,cudaLaunchKernel,0,7023,267968,267968,20,python3
7657606483,5331,cudaLaunchKernel,0,7025,267968,267968,20,python3
7657612675,5100,cudaLaunchKernel,0,7027,267968,267968,20,python3
7657618557,5540,cudaLaunchKernel,0,7029,267968,267968,20,python3
7657624638,3026,cudaMemsetAsync,0,7031,267968,267968,20,python3
7657628165,4609,cudaLaunchKernel,0,7032,267968,267968,20,python3
7657633715,4780,cudaLaunchKernel,0,7034,267968,267968,20,python3
7657639186,4499,cudaLaunchKernel,0,7036,267968,267968,20,python3
7657644406,4669,cudaLaunchKernel,0,7038,267968,267968,20,python3
7657649766,4719,cudaLaunchKernel,0,7040,267968,267968,20,python3
7657655197,4568,cudaLaunchKernel,0,7042,267968,267968,20,python3
7657660306,3136,cudaMemsetAsync,0,7044,267968,267968,20,python3
7657663903,4649,cudaLaunchKernel,0,7045,267968,267968,20,python3
7657670135,4609,cudaLaunchKernel,0,7047,267968,267968,20,python3
7657675525,4739,cudaLaunchKernel,0,7049,267968,267968,20,python3
7657681056,5060,cudaLaunchKernel,0,7051,267968,267968,20,python3
7657686917,4749,cudaLaunchKernel,0,7053,267968,267968,20,python3
7657692718,5380,cudaLaunchKernel,0,7055,267968,267968,20,python3
7657698900,5200,cudaLaunchKernel,0,7057,267968,267968,20,python3
7657704972,5029,cudaLaunchKernel,0,7059,267968,267968,20,python3
7657710753,4919,cudaLaunchKernel,0,7061,267968,267968,20,python3
7657716614,4518,cudaLaunchKernel,0,7063,267968,267968,20,python3
7657721704,3095,cudaMemsetAsync,0,7065,267968,267968,20,python3
7657725330,4679,cudaLaunchKernel,0,7066,267968,267968,20,python3
7657731192,4729,cudaLaunchKernel,0,7068,267968,267968,20,python3
7657736682,4559,cudaLaunchKernel,0,7070,267968,267968,20,python3
7657741982,4579,cudaLaunchKernel,0,7072,267968,267968,20,python3
7657747322,4599,cudaLaunchKernel,0,7074,267968,267968,20,python3
7657752683,4989,cudaLaunchKernel,0,7076,267968,267968,20,python3
7657758414,4819,cudaLaunchKernel,0,7078,267968,267968,20,python3
7657764175,5210,cudaLaunchKernel,0,7080,267968,267968,20,python3
7657770206,4769,cudaLaunchKernel,0,7082,267968,267968,20,python3
7657775727,4629,cudaLaunchKernel,0,7084,267968,267968,20,python3
7657781107,4549,cudaLaunchKernel,0,7086,267968,267968,20,python3
7657786377,4529,cudaLaunchKernel,0,7088,267968,267968,20,python3
7657791697,5571,cudaLaunchKernel,0,7090,267968,267968,20,python3
7657798200,5250,cudaLaunchKernel,0,7092,267968,267968,20,python3
7657804181,4579,cudaLaunchKernel,0,7094,267968,267968,20,python3
7657809221,4759,cudaLaunchKernel,0,7095,267968,267968,20,python3
7657814751,5290,cudaLaunchKernel,0,7097,267968,267968,20,python3
7657820622,3317,cudaMemsetAsync,0,7099,267968,267968,20,python3
7657824189,2836,cudaMemsetAsync,0,7100,267968,267968,20,python3
7657828918,5441,cudaLaunchKernel,0,7101,267968,267968,20,python3
7657835090,5150,cudaLaunchKernel,0,7103,267968,267968,20,python3
7657841132,5540,cudaLaunchKernel,0,7105,267968,267968,20,python3
7657847394,5149,cudaLaunchKernel,0,7107,267968,267968,20,python3
7657853034,5100,cudaLaunchKernel,0,7108,267968,267968,20,python3
7657858976,5901,cudaLaunchKernel,0,7110,267968,267968,20,python3
7657866871,3406,cudaMemsetAsync,0,7112,267968,267968,20,python3
7657870528,2995,cudaMemsetAsync,0,7113,267968,267968,20,python3
7657874095,5630,cudaLaunchKernel,0,7114,267968,267968,20,python3
7657880637,5621,cudaLaunchKernel,0,7116,267968,267968,20,python3
7657886789,3126,cudaMemsetAsync,0,7118,267968,267968,20,python3
7657890456,6021,cudaLaunchKernel,0,7119,267968,267968,20,python3
7657899483,5891,cudaLaunchKernel,0,7121,267968,267968,20,python3
7657906707,5701,cudaLaunchKernel,0,7123,267968,267968,20,python3
7657912979,7424,cudaMemcpyAsync,0,7125,267968,267968,20,python3
7657920674,4398,cudaMemcpyAsync,0,7126,267968,267968,20,python3
7657925352,3687,cudaMemcpyAsync,0,7127,267968,267968,20,python3
7657929300,6482,cudaMemcpyAsync,0,7128,267968,267968,20,python3
7657936043,3697,cudaMemcpyAsync,0,7129,267968,267968,20,python3
7657939990,3828,cudaMemcpyAsync,0,7130,267968,267968,20,python3
7657944098,3747,cudaMemcpyAsync,0,7131,267968,267968,20,python3
7657948166,3637,cudaEventRecord,0,7132,267968,267968,20,python3
7657952144,3180154819,cudaEventSynchronize,0,7133,267968,267968,20,python3
10838299761,11201,cudaStreamSynchronize,0,7134,267968,267968,20,python3
10838315170,44335,cudaLaunchKernel,0,7135,267968,267968,20,python3
10838360948,8005,cudaEventRecord,0,7137,267968,267968,20,python3
10838369404,1863,cudaEventSynchronize,0,7138,267968,267968,20,python3
10838638257,1794,cudaStreamIsCapturing_v10000,0,7141,267968,267968,20,python3
10838640632,1262,cudaStreamGetDevice_v12080,0,7142,267968,267968,20,python3
10838669998,501,cudaStreamIsCapturing_v10000,0,7167,267968,267968,20,python3
10838670769,461,cudaStreamGetDevice_v12080,0,7168,267968,267968,20,python3
10838677652,10591,cudaMemsetAsync,0,7179,267968,267968,20,python3
10838688904,14638,cudaMemcpyAsync,0,7180,267968,267968,20,python3
10838704043,5901,cudaMemcpyAsync,0,7181,267968,267968,20,python3
10838710265,6141,cudaMemcpyAsync,0,7182,267968,267968,20,python3
10838716697,5220,cudaMemcpyAsync,0,7183,267968,267968,20,python3
10838722208,4137,cudaMemcpyAsync,0,7184,267968,267968,20,python3
10838727257,11161,cudaLaunchKernel,0,7185,267968,267968,20,python3
10838739310,7234,cudaMemcpyAsync,0,7187,267968,267968,20,python3
10838746895,3857,cudaEventRecord,0,7188,267968,267968,20,python3
10838751063,28123,cudaEventSynchronize,0,7189,267968,267968,20,python3
10838783354,521,cudaStreamIsCapturing_v10000,0,7191,267968,267968,20,python3
10838785148,4939,cudaMemcpyAsync,0,7192,267968,267968,20,python3
10838790498,4509,cudaMemsetAsync,0,7193,267968,267968,20,python3
10838795678,3136,cudaEventRecord,0,7194,267968,267968,20,python3
10838799425,2765,cudaStreamWaitEvent,0,7195,267968,267968,20,python3
10838802681,24838,cudaLaunchHostFunc_v10000,0,7196,267968,267968,20,python3
10838828711,8686,cudaLaunchKernel,0,7197,267968,267968,20,python3
10838850382,3707,cudaMemsetAsync,0,7199,267968,267968,20,python3
10838854360,3146,cudaMemsetAsync,0,7200,267968,267968,20,python3
10838858057,2865,cudaMemsetAsync,0,7201,267968,267968,20,python3
10838861173,2905,cudaMemsetAsync,0,7202,267968,267968,20,python3
10838864569,2866,cudaMemsetAsync,0,7203,267968,267968,20,python3
10838867836,2695,cudaMemsetAsync,0,7204,267968,267968,20,python3
10838870781,2866,cudaMemsetAsync,0,7205,267968,267968,20,python3
10838873907,2826,cudaMemsetAsync,0,7206,267968,267968,20,python3
10838876973,2775,cudaMemsetAsync,0,7207,267968,267968,20,python3
10838880650,7164,cudaLaunchKernel,0,7208,267968,267968,20,python3
10838888976,7003,cudaLaunchKernel,0,7210,267968,267968,20,python3
10838897232,5881,cudaLaunchKernel,0,7212,267968,267968,20,python3
10838905067,6512,cudaLaunchKernel,0,7214,267968,267968,20,python3
10838912681,6232,cudaLaunchKernel,0,7216,267968,267968,20,python3
10838919755,6312,cudaLaunchKernel,0,7218,267968,267968,20,python3
10838927089,6212,cudaLaunchKernel,0,7220,267968,267968,20,python3
10838934473,5751,cudaLaunchKernel,0,7222,267968,267968,20,python3
10838940905,3507,cudaMemsetAsync,0,7224,267968,267968,20,python3
10838944672,2916,cudaMemsetAsync,0,7225,267968,267968,20,python3
10838950033,5711,cudaLaunchKernel,0,7226,267968,267968,20,python3
10838956565,5841,cudaLaunchKernel,0,7228,267968,267968,20,python3
10838963348,6322,cudaLaunchKernel,0,7230,267968,267968,20,python3
10838970472,6131,cudaLaunchKernel,0,7232,267968,267968,20,python3
10838977435,5681,cudaLaunchKernel,0,7234,267968,267968,20,python3
10838983947,5471,cudaLaunchKernel,0,7236,267968,267968,20,python3
10838990219,5631,cudaLaunchKernel,0,7238,267968,267968,20,python3
10838996852,5681,cudaLaunchKernel,0,7240,267968,267968,20,python3
10839003445,6031,cudaLaunchKernel,0,7242,267968,267968,20,python3
10839010458,5661,cudaLaunchKernel,0,7244,267968,267968,20,python3
10839016990,5972,cudaLaunchKernel,0,7246,267968,267968,20,python3
10839024355,5911,cudaLaunchKernel,0,7248,267968,267968,20,python3
10839031017,5110,cudaLaunchKernel,0,7250,267968,267968,20,python3
10839037219,5731,cudaLaunchKernel,0,7252,267968,267968,20,python3
10839043812,5260,cudaLaunchKernel,0,7254,267968,267968,20,python3
10839051496,5832,cudaLaunchKernel,0,7256,267968,267968,20,python3
10839058610,7094,cudaLaunchKernel,0,7258,267968,267968,20,python3
10839066725,7304,cudaLaunchKernel,0,7260,267968,267968,20,python3
10839075081,6964,cudaLaunchKernel,0,7262,267968,267968,20,python3
10839083077,6262,cudaLaunchKernel,0,7264,267968,267968,20,python3
10839090451,5861,cudaLaunchKernel,0,7266,267968,267968,20,python3
10839098005,5260,cudaLaunchKernel,0,7268,267968,267968,20,python3
10839104207,5521,cudaLaunchKernel,0,7270,267968,267968,20,python3
10839110770,6322,cudaLaunchKernel,0,7272,267968,267968,20,python3
10839118144,6352,cudaLaunchKernel,0,7274,267968,267968,20,python3
10839125528,6602,cudaLaunchKernel,0,7276,267968,267968,20,python3
10839133102,6873,cudaLaunchKernel,0,7278,267968,267968,20,python3
10839142089,6673,cudaLaunchKernel,0,7280,267968,267968,20,python3
10839149814,6342,cudaLaunchKernel,0,7282,267968,267968,20,python3
10839157849,6603,cudaLaunchKernel,0,7284,267968,267968,20,python3
10839165564,6022,cudaLaunchKernel,0,7286,267968,267968,20,python3
10839172608,6572,cudaLaunchKernel,0,7288,267968,267968,20,python3
10839180473,6963,cudaLaunchKernel,0,7290,267968,267968,20,python3
10839188358,6472,cudaLaunchKernel,0,7292,267968,267968,20,python3
10839195772,10029,cudaLaunchKernel,0,7294,267968,267968,20,python3
10839206803,4288,cudaMemsetAsync,0,7296,267968,267968,20,python3
10839211422,3276,cudaMemsetAsync,0,7297,267968,267968,20,python3
10839216201,6542,cudaLaunchKernel,0,7298,267968,267968,20,python3
10839223745,5862,cudaLaunchKernel,0,7300,267968,267968,20,python3
10839230568,6373,cudaLaunchKernel,0,7302,267968,267968,20,python3
10839237932,6473,cudaLaunchKernel,0,7304,267968,267968,20,python3
10839245367,6472,cudaLaunchKernel,0,7306,267968,267968,20,python3
10839252831,6703,cudaLaunchKernel,0,7308,267968,267968,20,python3
10839260576,6572,cudaLaunchKernel,0,7310,267968,267968,20,python3
10839276737,5620,cudaLaunchKernel,0,7316,267968,267968,20,python3
10839283139,3607,cudaMemsetAsync,0,7318,267968,267968,20,python3
10839287006,2866,cudaMemsetAsync,0,7319,267968,267968,20,python3
10839296715,5630,cudaLaunchKernel,0,7320,267968,267968,20,python3
10839302896,3607,cudaMemsetAsync,0,7322,267968,267968,20,python3
10839307054,5912,cudaLaunchKernel,0,7323,267968,267968,20,python3
10839313948,5891,cudaLaunchKernel,0,7325,267968,267968,20,python3
10839325570,6402,cudaLaunchKernel,0,7327,267968,267968,20,python3
10839333485,3487,cudaMemsetAsync,0,7329,267968,267968,20,python3
10839342713,6041,cudaLaunchKernel,0,7330,267968,267968,20,python3
10839349836,4950,cudaLaunchKernel,0,7332,267968,267968,20,python3
10839355527,4749,cudaLaunchKernel,0,7334,267968,267968,20,python3
10839361488,4379,cudaLaunchKernel,0,7336,267968,267968,20,python3
10839367420,6121,cudaLaunchKernel,0,7338,267968,267968,20,python3
10839374413,3046,cudaMemsetAsync,0,7340,267968,267968,20,python3
10839378170,5401,cudaLaunchKernel,0,7341,267968,267968,20,python3
10839384422,5511,cudaLaunchKernel,0,7343,267968,267968,20,python3
10839426713,7494,cudaLaunchKernel,0,7345,267968,267968,20,python3
10839435059,3326,cudaMemsetAsync,0,7347,267968,267968,20,python3
10839439137,5731,cudaLaunchKernel,0,7348,267968,267968,20,python3
10839445960,5039,cudaLaunchKernel,0,7350,267968,267968,20,python3
10839455839,4558,cudaLaunchKernel,0,7352,267968,267968,20,python3
10839461039,3055,cudaMemsetAsync,0,7354,267968,267968,20,python3
10839464475,4408,cudaLaunchKernel,0,7355,267968,267968,20,python3
10839469525,4458,cudaLaunchKernel,0,7357,267968,267968,20,python3
10839484032,5190,cudaLaunchKernel,0,7360,267968,267968,20,python3
10839489864,3126,cudaMemsetAsync,0,7362,267968,267968,20,python3
10839493380,4419,cudaLaunchKernel,0,7363,267968,267968,20,python3
10839498380,4478,cudaLaunchKernel,0,7365,267968,267968,20,python3
10839510142,4449,cudaLaunchKernel,0,7368,267968,267968,20,python3
10839515202,3076,cudaMemsetAsync,0,7370,267968,267968,20,python3
10839518669,4408,cudaLaunchKernel,0,7371,267968,267968,20,python3
10839523678,4509,cudaLaunchKernel,0,7373,267968,267968,20,python3
10839535451,4478,cudaLaunchKernel,0,7376,267968,267968,20,python3
10839540540,3527,cudaMemsetAsync,0,7378,267968,267968,20,python3
10839544498,4488,cudaLaunchKernel,0,7379,267968,267968,20,python3
10839549658,4498,cudaLaunchKernel,0,7381,267968,267968,20,python3
10839561260,4468,cudaLaunchKernel,0,7384,267968,267968,20,python3
10839566340,3136,cudaMemsetAsync,0,7386,267968,267968,20,python3
10839569866,4369,cudaLaunchKernel,0,7387,267968,267968,20,python3
10839574826,4418,cudaLaunchKernel,0,7389,267968,267968,20,python3
10839583362,4439,cudaLaunchKernel,0,7391,267968,267968,20,python3
10839588412,3076,cudaMemsetAsync,0,7393,267968,267968,20,python3
10839591868,4409,cudaLaunchKernel,0,7394,267968,267968,20,python3
10839596888,4428,cudaLaunchKernel,0,7396,267968,267968,20,python3
10839604823,4429,cudaLaunchKernel,0,7398,267968,267968,20,python3
10839609863,3166,cudaMemsetAsync,0,7400,267968,267968,20,python3
10839613399,4459,cudaLaunchKernel,0,7401,267968,267968,20,python3
10839618459,4399,cudaLaunchKernel,0,7403,267968,267968,20,python3
10839626685,4709,cudaLaunchKernel,0,7405,267968,267968,20,python3
10839632085,2996,cudaMemsetAsync,0,7407,267968,267968,20,python3
10839635512,4348,cudaLaunchKernel,0,7408,267968,267968,20,python3
10839640471,4829,cudaLaunchKernel,0,7410,267968,267968,20,python3
10839649048,4408,cudaLaunchKernel,0,7412,267968,267968,20,python3
10839654057,6072,cudaMemsetAsync,0,7414,267968,267968,20,python3
10839660550,4438,cudaLaunchKernel,0,7415,267968,267968,20,python3
10839665709,4489,cudaLaunchKernel,0,7417,267968,267968,20,python3
10839674436,4418,cudaLaunchKernel,0,7419,267968,267968,20,python3
10839679476,3226,cudaMemsetAsync,0,7421,267968,267968,20,python3
10839683063,4358,cudaLaunchKernel,0,7422,267968,267968,20,python3
10839688002,4559,cudaLaunchKernel,0,7424,267968,267968,20,python3
10839696388,4529,cudaLaunchKernel,0,7426,267968,267968,20,python3
10839701538,3036,cudaMemsetAsync,0,7428,267968,267968,20,python3
10839704934,4689,cudaLaunchKernel,0,7429,267968,267968,20,python3
10839710264,4379,cudaLaunchKernel,0,7431,267968,267968,20,python3
10839718831,4338,cudaLaunchKernel,0,7433,267968,267968,20,python3
10839724692,5180,cudaLaunchKernel,0,7435,267968,267968,20,python3
10839731756,5189,cudaLaunchKernel,0,7437,267968,267968,20,python3
10839737907,6873,cudaMemsetAsync,0,7439,267968,267968,20,python3
10839745682,5821,cudaLaunchKernel,0,7440,267968,267968,20,python3
10839752685,5010,cudaLaunchKernel,0,7442,267968,267968,20,python3
10839759649,5931,cudaLaunchKernel,0,7444,267968,267968,20,python3
10839766682,5230,cudaLaunchKernel,0,7446,267968,267968,20,python3
10839772704,5620,cudaLaunchKernel,0,7448,267968,267968,20,python3
10839779086,5180,cudaLaunchKernel,0,7450,267968,267968,20,python3
10839785398,5290,cudaLaunchKernel,0,7452,267968,267968,20,python3
10839792331,5140,cudaLaunchKernel,0,7454,267968,267968,20,python3
10839798122,4278,cudaLaunchKernel,0,7456,267968,267968,20,python3
10839803142,5230,cudaLaunchKernel,0,7458,267968,267968,20,python3
10839809624,4940,cudaLaunchKernel,0,7460,267968,267968,20,python3
10839815465,5250,cudaLaunchKernel,0,7462,267968,267968,20,python3
10839822469,5350,cudaLaunchKernel,0,7464,267968,267968,20,python3
10839828731,4128,cudaLaunchKernel,0,7466,267968,267968,20,python3
10839833790,5030,cudaLaunchKernel,0,7468,267968,267968,20,python3
10839839772,4929,cudaLaunchKernel,0,7470,267968,267968,20,python3
10839845543,5290,cudaLaunchKernel,0,7472,267968,267968,20,python3
10839852186,5410,cudaLaunchKernel,0,7474,267968,267968,20,python3
10839858217,4138,cudaLaunchKernel,0,7476,267968,267968,20,python3
10839863207,5450,cudaLaunchKernel,0,7478,267968,267968,20,python3
10839869438,4760,cudaLaunchKernel,0,7480,267968,267968,20,python3
10839875039,5170,cudaLaunchKernel,0,7482,267968,267968,20,python3
10839882012,5661,cudaLaunchKernel,0,7484,267968,267968,20,python3
10839888395,4168,cudaLaunchKernel,0,7486,267968,267968,20,python3
10839893534,5150,cudaLaunchKernel,0,7488,267968,267968,20,python3
10839899566,4669,cudaLaunchKernel,0,7490,267968,267968,20,python3
10839905157,5099,cudaLaunchKernel,0,7492,267968,267968,20,python3
10839911869,5441,cudaLaunchKernel,0,7494,267968,267968,20,python3
10839917931,4228,cudaLaunchKernel,0,7496,267968,267968,20,python3
10839923361,5341,cudaLaunchKernel,0,7498,267968,267968,20,python3
10839929483,5130,cudaLaunchKernel,0,7500,267968,267968,20,python3
10839935455,4999,cudaLaunchKernel,0,7502,267968,267968,20,python3
10839942658,5320,cudaLaunchKernel,0,7504,267968,267968,20,python3
10839948630,4368,cudaLaunchKernel,0,7506,267968,267968,20,python3
10839953679,4309,cudaLaunchKernel,0,7508,267968,267968,20,python3
10839958619,4198,cudaLaunchKernel,0,7510,267968,267968,20,python3
10839963909,4859,cudaLaunchKernel,0,7512,267968,267968,20,python3
10839970091,5250,cudaLaunchKernel,0,7514,267968,267968,20,python3
10839975912,5110,cudaLaunchKernel,0,7515,267968,267968,20,python3
10839982204,5641,cudaLaunchKernel,0,7517,267968,267968,20,python3
10839989738,5501,cudaLaunchKernel,0,7519,267968,267968,20,python3
10839996191,5199,cudaLaunchKernel,0,7521,267968,267968,20,python3
10840002282,5200,cudaLaunchKernel,0,7523,267968,267968,20,python3
10840008394,4959,cudaLaunchKernel,0,7526,267968,267968,20,python3
10840014025,4208,cudaLaunchKernel,0,7528,267968,267968,20,python3
10840018814,4188,cudaLaunchKernel,0,7530,267968,267968,20,python3
10840023793,4258,cudaLaunchKernel,0,7533,267968,267968,20,python3
10840028653,4127,cudaLaunchKernel,0,7535,267968,267968,20,python3
10840033351,6763,cudaLaunchKernel,0,7537,267968,267968,20,python3
10840040926,4138,cudaLaunchKernel,0,7540,267968,267968,20,python3
10840045655,4058,cudaLaunchKernel,0,7542,267968,267968,20,python3
10840050314,4098,cudaLaunchKernel,0,7544,267968,267968,20,python3
10840055243,5010,cudaLaunchKernel,0,7546,267968,267968,20,python3
10840060854,4148,cudaLaunchKernel,0,7548,267968,267968,20,python3
10840065563,4298,cudaLaunchKernel,0,7550,267968,267968,20,python3
10840070633,4328,cudaLaunchKernel,0,7553,267968,267968,20,python3
10840075582,4178,cudaLaunchKernel,0,7555,267968,267968,20,python3
10840080341,4068,cudaLaunchKernel,0,7557,267968,267968,20,python3
10840085180,4198,cudaLaunchKernel,0,7560,267968,267968,20,python3
10840089960,4047,cudaLaunchKernel,0,7562,267968,267968,20,python3
10840094578,4058,cudaLaunchKernel,0,7564,267968,267968,20,python3
10840099408,4198,cudaLaunchKernel,0,7567,267968,267968,20,python3
10840104187,4128,cudaLaunchKernel,0,7569,267968,267968,20,python3
10840108886,4118,cudaLaunchKernel,0,7571,267968,267968,20,python3
10840113615,4128,cudaLaunchKernel,0,7573,267968,267968,20,python3
10840118314,4188,cudaLaunchKernel,0,7575,267968,267968,20,python3
10840123073,4118,cudaLaunchKernel,0,7577,267968,267968,20,python3
10840127952,4168,cudaLaunchKernel,0,7580,267968,267968,20,python3
10840132691,4118,cudaLaunchKernel,0,7582,267968,267968,20,python3
10840137380,4068,cudaLaunchKernel,0,7584,267968,267968,20,python3
10840142209,4078,cudaLaunchKernel,0,7587,267968,267968,20,python3
10840146868,4228,cudaLaunchKernel,0,7589,267968,267968,20,python3
10840151657,4148,cudaLaunchKernel,0,7591,267968,267968,20,python3
10840156577,4158,cudaLaunchKernel,0,7594,267968,267968,20,python3
10840161306,4118,cudaLaunchKernel,0,7596,267968,267968,20,python3
10840165985,4038,cudaLaunchKernel,0,7598,267968,267968,20,python3
10840170644,4218,cudaLaunchKernel,0,7600,267968,267968,20,python3
10840175433,4178,cudaLaunchKernel,0,7602,267968,267968,20,python3
10840180192,4148,cudaLaunchKernel,0,7604,267968,267968,20,python3
10840185111,4078,cudaLaunchKernel,0,7607,267968,267968,20,python3
10840189770,4328,cudaLaunchKernel,0,7609,267968,267968,20,python3
10840194690,4077,cudaLaunchKernel,0,7611,267968,267968,20,python3
10840199529,4078,cudaLaunchKernel,0,7614,267968,267968,20,python3
10840204198,4088,cudaLaunchKernel,0,7616,267968,267968,20,python3
10840208867,4108,cudaLaunchKernel,0,7618,267968,267968,20,python3
10840213746,4138,cudaLaunchKernel,0,7621,267968,267968,20,python3
10840218465,4138,cudaLaunchKernel,0,7623,267968,267968,20,python3
10840223184,4118,cudaLaunchKernel,0,7625,267968,267968,20,python3
10840227913,4138,cudaLaunchKernel,0,7627,267968,267968,20,python3
10840232632,4068,cudaLaunchKernel,0,7629,267968,267968,20,python3
10840237271,4148,cudaLaunchKernel,0,7631,267968,267968,20,python3
10840242210,4098,cudaLaunchKernel,0,7634,267968,267968,20,python3
10840246879,4088,cudaLaunchKernel,0,7636,267968,267968,20,python3
10840251528,4038,cudaLaunchKernel,0,7638,267968,267968,20,python3
10840256327,4188,cudaLaunchKernel,0,7641,267968,267968,20,python3
10840261096,4108,cudaLaunchKernel,0,7643,267968,267968,20,python3
10840265775,4028,cudaLaunchKernel,0,7645,267968,267968,20,python3
10840270575,4067,cudaLaunchKernel,0,7648,267968,267968,20,python3
10840275213,4098,cudaLaunchKernel,0,7650,267968,267968,20,python3
10840279882,4058,cudaLaunchKernel,0,7652,267968,267968,20,python3
10840284561,4168,cudaLaunchKernel,0,7654,267968,267968,20,python3
10840289300,4138,cudaLaunchKernel,0,7656,267968,267968,20,python3
10840294009,4088,cudaLaunchKernel,0,7658,267968,267968,20,python3
10840298869,4548,cudaLaunchKernel,0,7661,267968,267968,20,python3
10840303998,4178,cudaLaunchKernel,0,7663,267968,267968,20,python3
10840308777,4209,cudaLaunchKernel,0,7665,267968,267968,20,python3
10840313947,4900,cudaLaunchKernel,0,7668,267968,267968,20,python3
10840319578,4889,cudaLaunchKernel,0,7670,267968,267968,20,python3
10840325189,4749,cudaLaunchKernel,0,7672,267968,267968,20,python3
10840330900,4839,cudaLaunchKernel,0,7675,267968,267968,20,python3
10840336460,4870,cudaLaunchKernel,0,7677,267968,267968,20,python3
10840342051,4789,cudaLaunchKernel,0,7679,267968,267968,20,python3
10840347612,7444,cudaLaunchKernel,0,7681,267968,267968,20,python3
10840355797,4819,cudaLaunchKernel,0,7683,267968,267968,20,python3
10840361348,4779,cudaLaunchKernel,0,7685,267968,267968,20,python3
10840367089,4899,cudaLaunchKernel,0,7688,267968,267968,20,python3
10840372710,4859,cudaLaunchKernel,0,7690,267968,267968,20,python3
10840378280,4759,cudaLaunchKernel,0,7692,267968,267968,20,python3
10840384001,4930,cudaLaunchKernel,0,7695,267968,267968,20,python3
10840389652,5020,cudaLaunchKernel,0,7697,267968,267968,20,python3
10840395383,5019,cudaLaunchKernel,0,7699,267968,267968,20,python3
10840401374,5010,cudaLaunchKernel,0,7702,267968,267968,20,python3
10840407115,10290,cudaLaunchKernel,0,7704,267968,267968,20,python3
10840418116,5090,cudaLaunchKernel,0,7706,267968,267968,20,python3
10840423977,5070,cudaLaunchKernel,0,7708,267968,267968,20,python3
10840429769,4929,cudaLaunchKernel,0,7710,267968,267968,20,python3
10840435439,4820,cudaLaunchKernel,0,7712,267968,267968,20,python3
10840441261,4879,cudaLaunchKernel,0,7715,267968,267968,20,python3
10840446861,4859,cudaLaunchKernel,0,7717,267968,267968,20,python3
10840452442,4819,cudaLaunchKernel,0,7719,267968,267968,20,python3
10840458223,4949,cudaLaunchKernel,0,7722,267968,267968,20,python3
10840463884,4869,cudaLaunchKernel,0,7724,267968,267968,20,python3
10840469464,4779,cudaLaunchKernel,0,7726,267968,267968,20,python3
10840475205,4830,cudaLaunchKernel,0,7729,267968,267968,20,python3
10840480766,4899,cudaLaunchKernel,0,7731,267968,267968,20,python3
10840486387,4759,cudaLaunchKernel,0,7733,267968,267968,20,python3
10840491917,4930,cudaLaunchKernel,0,7735,267968,267968,20,python3
10840497668,4138,cudaLaunchKernel,0,7737,267968,267968,20,python3
10840502377,4098,cudaLaunchKernel,0,7739,267968,267968,20,python3
10840507237,4147,cudaLaunchKernel,0,7742,267968,267968,20,python3
10840511976,4358,cudaLaunchKernel,0,7744,267968,267968,20,python3
10840517065,4529,cudaLaunchKernel,0,7746,267968,267968,20,python3
10840522987,6231,cudaLaunchKernel,0,7748,267968,267968,20,python3
10840531222,5952,cudaLaunchKernel,0,7750,267968,267968,20,python3
10840539067,4288,cudaMemsetAsync,0,7753,267968,267968,20,python3
10840545009,661,cudaStreamIsCapturing_v10000,0,7755,267968,267968,20,python3
10840545930,2315,cudaStreamWaitEvent,0,7756,267968,267968,20,python3
10840548545,15610,cudaMemcpyAsync,0,7757,267968,267968,20,python3
10840564486,4148,cudaEventRecord,0,7758,267968,267968,20,python3
10840569285,491,cudaStreamIsCapturing_v10000,0,7759,267968,267968,20,python3
10840570207,30067,cudaGraphLaunch_v10000,0,7760,267968,267968,20,python3
10840601757,3807,cudaMemsetAsync,0,7761,267968,267968,20,python3
10840605835,2875,cudaMemsetAsync,0,7762,267968,267968,20,python3
10840608961,2815,cudaMemsetAsync,0,7763,267968,267968,20,python3
10840612027,2845,cudaMemsetAsync,0,7764,267968,267968,20,python3
10840615123,2885,cudaMemsetAsync,0,7765,267968,267968,20,python3
10840618289,2845,cudaMemsetAsync,0,7766,267968,267968,20,python3
10840621385,2775,cudaMemsetAsync,0,7767,267968,267968,20,python3
10840625142,7113,cudaLaunchKernel,0,7768,267968,267968,20,python3
10840633037,3206,cudaMemsetAsync,0,7770,267968,267968,20,python3
10840636974,6082,cudaLaunchKernel,0,7771,267968,267968,20,python3
10840644829,4829,cudaLaunchKernel,0,7773,267968,267968,20,python3
10840650640,6132,cudaLaunchKernel,0,7775,267968,267968,20,python3
10840657834,6813,cudaLaunchKernel,0,7777,267968,267968,20,python3
10840665990,6131,cudaLaunchKernel,0,7779,267968,267968,20,python3
10840673163,6433,cudaLaunchKernel,0,7781,267968,267968,20,python3
10840680758,6582,cudaLaunchKernel,0,7783,267968,267968,20,python3
10840688603,6763,cudaLaunchKernel,0,7785,267968,267968,20,python3
10840696568,6352,cudaLaunchKernel,0,7787,267968,267968,20,python3
10840708972,4799,cudaMemsetAsync,0,7789,267968,267968,20,python3
10840714102,3296,cudaMemsetAsync,0,7790,267968,267968,20,python3
10840717718,3247,cudaMemsetAsync,0,7791,267968,267968,20,python3
10840721896,6583,cudaLaunchKernel,0,7792,267968,267968,20,python3
10840729261,3626,cudaMemsetAsync,0,7794,267968,267968,20,python3
10840733238,8897,cudaMemsetAsync,0,7795,267968,267968,20,python3
10840743458,6582,cudaLaunchKernel,0,7796,267968,267968,20,python3
10840751092,6282,cudaLaunchKernel,0,7798,267968,267968,20,python3
10840758577,6271,cudaLaunchKernel,0,7800,267968,267968,20,python3
10840765961,5370,cudaLaunchKernel,0,7802,267968,267968,20,python3
10840772333,5951,cudaLaunchKernel,0,7804,267968,267968,20,python3
10840783204,3226,cudaMemsetAsync,0,7806,267968,267968,20,python3
10840786700,2846,cudaMemsetAsync,0,7807,267968,267968,20,python3
10840790838,5861,cudaLaunchKernel,0,7808,267968,267968,20,python3
10840797280,3086,cudaMemsetAsync,0,7810,267968,267968,20,python3
10840800617,2655,cudaMemsetAsync,0,7811,267968,267968,20,python3
10840804775,5440,cudaLaunchKernel,0,7812,267968,267968,20,python3
10840810947,5330,cudaLaunchKernel,0,7814,267968,267968,20,python3
10840817078,5360,cudaLaunchKernel,0,7816,267968,267968,20,python3
10840823260,5761,cudaLaunchKernel,0,7818,267968,267968,20,python3
10840829692,3126,cudaMemsetAsync,0,7820,267968,267968,20,python3
10840833069,2755,cudaMemsetAsync,0,7821,267968,267968,20,python3
10840836976,6142,cudaLaunchKernel,0,7822,267968,267968,20,python3
10840843889,5491,cudaLaunchKernel,0,7824,267968,267968,20,python3
10840850151,4499,cudaLaunchKernel,0,7826,267968,267968,20,python3
10840855201,3246,cudaMemsetAsync,0,7828,267968,267968,20,python3
10840858698,2815,cudaMemsetAsync,0,7829,267968,267968,20,python3
10840863016,2665,cudaMemsetAsync,0,7830,267968,267968,20,python3
10840866853,6052,cudaLaunchKernel,0,7831,267968,267968,20,python3
10840873807,5290,cudaLaunchKernel,0,7833,267968,267968,20,python3
10840880289,5080,cudaLaunchKernel,0,7835,267968,267968,20,python3
10840886140,5891,cudaLaunchKernel,0,7837,267968,267968,20,python3
10840892853,5240,cudaLaunchKernel,0,7839,267968,267968,20,python3
10840898995,4618,cudaLaunchKernel,0,7841,267968,267968,20,python3
10840904134,3227,cudaMemsetAsync,0,7843,267968,267968,20,python3
10840907621,2836,cudaMemsetAsync,0,7844,267968,267968,20,python3
10840912751,5701,cudaLaunchKernel,0,7845,267968,267968,20,python3
10840919193,5541,cudaLaunchKernel,0,7847,267968,267968,20,python3
10840925455,5280,cudaLaunchKernel,0,7849,267968,267968,20,python3
10840931637,5370,cudaLaunchKernel,0,7851,267968,267968,20,python3
10840937789,5520,cudaLaunchKernel,0,7853,267968,267968,20,python3
10840944181,5430,cudaLaunchKernel,0,7855,267968,267968,20,python3
10840950353,4619,cudaLaunchKernel,0,7857,267968,267968,20,python3
10840955813,3166,cudaMemsetAsync,0,7859,267968,267968,20,python3
10840959240,2775,cudaMemsetAsync,0,7860,267968,267968,20,python3
10840965912,5581,cudaLaunchKernel,0,7861,267968,267968,20,python3
10840972355,5310,cudaLaunchKernel,0,7863,267968,267968,20,python3
10840978507,5650,cudaLaunchKernel,0,7865,267968,267968,20,python3
10840984859,4628,cudaLaunchKernel,0,7867,267968,267968,20,python3
10840990159,3136,cudaMemsetAsync,0,7869,267968,267968,20,python3
10840993565,2776,cudaMemsetAsync,0,7870,267968,267968,20,python3
10840996591,2635,cudaMemsetAsync,0,7871,267968,267968,20,python3
10841000959,5832,cudaLaunchKernel,0,7872,267968,267968,20,python3
10841007642,5651,cudaLaunchKernel,0,7874,267968,267968,20,python3
10841014135,5520,cudaLaunchKernel,0,7876,267968,267968,20,python3
10841020376,4619,cudaLaunchKernel,0,7878,267968,267968,20,python3
10841025837,5581,cudaLaunchKernel,0,7880,267968,267968,20,python3
10841032159,4589,cudaLaunchKernel,0,7882,267968,267968,20,python3
10841037319,5510,cudaLaunchKernel,0,7883,267968,267968,20,python3
10841044082,3176,cudaMemsetAsync,0,7885,267968,267968,20,python3
10841047508,2685,cudaMemsetAsync,0,7886,267968,267968,20,python3
10841050594,2715,cudaMemsetAsync,0,7887,267968,267968,20,python3
10841053560,2745,cudaMemsetAsync,0,7888,267968,267968,20,python3
10841056696,2705,cudaMemsetAsync,0,7889,267968,267968,20,python3
10841059641,2696,cudaMemsetAsync,0,7890,267968,267968,20,python3
10841065372,5661,cudaLaunchKernel,0,7891,267968,267968,20,python3
10841071865,5761,cudaLaunchKernel,0,7893,267968,267968,20,python3
10841078467,5611,cudaLaunchKernel,0,7895,267968,267968,20,python3
10841084920,5580,cudaLaunchKernel,0,7897,267968,267968,20,python3
10841091402,7955,cudaLaunchKernel,0,7899,267968,267968,20,python3
10841101922,5250,cudaLaunchKernel,0,7901,267968,267968,20,python3
10841108385,5690,cudaLaunchKernel,0,7903,267968,267968,20,python3
10841115077,5551,cudaLaunchKernel,0,7905,267968,267968,20,python3
10841121480,5630,cudaLaunchKernel,0,7907,267968,267968,20,python3
10841127872,4639,cudaLaunchKernel,0,7909,267968,267968,20,python3
10841134374,5110,cudaLaunchKernel,0,7911,267968,267968,20,python3
10841140366,5550,cudaLaunchKernel,0,7913,267968,267968,20,python3
10841147419,5821,cudaLaunchKernel,0,7915,267968,267968,20,python3
10841154002,5550,cudaLaunchKernel,0,7917,267968,267968,20,python3
10841160404,4569,cudaLaunchKernel,0,7919,267968,267968,20,python3
10841165423,4399,cudaLaunchKernel,0,7920,267968,267968,20,python3
10841170263,4508,cudaLaunchKernel,0,7921,267968,267968,20,python3
10841175362,5291,cudaLaunchKernel,0,7922,267968,267968,20,python3
10841181274,3396,cudaMemsetAsync,0,7924,267968,267968,20,python3
10841184951,2775,cudaMemsetAsync,0,7925,267968,267968,20,python3
10841188387,5030,cudaLaunchKernel,0,7926,267968,267968,20,python3
10841194439,5270,cudaLaunchKernel,0,7928,267968,267968,20,python3
10841200791,5010,cudaLaunchKernel,0,7930,267968,267968,20,python3
10841207624,4980,cudaLaunchKernel,0,7932,267968,267968,20,python3
10841213405,5380,cudaLaunchKernel,0,7934,267968,267968,20,python3
10841219527,5430,cudaLaunchKernel,0,7936,267968,267968,20,python3
10841225739,5049,cudaLaunchKernel,0,7938,267968,267968,20,python3
10841232131,4679,cudaLaunchKernel,0,7940,267968,267968,20,python3
10841237521,4559,cudaLaunchKernel,0,7942,267968,267968,20,python3
10841242861,5661,cudaLaunchKernel,0,7944,267968,267968,20,python3
10841249474,5290,cudaLaunchKernel,0,7946,267968,267968,20,python3
10841255586,4588,cudaLaunchKernel,0,7948,267968,267968,20,python3
10841260876,4579,cudaLaunchKernel,0,7950,267968,267968,20,python3
10841266376,5300,cudaLaunchKernel,0,7952,267968,267968,20,python3
10841272388,4749,cudaLaunchKernel,0,7954,267968,267968,20,python3
10841277808,3186,cudaMemsetAsync,0,7956,267968,267968,20,python3
10841281265,2855,cudaMemsetAsync,0,7957,267968,267968,20,python3
10841289260,5450,cudaLaunchKernel,0,7958,267968,267968,20,python3
10841295562,5340,cudaLaunchKernel,0,7960,267968,267968,20,python3
10841301894,5561,cudaLaunchKernel,0,7962,267968,267968,20,python3
10841308306,5371,cudaLaunchKernel,0,7964,267968,267968,20,python3
10841314528,5671,cudaLaunchKernel,0,7966,267968,267968,20,python3
10841320981,5580,cudaLaunchKernel,0,7968,267968,267968,20,python3
10841327072,3246,cudaMemsetAsync,0,7970,267968,267968,20,python3
10841331030,5460,cudaLaunchKernel,0,7971,267968,267968,20,python3
10841338835,5570,cudaLaunchKernel,0,7973,267968,267968,20,python3
10841345277,5270,cudaLaunchKernel,0,7975,267968,267968,20,python3
10841351349,5851,cudaLaunchKernel,0,7977,267968,267968,20,python3
10841357721,3276,cudaMemsetAsync,0,7979,267968,267968,20,python3
10841361498,4739,cudaLaunchKernel,0,7980,267968,267968,20,python3
10841367129,4749,cudaLaunchKernel,0,7982,267968,267968,20,python3
10841372559,4539,cudaLaunchKernel,0,7984,267968,267968,20,python3
10841377799,4539,cudaLaunchKernel,0,7986,267968,267968,20,python3
10841383029,4599,cudaLaunchKernel,0,7988,267968,267968,20,python3
10841388319,4609,cudaLaunchKernel,0,7990,267968,267968,20,python3
10841393439,3336,cudaMemsetAsync,0,7992,267968,267968,20,python3
10841397226,4669,cudaLaunchKernel,0,7993,267968,267968,20,python3
10841403478,4609,cudaLaunchKernel,0,7995,267968,267968,20,python3
10841414239,4749,cudaLaunchKernel,0,7997,267968,267968,20,python3
10841419769,5260,cudaLaunchKernel,0,7999,267968,267968,20,python3
10841425831,4739,cudaLaunchKernel,0,8001,267968,267968,20,python3
10841431492,5781,cudaLaunchKernel,0,8003,267968,267968,20,python3
10841438064,5350,cudaLaunchKernel,0,8005,267968,267968,20,python3
10841444316,5180,cudaLaunchKernel,0,8007,267968,267968,20,python3
10841450277,5210,cudaLaunchKernel,0,8009,267968,267968,20,python3
10841456239,4569,cudaLaunchKernel,0,8011,267968,267968,20,python3
10841461339,3416,cudaMemsetAsync,0,8013,267968,267968,20,python3
10841465256,4659,cudaLaunchKernel,0,8014,267968,267968,20,python3
10841471137,7414,cudaLaunchKernel,0,8016,267968,267968,20,python3
10841479313,4589,cudaLaunchKernel,0,8018,267968,267968,20,python3
10841484663,4649,cudaLaunchKernel,0,8020,267968,267968,20,python3
10841490084,4558,cudaLaunchKernel,0,8022,267968,267968,20,python3
10841495444,5220,cudaLaunchKernel,0,8024,267968,267968,20,python3
10841501405,4789,cudaLaunchKernel,0,8026,267968,267968,20,python3
10841507036,5290,cudaLaunchKernel,0,8028,267968,267968,20,python3
10841513298,4939,cudaLaunchKernel,0,8030,267968,267968,20,python3
10841518969,4578,cudaLaunchKernel,0,8032,267968,267968,20,python3
10841524279,4518,cudaLaunchKernel,0,8034,267968,267968,20,python3
10841529549,4609,cudaLaunchKernel,0,8036,267968,267968,20,python3
10841534939,5390,cudaLaunchKernel,0,8038,267968,267968,20,python3
10841541131,5851,cudaLaunchKernel,0,8040,267968,267968,20,python3
10841547754,4679,cudaLaunchKernel,0,8042,267968,267968,20,python3
10841552893,4659,cudaLaunchKernel,0,8043,267968,267968,20,python3
10841558294,4909,cudaLaunchKernel,0,8045,267968,267968,20,python3
10841563894,3287,cudaMemsetAsync,0,8047,267968,267968,20,python3
10841567431,2755,cudaMemsetAsync,0,8048,267968,267968,20,python3
10841572050,5430,cudaLaunchKernel,0,8049,267968,267968,20,python3
10841578212,5420,cudaLaunchKernel,0,8051,267968,267968,20,python3
10841584454,5390,cudaLaunchKernel,0,8053,267968,267968,20,python3
10841590545,5321,cudaLaunchKernel,0,8055,267968,267968,20,python3
10841596336,4950,cudaLaunchKernel,0,8056,267968,267968,20,python3
10841602218,5931,cudaLaunchKernel,0,8058,267968,267968,20,python3
10841610383,3377,cudaMemsetAsync,0,8060,267968,267968,20,python3
10841614010,2816,cudaMemsetAsync,0,8061,267968,267968,20,python3
10841617417,5711,cudaLaunchKernel,0,8062,267968,267968,20,python3
10841624150,5440,cudaLaunchKernel,0,8064,267968,267968,20,python3
10841630251,3006,cudaMemsetAsync,0,8066,267968,267968,20,python3
10841633778,5531,cudaLaunchKernel,0,8067,267968,267968,20,python3
10841643897,8987,cudaLaunchKernel,0,8069,267968,267968,20,python3
10842046717,9748,cudaLaunchKernel,0,8071,267968,267968,20,python3
10842057247,8726,cudaMemcpyAsync,0,8073,267968,267968,20,python3
10842066234,4488,cudaMemcpyAsync,0,8074,267968,267968,20,python3
10842071003,3857,cudaMemcpyAsync,0,8075,267968,267968,20,python3
10842075331,3707,cudaMemcpyAsync,0,8076,267968,267968,20,python3
10842079299,3847,cudaMemcpyAsync,0,8077,267968,267968,20,python3
10842083387,3847,cudaMemcpyAsync,0,8078,267968,267968,20,python3
10842087555,3737,cudaMemcpyAsync,0,8079,267968,267968,20,python3
10842091602,4128,cudaEventRecord,0,8080,267968,267968,20,python3
10842096051,3180008129,cudaEventSynchronize,0,8081,267968,267968,20,python3
14022320022,11111,cudaStreamSynchronize,0,8082,267968,267968,20,python3
14022335812,43343,cudaLaunchKernel,0,8083,267968,267968,20,python3
14022380557,8086,cudaEventRecord,0,8085,267968,267968,20,python3
14022389154,1994,cudaEventSynchronize,0,8086,267968,267968,20,python3
14022980503,2114,cudaStreamSynchronize,0,8088,267968,267968,20,python3
14022983669,50937,cudaGraphExecDestroy_v10000,0,8089,267968,267968,20,python3
14023035107,3016,cudaGraphDestroy_v10000,0,8090,267968,267968,20,python3
14023038374,462543,cudaGraphExecDestroy_v10000,0,8091,267968,267968,20,python3
14023501438,151650,cudaGraphDestroy_v10000,0,8092,267968,267968,20,python3
14023653809,17002,cudaFree,0,8093,267968,267968,20,python3
14023672465,1152,cudaEventDestroy,0,8094,267968,267968,20,python3
14023673957,8667,cudaFreeHost,0,8095,267968,267968,20,python3
14023682874,3497,cudaFreeHost,0,8096,267968,267968,20,python3
14023686632,3496,cudaFree,0,8097,267968,267968,20,python3
14023690379,3637,cudaFree,0,8098,267968,267968,20,python3
14023694266,193099,cudaFree,0,8099,267968,267968,20,python3
14023887926,264605,cudaFree,0,8100,267968,267968,20,python3
14024153022,5601,cudaFree,0,8101,267968,267968,20,python3
14024158944,791,cudaEventDestroy,0,8102,267968,267968,20,python3
14024160577,5390,cudaStreamDestroy,0,8103,267968,267968,20,python3
14024166258,5550,cudaFreeHost,0,8104,267968,267968,20,python3
14024172069,135048,cudaFree,0,8105,267968,267968,20,python3
14024307568,74382,cudaFree,0,8106,267968,267968,20,python3
14024382380,145769,cudaFree,0,8107,267968,267968,20,python3
14024528630,6131,cudaFree,0,8108,267968,267968,20,python3
14024536264,1784,cudaEventSynchronize,0,8110,267968,267968,20,python3
14024538308,812,cudaEventDestroy,0,8111,267968,267968,20,python3
14024539350,109940,cudaFree,0,8112,267968,267968,20,python3
14024650152,553797,cudaFreeHost,0,8113,267968,267968,20,python3
14025205272,4658507,cudaFreeHost,0,8114,267968,267968,20,python3
14029865221,9408,cudaFreeHost,0,8115,267968,267968,20,python3
14029877054,1137322,cudaFreeHost,0,8116,267968,267968,20,python3
14031022031,15449,cudaFreeHost,0,8117,267968,267968,20,python3
14032312475,5140,cudaStreamSynchronize,0,8118,267968,267968,20,python3
14032321713,4368,cudaDeviceSynchronize,0,8119,267968,267968,20,python3
14032326442,1352,cudaEventDestroy,0,8120,267968,267968,20,python3
14032327995,410,cudaEventDestroy,0,8121,267968,267968,20,python3
14032328576,391,cudaEventDestroy,0,8122,267968,267968,20,python3
14032329127,361,cudaEventDestroy,0,8123,267968,267968,20,python3
14032329648,361,cudaEventDestroy,0,8124,267968,267968,20,python3
14032330169,521,cudaEventDestroy,0,8125,267968,267968,20,python3
14032330850,441,cudaEventDestroy,0,8126,267968,267968,20,python3
14032331451,431,cudaEventDestroy,0,8127,267968,267968,20,python3
14032332654,6292,cudaFree,0,8128,267968,267968,20,python3
14032339256,1162,cudaDeviceSynchronize,0,8129,267968,267968,20,python3
14032340609,771,cudaEventDestroy,0,8130,267968,267968,20,python3
14032341551,430,cudaEventDestroy,0,8131,267968,267968,20,python3
14032342132,441,cudaEventDestroy,0,8132,267968,267968,20,python3
14032342733,731,cudaEventDestroy,0,8133,267968,267968,20,python3
14032343615,420,cudaEventDestroy,0,8134,267968,267968,20,python3
14032344196,360,cudaEventDestroy,0,8135,267968,267968,20,python3
14032344707,360,cudaEventDestroy,0,8136,267968,267968,20,python3
14032345268,360,cudaEventDestroy,0,8137,267968,267968,20,python3
14032345849,4258,cudaFree,0,8138,267968,267968,20,python3
14032350387,1113,cudaDeviceSynchronize,0,8139,267968,267968,20,python3
14032351760,511,cudaEventDestroy,0,8140,267968,267968,20,python3
14032352431,421,cudaEventDestroy,0,8141,267968,267968,20,python3
14032353243,80724,cudaFree,0,8142,267968,267968,20,python3
14032437203,2625,cudaDeviceSynchronize,0,8143,267968,267968,20,python3
14032444437,1303,cudaDeviceSynchronize,0,8144,267968,267968,20,python3
14032445970,942,cudaEventDestroy,0,8145,267968,267968,20,python3
14032447072,441,cudaEventDestroy,0,8146,267968,267968,20,python3
14032447663,371,cudaEventDestroy,0,8147,267968,267968,20,python3
14032448194,351,cudaEventDestroy,0,8148,267968,267968,20,python3
14032448705,351,cudaEventDestroy,0,8149,267968,267968,20,python3
14032449286,461,cudaEventDestroy,0,8150,267968,267968,20,python3
14032449918,460,cudaEventDestroy,0,8151,267968,267968,20,python3
14032450539,350,cudaEventDestroy,0,8152,267968,267968,20,python3
14032451190,7645,cudaFree,0,8153,267968,267968,20,python3
14032459095,1042,cudaDeviceSynchronize,0,8154,267968,267968,20,python3
14032460337,572,cudaEventDestroy,0,8155,267968,267968,20,python3
14032461069,361,cudaEventDestroy,0,8156,267968,267968,20,python3
14032461590,340,cudaEventDestroy,0,8157,267968,267968,20,python3
14032462091,451,cudaEventDestroy,0,8158,267968,267968,20,python3
14032462702,341,cudaEventDestroy,0,8159,267968,267968,20,python3
14032463273,341,cudaEventDestroy,0,8160,267968,267968,20,python3
14032463774,341,cudaEventDestroy,0,8161,267968,267968,20,python3
14032464265,421,cudaEventDestroy,0,8162,267968,267968,20,python3
14032464906,4198,cudaFree,0,8163,267968,267968,20,python3
14032469365,1032,cudaDeviceSynchronize,0,8164,267968,267968,20,python3
14032470757,642,cudaEventDestroy,0,8165,267968,267968,20,python3
14032471559,441,cudaEventDestroy,0,8166,267968,267968,20,python3
14032472310,56097,cudaFree,0,8167,267968,267968,20,python3
14032529009,1593,cudaDeviceSynchronize,0,8168,267968,267968,20,python3
14032532165,992,cudaDeviceSynchronize,0,8169,267968,267968,20,python3
14032533367,681,cudaEventDestroy,0,8170,267968,267968,20,python3
14032534219,450,cudaEventDestroy,0,8171,267968,267968,20,python3
14032534840,651,cudaEventDestroy,0,8172,267968,267968,20,python3
14032535651,692,cudaEventDestroy,0,8173,267968,267968,20,python3
14032536503,471,cudaEventDestroy,0,8174,267968,267968,20,python3
14032537134,531,cudaEventDestroy,0,8175,267968,267968,20,python3
14032537825,351,cudaEventDestroy,0,8176,267968,267968,20,python3
14032538326,592,cudaEventDestroy,0,8177,267968,267968,20,python3
14032539148,4809,cudaFree,0,8178,267968,267968,20,python3
14032544628,1032,cudaDeviceSynchronize,0,8179,267968,267968,20,python3
14032545841,761,cudaEventDestroy,0,8180,267968,267968,20,python3
14032546823,481,cudaEventDestroy,0,8181,267968,267968,20,python3
14032547454,521,cudaEventDestroy,0,8182,267968,267968,20,python3
14032548125,561,cudaEventDestroy,0,8183,267968,267968,20,python3
14032548846,431,cudaEventDestroy,0,8184,267968,267968,20,python3
14032549428,350,cudaEventDestroy,0,8185,267968,267968,20,python3
14032549999,340,cudaEventDestroy,0,8186,267968,267968,20,python3
14032550490,350,cudaEventDestroy,0,8187,267968,267968,20,python3
14032551061,3386,cudaFree,0,8188,267968,267968,20,python3
14032554888,1022,cudaDeviceSynchronize,0,8189,267968,267968,20,python3
14032556351,491,cudaEventDestroy,0,8190,267968,267968,20,python3
14032557002,561,cudaEventDestroy,0,8191,267968,267968,20,python3
14032557874,136761,cudaFree,0,8192,267968,267968,20,python3
14032695436,1774,cudaDeviceSynchronize,0,8193,267968,267968,20,python3
14032700025,5411,cudaStreamDestroy,0,8194,267968,267968,20,python3
14032705826,1162,cudaEventDestroy,0,8195,267968,267968,20,python3
14032707660,1212,cudaDeviceSynchronize,0,8196,267968,267968,20,python3
14032709103,591,cudaEventDestroy,0,8197,267968,267968,20,python3
14032709864,421,cudaEventDestroy,0,8198,267968,267968,20,python3
14032710676,370,cudaEventDestroy,0,8199,267968,267968,20,python3
14032711207,340,cudaEventDestroy,0,8200,267968,267968,20,python3
14032711707,351,cudaEventDestroy,0,8201,267968,267968,20,python3
14032712208,351,cudaEventDestroy,0,8202,267968,267968,20,python3
14032712709,351,cudaEventDestroy,0,8203,267968,267968,20,python3
14032713291,430,cudaEventDestroy,0,8204,267968,267968,20,python3
14032713972,4939,cudaFree,0,8205,267968,267968,20,python3
14032719192,1022,cudaDeviceSynchronize,0,8206,267968,267968,20,python3
14032720494,481,cudaEventDestroy,0,8207,267968,267968,20,python3
14032721135,361,cudaEventDestroy,0,8208,267968,267968,20,python3
14032721656,351,cudaEventDestroy,0,8209,267968,267968,20,python3
14032722157,351,cudaEventDestroy,0,8210,267968,267968,20,python3
14032722658,351,cudaEventDestroy,0,8211,267968,267968,20,python3
14032723159,351,cudaEventDestroy,0,8212,267968,267968,20,python3
14032723720,471,cudaEventDestroy,0,8213,267968,267968,20,python3
14032724342,440,cudaEventDestroy,0,8214,267968,267968,20,python3
14032725083,3397,cudaFree,0,8215,267968,267968,20,python3
14032728740,982,cudaDeviceSynchronize,0,8216,267968,267968,20,python3
14032729992,511,cudaEventDestroy,0,8217,267968,267968,20,python3
14032730664,360,cudaEventDestroy,0,8218,267968,267968,20,python3
14032731335,52721,cudaFree,0,8219,267968,267968,20,python3
14032784597,1613,cudaDeviceSynchronize,0,8220,267968,267968,20,python3
14032787592,3627,cudaStreamDestroy,0,8221,267968,267968,20,python3
14032791500,601,cudaEventDestroy,0,8222,267968,267968,20,python3
14032792462,1052,cudaDeviceSynchronize,0,8223,267968,267968,20,python3
14032793734,511,cudaEventDestroy,0,8224,267968,267968,20,python3
14032794405,351,cudaEventDestroy,0,8225,267968,267968,20,python3
14032794906,361,cudaEventDestroy,0,8226,267968,267968,20,python3
14032795427,351,cudaEventDestroy,0,8227,267968,267968,20,python3
14032795938,341,cudaEventDestroy,0,8228,267968,267968,20,python3
14032796439,461,cudaEventDestroy,0,8229,267968,267968,20,python3
14032797050,411,cudaEventDestroy,0,8230,267968,267968,20,python3
14032797612,420,cudaEventDestroy,0,8231,267968,267968,20,python3
14032798453,4268,cudaFree,0,8232,267968,267968,20,python3
14032803002,1052,cudaDeviceSynchronize,0,8233,267968,267968,20,python3
14032804254,601,cudaEventDestroy,0,8234,267968,267968,20,python3
14032805016,451,cudaEventDestroy,0,8235,267968,267968,20,python3
14032805617,351,cudaEventDestroy,0,8236,267968,267968,20,python3
14032806118,451,cudaEventDestroy,0,8237,267968,267968,20,python3
14032806719,341,cudaEventDestroy,0,8238,267968,267968,20,python3
14032807210,351,cudaEventDestroy,0,8239,267968,267968,20,python3
14032807711,340,cudaEventDestroy,0,8240,267968,267968,20,python3
14032808212,340,cudaEventDestroy,0,8241,267968,267968,20,python3
14032808763,4108,cudaFree,0,8242,267968,267968,20,python3
14032813151,1002,cudaDeviceSynchronize,0,8243,267968,267968,20,python3
14032814434,471,cudaEventDestroy,0,8244,267968,267968,20,python3
14032815075,371,cudaEventDestroy,0,8245,267968,267968,20,python3
14032815756,52541,cudaFree,0,8246,267968,267968,20,python3
14032868878,1533,cudaDeviceSynchronize,0,8247,267968,267968,20,python3
14032871523,4198,cudaStreamDestroy,0,8248,267968,267968,20,python3
14032875971,561,cudaEventDestroy,0,8249,267968,267968,20,python3
14032876893,66236,cudaFree,0,8250,267968,267968,20,python3
14032945354,6031,cudaFree,0,8252,267968,267968,20,python3
14032951636,4378,cudaFree,0,8253,267968,267968,20,python3
14032956315,5370,cudaFreeHost,0,8254,267968,267968,20,python3
14032962516,80264,cudaFree,0,8256,267968,267968,20,python3
14033043181,345860,cudaFreeHost,0,8257,267968,267968,20,python3
14033390023,1483,cudaEventDestroy,0,8258,267968,267968,20,python3
