Start (ns),Duration (ns),Name,Result,CorrID,Pid,Tid,T-Pri,Thread Name
530363579,1052,cuModuleGetLoadingMode,0,1,3216692,3216692,20,python
532632051,121416791,cudaMemcpyToSymbol,0,122,3216692,3216692,20,python
654051868,9288,cudaMemcpyToSymbol,0,123,3216692,3216692,20,python
654061497,7093,cudaMemcpyToSymbol,0,124,3216692,3216692,20,python
654075233,6723,cudaStreamIsCapturing_v10000,0,127,3216692,3216692,20,python
654082567,1333,cudaStreamGetDevice_v12080,0,128,3216692,3216692,20,python
654084711,7504,cudaEventCreateWithFlags,0,129,3216692,3216692,20,python
654092756,310204,cudaMalloc,0,130,3216692,3216692,20,python
654403742,958996,cudaMallocHost,0,131,3216692,3216692,20,python
655546870,86736,cudaFree,0,134,3216692,3216692,20,python
655634227,357274,cudaFreeHost,0,135,3216692,3216692,20,python
655992794,2354,cudaEventDestroy,0,136,3216692,3216692,20,python
2043105959,6042,cudaStreamIsCapturing_v10000,0,142,3216692,3216692,20,python
2043113073,1272,cudaStreamGetDevice_v12080,0,143,3216692,3216692,20,python
2043115067,4368,cudaEventCreateWithFlags,0,144,3216692,3216692,20,python
2043120427,217056,cudaMalloc,0,145,3216692,3216692,20,python
2043338725,1061682,cudaMallocHost,0,146,3216692,3216692,20,python
2046302889,12344,cudaMalloc,0,148,3216692,3216692,20,python
2046408892,1934,cudaStreamIsCapturing_v10000,0,151,3216692,3216692,20,python
2046411277,912,cudaStreamGetDevice_v12080,0,152,3216692,3216692,20,python
2046586021,902,cuGetProcAddress_v2,0,183,3216692,3216692,20,python
2046587204,641,cuGetProcAddress_v2,0,184,3216692,3216692,20,python
2046588155,642,cuGetProcAddress_v2,0,185,3216692,3216692,20,python
2046588987,160,cuGetProcAddress_v2,0,186,3216692,3216692,20,python
2046589318,451,cuGetProcAddress_v2,0,187,3216692,3216692,20,python
2046590059,651,cuGetProcAddress_v2,0,188,3216692,3216692,20,python
2046590881,360,cuGetProcAddress_v2,0,189,3216692,3216692,20,python
2046591422,411,cuGetProcAddress_v2,0,190,3216692,3216692,20,python
2046592013,391,cuGetProcAddress_v2,0,191,3216692,3216692,20,python
2046592584,341,cuGetProcAddress_v2,0,192,3216692,3216692,20,python
2046593095,431,cuGetProcAddress_v2,0,193,3216692,3216692,20,python
2046593706,381,cuGetProcAddress_v2,0,194,3216692,3216692,20,python
2046594257,351,cuGetProcAddress_v2,0,195,3216692,3216692,20,python
2046594788,331,cuGetProcAddress_v2,0,196,3216692,3216692,20,python
2046595289,671,cuGetProcAddress_v2,0,197,3216692,3216692,20,python
2046596401,431,cuGetProcAddress_v2,0,198,3216692,3216692,20,python
2046597012,391,cuGetProcAddress_v2,0,199,3216692,3216692,20,python
2046597584,330,cuGetProcAddress_v2,0,200,3216692,3216692,20,python
2046598094,421,cuGetProcAddress_v2,0,201,3216692,3216692,20,python
2046598686,300,cuGetProcAddress_v2,0,202,3216692,3216692,20,python
2046599167,501,cuGetProcAddress_v2,0,203,3216692,3216692,20,python
2046599838,250,cuGetProcAddress_v2,0,204,3216692,3216692,20,python
2046600249,240,cuGetProcAddress_v2,0,205,3216692,3216692,20,python
2046600669,371,cuGetProcAddress_v2,0,206,3216692,3216692,20,python
2046601200,271,cuGetProcAddress_v2,0,207,3216692,3216692,20,python
2046601641,321,cuGetProcAddress_v2,0,208,3216692,3216692,20,python
2046602152,401,cuGetProcAddress_v2,0,209,3216692,3216692,20,python
2046602723,421,cuGetProcAddress_v2,0,210,3216692,3216692,20,python
2046603325,320,cuGetProcAddress_v2,0,211,3216692,3216692,20,python
2046603825,542,cuGetProcAddress_v2,0,212,3216692,3216692,20,python
2046604537,350,cuGetProcAddress_v2,0,213,3216692,3216692,20,python
2046605058,190,cuGetProcAddress_v2,0,214,3216692,3216692,20,python
2046605529,220,cuGetProcAddress_v2,0,215,3216692,3216692,20,python
2046606170,150,cuGetProcAddress_v2,0,216,3216692,3216692,20,python
2046606481,230,cuGetProcAddress_v2,0,217,3216692,3216692,20,python
2046606871,321,cuGetProcAddress_v2,0,218,3216692,3216692,20,python
2046607352,241,cuGetProcAddress_v2,0,219,3216692,3216692,20,python
2046607873,281,cuGetProcAddress_v2,0,220,3216692,3216692,20,python
2046608314,130,cuGetProcAddress_v2,0,221,3216692,3216692,20,python
2046608615,370,cuGetProcAddress_v2,0,222,3216692,3216692,20,python
2046609146,310,cuGetProcAddress_v2,0,223,3216692,3216692,20,python
2046609637,440,cuGetProcAddress_v2,0,224,3216692,3216692,20,python
2046610348,321,cuGetProcAddress_v2,0,225,3216692,3216692,20,python
2046610829,320,cuGetProcAddress_v2,0,226,3216692,3216692,20,python
2046611320,501,cuGetProcAddress_v2,0,227,3216692,3216692,20,python
2046612081,291,cuGetProcAddress_v2,0,228,3216692,3216692,20,python
2046612532,140,cuGetProcAddress_v2,0,229,3216692,3216692,20,python
2046612833,421,cuGetProcAddress_v2,0,230,3216692,3216692,20,python
2046613424,280,cuGetProcAddress_v2,0,231,3216692,3216692,20,python
2046613975,170,cuGetProcAddress_v2,0,232,3216692,3216692,20,python
2046614316,220,cuGetProcAddress_v2,0,233,3216692,3216692,20,python
2046614696,241,cuGetProcAddress_v2,0,234,3216692,3216692,20,python
2046615097,230,cuGetProcAddress_v2,0,235,3216692,3216692,20,python
2046615498,310,cuGetProcAddress_v2,0,236,3216692,3216692,20,python
2046615979,230,cuGetProcAddress_v2,0,237,3216692,3216692,20,python
2046616379,131,cuGetProcAddress_v2,0,238,3216692,3216692,20,python
2046616670,321,cuGetProcAddress_v2,0,239,3216692,3216692,20,python
2046617161,160,cuGetProcAddress_v2,0,240,3216692,3216692,20,python
2046617502,300,cuGetProcAddress_v2,0,241,3216692,3216692,20,python
2046617963,320,cuGetProcAddress_v2,0,242,3216692,3216692,20,python
2046618453,211,cuGetProcAddress_v2,0,243,3216692,3216692,20,python
2046618924,171,cuGetProcAddress_v2,0,244,3216692,3216692,20,python
2046619265,240,cuGetProcAddress_v2,0,245,3216692,3216692,20,python
2046619846,221,cuGetProcAddress_v2,0,246,3216692,3216692,20,python
2046620227,270,cuGetProcAddress_v2,0,247,3216692,3216692,20,python
2046620668,310,cuGetProcAddress_v2,0,248,3216692,3216692,20,python
2046621169,220,cuGetProcAddress_v2,0,249,3216692,3216692,20,python
2046621549,191,cuGetProcAddress_v2,0,250,3216692,3216692,20,python
2046621910,170,cuGetProcAddress_v2,0,251,3216692,3216692,20,python
2046622241,360,cuGetProcAddress_v2,0,252,3216692,3216692,20,python
2046622782,200,cuGetProcAddress_v2,0,253,3216692,3216692,20,python
2046623152,161,cuGetProcAddress_v2,0,254,3216692,3216692,20,python
2046623573,181,cuGetProcAddress_v2,0,255,3216692,3216692,20,python
2046623924,290,cuGetProcAddress_v2,0,256,3216692,3216692,20,python
2046624385,310,cuGetProcAddress_v2,0,257,3216692,3216692,20,python
2046624866,190,cuGetProcAddress_v2,0,258,3216692,3216692,20,python
2046625226,311,cuGetProcAddress_v2,0,259,3216692,3216692,20,python
2046625798,160,cuGetProcAddress_v2,0,260,3216692,3216692,20,python
2046626128,130,cuGetProcAddress_v2,0,261,3216692,3216692,20,python
2046626429,330,cuGetProcAddress_v2,0,262,3216692,3216692,20,python
2046626930,250,cuGetProcAddress_v2,0,263,3216692,3216692,20,python
2046627661,221,cuGetProcAddress_v2,0,264,3216692,3216692,20,python
2046628152,130,cuGetProcAddress_v2,0,265,3216692,3216692,20,python
2046628443,250,cuGetProcAddress_v2,0,266,3216692,3216692,20,python
2046628853,321,cuGetProcAddress_v2,0,267,3216692,3216692,20,python
2046629334,211,cuGetProcAddress_v2,0,268,3216692,3216692,20,python
2046629715,170,cuGetProcAddress_v2,0,269,3216692,3216692,20,python
2046630056,140,cuGetProcAddress_v2,0,270,3216692,3216692,20,python
2046630356,211,cuGetProcAddress_v2,0,271,3216692,3216692,20,python
2046630737,140,cuGetProcAddress_v2,0,272,3216692,3216692,20,python
2046631038,160,cuGetProcAddress_v2,0,273,3216692,3216692,20,python
2046631358,120,cuGetProcAddress_v2,0,274,3216692,3216692,20,python
2046631649,200,cuGetProcAddress_v2,0,275,3216692,3216692,20,python
2046632110,300,cuGetProcAddress_v2,0,276,3216692,3216692,20,python
2046632570,231,cuGetProcAddress_v2,0,277,3216692,3216692,20,python
2046632971,231,cuGetProcAddress_v2,0,278,3216692,3216692,20,python
2046633452,231,cuGetProcAddress_v2,0,279,3216692,3216692,20,python
2046633843,190,cuGetProcAddress_v2,0,280,3216692,3216692,20,python
2046634194,210,cuGetProcAddress_v2,0,281,3216692,3216692,20,python
2046634594,281,cuGetProcAddress_v2,0,282,3216692,3216692,20,python
2046635035,211,cuGetProcAddress_v2,0,283,3216692,3216692,20,python
2046635506,180,cuGetProcAddress_v2,0,284,3216692,3216692,20,python
2046635847,170,cuGetProcAddress_v2,0,285,3216692,3216692,20,python
2046636187,211,cuGetProcAddress_v2,0,286,3216692,3216692,20,python
2046636658,171,cuGetProcAddress_v2,0,287,3216692,3216692,20,python
2046636999,220,cuGetProcAddress_v2,0,288,3216692,3216692,20,python
2046637400,120,cuGetProcAddress_v2,0,289,3216692,3216692,20,python
2046637680,221,cuGetProcAddress_v2,0,290,3216692,3216692,20,python
2046638071,120,cuGetProcAddress_v2,0,291,3216692,3216692,20,python
2046638362,140,cuGetProcAddress_v2,0,292,3216692,3216692,20,python
2046638662,120,cuGetProcAddress_v2,0,293,3216692,3216692,20,python
2046638953,130,cuGetProcAddress_v2,0,294,3216692,3216692,20,python
2046639343,221,cuGetProcAddress_v2,0,295,3216692,3216692,20,python
2046639734,130,cuGetProcAddress_v2,0,296,3216692,3216692,20,python
2046640025,130,cuGetProcAddress_v2,0,297,3216692,3216692,20,python
2046640325,331,cuGetProcAddress_v2,0,298,3216692,3216692,20,python
2046640826,121,cuGetProcAddress_v2,0,299,3216692,3216692,20,python
2046641207,140,cuGetProcAddress_v2,0,300,3216692,3216692,20,python
2046641518,140,cuGetProcAddress_v2,0,301,3216692,3216692,20,python
2046641828,130,cuGetProcAddress_v2,0,302,3216692,3216692,20,python
2046642129,190,cuGetProcAddress_v2,0,303,3216692,3216692,20,python
2046642489,191,cuGetProcAddress_v2,0,304,3216692,3216692,20,python
2046642940,111,cuGetProcAddress_v2,0,305,3216692,3216692,20,python
2046643221,280,cuGetProcAddress_v2,0,306,3216692,3216692,20,python
2046643672,150,cuGetProcAddress_v2,0,307,3216692,3216692,20,python
2046644083,170,cuGetProcAddress_v2,0,308,3216692,3216692,20,python
2046644423,150,cuGetProcAddress_v2,0,309,3216692,3216692,20,python
2046644744,310,cuGetProcAddress_v2,0,310,3216692,3216692,20,python
2046645345,180,cuGetProcAddress_v2,0,311,3216692,3216692,20,python
2046645696,350,cuGetProcAddress_v2,0,312,3216692,3216692,20,python
2046646317,140,cuGetProcAddress_v2,0,313,3216692,3216692,20,python
2046646637,241,cuGetProcAddress_v2,0,314,3216692,3216692,20,python
2046647048,140,cuGetProcAddress_v2,0,315,3216692,3216692,20,python
2046647449,160,cuGetProcAddress_v2,0,316,3216692,3216692,20,python
2046647790,150,cuGetProcAddress_v2,0,317,3216692,3216692,20,python
2046648120,261,cuGetProcAddress_v2,0,318,3216692,3216692,20,python
2046648651,191,cuGetProcAddress_v2,0,319,3216692,3216692,20,python
2046649012,170,cuGetProcAddress_v2,0,320,3216692,3216692,20,python
2046649453,160,cuGetProcAddress_v2,0,321,3216692,3216692,20,python
2046649773,281,cuGetProcAddress_v2,0,322,3216692,3216692,20,python
2046650224,110,cuGetProcAddress_v2,0,323,3216692,3216692,20,python
2046650615,150,cuGetProcAddress_v2,0,324,3216692,3216692,20,python
2046650936,150,cuGetProcAddress_v2,0,325,3216692,3216692,20,python
2046651246,130,cuGetProcAddress_v2,0,326,3216692,3216692,20,python
2046651657,180,cuGetProcAddress_v2,0,327,3216692,3216692,20,python
2046652028,120,cuGetProcAddress_v2,0,328,3216692,3216692,20,python
2046652449,110,cuGetProcAddress_v2,0,329,3216692,3216692,20,python
2046652749,160,cuGetProcAddress_v2,0,330,3216692,3216692,20,python
2046653100,140,cuGetProcAddress_v2,0,331,3216692,3216692,20,python
2046653531,160,cuGetProcAddress_v2,0,332,3216692,3216692,20,python
2046653871,241,cuGetProcAddress_v2,0,333,3216692,3216692,20,python
2046654302,180,cuGetProcAddress_v2,0,334,3216692,3216692,20,python
2046654743,180,cuGetProcAddress_v2,0,335,3216692,3216692,20,python
2046655104,110,cuGetProcAddress_v2,0,336,3216692,3216692,20,python
2046655494,141,cuGetProcAddress_v2,0,337,3216692,3216692,20,python
2046655815,210,cuGetProcAddress_v2,0,338,3216692,3216692,20,python
2046656206,230,cuGetProcAddress_v2,0,339,3216692,3216692,20,python
2046656707,120,cuGetProcAddress_v2,0,340,3216692,3216692,20,python
2046656997,131,cuGetProcAddress_v2,0,341,3216692,3216692,20,python
2046657308,140,cuGetProcAddress_v2,0,342,3216692,3216692,20,python
2046657618,211,cuGetProcAddress_v2,0,343,3216692,3216692,20,python
2046657999,120,cuGetProcAddress_v2,0,344,3216692,3216692,20,python
2046658390,290,cuGetProcAddress_v2,0,345,3216692,3216692,20,python
2046658851,140,cuGetProcAddress_v2,0,346,3216692,3216692,20,python
2046659161,161,cuGetProcAddress_v2,0,347,3216692,3216692,20,python
2046659492,170,cuGetProcAddress_v2,0,348,3216692,3216692,20,python
2046659843,110,cuGetProcAddress_v2,0,349,3216692,3216692,20,python
2046660123,120,cuGetProcAddress_v2,0,350,3216692,3216692,20,python
2046660414,240,cuGetProcAddress_v2,0,351,3216692,3216692,20,python
2046660855,200,cuGetProcAddress_v2,0,352,3216692,3216692,20,python
2046661235,211,cuGetProcAddress_v2,0,353,3216692,3216692,20,python
2046661616,170,cuGetProcAddress_v2,0,354,3216692,3216692,20,python
2046661947,140,cuGetProcAddress_v2,0,355,3216692,3216692,20,python
2046662257,261,cuGetProcAddress_v2,0,356,3216692,3216692,20,python
2046662688,201,cuGetProcAddress_v2,0,357,3216692,3216692,20,python
2046663049,210,cuGetProcAddress_v2,0,358,3216692,3216692,20,python
2046663520,260,cuGetProcAddress_v2,0,359,3216692,3216692,20,python
2046663941,240,cuGetProcAddress_v2,0,360,3216692,3216692,20,python
2046664361,141,cuGetProcAddress_v2,0,361,3216692,3216692,20,python
2046664762,271,cuGetProcAddress_v2,0,362,3216692,3216692,20,python
2046665203,150,cuGetProcAddress_v2,0,363,3216692,3216692,20,python
2046665524,210,cuGetProcAddress_v2,0,364,3216692,3216692,20,python
2046665904,121,cuGetProcAddress_v2,0,365,3216692,3216692,20,python
2046666185,140,cuGetProcAddress_v2,0,366,3216692,3216692,20,python
2046666495,351,cuGetProcAddress_v2,0,367,3216692,3216692,20,python
2046667016,141,cuGetProcAddress_v2,0,368,3216692,3216692,20,python
2046667427,151,cuGetProcAddress_v2,0,369,3216692,3216692,20,python
2046667738,140,cuGetProcAddress_v2,0,370,3216692,3216692,20,python
2046668048,141,cuGetProcAddress_v2,0,371,3216692,3216692,20,python
2046668349,361,cuGetProcAddress_v2,0,372,3216692,3216692,20,python
2046668870,150,cuGetProcAddress_v2,0,373,3216692,3216692,20,python
2046669181,120,cuGetProcAddress_v2,0,374,3216692,3216692,20,python
2046669561,231,cuGetProcAddress_v2,0,375,3216692,3216692,20,python
2046669952,120,cuGetProcAddress_v2,0,376,3216692,3216692,20,python
2046670253,120,cuGetProcAddress_v2,0,377,3216692,3216692,20,python
2046670543,120,cuGetProcAddress_v2,0,378,3216692,3216692,20,python
2046670824,120,cuGetProcAddress_v2,0,379,3216692,3216692,20,python
2046671194,171,cuGetProcAddress_v2,0,380,3216692,3216692,20,python
2046671525,140,cuGetProcAddress_v2,0,381,3216692,3216692,20,python
2046671826,120,cuGetProcAddress_v2,0,382,3216692,3216692,20,python
2046672116,191,cuGetProcAddress_v2,0,383,3216692,3216692,20,python
2046672577,210,cuGetProcAddress_v2,0,384,3216692,3216692,20,python
2046673068,150,cuGetProcAddress_v2,0,385,3216692,3216692,20,python
2046673379,130,cuGetProcAddress_v2,0,386,3216692,3216692,20,python
2046673679,301,cuGetProcAddress_v2,0,387,3216692,3216692,20,python
2046674140,180,cuGetProcAddress_v2,0,388,3216692,3216692,20,python
2046674481,180,cuGetProcAddress_v2,0,389,3216692,3216692,20,python
2046674821,191,cuGetProcAddress_v2,0,390,3216692,3216692,20,python
2046675262,281,cuGetProcAddress_v2,0,391,3216692,3216692,20,python
2046675703,170,cuGetProcAddress_v2,0,392,3216692,3216692,20,python
2046676054,150,cuGetProcAddress_v2,0,393,3216692,3216692,20,python
2046676364,131,cuGetProcAddress_v2,0,394,3216692,3216692,20,python
2046676665,140,cuGetProcAddress_v2,0,395,3216692,3216692,20,python
2046677096,120,cuGetProcAddress_v2,0,396,3216692,3216692,20,python
2046677386,211,cuGetProcAddress_v2,0,397,3216692,3216692,20,python
2046677757,281,cuGetProcAddress_v2,0,398,3216692,3216692,20,python
2046678318,200,cuGetProcAddress_v2,0,399,3216692,3216692,20,python
2046678689,130,cuGetProcAddress_v2,0,400,3216692,3216692,20,python
2046679110,210,cuGetProcAddress_v2,0,401,3216692,3216692,20,python
2046679480,141,cuGetProcAddress_v2,0,402,3216692,3216692,20,python
2046679801,130,cuGetProcAddress_v2,0,403,3216692,3216692,20,python
2046680392,150,cuGetProcAddress_v2,0,404,3216692,3216692,20,python
2046680713,120,cuGetProcAddress_v2,0,405,3216692,3216692,20,python
2046681003,110,cuGetProcAddress_v2,0,406,3216692,3216692,20,python
2046681284,170,cuGetProcAddress_v2,0,407,3216692,3216692,20,python
2046681634,121,cuGetProcAddress_v2,0,408,3216692,3216692,20,python
2046681935,140,cuGetProcAddress_v2,0,409,3216692,3216692,20,python
2046682236,140,cuGetProcAddress_v2,0,410,3216692,3216692,20,python
2046682546,130,cuGetProcAddress_v2,0,411,3216692,3216692,20,python
2046682837,130,cuGetProcAddress_v2,0,412,3216692,3216692,20,python
2046683127,110,cuGetProcAddress_v2,0,413,3216692,3216692,20,python
2046683408,100,cuGetProcAddress_v2,0,414,3216692,3216692,20,python
2046683789,110,cuGetProcAddress_v2,0,415,3216692,3216692,20,python
2046684300,120,cuGetProcAddress_v2,0,416,3216692,3216692,20,python
2046684600,160,cuGetProcAddress_v2,0,417,3216692,3216692,20,python
2046684931,160,cuGetProcAddress_v2,0,418,3216692,3216692,20,python
2046685251,141,cuGetProcAddress_v2,0,419,3216692,3216692,20,python
2046685662,140,cuGetProcAddress_v2,0,420,3216692,3216692,20,python
2046685963,140,cuGetProcAddress_v2,0,421,3216692,3216692,20,python
2046686283,121,cuGetProcAddress_v2,0,422,3216692,3216692,20,python
2046686564,140,cuGetProcAddress_v2,0,423,3216692,3216692,20,python
2046686864,151,cuGetProcAddress_v2,0,424,3216692,3216692,20,python
2046687305,161,cuGetProcAddress_v2,0,425,3216692,3216692,20,python
2046687626,190,cuGetProcAddress_v2,0,426,3216692,3216692,20,python
2046688207,130,cuGetProcAddress_v2,0,427,3216692,3216692,20,python
2046688618,140,cuGetProcAddress_v2,0,428,3216692,3216692,20,python
2046688918,151,cuGetProcAddress_v2,0,429,3216692,3216692,20,python
2046689239,140,cuGetProcAddress_v2,0,430,3216692,3216692,20,python
2046689540,170,cuGetProcAddress_v2,0,431,3216692,3216692,20,python
2046690161,160,cuGetProcAddress_v2,0,432,3216692,3216692,20,python
2046690501,191,cuGetProcAddress_v2,0,433,3216692,3216692,20,python
2046690852,160,cuGetProcAddress_v2,0,434,3216692,3216692,20,python
2046691173,120,cuGetProcAddress_v2,0,435,3216692,3216692,20,python
2046691563,151,cuGetProcAddress_v2,0,436,3216692,3216692,20,python
2046691874,150,cuGetProcAddress_v2,0,437,3216692,3216692,20,python
2046692195,180,cuGetProcAddress_v2,0,438,3216692,3216692,20,python
2046692545,151,cuGetProcAddress_v2,0,439,3216692,3216692,20,python
2046692876,160,cuGetProcAddress_v2,0,440,3216692,3216692,20,python
2046693217,140,cuGetProcAddress_v2,0,441,3216692,3216692,20,python
2046693527,150,cuGetProcAddress_v2,0,442,3216692,3216692,20,python
2046693848,140,cuGetProcAddress_v2,0,443,3216692,3216692,20,python
2046694269,200,cuGetProcAddress_v2,0,444,3216692,3216692,20,python
2046694639,141,cuGetProcAddress_v2,0,445,3216692,3216692,20,python
2046694950,140,cuGetProcAddress_v2,0,446,3216692,3216692,20,python
2046695250,141,cuGetProcAddress_v2,0,447,3216692,3216692,20,python
2046695551,130,cuGetProcAddress_v2,0,448,3216692,3216692,20,python
2046696022,210,cuGetProcAddress_v2,0,449,3216692,3216692,20,python
2046696403,130,cuGetProcAddress_v2,0,450,3216692,3216692,20,python
2046696703,171,cuGetProcAddress_v2,0,451,3216692,3216692,20,python
2046697034,160,cuGetProcAddress_v2,0,452,3216692,3216692,20,python
2046697355,130,cuGetProcAddress_v2,0,453,3216692,3216692,20,python
2046697645,130,cuGetProcAddress_v2,0,454,3216692,3216692,20,python
2046698046,260,cuGetProcAddress_v2,0,455,3216692,3216692,20,python
2046698477,160,cuGetProcAddress_v2,0,456,3216692,3216692,20,python
2046698817,191,cuGetProcAddress_v2,0,457,3216692,3216692,20,python
2046699178,301,cuGetProcAddress_v2,0,458,3216692,3216692,20,python
2046699639,150,cuGetProcAddress_v2,0,459,3216692,3216692,20,python
2046700060,240,cuGetProcAddress_v2,0,460,3216692,3216692,20,python
2046700460,131,cuGetProcAddress_v2,0,461,3216692,3216692,20,python
2046700771,301,cuGetProcAddress_v2,0,462,3216692,3216692,20,python
2046701242,130,cuGetProcAddress_v2,0,463,3216692,3216692,20,python
2046701543,240,cuGetProcAddress_v2,0,464,3216692,3216692,20,python
2046702074,190,cuGetProcAddress_v2,0,465,3216692,3216692,20,python
2046702424,241,cuGetProcAddress_v2,0,466,3216692,3216692,20,python
2046702845,281,cuGetProcAddress_v2,0,467,3216692,3216692,20,python
2046703286,280,cuGetProcAddress_v2,0,468,3216692,3216692,20,python
2046703827,210,cuGetProcAddress_v2,0,469,3216692,3216692,20,python
2046704218,120,cuGetProcAddress_v2,0,470,3216692,3216692,20,python
2046704498,130,cuGetProcAddress_v2,0,471,3216692,3216692,20,python
2046704789,120,cuGetProcAddress_v2,0,472,3216692,3216692,20,python
2046705200,230,cuGetProcAddress_v2,0,473,3216692,3216692,20,python
2046705600,211,cuGetProcAddress_v2,0,474,3216692,3216692,20,python
2046705971,130,cuGetProcAddress_v2,0,475,3216692,3216692,20,python
2046706372,290,cuGetProcAddress_v2,0,476,3216692,3216692,20,python
2046706823,210,cuGetProcAddress_v2,0,477,3216692,3216692,20,python
2046707203,201,cuGetProcAddress_v2,0,478,3216692,3216692,20,python
2046707574,120,cuGetProcAddress_v2,0,479,3216692,3216692,20,python
2046707865,120,cuGetProcAddress_v2,0,480,3216692,3216692,20,python
2046708265,161,cuGetProcAddress_v2,0,481,3216692,3216692,20,python
2046708596,140,cuGetProcAddress_v2,0,482,3216692,3216692,20,python
2046708907,120,cuGetProcAddress_v2,0,483,3216692,3216692,20,python
2046709297,131,cuGetProcAddress_v2,0,484,3216692,3216692,20,python
2046709588,120,cuGetProcAddress_v2,0,485,3216692,3216692,20,python
2046709889,130,cuGetProcAddress_v2,0,486,3216692,3216692,20,python
2046710179,150,cuGetProcAddress_v2,0,487,3216692,3216692,20,python
2046710500,170,cuGetProcAddress_v2,0,488,3216692,3216692,20,python
2046710850,261,cuGetProcAddress_v2,0,489,3216692,3216692,20,python
2046711281,170,cuGetProcAddress_v2,0,490,3216692,3216692,20,python
2046711622,150,cuGetProcAddress_v2,0,491,3216692,3216692,20,python
2046711932,161,cuGetProcAddress_v2,0,492,3216692,3216692,20,python
2046712253,120,cuGetProcAddress_v2,0,493,3216692,3216692,20,python
2046712544,210,cuGetProcAddress_v2,0,494,3216692,3216692,20,python
2046713025,200,cuGetProcAddress_v2,0,495,3216692,3216692,20,python
2046713405,181,cuGetProcAddress_v2,0,496,3216692,3216692,20,python
2046713766,180,cuGetProcAddress_v2,0,497,3216692,3216692,20,python
2046714107,200,cuGetProcAddress_v2,0,498,3216692,3216692,20,python
2046714477,221,cuGetProcAddress_v2,0,499,3216692,3216692,20,python
2046714968,151,cuGetProcAddress_v2,0,500,3216692,3216692,20,python
2046715289,150,cuGetProcAddress_v2,0,501,3216692,3216692,20,python
2046715629,121,cuGetProcAddress_v2,0,502,3216692,3216692,20,python
2046715910,230,cuGetProcAddress_v2,0,503,3216692,3216692,20,python
2046716311,130,cuGetProcAddress_v2,0,504,3216692,3216692,20,python
2046716732,160,cuGetProcAddress_v2,0,505,3216692,3216692,20,python
2046717062,141,cuGetProcAddress_v2,0,506,3216692,3216692,20,python
2046717373,150,cuGetProcAddress_v2,0,507,3216692,3216692,20,python
2046717804,180,cuGetProcAddress_v2,0,508,3216692,3216692,20,python
2046718144,171,cuGetProcAddress_v2,0,509,3216692,3216692,20,python
2046718475,190,cuGetProcAddress_v2,0,510,3216692,3216692,20,python
2046718936,130,cuGetProcAddress_v2,0,511,3216692,3216692,20,python
2046719226,201,cuGetProcAddress_v2,0,512,3216692,3216692,20,python
2046719717,271,cuGetProcAddress_v2,0,513,3216692,3216692,20,python
2046720158,241,cuGetProcAddress_v2,0,514,3216692,3216692,20,python
2046720559,190,cuGetProcAddress_v2,0,515,3216692,3216692,20,python
2046721050,371,cuGetProcAddress_v2,0,516,3216692,3216692,20,python
2046721591,260,cuGetProcAddress_v2,0,517,3216692,3216692,20,python
2046722032,200,cuGetProcAddress_v2,0,518,3216692,3216692,20,python
2046722523,360,cuGetProcAddress_v2,0,519,3216692,3216692,20,python
2046723044,140,cuGetProcAddress_v2,0,520,3216692,3216692,20,python
2046723505,170,cuGetProcAddress_v2,0,521,3216692,3216692,20,python
2046723845,140,cuGetProcAddress_v2,0,522,3216692,3216692,20,python
2046724166,140,cuGetProcAddress_v2,0,523,3216692,3216692,20,python
2046724486,161,cuGetProcAddress_v2,0,524,3216692,3216692,20,python
2046724817,210,cuGetProcAddress_v2,0,525,3216692,3216692,20,python
2046725208,140,cuGetProcAddress_v2,0,526,3216692,3216692,20,python
2046725518,151,cuGetProcAddress_v2,0,527,3216692,3216692,20,python
2046725839,140,cuGetProcAddress_v2,0,528,3216692,3216692,20,python
2046726160,130,cuGetProcAddress_v2,0,529,3216692,3216692,20,python
2046726450,130,cuGetProcAddress_v2,0,530,3216692,3216692,20,python
2046726741,170,cuGetProcAddress_v2,0,531,3216692,3216692,20,python
2046727282,140,cuGetProcAddress_v2,0,532,3216692,3216692,20,python
2046727582,141,cuGetProcAddress_v2,0,533,3216692,3216692,20,python
2046727903,170,cuGetProcAddress_v2,0,534,3216692,3216692,20,python
2046728344,140,cuGetProcAddress_v2,0,535,3216692,3216692,20,python
2046728654,231,cuGetProcAddress_v2,0,536,3216692,3216692,20,python
2046729236,140,cuGetProcAddress_v2,0,537,3216692,3216692,20,python
2046729546,190,cuGetProcAddress_v2,0,538,3216692,3216692,20,python
2046729917,140,cuGetProcAddress_v2,0,539,3216692,3216692,20,python
2046730338,160,cuGetProcAddress_v2,0,540,3216692,3216692,20,python
2046730668,171,cuGetProcAddress_v2,0,541,3216692,3216692,20,python
2046731009,130,cuGetProcAddress_v2,0,542,3216692,3216692,20,python
2046731430,140,cuGetProcAddress_v2,0,543,3216692,3216692,20,python
2046731740,141,cuGetProcAddress_v2,0,544,3216692,3216692,20,python
2046732171,150,cuGetProcAddress_v2,0,545,3216692,3216692,20,python
2046732492,120,cuGetProcAddress_v2,0,546,3216692,3216692,20,python
2046732782,131,cuGetProcAddress_v2,0,547,3216692,3216692,20,python
2046733193,130,cuGetProcAddress_v2,0,548,3216692,3216692,20,python
2046733494,120,cuGetProcAddress_v2,0,549,3216692,3216692,20,python
2046733784,130,cuGetProcAddress_v2,0,550,3216692,3216692,20,python
2046734195,120,cuGetProcAddress_v2,0,551,3216692,3216692,20,python
2046734486,150,cuGetProcAddress_v2,0,552,3216692,3216692,20,python
2046735097,140,cuGetProcAddress_v2,0,553,3216692,3216692,20,python
2046735407,151,cuGetProcAddress_v2,0,554,3216692,3216692,20,python
2046735738,140,cuGetProcAddress_v2,0,555,3216692,3216692,20,python
2046736159,220,cuGetProcAddress_v2,0,556,3216692,3216692,20,python
2046736560,140,cuGetProcAddress_v2,0,557,3216692,3216692,20,python
2046737051,130,cuGetProcAddress_v2,0,558,3216692,3216692,20,python
2046737471,131,cuGetProcAddress_v2,0,559,3216692,3216692,20,python
2046737772,140,cuGetProcAddress_v2,0,560,3216692,3216692,20,python
2046738213,140,cuGetProcAddress_v2,0,561,3216692,3216692,20,python
2046738523,161,cuGetProcAddress_v2,0,562,3216692,3216692,20,python
2046738994,130,cuGetProcAddress_v2,0,563,3216692,3216692,20,python
2046739305,140,cuGetProcAddress_v2,0,564,3216692,3216692,20,python
2046739605,141,cuGetProcAddress_v2,0,565,3216692,3216692,20,python
2046739916,140,cuGetProcAddress_v2,0,566,3216692,3216692,20,python
2046740227,130,cuGetProcAddress_v2,0,567,3216692,3216692,20,python
2046740537,171,cuGetProcAddress_v2,0,568,3216692,3216692,20,python
2046740888,120,cuGetProcAddress_v2,0,569,3216692,3216692,20,python
2046741178,151,cuGetProcAddress_v2,0,570,3216692,3216692,20,python
2046741499,140,cuGetProcAddress_v2,0,571,3216692,3216692,20,python
2046741820,180,cuGetProcAddress_v2,0,572,3216692,3216692,20,python
2046742170,221,cuGetProcAddress_v2,0,573,3216692,3216692,20,python
2046742912,210,cuGetProcAddress_v2,0,574,3216692,3216692,20,python
2046743393,250,cuGetProcAddress_v2,0,575,3216692,3216692,20,python
2046743803,211,cuGetProcAddress_v2,0,576,3216692,3216692,20,python
2046744294,171,cuGetProcAddress_v2,0,577,3216692,3216692,20,python
2046744635,200,cuGetProcAddress_v2,0,578,3216692,3216692,20,python
2046745006,200,cuGetProcAddress_v2,0,579,3216692,3216692,20,python
2046745487,120,cuGetProcAddress_v2,0,580,3216692,3216692,20,python
2046745777,191,cuGetProcAddress_v2,0,581,3216692,3216692,20,python
2046746128,260,cuGetProcAddress_v2,0,582,3216692,3216692,20,python
2046746669,240,cuGetProcAddress_v2,0,583,3216692,3216692,20,python
2046747070,180,cuGetProcAddress_v2,0,584,3216692,3216692,20,python
2046747410,131,cuGetProcAddress_v2,0,585,3216692,3216692,20,python
2046747701,160,cuGetProcAddress_v2,0,586,3216692,3216692,20,python
2046748022,210,cuGetProcAddress_v2,0,587,3216692,3216692,20,python
2046748392,181,cuGetProcAddress_v2,0,588,3216692,3216692,20,python
2046748743,150,cuGetProcAddress_v2,0,589,3216692,3216692,20,python
2046749063,161,cuGetProcAddress_v2,0,590,3216692,3216692,20,python
2046749384,140,cuGetProcAddress_v2,0,591,3216692,3216692,20,python
2046749695,230,cuGetProcAddress_v2,0,592,3216692,3216692,20,python
2046750085,221,cuGetProcAddress_v2,0,593,3216692,3216692,20,python
2046750466,140,cuGetProcAddress_v2,0,594,3216692,3216692,20,python
2046750767,150,cuGetProcAddress_v2,0,595,3216692,3216692,20,python
2046751077,141,cuGetProcAddress_v2,0,596,3216692,3216692,20,python
2046751378,150,cuGetProcAddress_v2,0,597,3216692,3216692,20,python
2046751689,180,cuGetProcAddress_v2,0,598,3216692,3216692,20,python
2046752029,160,cuGetProcAddress_v2,0,599,3216692,3216692,20,python
2046752350,330,cuGetProcAddress_v2,0,600,3216692,3216692,20,python
2046752841,170,cuGetProcAddress_v2,0,601,3216692,3216692,20,python
2046755526,2084,cuInit,0,603,3216692,3216692,20,python
2046758532,160,cuModuleGetLoadingMode,0,604,3216692,3216692,20,python
2048644752,491,cuGetProcAddress_v2,0,732,3216692,3216692,20,python
2048645524,280,cuGetProcAddress_v2,0,733,3216692,3216692,20,python
2048646115,291,cuGetProcAddress_v2,0,734,3216692,3216692,20,python
2048646576,160,cuGetProcAddress_v2,0,735,3216692,3216692,20,python
2048647007,250,cuGetProcAddress_v2,0,736,3216692,3216692,20,python
2048647428,170,cuGetProcAddress_v2,0,737,3216692,3216692,20,python
2048647768,221,cuGetProcAddress_v2,0,738,3216692,3216692,20,python
2048648159,351,cuGetProcAddress_v2,0,739,3216692,3216692,20,python
2048648680,220,cuGetProcAddress_v2,0,740,3216692,3216692,20,python
2048649081,130,cuGetProcAddress_v2,0,741,3216692,3216692,20,python
2048649672,150,cuGetProcAddress_v2,0,742,3216692,3216692,20,python
2048649992,181,cuGetProcAddress_v2,0,743,3216692,3216692,20,python
2048650433,151,cuGetProcAddress_v2,0,744,3216692,3216692,20,python
2048650754,160,cuGetProcAddress_v2,0,745,3216692,3216692,20,python
2048651085,330,cuGetProcAddress_v2,0,746,3216692,3216692,20,python
2048651586,170,cuGetProcAddress_v2,0,747,3216692,3216692,20,python
2048651926,150,cuGetProcAddress_v2,0,748,3216692,3216692,20,python
2048652337,130,cuGetProcAddress_v2,0,749,3216692,3216692,20,python
2048652638,170,cuGetProcAddress_v2,0,750,3216692,3216692,20,python
2048652978,231,cuGetProcAddress_v2,0,751,3216692,3216692,20,python
2048653389,180,cuGetProcAddress_v2,0,752,3216692,3216692,20,python
2048653770,170,cuGetProcAddress_v2,0,753,3216692,3216692,20,python
2048654191,160,cuGetProcAddress_v2,0,754,3216692,3216692,20,python
2048654521,211,cuGetProcAddress_v2,0,755,3216692,3216692,20,python
2048654902,210,cuGetProcAddress_v2,0,756,3216692,3216692,20,python
2048655283,130,cuGetProcAddress_v2,0,757,3216692,3216692,20,python
2048655593,140,cuGetProcAddress_v2,0,758,3216692,3216692,20,python
2048655904,120,cuGetProcAddress_v2,0,759,3216692,3216692,20,python
2048656204,131,cuGetProcAddress_v2,0,760,3216692,3216692,20,python
2048656505,220,cuGetProcAddress_v2,0,761,3216692,3216692,20,python
2048656896,160,cuGetProcAddress_v2,0,762,3216692,3216692,20,python
2048657236,121,cuGetProcAddress_v2,0,763,3216692,3216692,20,python
2048657527,180,cuGetProcAddress_v2,0,764,3216692,3216692,20,python
2048657878,140,cuGetProcAddress_v2,0,765,3216692,3216692,20,python
2048658188,140,cuGetProcAddress_v2,0,766,3216692,3216692,20,python
2048658499,180,cuGetProcAddress_v2,0,767,3216692,3216692,20,python
2048658849,151,cuGetProcAddress_v2,0,768,3216692,3216692,20,python
2048659320,141,cuGetProcAddress_v2,0,769,3216692,3216692,20,python
2048659631,140,cuGetProcAddress_v2,0,770,3216692,3216692,20,python
2048659942,140,cuGetProcAddress_v2,0,771,3216692,3216692,20,python
2048660252,180,cuGetProcAddress_v2,0,772,3216692,3216692,20,python
2048660603,160,cuGetProcAddress_v2,0,773,3216692,3216692,20,python
2048660933,121,cuGetProcAddress_v2,0,774,3216692,3216692,20,python
2048661224,130,cuGetProcAddress_v2,0,775,3216692,3216692,20,python
2048661615,180,cuGetProcAddress_v2,0,776,3216692,3216692,20,python
2048661965,121,cuGetProcAddress_v2,0,777,3216692,3216692,20,python
2048662256,120,cuGetProcAddress_v2,0,778,3216692,3216692,20,python
2048662547,130,cuGetProcAddress_v2,0,779,3216692,3216692,20,python
2048662847,180,cuGetProcAddress_v2,0,780,3216692,3216692,20,python
2048663288,140,cuGetProcAddress_v2,0,781,3216692,3216692,20,python
2048663599,120,cuGetProcAddress_v2,0,782,3216692,3216692,20,python
2048663879,190,cuGetProcAddress_v2,0,783,3216692,3216692,20,python
2048664340,240,cuGetProcAddress_v2,0,784,3216692,3216692,20,python
2048664751,120,cuGetProcAddress_v2,0,785,3216692,3216692,20,python
2048665121,151,cuGetProcAddress_v2,0,786,3216692,3216692,20,python
2048665442,130,cuGetProcAddress_v2,0,787,3216692,3216692,20,python
2048665733,200,cuGetProcAddress_v2,0,788,3216692,3216692,20,python
2048666194,120,cuGetProcAddress_v2,0,789,3216692,3216692,20,python
2048666484,130,cuGetProcAddress_v2,0,790,3216692,3216692,20,python
2048666785,180,cuGetProcAddress_v2,0,791,3216692,3216692,20,python
2048667225,231,cuGetProcAddress_v2,0,792,3216692,3216692,20,python
2048667626,181,cuGetProcAddress_v2,0,793,3216692,3216692,20,python
2048668067,140,cuGetProcAddress_v2,0,794,3216692,3216692,20,python
2048668378,140,cuGetProcAddress_v2,0,795,3216692,3216692,20,python
2048668949,190,cuGetProcAddress_v2,0,796,3216692,3216692,20,python
2048669309,141,cuGetProcAddress_v2,0,797,3216692,3216692,20,python
2048669620,190,cuGetProcAddress_v2,0,798,3216692,3216692,20,python
2048669981,150,cuGetProcAddress_v2,0,799,3216692,3216692,20,python
2048670301,151,cuGetProcAddress_v2,0,800,3216692,3216692,20,python
2048670622,140,cuGetProcAddress_v2,0,801,3216692,3216692,20,python
2048670923,160,cuGetProcAddress_v2,0,802,3216692,3216692,20,python
2048671253,120,cuGetProcAddress_v2,0,803,3216692,3216692,20,python
2048671534,190,cuGetProcAddress_v2,0,804,3216692,3216692,20,python
2048671894,161,cuGetProcAddress_v2,0,805,3216692,3216692,20,python
2048672225,180,cuGetProcAddress_v2,0,806,3216692,3216692,20,python
2048672856,120,cuGetProcAddress_v2,0,807,3216692,3216692,20,python
2048673137,120,cuGetProcAddress_v2,0,808,3216692,3216692,20,python
2048673427,141,cuGetProcAddress_v2,0,809,3216692,3216692,20,python
2048673738,120,cuGetProcAddress_v2,0,810,3216692,3216692,20,python
2048674029,170,cuGetProcAddress_v2,0,811,3216692,3216692,20,python
2048674359,211,cuGetProcAddress_v2,0,812,3216692,3216692,20,python
2048674740,120,cuGetProcAddress_v2,0,813,3216692,3216692,20,python
2048675030,111,cuGetProcAddress_v2,0,814,3216692,3216692,20,python
2048675311,140,cuGetProcAddress_v2,0,815,3216692,3216692,20,python
2048675622,250,cuGetProcAddress_v2,0,816,3216692,3216692,20,python
2048676042,141,cuGetProcAddress_v2,0,817,3216692,3216692,20,python
2048676353,130,cuGetProcAddress_v2,0,818,3216692,3216692,20,python
2048676654,130,cuGetProcAddress_v2,0,819,3216692,3216692,20,python
2048676944,221,cuGetProcAddress_v2,0,820,3216692,3216692,20,python
2048677335,140,cuGetProcAddress_v2,0,821,3216692,3216692,20,python
2048677635,121,cuGetProcAddress_v2,0,822,3216692,3216692,20,python
2048677926,120,cuGetProcAddress_v2,0,823,3216692,3216692,20,python
2048678297,140,cuGetProcAddress_v2,0,824,3216692,3216692,20,python
2048678617,161,cuGetProcAddress_v2,0,825,3216692,3216692,20,python
2048678938,160,cuGetProcAddress_v2,0,826,3216692,3216692,20,python
2048679269,130,cuGetProcAddress_v2,0,827,3216692,3216692,20,python
2048679569,190,cuGetProcAddress_v2,0,828,3216692,3216692,20,python
2048680020,120,cuGetProcAddress_v2,0,829,3216692,3216692,20,python
2048680311,130,cuGetProcAddress_v2,0,830,3216692,3216692,20,python
2048680721,181,cuGetProcAddress_v2,0,831,3216692,3216692,20,python
2048681162,241,cuGetProcAddress_v2,0,832,3216692,3216692,20,python
2048681573,230,cuGetProcAddress_v2,0,833,3216692,3216692,20,python
2048682064,210,cuGetProcAddress_v2,0,834,3216692,3216692,20,python
2048682445,150,cuGetProcAddress_v2,0,835,3216692,3216692,20,python
2048682765,181,cuGetProcAddress_v2,0,836,3216692,3216692,20,python
2048683116,150,cuGetProcAddress_v2,0,837,3216692,3216692,20,python
2048683437,140,cuGetProcAddress_v2,0,838,3216692,3216692,20,python
2048683747,120,cuGetProcAddress_v2,0,839,3216692,3216692,20,python
2048684038,110,cuGetProcAddress_v2,0,840,3216692,3216692,20,python
2048684318,130,cuGetProcAddress_v2,0,841,3216692,3216692,20,python
2048684699,130,cuGetProcAddress_v2,0,842,3216692,3216692,20,python
2048685000,110,cuGetProcAddress_v2,0,843,3216692,3216692,20,python
2048685280,180,cuGetProcAddress_v2,0,844,3216692,3216692,20,python
2048685631,120,cuGetProcAddress_v2,0,845,3216692,3216692,20,python
2048685921,110,cuGetProcAddress_v2,0,846,3216692,3216692,20,python
2048686202,160,cuGetProcAddress_v2,0,847,3216692,3216692,20,python
2048686623,110,cuGetProcAddress_v2,0,848,3216692,3216692,20,python
2048686903,110,cuGetProcAddress_v2,0,849,3216692,3216692,20,python
2048687174,110,cuGetProcAddress_v2,0,850,3216692,3216692,20,python
2048687454,120,cuGetProcAddress_v2,0,851,3216692,3216692,20,python
2048687735,190,cuGetProcAddress_v2,0,852,3216692,3216692,20,python
2048688095,111,cuGetProcAddress_v2,0,853,3216692,3216692,20,python
2048688366,110,cuGetProcAddress_v2,0,854,3216692,3216692,20,python
2048688636,141,cuGetProcAddress_v2,0,855,3216692,3216692,20,python
2048688947,130,cuGetProcAddress_v2,0,856,3216692,3216692,20,python
2048689248,120,cuGetProcAddress_v2,0,857,3216692,3216692,20,python
2048689538,130,cuGetProcAddress_v2,0,858,3216692,3216692,20,python
2048689829,120,cuGetProcAddress_v2,0,859,3216692,3216692,20,python
2048690119,451,cuGetProcAddress_v2,0,860,3216692,3216692,20,python
2048690740,231,cuGetProcAddress_v2,0,861,3216692,3216692,20,python
2048691131,130,cuGetProcAddress_v2,0,862,3216692,3216692,20,python
2048691422,290,cuGetProcAddress_v2,0,863,3216692,3216692,20,python
2048691973,160,cuGetProcAddress_v2,0,864,3216692,3216692,20,python
2048692394,200,cuGetProcAddress_v2,0,865,3216692,3216692,20,python
2048692764,151,cuGetProcAddress_v2,0,866,3216692,3216692,20,python
2048693085,170,cuGetProcAddress_v2,0,867,3216692,3216692,20,python
2048693426,210,cuGetProcAddress_v2,0,868,3216692,3216692,20,python
2048693897,170,cuGetProcAddress_v2,0,869,3216692,3216692,20,python
2048694237,140,cuGetProcAddress_v2,0,870,3216692,3216692,20,python
2048694538,130,cuGetProcAddress_v2,0,871,3216692,3216692,20,python
2048694828,121,cuGetProcAddress_v2,0,872,3216692,3216692,20,python
2048695109,140,cuGetProcAddress_v2,0,873,3216692,3216692,20,python
2048695500,130,cuGetProcAddress_v2,0,874,3216692,3216692,20,python
2048695810,120,cuGetProcAddress_v2,0,875,3216692,3216692,20,python
2048696101,190,cuGetProcAddress_v2,0,876,3216692,3216692,20,python
2048696451,261,cuGetProcAddress_v2,0,877,3216692,3216692,20,python
2048696882,151,cuGetProcAddress_v2,0,878,3216692,3216692,20,python
2048697193,160,cuGetProcAddress_v2,0,879,3216692,3216692,20,python
2048697523,171,cuGetProcAddress_v2,0,880,3216692,3216692,20,python
2048697854,160,cuGetProcAddress_v2,0,881,3216692,3216692,20,python
2048698375,150,cuGetProcAddress_v2,0,882,3216692,3216692,20,python
2048698696,260,cuGetProcAddress_v2,0,883,3216692,3216692,20,python
2048699127,220,cuGetProcAddress_v2,0,884,3216692,3216692,20,python
2048699607,121,cuGetProcAddress_v2,0,885,3216692,3216692,20,python
2048700209,130,cuGetProcAddress_v2,0,886,3216692,3216692,20,python
2048700509,150,cuGetProcAddress_v2,0,887,3216692,3216692,20,python
2048700830,130,cuGetProcAddress_v2,0,888,3216692,3216692,20,python
2048701120,121,cuGetProcAddress_v2,0,889,3216692,3216692,20,python
2048701411,150,cuGetProcAddress_v2,0,890,3216692,3216692,20,python
2048701732,110,cuGetProcAddress_v2,0,891,3216692,3216692,20,python
2048702012,190,cuGetProcAddress_v2,0,892,3216692,3216692,20,python
2048702363,150,cuGetProcAddress_v2,0,893,3216692,3216692,20,python
2048702683,221,cuGetProcAddress_v2,0,894,3216692,3216692,20,python
2048703074,130,cuGetProcAddress_v2,0,895,3216692,3216692,20,python
2048703375,150,cuGetProcAddress_v2,0,896,3216692,3216692,20,python
2048703695,171,cuGetProcAddress_v2,0,897,3216692,3216692,20,python
2048704036,110,cuGetProcAddress_v2,0,898,3216692,3216692,20,python
2048704316,121,cuGetProcAddress_v2,0,899,3216692,3216692,20,python
2048704607,220,cuGetProcAddress_v2,0,900,3216692,3216692,20,python
2048704998,210,cuGetProcAddress_v2,0,901,3216692,3216692,20,python
2048705379,150,cuGetProcAddress_v2,0,902,3216692,3216692,20,python
2048705699,491,cuGetProcAddress_v2,0,903,3216692,3216692,20,python
2048706451,130,cuGetProcAddress_v2,0,904,3216692,3216692,20,python
2048706751,150,cuGetProcAddress_v2,0,905,3216692,3216692,20,python
2048707172,220,cuGetProcAddress_v2,0,906,3216692,3216692,20,python
2048707563,200,cuGetProcAddress_v2,0,907,3216692,3216692,20,python
2048707933,251,cuGetProcAddress_v2,0,908,3216692,3216692,20,python
2048708444,171,cuGetProcAddress_v2,0,909,3216692,3216692,20,python
2048708775,140,cuGetProcAddress_v2,0,910,3216692,3216692,20,python
2048709086,160,cuGetProcAddress_v2,0,911,3216692,3216692,20,python
2048709416,151,cuGetProcAddress_v2,0,912,3216692,3216692,20,python
2048709737,120,cuGetProcAddress_v2,0,913,3216692,3216692,20,python
2048710118,110,cuGetProcAddress_v2,0,914,3216692,3216692,20,python
2048710398,140,cuGetProcAddress_v2,0,915,3216692,3216692,20,python
2048710709,280,cuGetProcAddress_v2,0,916,3216692,3216692,20,python
2048711160,120,cuGetProcAddress_v2,0,917,3216692,3216692,20,python
2048711450,110,cuGetProcAddress_v2,0,918,3216692,3216692,20,python
2048711731,150,cuGetProcAddress_v2,0,919,3216692,3216692,20,python
2048712051,141,cuGetProcAddress_v2,0,920,3216692,3216692,20,python
2048712352,180,cuGetProcAddress_v2,0,921,3216692,3216692,20,python
2048712703,120,cuGetProcAddress_v2,0,922,3216692,3216692,20,python
2048712993,120,cuGetProcAddress_v2,0,923,3216692,3216692,20,python
2048713274,190,cuGetProcAddress_v2,0,924,3216692,3216692,20,python
2048713724,121,cuGetProcAddress_v2,0,925,3216692,3216692,20,python
2048714025,120,cuGetProcAddress_v2,0,926,3216692,3216692,20,python
2048714316,120,cuGetProcAddress_v2,0,927,3216692,3216692,20,python
2048714696,111,cuGetProcAddress_v2,0,928,3216692,3216692,20,python
2048714977,180,cuGetProcAddress_v2,0,929,3216692,3216692,20,python
2048715318,140,cuGetProcAddress_v2,0,930,3216692,3216692,20,python
2048715618,120,cuGetProcAddress_v2,0,931,3216692,3216692,20,python
2048715909,190,cuGetProcAddress_v2,0,932,3216692,3216692,20,python
2048716269,121,cuGetProcAddress_v2,0,933,3216692,3216692,20,python
2048716560,150,cuGetProcAddress_v2,0,934,3216692,3216692,20,python
2048716871,130,cuGetProcAddress_v2,0,935,3216692,3216692,20,python
2048717161,241,cuGetProcAddress_v2,0,936,3216692,3216692,20,python
2048717572,210,cuGetProcAddress_v2,0,937,3216692,3216692,20,python
2048717953,140,cuGetProcAddress_v2,0,938,3216692,3216692,20,python
2048718263,130,cuGetProcAddress_v2,0,939,3216692,3216692,20,python
2048718564,210,cuGetProcAddress_v2,0,940,3216692,3216692,20,python
2048719035,130,cuGetProcAddress_v2,0,941,3216692,3216692,20,python
2048719325,161,cuGetProcAddress_v2,0,942,3216692,3216692,20,python
2048719646,140,cuGetProcAddress_v2,0,943,3216692,3216692,20,python
2048720047,150,cuGetProcAddress_v2,0,944,3216692,3216692,20,python
2048720367,140,cuGetProcAddress_v2,0,945,3216692,3216692,20,python
2048720758,160,cuGetProcAddress_v2,0,946,3216692,3216692,20,python
2048721079,160,cuGetProcAddress_v2,0,947,3216692,3216692,20,python
2048721409,140,cuGetProcAddress_v2,0,948,3216692,3216692,20,python
2048721930,140,cuGetProcAddress_v2,0,949,3216692,3216692,20,python
2048722231,190,cuGetProcAddress_v2,0,950,3216692,3216692,20,python
2048722591,161,cuGetProcAddress_v2,0,951,3216692,3216692,20,python
2048722912,140,cuGetProcAddress_v2,0,952,3216692,3216692,20,python
2048723223,150,cuGetProcAddress_v2,0,953,3216692,3216692,20,python
2048723633,161,cuGetProcAddress_v2,0,954,3216692,3216692,20,python
2048723954,130,cuGetProcAddress_v2,0,955,3216692,3216692,20,python
2048724245,130,cuGetProcAddress_v2,0,956,3216692,3216692,20,python
2048724535,130,cuGetProcAddress_v2,0,957,3216692,3216692,20,python
2048724836,150,cuGetProcAddress_v2,0,958,3216692,3216692,20,python
2048725156,131,cuGetProcAddress_v2,0,959,3216692,3216692,20,python
2048725457,130,cuGetProcAddress_v2,0,960,3216692,3216692,20,python
2048725758,130,cuGetProcAddress_v2,0,961,3216692,3216692,20,python
2048726058,140,cuGetProcAddress_v2,0,962,3216692,3216692,20,python
2048726359,110,cuGetProcAddress_v2,0,963,3216692,3216692,20,python
2048726639,130,cuGetProcAddress_v2,0,964,3216692,3216692,20,python
2048726940,110,cuGetProcAddress_v2,0,965,3216692,3216692,20,python
2048727220,231,cuGetProcAddress_v2,0,966,3216692,3216692,20,python
2048727611,170,cuGetProcAddress_v2,0,967,3216692,3216692,20,python
2048728042,160,cuGetProcAddress_v2,0,968,3216692,3216692,20,python
2048728373,140,cuGetProcAddress_v2,0,969,3216692,3216692,20,python
2048728683,140,cuGetProcAddress_v2,0,970,3216692,3216692,20,python
2048728984,130,cuGetProcAddress_v2,0,971,3216692,3216692,20,python
2048729625,130,cuGetProcAddress_v2,0,972,3216692,3216692,20,python
2048729926,130,cuGetProcAddress_v2,0,973,3216692,3216692,20,python
2048730226,140,cuGetProcAddress_v2,0,974,3216692,3216692,20,python
2048730537,140,cuGetProcAddress_v2,0,975,3216692,3216692,20,python
2048730837,141,cuGetProcAddress_v2,0,976,3216692,3216692,20,python
2048731148,130,cuGetProcAddress_v2,0,977,3216692,3216692,20,python
2048731448,201,cuGetProcAddress_v2,0,978,3216692,3216692,20,python
2048731819,160,cuGetProcAddress_v2,0,979,3216692,3216692,20,python
2048732150,150,cuGetProcAddress_v2,0,980,3216692,3216692,20,python
2048732561,150,cuGetProcAddress_v2,0,981,3216692,3216692,20,python
2048732871,130,cuGetProcAddress_v2,0,982,3216692,3216692,20,python
2048733172,160,cuGetProcAddress_v2,0,983,3216692,3216692,20,python
2048733593,120,cuGetProcAddress_v2,0,984,3216692,3216692,20,python
2048733873,160,cuGetProcAddress_v2,0,985,3216692,3216692,20,python
2048734204,130,cuGetProcAddress_v2,0,986,3216692,3216692,20,python
2048734504,161,cuGetProcAddress_v2,0,987,3216692,3216692,20,python
2048734835,160,cuGetProcAddress_v2,0,988,3216692,3216692,20,python
2048735246,150,cuGetProcAddress_v2,0,989,3216692,3216692,20,python
2048735566,151,cuGetProcAddress_v2,0,990,3216692,3216692,20,python
2048735877,220,cuGetProcAddress_v2,0,991,3216692,3216692,20,python
2048736258,150,cuGetProcAddress_v2,0,992,3216692,3216692,20,python
2048736578,151,cuGetProcAddress_v2,0,993,3216692,3216692,20,python
2048736989,180,cuGetProcAddress_v2,0,994,3216692,3216692,20,python
2048737440,180,cuGetProcAddress_v2,0,995,3216692,3216692,20,python
2048737781,140,cuGetProcAddress_v2,0,996,3216692,3216692,20,python
2048738091,140,cuGetProcAddress_v2,0,997,3216692,3216692,20,python
2048738392,150,cuGetProcAddress_v2,0,998,3216692,3216692,20,python
2048738712,141,cuGetProcAddress_v2,0,999,3216692,3216692,20,python
2048739023,150,cuGetProcAddress_v2,0,1000,3216692,3216692,20,python
2048739344,160,cuGetProcAddress_v2,0,1001,3216692,3216692,20,python
2048739674,140,cuGetProcAddress_v2,0,1002,3216692,3216692,20,python
2048739995,150,cuGetProcAddress_v2,0,1003,3216692,3216692,20,python
2048740315,171,cuGetProcAddress_v2,0,1004,3216692,3216692,20,python
2048740656,160,cuGetProcAddress_v2,0,1005,3216692,3216692,20,python
2048740997,170,cuGetProcAddress_v2,0,1006,3216692,3216692,20,python
2048741337,171,cuGetProcAddress_v2,0,1007,3216692,3216692,20,python
2048741688,140,cuGetProcAddress_v2,0,1008,3216692,3216692,20,python
2048741999,200,cuGetProcAddress_v2,0,1009,3216692,3216692,20,python
2048742369,191,cuGetProcAddress_v2,0,1010,3216692,3216692,20,python
2048742730,120,cuGetProcAddress_v2,0,1011,3216692,3216692,20,python
2048743191,110,cuGetProcAddress_v2,0,1012,3216692,3216692,20,python
2048743481,171,cuGetProcAddress_v2,0,1013,3216692,3216692,20,python
2048743822,150,cuGetProcAddress_v2,0,1014,3216692,3216692,20,python
2048744143,230,cuGetProcAddress_v2,0,1015,3216692,3216692,20,python
2048744554,280,cuGetProcAddress_v2,0,1016,3216692,3216692,20,python
2048745014,171,cuGetProcAddress_v2,0,1017,3216692,3216692,20,python
2048745455,130,cuGetProcAddress_v2,0,1018,3216692,3216692,20,python
2048745746,130,cuGetProcAddress_v2,0,1019,3216692,3216692,20,python
2048746046,151,cuGetProcAddress_v2,0,1020,3216692,3216692,20,python
2048746367,130,cuGetProcAddress_v2,0,1021,3216692,3216692,20,python
2048746668,180,cuGetProcAddress_v2,0,1022,3216692,3216692,20,python
2048747008,231,cuGetProcAddress_v2,0,1023,3216692,3216692,20,python
2048747509,120,cuGetProcAddress_v2,0,1024,3216692,3216692,20,python
2048747800,411,cuGetProcAddress_v2,0,1025,3216692,3216692,20,python
2048748471,210,cuGetProcAddress_v2,0,1026,3216692,3216692,20,python
2048748852,180,cuGetProcAddress_v2,0,1027,3216692,3216692,20,python
2048749192,151,cuGetProcAddress_v2,0,1028,3216692,3216692,20,python
2048749613,130,cuGetProcAddress_v2,0,1029,3216692,3216692,20,python
2048749914,160,cuGetProcAddress_v2,0,1030,3216692,3216692,20,python
2048750244,161,cuGetProcAddress_v2,0,1031,3216692,3216692,20,python
2048750575,120,cuGetProcAddress_v2,0,1032,3216692,3216692,20,python
2048751006,130,cuGetProcAddress_v2,0,1033,3216692,3216692,20,python
2048751387,130,cuGetProcAddress_v2,0,1034,3216692,3216692,20,python
2048751687,170,cuGetProcAddress_v2,0,1035,3216692,3216692,20,python
2048752028,140,cuGetProcAddress_v2,0,1036,3216692,3216692,20,python
2048752348,121,cuGetProcAddress_v2,0,1037,3216692,3216692,20,python
2048752649,140,cuGetProcAddress_v2,0,1038,3216692,3216692,20,python
2048753070,160,cuGetProcAddress_v2,0,1039,3216692,3216692,20,python
2048753410,131,cuGetProcAddress_v2,0,1040,3216692,3216692,20,python
2048753711,160,cuGetProcAddress_v2,0,1041,3216692,3216692,20,python
2048754042,140,cuGetProcAddress_v2,0,1042,3216692,3216692,20,python
2048754362,151,cuGetProcAddress_v2,0,1043,3216692,3216692,20,python
2048754683,140,cuGetProcAddress_v2,0,1044,3216692,3216692,20,python
2048754994,220,cuGetProcAddress_v2,0,1045,3216692,3216692,20,python
2048755394,131,cuGetProcAddress_v2,0,1046,3216692,3216692,20,python
2048755705,180,cuGetProcAddress_v2,0,1047,3216692,3216692,20,python
2048756056,170,cuGetProcAddress_v2,0,1048,3216692,3216692,20,python
2048756396,120,cuGetProcAddress_v2,0,1049,3216692,3216692,20,python
2048756697,150,cuGetProcAddress_v2,0,1050,3216692,3216692,20,python
2048757017,121,cuGetProcAddress_v2,0,1051,3216692,3216692,20,python
2048757308,160,cuGetProcAddress_v2,0,1052,3216692,3216692,20,python
2048757639,130,cuGetProcAddress_v2,0,1053,3216692,3216692,20,python
2048757939,110,cuGetProcAddress_v2,0,1054,3216692,3216692,20,python
2048758220,140,cuGetProcAddress_v2,0,1055,3216692,3216692,20,python
2048758821,140,cuGetProcAddress_v2,0,1056,3216692,3216692,20,python
2048759141,161,cuGetProcAddress_v2,0,1057,3216692,3216692,20,python
2048759472,160,cuGetProcAddress_v2,0,1058,3216692,3216692,20,python
2048759803,160,cuGetProcAddress_v2,0,1059,3216692,3216692,20,python
2048760133,121,cuGetProcAddress_v2,0,1060,3216692,3216692,20,python
2048760524,170,cuGetProcAddress_v2,0,1061,3216692,3216692,20,python
2048760865,240,cuGetProcAddress_v2,0,1062,3216692,3216692,20,python
2048761276,210,cuGetProcAddress_v2,0,1063,3216692,3216692,20,python
2048761756,161,cuGetProcAddress_v2,0,1064,3216692,3216692,20,python
2048762087,200,cuGetProcAddress_v2,0,1065,3216692,3216692,20,python
2048762458,260,cuGetProcAddress_v2,0,1066,3216692,3216692,20,python
2048762899,160,cuGetProcAddress_v2,0,1067,3216692,3216692,20,python
2048763239,231,cuGetProcAddress_v2,0,1068,3216692,3216692,20,python
2048763720,191,cuGetProcAddress_v2,0,1069,3216692,3216692,20,python
2048764081,160,cuGetProcAddress_v2,0,1070,3216692,3216692,20,python
2048764412,150,cuGetProcAddress_v2,0,1071,3216692,3216692,20,python
2048764732,221,cuGetProcAddress_v2,0,1072,3216692,3216692,20,python
2048765133,130,cuGetProcAddress_v2,0,1073,3216692,3216692,20,python
2048765524,190,cuGetProcAddress_v2,0,1074,3216692,3216692,20,python
2048765884,121,cuGetProcAddress_v2,0,1075,3216692,3216692,20,python
2048766185,120,cuGetProcAddress_v2,0,1076,3216692,3216692,20,python
2048766626,140,cuGetProcAddress_v2,0,1077,3216692,3216692,20,python
2048766936,161,cuGetProcAddress_v2,0,1078,3216692,3216692,20,python
2048767257,130,cuGetProcAddress_v2,0,1079,3216692,3216692,20,python
2048767558,110,cuGetProcAddress_v2,0,1080,3216692,3216692,20,python
2048767838,140,cuGetProcAddress_v2,0,1081,3216692,3216692,20,python
2048768149,120,cuGetProcAddress_v2,0,1082,3216692,3216692,20,python
2048768429,171,cuGetProcAddress_v2,0,1083,3216692,3216692,20,python
2048768770,140,cuGetProcAddress_v2,0,1084,3216692,3216692,20,python
2048769070,151,cuGetProcAddress_v2,0,1085,3216692,3216692,20,python
2048769381,140,cuGetProcAddress_v2,0,1086,3216692,3216692,20,python
2048769692,150,cuGetProcAddress_v2,0,1087,3216692,3216692,20,python
2048770002,141,cuGetProcAddress_v2,0,1088,3216692,3216692,20,python
2048770533,171,cuGetProcAddress_v2,0,1089,3216692,3216692,20,python
2048770874,130,cuGetProcAddress_v2,0,1090,3216692,3216692,20,python
2048771174,161,cuGetProcAddress_v2,0,1091,3216692,3216692,20,python
2048771495,150,cuGetProcAddress_v2,0,1092,3216692,3216692,20,python
2048771806,140,cuGetProcAddress_v2,0,1093,3216692,3216692,20,python
2048772106,181,cuGetProcAddress_v2,0,1094,3216692,3216692,20,python
2048772447,130,cuGetProcAddress_v2,0,1095,3216692,3216692,20,python
2048772737,121,cuGetProcAddress_v2,0,1096,3216692,3216692,20,python
2048773028,160,cuGetProcAddress_v2,0,1097,3216692,3216692,20,python
2048773349,150,cuGetProcAddress_v2,0,1098,3216692,3216692,20,python
2048773669,131,cuGetProcAddress_v2,0,1099,3216692,3216692,20,python
2048773970,120,cuGetProcAddress_v2,0,1100,3216692,3216692,20,python
2048774260,191,cuGetProcAddress_v2,0,1101,3216692,3216692,20,python
2048774621,150,cuGetProcAddress_v2,0,1102,3216692,3216692,20,python
2048774942,170,cuGetProcAddress_v2,0,1103,3216692,3216692,20,python
2048775373,170,cuGetProcAddress_v2,0,1104,3216692,3216692,20,python
2048775703,160,cuGetProcAddress_v2,0,1105,3216692,3216692,20,python
2048776114,150,cuGetProcAddress_v2,0,1106,3216692,3216692,20,python
2048776435,130,cuGetProcAddress_v2,0,1107,3216692,3216692,20,python
2048776745,140,cuGetProcAddress_v2,0,1108,3216692,3216692,20,python
2048777146,140,cuGetProcAddress_v2,0,1109,3216692,3216692,20,python
2048777457,140,cuGetProcAddress_v2,0,1110,3216692,3216692,20,python
2048777767,140,cuGetProcAddress_v2,0,1111,3216692,3216692,20,python
2048778458,131,cuGetProcAddress_v2,0,1112,3216692,3216692,20,python
2048778749,140,cuGetProcAddress_v2,0,1113,3216692,3216692,20,python
2048779140,130,cuGetProcAddress_v2,0,1114,3216692,3216692,20,python
2048779440,131,cuGetProcAddress_v2,0,1115,3216692,3216692,20,python
2048779731,130,cuGetProcAddress_v2,0,1116,3216692,3216692,20,python
2048780122,170,cuGetProcAddress_v2,0,1117,3216692,3216692,20,python
2048780452,151,cuGetProcAddress_v2,0,1118,3216692,3216692,20,python
2048780773,140,cuGetProcAddress_v2,0,1119,3216692,3216692,20,python
2048781164,120,cuGetProcAddress_v2,0,1120,3216692,3216692,20,python
2048781454,150,cuGetProcAddress_v2,0,1121,3216692,3216692,20,python
2048781775,481,cuGetProcAddress_v2,0,1122,3216692,3216692,20,python
2048782426,150,cuGetProcAddress_v2,0,1123,3216692,3216692,20,python
2048782747,160,cuGetProcAddress_v2,0,1124,3216692,3216692,20,python
2048783077,171,cuGetProcAddress_v2,0,1125,3216692,3216692,20,python
2048783408,170,cuGetProcAddress_v2,0,1126,3216692,3216692,20,python
2048783749,200,cuGetProcAddress_v2,0,1127,3216692,3216692,20,python
2048784199,241,cuGetProcAddress_v2,0,1128,3216692,3216692,20,python
2048784610,140,cuGetProcAddress_v2,0,1129,3216692,3216692,20,python
2048785001,220,cuGetProcAddress_v2,0,1130,3216692,3216692,20,python
2048785392,160,cuGetProcAddress_v2,0,1131,3216692,3216692,20,python
2048785712,201,cuGetProcAddress_v2,0,1132,3216692,3216692,20,python
2048786073,140,cuGetProcAddress_v2,0,1133,3216692,3216692,20,python
2048786374,130,cuGetProcAddress_v2,0,1134,3216692,3216692,20,python
2048786674,120,cuGetProcAddress_v2,0,1135,3216692,3216692,20,python
2048786965,140,cuGetProcAddress_v2,0,1136,3216692,3216692,20,python
2048787265,191,cuGetProcAddress_v2,0,1137,3216692,3216692,20,python
2048787626,150,cuGetProcAddress_v2,0,1138,3216692,3216692,20,python
2048787937,140,cuGetProcAddress_v2,0,1139,3216692,3216692,20,python
2048788247,160,cuGetProcAddress_v2,0,1140,3216692,3216692,20,python
2048788568,220,cuGetProcAddress_v2,0,1141,3216692,3216692,20,python
2048788959,210,cuGetProcAddress_v2,0,1142,3216692,3216692,20,python
2048789339,161,cuGetProcAddress_v2,0,1143,3216692,3216692,20,python
2048789670,160,cuGetProcAddress_v2,0,1144,3216692,3216692,20,python
2048790001,160,cuGetProcAddress_v2,0,1145,3216692,3216692,20,python
2048790321,180,cuGetProcAddress_v2,0,1146,3216692,3216692,20,python
2048790662,180,cuGetProcAddress_v2,0,1147,3216692,3216692,20,python
2048791002,191,cuGetProcAddress_v2,0,1148,3216692,3216692,20,python
2048791353,130,cuGetProcAddress_v2,0,1149,3216692,3216692,20,python
2048791644,200,cuGetProcAddress_v2,0,1150,3216692,3216692,20,python
2048792435,752,cuInit,0,1152,3216692,3216692,20,python
2048793968,130,cuModuleGetLoadingMode,0,1153,3216692,3216692,20,python
2050223905,1667292,cudaFree,0,1270,3216692,3216692,20,python
2051967253,300,cuGetProcAddress_v2,0,1271,3216692,3216692,20,python
2051967774,240,cuGetProcAddress_v2,0,1272,3216692,3216692,20,python
2051968325,491,cuGetProcAddress_v2,0,1273,3216692,3216692,20,python
2051968986,160,cuGetProcAddress_v2,0,1274,3216692,3216692,20,python
2051969307,200,cuGetProcAddress_v2,0,1275,3216692,3216692,20,python
2051969677,241,cuGetProcAddress_v2,0,1276,3216692,3216692,20,python
2051970098,241,cuGetProcAddress_v2,0,1277,3216692,3216692,20,python
2051970499,331,cuGetProcAddress_v2,0,1278,3216692,3216692,20,python
2051971000,351,cuGetProcAddress_v2,0,1279,3216692,3216692,20,python
2051971511,140,cuGetProcAddress_v2,0,1280,3216692,3216692,20,python
2051971822,170,cuGetProcAddress_v2,0,1281,3216692,3216692,20,python
2051972162,140,cuGetProcAddress_v2,0,1282,3216692,3216692,20,python
2051972563,210,cuGetProcAddress_v2,0,1283,3216692,3216692,20,python
2051972944,180,cuGetProcAddress_v2,0,1284,3216692,3216692,20,python
2051973354,351,cuGetProcAddress_v2,0,1285,3216692,3216692,20,python
2051974096,260,cuGetProcAddress_v2,0,1286,3216692,3216692,20,python
2051974527,160,cuGetProcAddress_v2,0,1287,3216692,3216692,20,python
2051974948,180,cuGetProcAddress_v2,0,1288,3216692,3216692,20,python
2051975288,191,cuGetProcAddress_v2,0,1289,3216692,3216692,20,python
2051975639,150,cuGetProcAddress_v2,0,1290,3216692,3216692,20,python
2051975949,231,cuGetProcAddress_v2,0,1291,3216692,3216692,20,python
2051976350,181,cuGetProcAddress_v2,0,1292,3216692,3216692,20,python
2051976841,170,cuGetProcAddress_v2,0,1293,3216692,3216692,20,python
2051977182,401,cuGetProcAddress_v2,0,1294,3216692,3216692,20,python
2051977753,160,cuGetProcAddress_v2,0,1295,3216692,3216692,20,python
2051978084,150,cuGetProcAddress_v2,0,1296,3216692,3216692,20,python
2051978394,150,cuGetProcAddress_v2,0,1297,3216692,3216692,20,python
2051978715,130,cuGetProcAddress_v2,0,1298,3216692,3216692,20,python
2051979015,131,cuGetProcAddress_v2,0,1299,3216692,3216692,20,python
2051979316,160,cuGetProcAddress_v2,0,1300,3216692,3216692,20,python
2051979647,170,cuGetProcAddress_v2,0,1301,3216692,3216692,20,python
2051980087,131,cuGetProcAddress_v2,0,1302,3216692,3216692,20,python
2051980388,150,cuGetProcAddress_v2,0,1303,3216692,3216692,20,python
2051980699,150,cuGetProcAddress_v2,0,1304,3216692,3216692,20,python
2051981009,140,cuGetProcAddress_v2,0,1305,3216692,3216692,20,python
2051981320,170,cuGetProcAddress_v2,0,1306,3216692,3216692,20,python
2051981941,240,cuGetProcAddress_v2,0,1307,3216692,3216692,20,python
2051982352,180,cuGetProcAddress_v2,0,1308,3216692,3216692,20,python
2051982702,141,cuGetProcAddress_v2,0,1309,3216692,3216692,20,python
2051983013,160,cuGetProcAddress_v2,0,1310,3216692,3216692,20,python
2051983344,110,cuGetProcAddress_v2,0,1311,3216692,3216692,20,python
2051983624,140,cuGetProcAddress_v2,0,1312,3216692,3216692,20,python
2051983935,120,cuGetProcAddress_v2,0,1313,3216692,3216692,20,python
2051984235,141,cuGetProcAddress_v2,0,1314,3216692,3216692,20,python
2051984646,180,cuGetProcAddress_v2,0,1315,3216692,3216692,20,python
2051984997,120,cuGetProcAddress_v2,0,1316,3216692,3216692,20,python
2051985297,131,cuGetProcAddress_v2,0,1317,3216692,3216692,20,python
2051985598,140,cuGetProcAddress_v2,0,1318,3216692,3216692,20,python
2051985899,120,cuGetProcAddress_v2,0,1319,3216692,3216692,20,python
2051986179,180,cuGetProcAddress_v2,0,1320,3216692,3216692,20,python
2051986530,140,cuGetProcAddress_v2,0,1321,3216692,3216692,20,python
2051986840,191,cuGetProcAddress_v2,0,1322,3216692,3216692,20,python
2051987291,201,cuGetProcAddress_v2,0,1323,3216692,3216692,20,python
2051987892,121,cuGetProcAddress_v2,0,1324,3216692,3216692,20,python
2051988193,160,cuGetProcAddress_v2,0,1325,3216692,3216692,20,python
2051988524,160,cuGetProcAddress_v2,0,1326,3216692,3216692,20,python
2051988844,160,cuGetProcAddress_v2,0,1327,3216692,3216692,20,python
2051989295,140,cuGetProcAddress_v2,0,1328,3216692,3216692,20,python
2051989606,130,cuGetProcAddress_v2,0,1329,3216692,3216692,20,python
2051989906,231,cuGetProcAddress_v2,0,1330,3216692,3216692,20,python
2051990297,210,cuGetProcAddress_v2,0,1331,3216692,3216692,20,python
2051990678,180,cuGetProcAddress_v2,0,1332,3216692,3216692,20,python
2051991129,160,cuGetProcAddress_v2,0,1333,3216692,3216692,20,python
2051991459,150,cuGetProcAddress_v2,0,1334,3216692,3216692,20,python
2051991770,190,cuGetProcAddress_v2,0,1335,3216692,3216692,20,python
2051992120,171,cuGetProcAddress_v2,0,1336,3216692,3216692,20,python
2051992461,190,cuGetProcAddress_v2,0,1337,3216692,3216692,20,python
2051992822,150,cuGetProcAddress_v2,0,1338,3216692,3216692,20,python
2051993132,201,cuGetProcAddress_v2,0,1339,3216692,3216692,20,python
2051993503,140,cuGetProcAddress_v2,0,1340,3216692,3216692,20,python
2051993824,160,cuGetProcAddress_v2,0,1341,3216692,3216692,20,python
2051994144,131,cuGetProcAddress_v2,0,1342,3216692,3216692,20,python
2051994445,120,cuGetProcAddress_v2,0,1343,3216692,3216692,20,python
2051994735,171,cuGetProcAddress_v2,0,1344,3216692,3216692,20,python
2051995076,140,cuGetProcAddress_v2,0,1345,3216692,3216692,20,python
2051995707,131,cuGetProcAddress_v2,0,1346,3216692,3216692,20,python
2051996018,190,cuGetProcAddress_v2,0,1347,3216692,3216692,20,python
2051996379,130,cuGetProcAddress_v2,0,1348,3216692,3216692,20,python
2051996689,130,cuGetProcAddress_v2,0,1349,3216692,3216692,20,python
2051997000,110,cuGetProcAddress_v2,0,1350,3216692,3216692,20,python
2051997280,171,cuGetProcAddress_v2,0,1351,3216692,3216692,20,python
2051997631,230,cuGetProcAddress_v2,0,1352,3216692,3216692,20,python
2051998032,110,cuGetProcAddress_v2,0,1353,3216692,3216692,20,python
2051998312,161,cuGetProcAddress_v2,0,1354,3216692,3216692,20,python
2051998653,210,cuGetProcAddress_v2,0,1355,3216692,3216692,20,python
2051999034,170,cuGetProcAddress_v2,0,1356,3216692,3216692,20,python
2051999515,150,cuGetProcAddress_v2,0,1357,3216692,3216692,20,python
2051999835,150,cuGetProcAddress_v2,0,1358,3216692,3216692,20,python
2052000156,150,cuGetProcAddress_v2,0,1359,3216692,3216692,20,python
2052000476,141,cuGetProcAddress_v2,0,1360,3216692,3216692,20,python
2052000797,331,cuGetProcAddress_v2,0,1361,3216692,3216692,20,python
2052001308,120,cuGetProcAddress_v2,0,1362,3216692,3216692,20,python
2052001729,200,cuGetProcAddress_v2,0,1363,3216692,3216692,20,python
2052002110,170,cuGetProcAddress_v2,0,1364,3216692,3216692,20,python
2052002460,140,cuGetProcAddress_v2,0,1365,3216692,3216692,20,python
2052002771,160,cuGetProcAddress_v2,0,1366,3216692,3216692,20,python
2052003111,171,cuGetProcAddress_v2,0,1367,3216692,3216692,20,python
2052003642,141,cuGetProcAddress_v2,0,1368,3216692,3216692,20,python
2052003943,140,cuGetProcAddress_v2,0,1369,3216692,3216692,20,python
2052004264,180,cuGetProcAddress_v2,0,1370,3216692,3216692,20,python
2052004735,240,cuGetProcAddress_v2,0,1371,3216692,3216692,20,python
2052005155,131,cuGetProcAddress_v2,0,1372,3216692,3216692,20,python
2052005586,171,cuGetProcAddress_v2,0,1373,3216692,3216692,20,python
2052005927,110,cuGetProcAddress_v2,0,1374,3216692,3216692,20,python
2052006217,101,cuGetProcAddress_v2,0,1375,3216692,3216692,20,python
2052006488,160,cuGetProcAddress_v2,0,1376,3216692,3216692,20,python
2052006819,150,cuGetProcAddress_v2,0,1377,3216692,3216692,20,python
2052007139,140,cuGetProcAddress_v2,0,1378,3216692,3216692,20,python
2052007450,200,cuGetProcAddress_v2,0,1379,3216692,3216692,20,python
2052007830,121,cuGetProcAddress_v2,0,1380,3216692,3216692,20,python
2052008241,131,cuGetProcAddress_v2,0,1381,3216692,3216692,20,python
2052008542,130,cuGetProcAddress_v2,0,1382,3216692,3216692,20,python
2052008852,121,cuGetProcAddress_v2,0,1383,3216692,3216692,20,python
2052009143,120,cuGetProcAddress_v2,0,1384,3216692,3216692,20,python
2052009434,110,cuGetProcAddress_v2,0,1385,3216692,3216692,20,python
2052009724,200,cuGetProcAddress_v2,0,1386,3216692,3216692,20,python
2052010095,190,cuGetProcAddress_v2,0,1387,3216692,3216692,20,python
2052010466,150,cuGetProcAddress_v2,0,1388,3216692,3216692,20,python
2052010796,140,cuGetProcAddress_v2,0,1389,3216692,3216692,20,python
2052011217,120,cuGetProcAddress_v2,0,1390,3216692,3216692,20,python
2052011518,120,cuGetProcAddress_v2,0,1391,3216692,3216692,20,python
2052011818,100,cuGetProcAddress_v2,0,1392,3216692,3216692,20,python
2052012089,110,cuGetProcAddress_v2,0,1393,3216692,3216692,20,python
2052012369,130,cuGetProcAddress_v2,0,1394,3216692,3216692,20,python
2052012680,501,cuGetProcAddress_v2,0,1395,3216692,3216692,20,python
2052013351,130,cuGetProcAddress_v2,0,1396,3216692,3216692,20,python
2052013662,120,cuGetProcAddress_v2,0,1397,3216692,3216692,20,python
2052013952,120,cuGetProcAddress_v2,0,1398,3216692,3216692,20,python
2052014243,120,cuGetProcAddress_v2,0,1399,3216692,3216692,20,python
2052014533,141,cuGetProcAddress_v2,0,1400,3216692,3216692,20,python
2052014844,130,cuGetProcAddress_v2,0,1401,3216692,3216692,20,python
2052015155,150,cuGetProcAddress_v2,0,1402,3216692,3216692,20,python
2052015595,181,cuGetProcAddress_v2,0,1403,3216692,3216692,20,python
2052015946,170,cuGetProcAddress_v2,0,1404,3216692,3216692,20,python
2052016297,130,cuGetProcAddress_v2,0,1405,3216692,3216692,20,python
2052016597,161,cuGetProcAddress_v2,0,1406,3216692,3216692,20,python
2052016938,120,cuGetProcAddress_v2,0,1407,3216692,3216692,20,python
2052017339,170,cuGetProcAddress_v2,0,1408,3216692,3216692,20,python
2052017679,131,cuGetProcAddress_v2,0,1409,3216692,3216692,20,python
2052017990,120,cuGetProcAddress_v2,0,1410,3216692,3216692,20,python
2052018291,110,cuGetProcAddress_v2,0,1411,3216692,3216692,20,python
2052018571,130,cuGetProcAddress_v2,0,1412,3216692,3216692,20,python
2052019282,121,cuGetProcAddress_v2,0,1413,3216692,3216692,20,python
2052019573,140,cuGetProcAddress_v2,0,1414,3216692,3216692,20,python
2052019884,140,cuGetProcAddress_v2,0,1415,3216692,3216692,20,python
2052020194,241,cuGetProcAddress_v2,0,1416,3216692,3216692,20,python
2052020605,140,cuGetProcAddress_v2,0,1417,3216692,3216692,20,python
2052020926,160,cuGetProcAddress_v2,0,1418,3216692,3216692,20,python
2052021246,181,cuGetProcAddress_v2,0,1419,3216692,3216692,20,python
2052021587,160,cuGetProcAddress_v2,0,1420,3216692,3216692,20,python
2052022048,150,cuGetProcAddress_v2,0,1421,3216692,3216692,20,python
2052022368,121,cuGetProcAddress_v2,0,1422,3216692,3216692,20,python
2052022669,130,cuGetProcAddress_v2,0,1423,3216692,3216692,20,python
2052022969,151,cuGetProcAddress_v2,0,1424,3216692,3216692,20,python
2052023290,140,cuGetProcAddress_v2,0,1425,3216692,3216692,20,python
2052023601,260,cuGetProcAddress_v2,0,1426,3216692,3216692,20,python
2052024142,230,cuGetProcAddress_v2,0,1427,3216692,3216692,20,python
2052024552,131,cuGetProcAddress_v2,0,1428,3216692,3216692,20,python
2052024863,130,cuGetProcAddress_v2,0,1429,3216692,3216692,20,python
2052025164,160,cuGetProcAddress_v2,0,1430,3216692,3216692,20,python
2052025494,141,cuGetProcAddress_v2,0,1431,3216692,3216692,20,python
2052025915,130,cuGetProcAddress_v2,0,1432,3216692,3216692,20,python
2052026216,250,cuGetProcAddress_v2,0,1433,3216692,3216692,20,python
2052026967,140,cuGetProcAddress_v2,0,1434,3216692,3216692,20,python
2052027278,150,cuGetProcAddress_v2,0,1435,3216692,3216692,20,python
2052027608,161,cuGetProcAddress_v2,0,1436,3216692,3216692,20,python
2052027949,120,cuGetProcAddress_v2,0,1437,3216692,3216692,20,python
2052028240,130,cuGetProcAddress_v2,0,1438,3216692,3216692,20,python
2052028550,150,cuGetProcAddress_v2,0,1439,3216692,3216692,20,python
2052028871,140,cuGetProcAddress_v2,0,1440,3216692,3216692,20,python
2052029171,151,cuGetProcAddress_v2,0,1441,3216692,3216692,20,python
2052029492,120,cuGetProcAddress_v2,0,1442,3216692,3216692,20,python
2052029893,170,cuGetProcAddress_v2,0,1443,3216692,3216692,20,python
2052030233,191,cuGetProcAddress_v2,0,1444,3216692,3216692,20,python
2052030604,140,cuGetProcAddress_v2,0,1445,3216692,3216692,20,python
2052030915,150,cuGetProcAddress_v2,0,1446,3216692,3216692,20,python
2052031235,251,cuGetProcAddress_v2,0,1447,3216692,3216692,20,python
2052031766,171,cuGetProcAddress_v2,0,1448,3216692,3216692,20,python
2052032107,140,cuGetProcAddress_v2,0,1449,3216692,3216692,20,python
2052032418,200,cuGetProcAddress_v2,0,1450,3216692,3216692,20,python
2052032788,161,cuGetProcAddress_v2,0,1451,3216692,3216692,20,python
2052033109,150,cuGetProcAddress_v2,0,1452,3216692,3216692,20,python
2052033550,140,cuGetProcAddress_v2,0,1453,3216692,3216692,20,python
2052033860,151,cuGetProcAddress_v2,0,1454,3216692,3216692,20,python
2052034191,280,cuGetProcAddress_v2,0,1455,3216692,3216692,20,python
2052034782,150,cuGetProcAddress_v2,0,1456,3216692,3216692,20,python
2052035103,120,cuGetProcAddress_v2,0,1457,3216692,3216692,20,python
2052035393,191,cuGetProcAddress_v2,0,1458,3216692,3216692,20,python
2052035744,150,cuGetProcAddress_v2,0,1459,3216692,3216692,20,python
2052036065,220,cuGetProcAddress_v2,0,1460,3216692,3216692,20,python
2052036616,140,cuGetProcAddress_v2,0,1461,3216692,3216692,20,python
2052036926,120,cuGetProcAddress_v2,0,1462,3216692,3216692,20,python
2052037217,130,cuGetProcAddress_v2,0,1463,3216692,3216692,20,python
2052037527,121,cuGetProcAddress_v2,0,1464,3216692,3216692,20,python
2052037818,120,cuGetProcAddress_v2,0,1465,3216692,3216692,20,python
2052038108,121,cuGetProcAddress_v2,0,1466,3216692,3216692,20,python
2052038509,110,cuGetProcAddress_v2,0,1467,3216692,3216692,20,python
2052038800,200,cuGetProcAddress_v2,0,1468,3216692,3216692,20,python
2052039160,201,cuGetProcAddress_v2,0,1469,3216692,3216692,20,python
2052039521,120,cuGetProcAddress_v2,0,1470,3216692,3216692,20,python
2052039822,130,cuGetProcAddress_v2,0,1471,3216692,3216692,20,python
2052040122,121,cuGetProcAddress_v2,0,1472,3216692,3216692,20,python
2052040403,150,cuGetProcAddress_v2,0,1473,3216692,3216692,20,python
2052040733,121,cuGetProcAddress_v2,0,1474,3216692,3216692,20,python
2052041024,210,cuGetProcAddress_v2,0,1475,3216692,3216692,20,python
2052041405,170,cuGetProcAddress_v2,0,1476,3216692,3216692,20,python
2052041735,171,cuGetProcAddress_v2,0,1477,3216692,3216692,20,python
2052042076,130,cuGetProcAddress_v2,0,1478,3216692,3216692,20,python
2052042367,180,cuGetProcAddress_v2,0,1479,3216692,3216692,20,python
2052042827,171,cuGetProcAddress_v2,0,1480,3216692,3216692,20,python
2052043168,170,cuGetProcAddress_v2,0,1481,3216692,3216692,20,python
2052043509,140,cuGetProcAddress_v2,0,1482,3216692,3216692,20,python
2052043920,511,cuGetProcAddress_v2,0,1483,3216692,3216692,20,python
2052044601,170,cuGetProcAddress_v2,0,1484,3216692,3216692,20,python
2052045052,150,cuGetProcAddress_v2,0,1485,3216692,3216692,20,python
2052045372,151,cuGetProcAddress_v2,0,1486,3216692,3216692,20,python
2052045693,140,cuGetProcAddress_v2,0,1487,3216692,3216692,20,python
2052046114,130,cuGetProcAddress_v2,0,1488,3216692,3216692,20,python
2052046404,141,cuGetProcAddress_v2,0,1489,3216692,3216692,20,python
2052046715,150,cuGetProcAddress_v2,0,1490,3216692,3216692,20,python
2052047036,170,cuGetProcAddress_v2,0,1491,3216692,3216692,20,python
2052047376,150,cuGetProcAddress_v2,0,1492,3216692,3216692,20,python
2052047797,130,cuGetProcAddress_v2,0,1493,3216692,3216692,20,python
2052048338,120,cuGetProcAddress_v2,0,1494,3216692,3216692,20,python
2052048639,120,cuGetProcAddress_v2,0,1495,3216692,3216692,20,python
2052048929,120,cuGetProcAddress_v2,0,1496,3216692,3216692,20,python
2052049210,150,cuGetProcAddress_v2,0,1497,3216692,3216692,20,python
2052049530,141,cuGetProcAddress_v2,0,1498,3216692,3216692,20,python
2052049841,200,cuGetProcAddress_v2,0,1499,3216692,3216692,20,python
2052050412,120,cuGetProcAddress_v2,0,1500,3216692,3216692,20,python
2052050703,110,cuGetProcAddress_v2,0,1501,3216692,3216692,20,python
2052050983,110,cuGetProcAddress_v2,0,1502,3216692,3216692,20,python
2052051264,170,cuGetProcAddress_v2,0,1503,3216692,3216692,20,python
2052051604,121,cuGetProcAddress_v2,0,1504,3216692,3216692,20,python
2052052246,140,cuGetProcAddress_v2,0,1505,3216692,3216692,20,python
2052052556,140,cuGetProcAddress_v2,0,1506,3216692,3216692,20,python
2052052987,190,cuGetProcAddress_v2,0,1507,3216692,3216692,20,python
2052053358,130,cuGetProcAddress_v2,0,1508,3216692,3216692,20,python
2052053658,181,cuGetProcAddress_v2,0,1509,3216692,3216692,20,python
2052054009,130,cuGetProcAddress_v2,0,1510,3216692,3216692,20,python
2052054319,141,cuGetProcAddress_v2,0,1511,3216692,3216692,20,python
2052054630,140,cuGetProcAddress_v2,0,1512,3216692,3216692,20,python
2052054941,140,cuGetProcAddress_v2,0,1513,3216692,3216692,20,python
2052055251,201,cuGetProcAddress_v2,0,1514,3216692,3216692,20,python
2052055622,140,cuGetProcAddress_v2,0,1515,3216692,3216692,20,python
2052055943,150,cuGetProcAddress_v2,0,1516,3216692,3216692,20,python
2052056273,151,cuGetProcAddress_v2,0,1517,3216692,3216692,20,python
2052056584,140,cuGetProcAddress_v2,0,1518,3216692,3216692,20,python
2052056894,141,cuGetProcAddress_v2,0,1519,3216692,3216692,20,python
2052057325,151,cuGetProcAddress_v2,0,1520,3216692,3216692,20,python
2052057636,190,cuGetProcAddress_v2,0,1521,3216692,3216692,20,python
2052057997,130,cuGetProcAddress_v2,0,1522,3216692,3216692,20,python
2052058417,111,cuGetProcAddress_v2,0,1523,3216692,3216692,20,python
2052058708,150,cuGetProcAddress_v2,0,1524,3216692,3216692,20,python
2052059028,131,cuGetProcAddress_v2,0,1525,3216692,3216692,20,python
2052059319,160,cuGetProcAddress_v2,0,1526,3216692,3216692,20,python
2052059660,160,cuGetProcAddress_v2,0,1527,3216692,3216692,20,python
2052060101,150,cuGetProcAddress_v2,0,1528,3216692,3216692,20,python
2052060431,150,cuGetProcAddress_v2,0,1529,3216692,3216692,20,python
2052060752,140,cuGetProcAddress_v2,0,1530,3216692,3216692,20,python
2052061062,161,cuGetProcAddress_v2,0,1531,3216692,3216692,20,python
2052061393,160,cuGetProcAddress_v2,0,1532,3216692,3216692,20,python
2052061804,160,cuGetProcAddress_v2,0,1533,3216692,3216692,20,python
2052062124,151,cuGetProcAddress_v2,0,1534,3216692,3216692,20,python
2052062435,150,cuGetProcAddress_v2,0,1535,3216692,3216692,20,python
2052062856,130,cuGetProcAddress_v2,0,1536,3216692,3216692,20,python
2052063156,231,cuGetProcAddress_v2,0,1537,3216692,3216692,20,python
2052063557,130,cuGetProcAddress_v2,0,1538,3216692,3216692,20,python
2052063858,190,cuGetProcAddress_v2,0,1539,3216692,3216692,20,python
2052064218,191,cuGetProcAddress_v2,0,1540,3216692,3216692,20,python
2052064579,130,cuGetProcAddress_v2,0,1541,3216692,3216692,20,python
2052064880,130,cuGetProcAddress_v2,0,1542,3216692,3216692,20,python
2052065180,191,cuGetProcAddress_v2,0,1543,3216692,3216692,20,python
2052065541,160,cuGetProcAddress_v2,0,1544,3216692,3216692,20,python
2052065882,160,cuGetProcAddress_v2,0,1545,3216692,3216692,20,python
2052066212,211,cuGetProcAddress_v2,0,1546,3216692,3216692,20,python
2052066593,140,cuGetProcAddress_v2,0,1547,3216692,3216692,20,python
2052066904,140,cuGetProcAddress_v2,0,1548,3216692,3216692,20,python
2052067214,140,cuGetProcAddress_v2,0,1549,3216692,3216692,20,python
2052067875,121,cuGetProcAddress_v2,0,1550,3216692,3216692,20,python
2052068166,120,cuGetProcAddress_v2,0,1551,3216692,3216692,20,python
2052068467,200,cuGetProcAddress_v2,0,1552,3216692,3216692,20,python
2052068837,151,cuGetProcAddress_v2,0,1553,3216692,3216692,20,python
2052069158,170,cuGetProcAddress_v2,0,1554,3216692,3216692,20,python
2052069499,310,cuGetProcAddress_v2,0,1555,3216692,3216692,20,python
2052069979,171,cuGetProcAddress_v2,0,1556,3216692,3216692,20,python
2052070420,181,cuGetProcAddress_v2,0,1557,3216692,3216692,20,python
2052070761,130,cuGetProcAddress_v2,0,1558,3216692,3216692,20,python
2052071062,120,cuGetProcAddress_v2,0,1559,3216692,3216692,20,python
2052071362,120,cuGetProcAddress_v2,0,1560,3216692,3216692,20,python
2052071653,250,cuGetProcAddress_v2,0,1561,3216692,3216692,20,python
2052072073,211,cuGetProcAddress_v2,0,1562,3216692,3216692,20,python
2052072564,161,cuGetProcAddress_v2,0,1563,3216692,3216692,20,python
2052072905,311,cuGetProcAddress_v2,0,1564,3216692,3216692,20,python
2052073476,221,cuGetProcAddress_v2,0,1565,3216692,3216692,20,python
2052073877,170,cuGetProcAddress_v2,0,1566,3216692,3216692,20,python
2052074218,170,cuGetProcAddress_v2,0,1567,3216692,3216692,20,python
2052074668,151,cuGetProcAddress_v2,0,1568,3216692,3216692,20,python
2052074989,150,cuGetProcAddress_v2,0,1569,3216692,3216692,20,python
2052075310,150,cuGetProcAddress_v2,0,1570,3216692,3216692,20,python
2052075690,131,cuGetProcAddress_v2,0,1571,3216692,3216692,20,python
2052076001,120,cuGetProcAddress_v2,0,1572,3216692,3216692,20,python
2052076382,120,cuGetProcAddress_v2,0,1573,3216692,3216692,20,python
2052076672,141,cuGetProcAddress_v2,0,1574,3216692,3216692,20,python
2052076993,140,cuGetProcAddress_v2,0,1575,3216692,3216692,20,python
2052077303,131,cuGetProcAddress_v2,0,1576,3216692,3216692,20,python
2052077614,140,cuGetProcAddress_v2,0,1577,3216692,3216692,20,python
2052077915,160,cuGetProcAddress_v2,0,1578,3216692,3216692,20,python
2052078255,191,cuGetProcAddress_v2,0,1579,3216692,3216692,20,python
2052078616,160,cuGetProcAddress_v2,0,1580,3216692,3216692,20,python
2052078947,120,cuGetProcAddress_v2,0,1581,3216692,3216692,20,python
2052079237,171,cuGetProcAddress_v2,0,1582,3216692,3216692,20,python
2052079568,160,cuGetProcAddress_v2,0,1583,3216692,3216692,20,python
2052079898,151,cuGetProcAddress_v2,0,1584,3216692,3216692,20,python
2052080219,140,cuGetProcAddress_v2,0,1585,3216692,3216692,20,python
2052080530,180,cuGetProcAddress_v2,0,1586,3216692,3216692,20,python
2052080870,181,cuGetProcAddress_v2,0,1587,3216692,3216692,20,python
2052081211,150,cuGetProcAddress_v2,0,1588,3216692,3216692,20,python
2052081532,150,cuGetProcAddress_v2,0,1589,3216692,3216692,20,python
2052081852,160,cuGetProcAddress_v2,0,1590,3216692,3216692,20,python
2052082173,220,cuGetProcAddress_v2,0,1591,3216692,3216692,20,python
2052082564,150,cuGetProcAddress_v2,0,1592,3216692,3216692,20,python
2052082884,140,cuGetProcAddress_v2,0,1593,3216692,3216692,20,python
2052083195,150,cuGetProcAddress_v2,0,1594,3216692,3216692,20,python
2052083515,251,cuGetProcAddress_v2,0,1595,3216692,3216692,20,python
2052083936,191,cuGetProcAddress_v2,0,1596,3216692,3216692,20,python
2052084287,190,cuGetProcAddress_v2,0,1597,3216692,3216692,20,python
2052084648,220,cuGetProcAddress_v2,0,1598,3216692,3216692,20,python
2052085038,141,cuGetProcAddress_v2,0,1599,3216692,3216692,20,python
2052085439,160,cuGetProcAddress_v2,0,1600,3216692,3216692,20,python
2052085760,230,cuGetProcAddress_v2,0,1601,3216692,3216692,20,python
2052086150,261,cuGetProcAddress_v2,0,1602,3216692,3216692,20,python
2052086671,181,cuGetProcAddress_v2,0,1603,3216692,3216692,20,python
2052087022,541,cuGetProcAddress_v2,0,1604,3216692,3216692,20,python
2052087834,250,cuGetProcAddress_v2,0,1605,3216692,3216692,20,python
2052088244,171,cuGetProcAddress_v2,0,1606,3216692,3216692,20,python
2052088575,170,cuGetProcAddress_v2,0,1607,3216692,3216692,20,python
2052089006,140,cuGetProcAddress_v2,0,1608,3216692,3216692,20,python
2052089316,181,cuGetProcAddress_v2,0,1609,3216692,3216692,20,python
2052089667,140,cuGetProcAddress_v2,0,1610,3216692,3216692,20,python
2052089978,150,cuGetProcAddress_v2,0,1611,3216692,3216692,20,python
2052090298,141,cuGetProcAddress_v2,0,1612,3216692,3216692,20,python
2052090689,200,cuGetProcAddress_v2,0,1613,3216692,3216692,20,python
2052091310,141,cuGetProcAddress_v2,0,1614,3216692,3216692,20,python
2052091621,160,cuGetProcAddress_v2,0,1615,3216692,3216692,20,python
2052092042,130,cuGetProcAddress_v2,0,1616,3216692,3216692,20,python
2052092342,141,cuGetProcAddress_v2,0,1617,3216692,3216692,20,python
2052092643,130,cuGetProcAddress_v2,0,1618,3216692,3216692,20,python
2052092943,111,cuGetProcAddress_v2,0,1619,3216692,3216692,20,python
2052093224,170,cuGetProcAddress_v2,0,1620,3216692,3216692,20,python
2052093555,140,cuGetProcAddress_v2,0,1621,3216692,3216692,20,python
2052093855,170,cuGetProcAddress_v2,0,1622,3216692,3216692,20,python
2052094196,150,cuGetProcAddress_v2,0,1623,3216692,3216692,20,python
2052094506,151,cuGetProcAddress_v2,0,1624,3216692,3216692,20,python
2052094817,140,cuGetProcAddress_v2,0,1625,3216692,3216692,20,python
2052095128,150,cuGetProcAddress_v2,0,1626,3216692,3216692,20,python
2052095448,151,cuGetProcAddress_v2,0,1627,3216692,3216692,20,python
2052095769,170,cuGetProcAddress_v2,0,1628,3216692,3216692,20,python
2052096109,181,cuGetProcAddress_v2,0,1629,3216692,3216692,20,python
2052096450,130,cuGetProcAddress_v2,0,1630,3216692,3216692,20,python
2052096751,150,cuGetProcAddress_v2,0,1631,3216692,3216692,20,python
2052097071,131,cuGetProcAddress_v2,0,1632,3216692,3216692,20,python
2052097372,150,cuGetProcAddress_v2,0,1633,3216692,3216692,20,python
2052097693,120,cuGetProcAddress_v2,0,1634,3216692,3216692,20,python
2052097983,110,cuGetProcAddress_v2,0,1635,3216692,3216692,20,python
2052098264,110,cuGetProcAddress_v2,0,1636,3216692,3216692,20,python
2052098544,110,cuGetProcAddress_v2,0,1637,3216692,3216692,20,python
2052099135,131,cuGetProcAddress_v2,0,1638,3216692,3216692,20,python
2052099436,110,cuGetProcAddress_v2,0,1639,3216692,3216692,20,python
2052099716,151,cuGetProcAddress_v2,0,1640,3216692,3216692,20,python
2052100037,140,cuGetProcAddress_v2,0,1641,3216692,3216692,20,python
2052100338,140,cuGetProcAddress_v2,0,1642,3216692,3216692,20,python
2052100738,131,cuGetProcAddress_v2,0,1643,3216692,3216692,20,python
2052101039,150,cuGetProcAddress_v2,0,1644,3216692,3216692,20,python
2052101440,150,cuGetProcAddress_v2,0,1645,3216692,3216692,20,python
2052101750,131,cuGetProcAddress_v2,0,1646,3216692,3216692,20,python
2052102051,130,cuGetProcAddress_v2,0,1647,3216692,3216692,20,python
2052102442,130,cuGetProcAddress_v2,0,1648,3216692,3216692,20,python
2052102742,140,cuGetProcAddress_v2,0,1649,3216692,3216692,20,python
2052103053,150,cuGetProcAddress_v2,0,1650,3216692,3216692,20,python
2052103454,120,cuGetProcAddress_v2,0,1651,3216692,3216692,20,python
2052103744,130,cuGetProcAddress_v2,0,1652,3216692,3216692,20,python
2052104135,140,cuGetProcAddress_v2,0,1653,3216692,3216692,20,python
2052104435,131,cuGetProcAddress_v2,0,1654,3216692,3216692,20,python
2052104736,130,cuGetProcAddress_v2,0,1655,3216692,3216692,20,python
2052105217,170,cuGetProcAddress_v2,0,1656,3216692,3216692,20,python
2052105558,120,cuGetProcAddress_v2,0,1657,3216692,3216692,20,python
2052105848,140,cuGetProcAddress_v2,0,1658,3216692,3216692,20,python
2052106249,140,cuGetProcAddress_v2,0,1659,3216692,3216692,20,python
2052106559,141,cuGetProcAddress_v2,0,1660,3216692,3216692,20,python
2052106870,140,cuGetProcAddress_v2,0,1661,3216692,3216692,20,python
2052107181,160,cuGetProcAddress_v2,0,1662,3216692,3216692,20,python
2052107511,181,cuGetProcAddress_v2,0,1663,3216692,3216692,20,python
2052107862,180,cuGetProcAddress_v2,0,1664,3216692,3216692,20,python
2052108213,170,cuGetProcAddress_v2,0,1665,3216692,3216692,20,python
2052108553,201,cuGetProcAddress_v2,0,1666,3216692,3216692,20,python
2052108914,200,cuGetProcAddress_v2,0,1667,3216692,3216692,20,python
2052109285,140,cuGetProcAddress_v2,0,1668,3216692,3216692,20,python
2052109595,221,cuGetProcAddress_v2,0,1669,3216692,3216692,20,python
2052109986,190,cuGetProcAddress_v2,0,1670,3216692,3216692,20,python
2052110337,160,cuGetProcAddress_v2,0,1671,3216692,3216692,20,python
2052110667,161,cuGetProcAddress_v2,0,1672,3216692,3216692,20,python
2052110998,160,cuGetProcAddress_v2,0,1673,3216692,3216692,20,python
2052111329,190,cuGetProcAddress_v2,0,1674,3216692,3216692,20,python
2052111689,141,cuGetProcAddress_v2,0,1675,3216692,3216692,20,python
2052112000,130,cuGetProcAddress_v2,0,1676,3216692,3216692,20,python
2052112300,181,cuGetProcAddress_v2,0,1677,3216692,3216692,20,python
2052112651,140,cuGetProcAddress_v2,0,1678,3216692,3216692,20,python
2052112952,150,cuGetProcAddress_v2,0,1679,3216692,3216692,20,python
2052113262,161,cuGetProcAddress_v2,0,1680,3216692,3216692,20,python
2052113593,150,cuGetProcAddress_v2,0,1681,3216692,3216692,20,python
2052113914,160,cuGetProcAddress_v2,0,1682,3216692,3216692,20,python
2052114244,150,cuGetProcAddress_v2,0,1683,3216692,3216692,20,python
2052114565,120,cuGetProcAddress_v2,0,1684,3216692,3216692,20,python
2052114845,141,cuGetProcAddress_v2,0,1685,3216692,3216692,20,python
2052115156,200,cuGetProcAddress_v2,0,1686,3216692,3216692,20,python
2052115517,240,cuGetProcAddress_v2,0,1687,3216692,3216692,20,python
2052115917,161,cuGetProcAddress_v2,0,1688,3216692,3216692,20,python
2052116258,180,cuGetProcAddress_v2,0,1689,3216692,3216692,20,python
2052117060,931,cuInit,0,1691,3216692,3216692,20,python
2052118713,140,cuModuleGetLoadingMode,0,1692,3216692,3216692,20,python
2056050900,601,cudaGetDriverEntryPoint_v11030,0,1832,3216692,3216692,20,python
2056052093,380,cudaGetDriverEntryPoint_v11030,0,1834,3216692,3216692,20,python
2063929062,1442,cuInit,0,1838,3216692,3216692,20,python
2063940163,18215,cudaMalloc,0,1840,3216692,3216692,20,python
2063959179,2355,cudaEventCreateWithFlags,0,1841,3216692,3216692,20,python
2063961724,471,cudaEventCreateWithFlags,0,1842,3216692,3216692,20,python
2063962375,421,cudaEventCreateWithFlags,0,1843,3216692,3216692,20,python
2063962967,2134,cudaEventCreateWithFlags,0,1844,3216692,3216692,20,python
2063965301,451,cudaEventCreateWithFlags,0,1845,3216692,3216692,20,python
2063965922,421,cudaEventCreateWithFlags,0,1846,3216692,3216692,20,python
2063966503,411,cudaEventCreateWithFlags,0,1847,3216692,3216692,20,python
2063967084,401,cudaEventCreateWithFlags,0,1848,3216692,3216692,20,python
2063967736,4148,cudaMalloc,0,1849,3216692,3216692,20,python
2063972164,1894,cudaEventCreateWithFlags,0,1850,3216692,3216692,20,python
2063974258,461,cudaEventCreateWithFlags,0,1851,3216692,3216692,20,python
2063974909,401,cudaEventCreateWithFlags,0,1852,3216692,3216692,20,python
2063975470,411,cudaEventCreateWithFlags,0,1853,3216692,3216692,20,python
2063976042,400,cudaEventCreateWithFlags,0,1854,3216692,3216692,20,python
2063976613,400,cudaEventCreateWithFlags,0,1855,3216692,3216692,20,python
2063977174,410,cudaEventCreateWithFlags,0,1856,3216692,3216692,20,python
2063977795,401,cudaEventCreateWithFlags,0,1857,3216692,3216692,20,python
2063978406,158163,cudaMalloc,0,1858,3216692,3216692,20,python
2064137110,962,cudaEventCreateWithFlags,0,1859,3216692,3216692,20,python
2064138272,2655,cudaEventCreateWithFlags,0,1860,3216692,3216692,20,python
2064228475,871,cuInit,0,1861,3216692,3216692,20,python
2064232833,1353,cudaFree,0,1862,3216692,3216692,20,python
2064239837,4849,cudaMalloc,0,1865,3216692,3216692,20,python
2064245046,622,cudaEventCreateWithFlags,0,1866,3216692,3216692,20,python
2064245848,421,cudaEventCreateWithFlags,0,1867,3216692,3216692,20,python
2064246439,17263,cudaEventCreateWithFlags,0,1868,3216692,3216692,20,python
2064263903,440,cudaEventCreateWithFlags,0,1869,3216692,3216692,20,python
2064264514,411,cudaEventCreateWithFlags,0,1870,3216692,3216692,20,python
2064265095,411,cudaEventCreateWithFlags,0,1871,3216692,3216692,20,python
2064265666,411,cudaEventCreateWithFlags,0,1872,3216692,3216692,20,python
2064266247,401,cudaEventCreateWithFlags,0,1873,3216692,3216692,20,python
2064266868,3106,cudaMalloc,0,1874,3216692,3216692,20,python
2064271687,511,cudaEventCreateWithFlags,0,1875,3216692,3216692,20,python
2064272389,421,cudaEventCreateWithFlags,0,1876,3216692,3216692,20,python
2064272990,421,cudaEventCreateWithFlags,0,1877,3216692,3216692,20,python
2064273591,421,cudaEventCreateWithFlags,0,1878,3216692,3216692,20,python
2064274182,401,cudaEventCreateWithFlags,0,1879,3216692,3216692,20,python
2064274813,411,cudaEventCreateWithFlags,0,1880,3216692,3216692,20,python
2064275395,400,cudaEventCreateWithFlags,0,1881,3216692,3216692,20,python
2064275976,1623,cudaEventCreateWithFlags,0,1882,3216692,3216692,20,python
2064277839,75224,cudaMalloc,0,1883,3216692,3216692,20,python
2064353694,4740,cudaEventCreateWithFlags,0,1884,3216692,3216692,20,python
2064358734,461,cudaEventCreateWithFlags,0,1885,3216692,3216692,20,python
2064378853,1361847,cudaStreamCreateWithFlags,0,1886,3216692,3216692,20,python
2065741441,1733,cudaEventCreate,0,1887,3216692,3216692,20,python
2065743635,712,cudaFree,0,1888,3216692,3216692,20,python
2065749887,6603,cudaMalloc,0,1891,3216692,3216692,20,python
2065756921,591,cudaEventCreateWithFlags,0,1892,3216692,3216692,20,python
2065757692,441,cudaEventCreateWithFlags,0,1893,3216692,3216692,20,python
2065758303,421,cudaEventCreateWithFlags,0,1894,3216692,3216692,20,python
2065758894,421,cudaEventCreateWithFlags,0,1895,3216692,3216692,20,python
2065759476,410,cudaEventCreateWithFlags,0,1896,3216692,3216692,20,python
2065760057,400,cudaEventCreateWithFlags,0,1897,3216692,3216692,20,python
2065760628,1633,cudaEventCreateWithFlags,0,1898,3216692,3216692,20,python
2065762451,441,cudaEventCreateWithFlags,0,1899,3216692,3216692,20,python
2065763143,3045,cudaMalloc,0,1900,3216692,3216692,20,python
2065766509,481,cudaEventCreateWithFlags,0,1901,3216692,3216692,20,python
2065767180,411,cudaEventCreateWithFlags,0,1902,3216692,3216692,20,python
2065767761,401,cudaEventCreateWithFlags,0,1903,3216692,3216692,20,python
2065768333,1603,cudaEventCreateWithFlags,0,1904,3216692,3216692,20,python
2065770136,461,cudaEventCreateWithFlags,0,1905,3216692,3216692,20,python
2065770767,401,cudaEventCreateWithFlags,0,1906,3216692,3216692,20,python
2065771338,401,cudaEventCreateWithFlags,0,1907,3216692,3216692,20,python
2065771909,401,cudaEventCreateWithFlags,0,1908,3216692,3216692,20,python
2065772541,64844,cudaMalloc,0,1909,3216692,3216692,20,python
2065837886,741,cudaEventCreateWithFlags,0,1910,3216692,3216692,20,python
2065838828,420,cudaEventCreateWithFlags,0,1911,3216692,3216692,20,python
2065859557,4218,cudaStreamCreateWithFlags,0,1912,3216692,3216692,20,python
2065864016,831,cudaEventCreate,0,1913,3216692,3216692,20,python
2065865118,391,cudaFree,0,1914,3216692,3216692,20,python
2065869887,3677,cudaMalloc,0,1917,3216692,3216692,20,python
2065873915,511,cudaEventCreateWithFlags,0,1918,3216692,3216692,20,python
2065874606,401,cudaEventCreateWithFlags,0,1919,3216692,3216692,20,python
2065875167,401,cudaEventCreateWithFlags,0,1920,3216692,3216692,20,python
2065875728,1603,cudaEventCreateWithFlags,0,1921,3216692,3216692,20,python
2065877522,440,cudaEventCreateWithFlags,0,1922,3216692,3216692,20,python
2065878133,401,cudaEventCreateWithFlags,0,1923,3216692,3216692,20,python
2065878704,391,cudaEventCreateWithFlags,0,1924,3216692,3216692,20,python
2065879255,391,cudaEventCreateWithFlags,0,1925,3216692,3216692,20,python
2065879906,2846,cudaMalloc,0,1926,3216692,3216692,20,python
2065883042,1804,cudaEventCreateWithFlags,0,1927,3216692,3216692,20,python
2065885046,451,cudaEventCreateWithFlags,0,1928,3216692,3216692,20,python
2065885657,391,cudaEventCreateWithFlags,0,1929,3216692,3216692,20,python
2065886218,391,cudaEventCreateWithFlags,0,1930,3216692,3216692,20,python
2065886769,391,cudaEventCreateWithFlags,0,1931,3216692,3216692,20,python
2065887400,391,cudaEventCreateWithFlags,0,1932,3216692,3216692,20,python
2065887962,380,cudaEventCreateWithFlags,0,1933,3216692,3216692,20,python
2065888583,391,cudaEventCreateWithFlags,0,1934,3216692,3216692,20,python
2065889204,67710,cudaMalloc,0,1935,3216692,3216692,20,python
2065957445,801,cudaEventCreateWithFlags,0,1936,3216692,3216692,20,python
2065958447,420,cudaEventCreateWithFlags,0,1937,3216692,3216692,20,python
2065979547,5200,cudaStreamCreateWithFlags,0,1938,3216692,3216692,20,python
2065984967,742,cudaEventCreate,0,1939,3216692,3216692,20,python
2065987352,59043,cudaMalloc,0,1940,3216692,3216692,20,python
2066054901,681,cudaFree,0,1941,3216692,3216692,20,python
2066134564,511,cuGetProcAddress_v2,0,1942,3216692,3216692,20,python
2066135335,511,cuGetProcAddress_v2,0,1943,3216692,3216692,20,python
2066136177,591,cuGetProcAddress_v2,0,1944,3216692,3216692,20,python
2066136958,231,cuGetProcAddress_v2,0,1945,3216692,3216692,20,python
2066137469,231,cuGetProcAddress_v2,0,1946,3216692,3216692,20,python
2066137960,361,cuGetProcAddress_v2,0,1947,3216692,3216692,20,python
2066138521,341,cuGetProcAddress_v2,0,1948,3216692,3216692,20,python
2066139032,461,cuGetProcAddress_v2,0,1949,3216692,3216692,20,python
2066139683,461,cuGetProcAddress_v2,0,1950,3216692,3216692,20,python
2066140425,230,cuGetProcAddress_v2,0,1951,3216692,3216692,20,python
2066140856,340,cuGetProcAddress_v2,0,1952,3216692,3216692,20,python
2066141387,320,cuGetProcAddress_v2,0,1953,3216692,3216692,20,python
2066141988,230,cuGetProcAddress_v2,0,1954,3216692,3216692,20,python
2066142399,140,cuGetProcAddress_v2,0,1955,3216692,3216692,20,python
2066142709,521,cuGetProcAddress_v2,0,1956,3216692,3216692,20,python
2066143411,390,cuGetProcAddress_v2,0,1957,3216692,3216692,20,python
2066143962,240,cuGetProcAddress_v2,0,1958,3216692,3216692,20,python
2066144483,230,cuGetProcAddress_v2,0,1959,3216692,3216692,20,python
2066144893,361,cuGetProcAddress_v2,0,1960,3216692,3216692,20,python
2066145424,211,cuGetProcAddress_v2,0,1961,3216692,3216692,20,python
2066146016,260,cuGetProcAddress_v2,0,1962,3216692,3216692,20,python
2066146456,151,cuGetProcAddress_v2,0,1963,3216692,3216692,20,python
2066146867,251,cuGetProcAddress_v2,0,1964,3216692,3216692,20,python
2066147298,321,cuGetProcAddress_v2,0,1965,3216692,3216692,20,python
2066147799,260,cuGetProcAddress_v2,0,1966,3216692,3216692,20,python
2066148240,130,cuGetProcAddress_v2,0,1967,3216692,3216692,20,python
2066148570,271,cuGetProcAddress_v2,0,1968,3216692,3216692,20,python
2066149011,301,cuGetProcAddress_v2,0,1969,3216692,3216692,20,python
2066149482,231,cuGetProcAddress_v2,0,1970,3216692,3216692,20,python
2066149913,200,cuGetProcAddress_v2,0,1971,3216692,3216692,20,python
2066150284,220,cuGetProcAddress_v2,0,1972,3216692,3216692,20,python
2066150685,200,cuGetProcAddress_v2,0,1973,3216692,3216692,20,python
2066151055,331,cuGetProcAddress_v2,0,1974,3216692,3216692,20,python
2066151566,140,cuGetProcAddress_v2,0,1975,3216692,3216692,20,python
2066151907,220,cuGetProcAddress_v2,0,1976,3216692,3216692,20,python
2066152298,170,cuGetProcAddress_v2,0,1977,3216692,3216692,20,python
2066152658,231,cuGetProcAddress_v2,0,1978,3216692,3216692,20,python
2066153059,230,cuGetProcAddress_v2,0,1979,3216692,3216692,20,python
2066153470,411,cuGetProcAddress_v2,0,1980,3216692,3216692,20,python
2066154051,210,cuGetProcAddress_v2,0,1981,3216692,3216692,20,python
2066154442,310,cuGetProcAddress_v2,0,1982,3216692,3216692,20,python
2066154933,230,cuGetProcAddress_v2,0,1983,3216692,3216692,20,python
2066155323,481,cuGetProcAddress_v2,0,1984,3216692,3216692,20,python
2066155975,200,cuGetProcAddress_v2,0,1985,3216692,3216692,20,python
2066156446,250,cuGetProcAddress_v2,0,1986,3216692,3216692,20,python
2066156876,281,cuGetProcAddress_v2,0,1987,3216692,3216692,20,python
2066157337,201,cuGetProcAddress_v2,0,1988,3216692,3216692,20,python
2066157708,130,cuGetProcAddress_v2,0,1989,3216692,3216692,20,python
2066158009,290,cuGetProcAddress_v2,0,1990,3216692,3216692,20,python
2066158469,161,cuGetProcAddress_v2,0,1991,3216692,3216692,20,python
2066158810,210,cuGetProcAddress_v2,0,1992,3216692,3216692,20,python
2066159201,521,cuGetProcAddress_v2,0,1993,3216692,3216692,20,python
2066159992,211,cuGetProcAddress_v2,0,1994,3216692,3216692,20,python
2066160363,220,cuGetProcAddress_v2,0,1995,3216692,3216692,20,python
2066160754,230,cuGetProcAddress_v2,0,1996,3216692,3216692,20,python
2066161165,470,cuGetProcAddress_v2,0,1997,3216692,3216692,20,python
2066161806,340,cuGetProcAddress_v2,0,1998,3216692,3216692,20,python
2066162407,200,cuGetProcAddress_v2,0,1999,3216692,3216692,20,python
2066162778,190,cuGetProcAddress_v2,0,2000,3216692,3216692,20,python
2066163138,171,cuGetProcAddress_v2,0,2001,3216692,3216692,20,python
2066163599,221,cuGetProcAddress_v2,0,2002,3216692,3216692,20,python
2066164000,170,cuGetProcAddress_v2,0,2003,3216692,3216692,20,python
2066164431,250,cuGetProcAddress_v2,0,2004,3216692,3216692,20,python
2066164852,150,cuGetProcAddress_v2,0,2005,3216692,3216692,20,python
2066165172,191,cuGetProcAddress_v2,0,2006,3216692,3216692,20,python
2066165633,201,cuGetProcAddress_v2,0,2007,3216692,3216692,20,python
2066166014,220,cuGetProcAddress_v2,0,2008,3216692,3216692,20,python
2066166405,150,cuGetProcAddress_v2,0,2009,3216692,3216692,20,python
2066166735,151,cuGetProcAddress_v2,0,2010,3216692,3216692,20,python
2066167066,210,cuGetProcAddress_v2,0,2011,3216692,3216692,20,python
2066167457,210,cuGetProcAddress_v2,0,2012,3216692,3216692,20,python
2066167847,131,cuGetProcAddress_v2,0,2013,3216692,3216692,20,python
2066168148,190,cuGetProcAddress_v2,0,2014,3216692,3216692,20,python
2066168519,270,cuGetProcAddress_v2,0,2015,3216692,3216692,20,python
2066168970,220,cuGetProcAddress_v2,0,2016,3216692,3216692,20,python
2066169571,200,cuGetProcAddress_v2,0,2017,3216692,3216692,20,python
2066169951,201,cuGetProcAddress_v2,0,2018,3216692,3216692,20,python
2066170322,140,cuGetProcAddress_v2,0,2019,3216692,3216692,20,python
2066170633,130,cuGetProcAddress_v2,0,2020,3216692,3216692,20,python
2066170933,181,cuGetProcAddress_v2,0,2021,3216692,3216692,20,python
2066171414,231,cuGetProcAddress_v2,0,2022,3216692,3216692,20,python
2066171815,130,cuGetProcAddress_v2,0,2023,3216692,3216692,20,python
2066172126,120,cuGetProcAddress_v2,0,2024,3216692,3216692,20,python
2066172416,241,cuGetProcAddress_v2,0,2025,3216692,3216692,20,python
2066172837,311,cuGetProcAddress_v2,0,2026,3216692,3216692,20,python
2066173318,210,cuGetProcAddress_v2,0,2027,3216692,3216692,20,python
2066173709,210,cuGetProcAddress_v2,0,2028,3216692,3216692,20,python
2066174089,131,cuGetProcAddress_v2,0,2029,3216692,3216692,20,python
2066174390,210,cuGetProcAddress_v2,0,2030,3216692,3216692,20,python
2066174771,140,cuGetProcAddress_v2,0,2031,3216692,3216692,20,python
2066175091,381,cuGetProcAddress_v2,0,2032,3216692,3216692,20,python
2066175672,121,cuGetProcAddress_v2,0,2033,3216692,3216692,20,python
2066176073,211,cuGetProcAddress_v2,0,2034,3216692,3216692,20,python
2066176464,150,cuGetProcAddress_v2,0,2035,3216692,3216692,20,python
2066176784,161,cuGetProcAddress_v2,0,2036,3216692,3216692,20,python
2066177265,161,cuGetProcAddress_v2,0,2037,3216692,3216692,20,python
2066177606,291,cuGetProcAddress_v2,0,2038,3216692,3216692,20,python
2066178157,140,cuGetProcAddress_v2,0,2039,3216692,3216692,20,python
2066178478,140,cuGetProcAddress_v2,0,2040,3216692,3216692,20,python
2066178798,221,cuGetProcAddress_v2,0,2041,3216692,3216692,20,python
2066179289,181,cuGetProcAddress_v2,0,2042,3216692,3216692,20,python
2066179650,140,cuGetProcAddress_v2,0,2043,3216692,3216692,20,python
2066180051,220,cuGetProcAddress_v2,0,2044,3216692,3216692,20,python
2066180451,151,cuGetProcAddress_v2,0,2045,3216692,3216692,20,python
2066180772,180,cuGetProcAddress_v2,0,2046,3216692,3216692,20,python
2066181123,160,cuGetProcAddress_v2,0,2047,3216692,3216692,20,python
2066181463,141,cuGetProcAddress_v2,0,2048,3216692,3216692,20,python
2066181784,210,cuGetProcAddress_v2,0,2049,3216692,3216692,20,python
2066182165,130,cuGetProcAddress_v2,0,2050,3216692,3216692,20,python
2066182475,131,cuGetProcAddress_v2,0,2051,3216692,3216692,20,python
2066182866,130,cuGetProcAddress_v2,0,2052,3216692,3216692,20,python
2066183167,160,cuGetProcAddress_v2,0,2053,3216692,3216692,20,python
2066183507,181,cuGetProcAddress_v2,0,2054,3216692,3216692,20,python
2066183868,120,cuGetProcAddress_v2,0,2055,3216692,3216692,20,python
2066184169,110,cuGetProcAddress_v2,0,2056,3216692,3216692,20,python
2066184449,120,cuGetProcAddress_v2,0,2057,3216692,3216692,20,python
2066184830,120,cuGetProcAddress_v2,0,2058,3216692,3216692,20,python
2066185231,120,cuGetProcAddress_v2,0,2059,3216692,3216692,20,python
2066185511,110,cuGetProcAddress_v2,0,2060,3216692,3216692,20,python
2066185792,120,cuGetProcAddress_v2,0,2061,3216692,3216692,20,python
2066186082,191,cuGetProcAddress_v2,0,2062,3216692,3216692,20,python
2066186443,110,cuGetProcAddress_v2,0,2063,3216692,3216692,20,python
2066186723,111,cuGetProcAddress_v2,0,2064,3216692,3216692,20,python
2066187004,220,cuGetProcAddress_v2,0,2065,3216692,3216692,20,python
2066187395,120,cuGetProcAddress_v2,0,2066,3216692,3216692,20,python
2066187675,131,cuGetProcAddress_v2,0,2067,3216692,3216692,20,python
2066187976,160,cuGetProcAddress_v2,0,2068,3216692,3216692,20,python
2066188317,210,cuGetProcAddress_v2,0,2069,3216692,3216692,20,python
2066188697,181,cuGetProcAddress_v2,0,2070,3216692,3216692,20,python
2066189048,140,cuGetProcAddress_v2,0,2071,3216692,3216692,20,python
2066189369,210,cuGetProcAddress_v2,0,2072,3216692,3216692,20,python
2066189749,261,cuGetProcAddress_v2,0,2073,3216692,3216692,20,python
2066190270,161,cuGetProcAddress_v2,0,2074,3216692,3216692,20,python
2066190601,180,cuGetProcAddress_v2,0,2075,3216692,3216692,20,python
2066190962,150,cuGetProcAddress_v2,0,2076,3216692,3216692,20,python
2066191302,391,cuGetProcAddress_v2,0,2077,3216692,3216692,20,python
2066191863,191,cuGetProcAddress_v2,0,2078,3216692,3216692,20,python
2066192314,171,cuGetProcAddress_v2,0,2079,3216692,3216692,20,python
2066192895,131,cuGetProcAddress_v2,0,2080,3216692,3216692,20,python
2066193196,210,cuGetProcAddress_v2,0,2081,3216692,3216692,20,python
2066193577,180,cuGetProcAddress_v2,0,2082,3216692,3216692,20,python
2066193927,131,cuGetProcAddress_v2,0,2083,3216692,3216692,20,python
2066194328,120,cuGetProcAddress_v2,0,2084,3216692,3216692,20,python
2066194839,130,cuGetProcAddress_v2,0,2085,3216692,3216692,20,python
2066195140,190,cuGetProcAddress_v2,0,2086,3216692,3216692,20,python
2066195490,261,cuGetProcAddress_v2,0,2087,3216692,3216692,20,python
2066195931,150,cuGetProcAddress_v2,0,2088,3216692,3216692,20,python
2066196252,160,cuGetProcAddress_v2,0,2089,3216692,3216692,20,python
2066196582,181,cuGetProcAddress_v2,0,2090,3216692,3216692,20,python
2066196933,160,cuGetProcAddress_v2,0,2091,3216692,3216692,20,python
2066197354,220,cuGetProcAddress_v2,0,2092,3216692,3216692,20,python
2066197745,270,cuGetProcAddress_v2,0,2093,3216692,3216692,20,python
2066198175,201,cuGetProcAddress_v2,0,2094,3216692,3216692,20,python
2066198546,120,cuGetProcAddress_v2,0,2095,3216692,3216692,20,python
2066198847,130,cuGetProcAddress_v2,0,2096,3216692,3216692,20,python
2066199147,151,cuGetProcAddress_v2,0,2097,3216692,3216692,20,python
2066199468,130,cuGetProcAddress_v2,0,2098,3216692,3216692,20,python
2066199768,131,cuGetProcAddress_v2,0,2099,3216692,3216692,20,python
2066200069,210,cuGetProcAddress_v2,0,2100,3216692,3216692,20,python
2066200450,150,cuGetProcAddress_v2,0,2101,3216692,3216692,20,python
2066200770,211,cuGetProcAddress_v2,0,2102,3216692,3216692,20,python
2066201251,121,cuGetProcAddress_v2,0,2103,3216692,3216692,20,python
2066201552,310,cuGetProcAddress_v2,0,2104,3216692,3216692,20,python
2066202023,140,cuGetProcAddress_v2,0,2105,3216692,3216692,20,python
2066202664,160,cuGetProcAddress_v2,0,2106,3216692,3216692,20,python
2066202995,170,cuGetProcAddress_v2,0,2107,3216692,3216692,20,python
2066203335,121,cuGetProcAddress_v2,0,2108,3216692,3216692,20,python
2066203626,160,cuGetProcAddress_v2,0,2109,3216692,3216692,20,python
2066203956,231,cuGetProcAddress_v2,0,2110,3216692,3216692,20,python
2066204357,141,cuGetProcAddress_v2,0,2111,3216692,3216692,20,python
2066204678,190,cuGetProcAddress_v2,0,2112,3216692,3216692,20,python
2066205039,130,cuGetProcAddress_v2,0,2113,3216692,3216692,20,python
2066205429,201,cuGetProcAddress_v2,0,2114,3216692,3216692,20,python
2066205800,160,cuGetProcAddress_v2,0,2115,3216692,3216692,20,python
2066206241,330,cuGetProcAddress_v2,0,2116,3216692,3216692,20,python
2066206742,200,cuGetProcAddress_v2,0,2117,3216692,3216692,20,python
2066207113,250,cuGetProcAddress_v2,0,2118,3216692,3216692,20,python
2066207634,180,cuGetProcAddress_v2,0,2119,3216692,3216692,20,python
2066207994,140,cuGetProcAddress_v2,0,2120,3216692,3216692,20,python
2066208305,180,cuGetProcAddress_v2,0,2121,3216692,3216692,20,python
2066208666,160,cuGetProcAddress_v2,0,2122,3216692,3216692,20,python
2066208996,140,cuGetProcAddress_v2,0,2123,3216692,3216692,20,python
2066209397,130,cuGetProcAddress_v2,0,2124,3216692,3216692,20,python
2066209697,151,cuGetProcAddress_v2,0,2125,3216692,3216692,20,python
2066210028,190,cuGetProcAddress_v2,0,2126,3216692,3216692,20,python
2066210479,120,cuGetProcAddress_v2,0,2127,3216692,3216692,20,python
2066210790,120,cuGetProcAddress_v2,0,2128,3216692,3216692,20,python
2066211080,150,cuGetProcAddress_v2,0,2129,3216692,3216692,20,python
2066211401,140,cuGetProcAddress_v2,0,2130,3216692,3216692,20,python
2066211721,201,cuGetProcAddress_v2,0,2131,3216692,3216692,20,python
2066212092,130,cuGetProcAddress_v2,0,2132,3216692,3216692,20,python
2066212393,120,cuGetProcAddress_v2,0,2133,3216692,3216692,20,python
2066212683,181,cuGetProcAddress_v2,0,2134,3216692,3216692,20,python
2066213124,120,cuGetProcAddress_v2,0,2135,3216692,3216692,20,python
2066213425,130,cuGetProcAddress_v2,0,2136,3216692,3216692,20,python
2066213725,120,cuGetProcAddress_v2,0,2137,3216692,3216692,20,python
2066214106,120,cuGetProcAddress_v2,0,2138,3216692,3216692,20,python
2066214396,171,cuGetProcAddress_v2,0,2139,3216692,3216692,20,python
2066214737,130,cuGetProcAddress_v2,0,2140,3216692,3216692,20,python
2066215048,120,cuGetProcAddress_v2,0,2141,3216692,3216692,20,python
2066215338,191,cuGetProcAddress_v2,0,2142,3216692,3216692,20,python
2066215789,120,cuGetProcAddress_v2,0,2143,3216692,3216692,20,python
2066216340,150,cuGetProcAddress_v2,0,2144,3216692,3216692,20,python
2066216661,150,cuGetProcAddress_v2,0,2145,3216692,3216692,20,python
2066217072,300,cuGetProcAddress_v2,0,2146,3216692,3216692,20,python
2066217542,181,cuGetProcAddress_v2,0,2147,3216692,3216692,20,python
2066217893,391,cuGetProcAddress_v2,0,2148,3216692,3216692,20,python
2066218454,130,cuGetProcAddress_v2,0,2149,3216692,3216692,20,python
2066218755,230,cuGetProcAddress_v2,0,2150,3216692,3216692,20,python
2066219246,180,cuGetProcAddress_v2,0,2151,3216692,3216692,20,python
2066219606,191,cuGetProcAddress_v2,0,2152,3216692,3216692,20,python
2066219967,150,cuGetProcAddress_v2,0,2153,3216692,3216692,20,python
2066220378,150,cuGetProcAddress_v2,0,2154,3216692,3216692,20,python
2066220699,140,cuGetProcAddress_v2,0,2155,3216692,3216692,20,python
2066221099,131,cuGetProcAddress_v2,0,2156,3216692,3216692,20,python
2066221400,140,cuGetProcAddress_v2,0,2157,3216692,3216692,20,python
2066221710,211,cuGetProcAddress_v2,0,2158,3216692,3216692,20,python
2066222191,131,cuGetProcAddress_v2,0,2159,3216692,3216692,20,python
2066222502,180,cuGetProcAddress_v2,0,2160,3216692,3216692,20,python
2066222863,170,cuGetProcAddress_v2,0,2161,3216692,3216692,20,python
2066223203,141,cuGetProcAddress_v2,0,2162,3216692,3216692,20,python
2066223514,140,cuGetProcAddress_v2,0,2163,3216692,3216692,20,python
2066223915,170,cuGetProcAddress_v2,0,2164,3216692,3216692,20,python
2066224255,121,cuGetProcAddress_v2,0,2165,3216692,3216692,20,python
2066224546,190,cuGetProcAddress_v2,0,2166,3216692,3216692,20,python
2066224907,130,cuGetProcAddress_v2,0,2167,3216692,3216692,20,python
2066225217,140,cuGetProcAddress_v2,0,2168,3216692,3216692,20,python
2066225528,150,cuGetProcAddress_v2,0,2169,3216692,3216692,20,python
2066225848,121,cuGetProcAddress_v2,0,2170,3216692,3216692,20,python
2066226209,130,cuGetProcAddress_v2,0,2171,3216692,3216692,20,python
2066226510,130,cuGetProcAddress_v2,0,2172,3216692,3216692,20,python
2066226810,110,cuGetProcAddress_v2,0,2173,3216692,3216692,20,python
2066227091,180,cuGetProcAddress_v2,0,2174,3216692,3216692,20,python
2066227441,121,cuGetProcAddress_v2,0,2175,3216692,3216692,20,python
2066227742,200,cuGetProcAddress_v2,0,2176,3216692,3216692,20,python
2066228113,170,cuGetProcAddress_v2,0,2177,3216692,3216692,20,python
2066228544,160,cuGetProcAddress_v2,0,2178,3216692,3216692,20,python
2066228884,130,cuGetProcAddress_v2,0,2179,3216692,3216692,20,python
2066229185,170,cuGetProcAddress_v2,0,2180,3216692,3216692,20,python
2066229515,161,cuGetProcAddress_v2,0,2181,3216692,3216692,20,python
2066229846,200,cuGetProcAddress_v2,0,2182,3216692,3216692,20,python
2066230307,130,cuGetProcAddress_v2,0,2183,3216692,3216692,20,python
2066230618,140,cuGetProcAddress_v2,0,2184,3216692,3216692,20,python
2066230928,130,cuGetProcAddress_v2,0,2185,3216692,3216692,20,python
2066231229,130,cuGetProcAddress_v2,0,2186,3216692,3216692,20,python
2066231529,151,cuGetProcAddress_v2,0,2187,3216692,3216692,20,python
2066232080,201,cuGetProcAddress_v2,0,2188,3216692,3216692,20,python
2066232451,160,cuGetProcAddress_v2,0,2189,3216692,3216692,20,python
2066232782,170,cuGetProcAddress_v2,0,2190,3216692,3216692,20,python
2066233212,181,cuGetProcAddress_v2,0,2191,3216692,3216692,20,python
2066233573,130,cuGetProcAddress_v2,0,2192,3216692,3216692,20,python
2066233874,130,cuGetProcAddress_v2,0,2193,3216692,3216692,20,python
2066234265,120,cuGetProcAddress_v2,0,2194,3216692,3216692,20,python
2066234545,160,cuGetProcAddress_v2,0,2195,3216692,3216692,20,python
2066234876,130,cuGetProcAddress_v2,0,2196,3216692,3216692,20,python
2066235176,161,cuGetProcAddress_v2,0,2197,3216692,3216692,20,python
2066235507,160,cuGetProcAddress_v2,0,2198,3216692,3216692,20,python
2066235928,160,cuGetProcAddress_v2,0,2199,3216692,3216692,20,python
2066236268,151,cuGetProcAddress_v2,0,2200,3216692,3216692,20,python
2066236589,160,cuGetProcAddress_v2,0,2201,3216692,3216692,20,python
2066236920,150,cuGetProcAddress_v2,0,2202,3216692,3216692,20,python
2066237230,150,cuGetProcAddress_v2,0,2203,3216692,3216692,20,python
2066237651,170,cuGetProcAddress_v2,0,2204,3216692,3216692,20,python
2066237992,180,cuGetProcAddress_v2,0,2205,3216692,3216692,20,python
2066238332,151,cuGetProcAddress_v2,0,2206,3216692,3216692,20,python
2066238653,120,cuGetProcAddress_v2,0,2207,3216692,3216692,20,python
2066238953,161,cuGetProcAddress_v2,0,2208,3216692,3216692,20,python
2066239284,140,cuGetProcAddress_v2,0,2209,3216692,3216692,20,python
2066239885,261,cuGetProcAddress_v2,0,2210,3216692,3216692,20,python
2066240316,160,cuGetProcAddress_v2,0,2211,3216692,3216692,20,python
2066240737,140,cuGetProcAddress_v2,0,2212,3216692,3216692,20,python
2066241058,140,cuGetProcAddress_v2,0,2213,3216692,3216692,20,python
2066241368,261,cuGetProcAddress_v2,0,2214,3216692,3216692,20,python
2066241799,160,cuGetProcAddress_v2,0,2215,3216692,3216692,20,python
2066242130,210,cuGetProcAddress_v2,0,2216,3216692,3216692,20,python
2066242510,181,cuGetProcAddress_v2,0,2217,3216692,3216692,20,python
2066242861,150,cuGetProcAddress_v2,0,2218,3216692,3216692,20,python
2066243182,220,cuGetProcAddress_v2,0,2219,3216692,3216692,20,python
2066243572,191,cuGetProcAddress_v2,0,2220,3216692,3216692,20,python
2066243933,150,cuGetProcAddress_v2,0,2221,3216692,3216692,20,python
2066244264,110,cuGetProcAddress_v2,0,2222,3216692,3216692,20,python
2066244554,171,cuGetProcAddress_v2,0,2223,3216692,3216692,20,python
2066244895,190,cuGetProcAddress_v2,0,2224,3216692,3216692,20,python
2066245256,250,cuGetProcAddress_v2,0,2225,3216692,3216692,20,python
2066245676,341,cuGetProcAddress_v2,0,2226,3216692,3216692,20,python
2066246197,201,cuGetProcAddress_v2,0,2227,3216692,3216692,20,python
2066246658,191,cuGetProcAddress_v2,0,2228,3216692,3216692,20,python
2066247019,130,cuGetProcAddress_v2,0,2229,3216692,3216692,20,python
2066247309,161,cuGetProcAddress_v2,0,2230,3216692,3216692,20,python
2066247710,161,cuGetProcAddress_v2,0,2231,3216692,3216692,20,python
2066248031,180,cuGetProcAddress_v2,0,2232,3216692,3216692,20,python
2066248392,210,cuGetProcAddress_v2,0,2233,3216692,3216692,20,python
2066248862,121,cuGetProcAddress_v2,0,2234,3216692,3216692,20,python
2066249153,391,cuGetProcAddress_v2,0,2235,3216692,3216692,20,python
2066249804,221,cuGetProcAddress_v2,0,2236,3216692,3216692,20,python
2066250185,180,cuGetProcAddress_v2,0,2237,3216692,3216692,20,python
2066250536,150,cuGetProcAddress_v2,0,2238,3216692,3216692,20,python
2066250966,131,cuGetProcAddress_v2,0,2239,3216692,3216692,20,python
2066251267,160,cuGetProcAddress_v2,0,2240,3216692,3216692,20,python
2066251598,130,cuGetProcAddress_v2,0,2241,3216692,3216692,20,python
2066251908,121,cuGetProcAddress_v2,0,2242,3216692,3216692,20,python
2066252199,160,cuGetProcAddress_v2,0,2243,3216692,3216692,20,python
2066252620,150,cuGetProcAddress_v2,0,2244,3216692,3216692,20,python
2066252940,161,cuGetProcAddress_v2,0,2245,3216692,3216692,20,python
2066253281,150,cuGetProcAddress_v2,0,2246,3216692,3216692,20,python
2066253602,130,cuGetProcAddress_v2,0,2247,3216692,3216692,20,python
2066253912,150,cuGetProcAddress_v2,0,2248,3216692,3216692,20,python
2066254233,170,cuGetProcAddress_v2,0,2249,3216692,3216692,20,python
2066254573,141,cuGetProcAddress_v2,0,2250,3216692,3216692,20,python
2066254884,160,cuGetProcAddress_v2,0,2251,3216692,3216692,20,python
2066255215,140,cuGetProcAddress_v2,0,2252,3216692,3216692,20,python
2066255535,130,cuGetProcAddress_v2,0,2253,3216692,3216692,20,python
2066255836,160,cuGetProcAddress_v2,0,2254,3216692,3216692,20,python
2066256176,151,cuGetProcAddress_v2,0,2255,3216692,3216692,20,python
2066256507,130,cuGetProcAddress_v2,0,2256,3216692,3216692,20,python
2066256808,190,cuGetProcAddress_v2,0,2257,3216692,3216692,20,python
2066257178,171,cuGetProcAddress_v2,0,2258,3216692,3216692,20,python
2066257519,120,cuGetProcAddress_v2,0,2259,3216692,3216692,20,python
2066257820,150,cuGetProcAddress_v2,0,2260,3216692,3216692,20,python
2066258140,130,cuGetProcAddress_v2,0,2261,3216692,3216692,20,python
2066258441,150,cuGetProcAddress_v2,0,2262,3216692,3216692,20,python
2066258761,131,cuGetProcAddress_v2,0,2263,3216692,3216692,20,python
2066259062,120,cuGetProcAddress_v2,0,2264,3216692,3216692,20,python
2066259353,140,cuGetProcAddress_v2,0,2265,3216692,3216692,20,python
2066259673,160,cuGetProcAddress_v2,0,2266,3216692,3216692,20,python
2066260014,160,cuGetProcAddress_v2,0,2267,3216692,3216692,20,python
2066260344,171,cuGetProcAddress_v2,0,2268,3216692,3216692,20,python
2066260685,160,cuGetProcAddress_v2,0,2269,3216692,3216692,20,python
2066261016,130,cuGetProcAddress_v2,0,2270,3216692,3216692,20,python
2066261406,191,cuGetProcAddress_v2,0,2271,3216692,3216692,20,python
2066261777,221,cuGetProcAddress_v2,0,2272,3216692,3216692,20,python
2066262178,200,cuGetProcAddress_v2,0,2273,3216692,3216692,20,python
2066262629,160,cuGetProcAddress_v2,0,2274,3216692,3216692,20,python
2066262959,381,cuGetProcAddress_v2,0,2275,3216692,3216692,20,python
2066263611,170,cuGetProcAddress_v2,0,2276,3216692,3216692,20,python
2066263961,171,cuGetProcAddress_v2,0,2277,3216692,3216692,20,python
2066264302,210,cuGetProcAddress_v2,0,2278,3216692,3216692,20,python
2066264773,190,cuGetProcAddress_v2,0,2279,3216692,3216692,20,python
2066265134,170,cuGetProcAddress_v2,0,2280,3216692,3216692,20,python
2066265474,141,cuGetProcAddress_v2,0,2281,3216692,3216692,20,python
2066265795,220,cuGetProcAddress_v2,0,2282,3216692,3216692,20,python
2066266186,130,cuGetProcAddress_v2,0,2283,3216692,3216692,20,python
2066266576,201,cuGetProcAddress_v2,0,2284,3216692,3216692,20,python
2066266947,150,cuGetProcAddress_v2,0,2285,3216692,3216692,20,python
2066267268,120,cuGetProcAddress_v2,0,2286,3216692,3216692,20,python
2066267688,131,cuGetProcAddress_v2,0,2287,3216692,3216692,20,python
2066267999,130,cuGetProcAddress_v2,0,2288,3216692,3216692,20,python
2066268310,120,cuGetProcAddress_v2,0,2289,3216692,3216692,20,python
2066268600,120,cuGetProcAddress_v2,0,2290,3216692,3216692,20,python
2066268901,130,cuGetProcAddress_v2,0,2291,3216692,3216692,20,python
2066269211,111,cuGetProcAddress_v2,0,2292,3216692,3216692,20,python
2066269502,170,cuGetProcAddress_v2,0,2293,3216692,3216692,20,python
2066269843,140,cuGetProcAddress_v2,0,2294,3216692,3216692,20,python
2066270153,140,cuGetProcAddress_v2,0,2295,3216692,3216692,20,python
2066270474,130,cuGetProcAddress_v2,0,2296,3216692,3216692,20,python
2066270784,141,cuGetProcAddress_v2,0,2297,3216692,3216692,20,python
2066271105,140,cuGetProcAddress_v2,0,2298,3216692,3216692,20,python
2066271426,170,cuGetProcAddress_v2,0,2299,3216692,3216692,20,python
2066271766,131,cuGetProcAddress_v2,0,2300,3216692,3216692,20,python
2066272077,160,cuGetProcAddress_v2,0,2301,3216692,3216692,20,python
2066272408,150,cuGetProcAddress_v2,0,2302,3216692,3216692,20,python
2066272989,130,cuGetProcAddress_v2,0,2303,3216692,3216692,20,python
2066273289,191,cuGetProcAddress_v2,0,2304,3216692,3216692,20,python
2066273650,130,cuGetProcAddress_v2,0,2305,3216692,3216692,20,python
2066273950,121,cuGetProcAddress_v2,0,2306,3216692,3216692,20,python
2066274251,160,cuGetProcAddress_v2,0,2307,3216692,3216692,20,python
2066274582,160,cuGetProcAddress_v2,0,2308,3216692,3216692,20,python
2066274912,151,cuGetProcAddress_v2,0,2309,3216692,3216692,20,python
2066275233,120,cuGetProcAddress_v2,0,2310,3216692,3216692,20,python
2066275523,211,cuGetProcAddress_v2,0,2311,3216692,3216692,20,python
2066275914,181,cuGetProcAddress_v2,0,2312,3216692,3216692,20,python
2066276325,180,cuGetProcAddress_v2,0,2313,3216692,3216692,20,python
2066276776,150,cuGetProcAddress_v2,0,2314,3216692,3216692,20,python
2066277086,181,cuGetProcAddress_v2,0,2315,3216692,3216692,20,python
2066277547,141,cuGetProcAddress_v2,0,2316,3216692,3216692,20,python
2066277858,130,cuGetProcAddress_v2,0,2317,3216692,3216692,20,python
2066278159,130,cuGetProcAddress_v2,0,2318,3216692,3216692,20,python
2066278579,141,cuGetProcAddress_v2,0,2319,3216692,3216692,20,python
2066278890,140,cuGetProcAddress_v2,0,2320,3216692,3216692,20,python
2066279211,140,cuGetProcAddress_v2,0,2321,3216692,3216692,20,python
2066279641,121,cuGetProcAddress_v2,0,2322,3216692,3216692,20,python
2066279932,130,cuGetProcAddress_v2,0,2323,3216692,3216692,20,python
2066280353,130,cuGetProcAddress_v2,0,2324,3216692,3216692,20,python
2066280804,120,cuGetProcAddress_v2,0,2325,3216692,3216692,20,python
2066281104,130,cuGetProcAddress_v2,0,2326,3216692,3216692,20,python
2066281515,170,cuGetProcAddress_v2,0,2327,3216692,3216692,20,python
2066281856,140,cuGetProcAddress_v2,0,2328,3216692,3216692,20,python
2066282166,150,cuGetProcAddress_v2,0,2329,3216692,3216692,20,python
2066282597,150,cuGetProcAddress_v2,0,2330,3216692,3216692,20,python
2066282918,160,cuGetProcAddress_v2,0,2331,3216692,3216692,20,python
2066283248,171,cuGetProcAddress_v2,0,2332,3216692,3216692,20,python
2066283589,160,cuGetProcAddress_v2,0,2333,3216692,3216692,20,python
2066283930,190,cuGetProcAddress_v2,0,2334,3216692,3216692,20,python
2066284280,181,cuGetProcAddress_v2,0,2335,3216692,3216692,20,python
2066284631,240,cuGetProcAddress_v2,0,2336,3216692,3216692,20,python
2066285042,200,cuGetProcAddress_v2,0,2337,3216692,3216692,20,python
2066285533,250,cuGetProcAddress_v2,0,2338,3216692,3216692,20,python
2066285943,191,cuGetProcAddress_v2,0,2339,3216692,3216692,20,python
2066286414,221,cuGetProcAddress_v2,0,2340,3216692,3216692,20,python
2066286795,170,cuGetProcAddress_v2,0,2341,3216692,3216692,20,python
2066287136,200,cuGetProcAddress_v2,0,2342,3216692,3216692,20,python
2066287506,141,cuGetProcAddress_v2,0,2343,3216692,3216692,20,python
2066287817,110,cuGetProcAddress_v2,0,2344,3216692,3216692,20,python
2066288098,140,cuGetProcAddress_v2,0,2345,3216692,3216692,20,python
2066288398,150,cuGetProcAddress_v2,0,2346,3216692,3216692,20,python
2066288709,180,cuGetProcAddress_v2,0,2347,3216692,3216692,20,python
2066289059,151,cuGetProcAddress_v2,0,2348,3216692,3216692,20,python
2066289380,130,cuGetProcAddress_v2,0,2349,3216692,3216692,20,python
2066289681,230,cuGetProcAddress_v2,0,2350,3216692,3216692,20,python
2066290081,221,cuGetProcAddress_v2,0,2351,3216692,3216692,20,python
2066290472,190,cuGetProcAddress_v2,0,2352,3216692,3216692,20,python
2066290833,170,cuGetProcAddress_v2,0,2353,3216692,3216692,20,python
2066291163,181,cuGetProcAddress_v2,0,2354,3216692,3216692,20,python
2066291514,140,cuGetProcAddress_v2,0,2355,3216692,3216692,20,python
2066291825,190,cuGetProcAddress_v2,0,2356,3216692,3216692,20,python
2066292185,181,cuGetProcAddress_v2,0,2357,3216692,3216692,20,python
2066292536,190,cuGetProcAddress_v2,0,2358,3216692,3216692,20,python
2066292887,150,cuGetProcAddress_v2,0,2359,3216692,3216692,20,python
2066293207,181,cuGetProcAddress_v2,0,2360,3216692,3216692,20,python
2066294119,842,cuInit,0,2362,3216692,3216692,20,python
2066296273,151,cuModuleGetLoadingMode,0,2363,3216692,3216692,20,python
2068215938,1668214,cudaFree,0,2480,3216692,3216692,20,python
2069903428,10921,cudaMalloc,0,2483,3216692,3216692,20,python
2069914890,2686,cudaEventCreateWithFlags,0,2484,3216692,3216692,20,python
2069917806,551,cudaEventCreateWithFlags,0,2485,3216692,3216692,20,python
2069918557,511,cudaEventCreateWithFlags,0,2486,3216692,3216692,20,python
2069919239,461,cudaEventCreateWithFlags,0,2487,3216692,3216692,20,python
2069919870,431,cudaEventCreateWithFlags,0,2488,3216692,3216692,20,python
2069920461,411,cudaEventCreateWithFlags,0,2489,3216692,3216692,20,python
2069921042,401,cudaEventCreateWithFlags,0,2490,3216692,3216692,20,python
2069921613,411,cudaEventCreateWithFlags,0,2491,3216692,3216692,20,python
2069922255,5821,cudaMalloc,0,2492,3216692,3216692,20,python
2069928466,511,cudaEventCreateWithFlags,0,2493,3216692,3216692,20,python
2069929168,411,cudaEventCreateWithFlags,0,2494,3216692,3216692,20,python
2069929759,401,cudaEventCreateWithFlags,0,2495,3216692,3216692,20,python
2069930330,411,cudaEventCreateWithFlags,0,2496,3216692,3216692,20,python
2069930921,411,cudaEventCreateWithFlags,0,2497,3216692,3216692,20,python
2069931502,411,cudaEventCreateWithFlags,0,2498,3216692,3216692,20,python
2069932083,1794,cudaEventCreateWithFlags,0,2499,3216692,3216692,20,python
2069934077,441,cudaEventCreateWithFlags,0,2500,3216692,3216692,20,python
2069934758,80645,cudaMalloc,0,2501,3216692,3216692,20,python
2070015964,3256,cudaEventCreateWithFlags,0,2502,3216692,3216692,20,python
2070019471,450,cudaEventCreateWithFlags,0,2503,3216692,3216692,20,python
2070103922,782,cuInit,0,2504,3216692,3216692,20,python
2070115324,4379,cudaStreamIsCapturing_v10000,0,2507,3216692,3216692,20,python
2070120354,1593,cudaStreamGetDevice_v12080,0,2508,3216692,3216692,20,python
2070134210,5441,cudaMalloc,0,2519,3216692,3216692,20,python
2070139911,4068,cudaMalloc,0,2520,3216692,3216692,20,python
2070144300,13365,cudaMallocHost,0,2521,3216692,3216692,20,python
2070158176,13837,cudaMemsetAsync,0,2522,3216692,3216692,20,python
2070172884,12875,cudaMemcpyAsync,0,2523,3216692,3216692,20,python
2070186250,4178,cudaMemcpyAsync,0,2524,3216692,3216692,20,python
2070190929,6222,cudaMemcpyAsync,0,2525,3216692,3216692,20,python
2070197662,4438,cudaMemcpyAsync,0,2526,3216692,3216692,20,python
2070202571,3928,cudaMemcpyAsync,0,2527,3216692,3216692,20,python
2070209324,128135,cudaLaunchKernel,0,2528,3216692,3216692,20,python
2070338742,7314,cudaMemcpyAsync,0,2530,3216692,3216692,20,python
2070346627,7665,cudaEventRecord,0,2531,3216692,3216692,20,python
2070354883,4769,cudaEventSynchronize,0,2532,3216692,3216692,20,python
2070360193,3967,cudaMemcpyAsync,0,2533,3216692,3216692,20,python
2070364591,2926,cudaEventRecord,0,2534,3216692,3216692,20,python
2070367777,832,cudaEventSynchronize,0,2535,3216692,3216692,20,python
2070505361,10590,cudaMallocHost,0,2536,3216692,3216692,20,python
2070524507,6974,cudaMallocHost,0,2537,3216692,3216692,20,python
2070541430,4709,cudaMallocHost,0,2538,3216692,3216692,20,python
2070546940,6272,cudaMalloc,0,2539,3216692,3216692,20,python
2070556559,6693,cudaMemcpyAsync,0,2541,3216692,3216692,20,python
2070569534,5450,cudaMallocHost,0,2542,3216692,3216692,20,python
2070661670,8757,cudaMalloc,0,2543,3216692,3216692,20,python
2070673933,5882,cudaMemcpyAsync,0,2545,3216692,3216692,20,python
2070691627,4870,cudaMalloc,0,2547,3216692,3216692,20,python
2070739990,8346,cudaFree,0,2548,3216692,3216692,20,python
2070749779,5089,cudaMallocHost,0,2549,3216692,3216692,20,python
2070766230,5881,cudaMalloc,0,2550,3216692,3216692,20,python
2070778033,3086,cudaMalloc,0,2551,3216692,3216692,20,python
2070781399,5360,cudaMallocHost,0,2552,3216692,3216692,20,python
2070787210,8116,cudaStreamCreateWithFlags,0,2553,3216692,3216692,20,python
2070795757,1332,cudaEventCreateWithFlags,0,2554,3216692,3216692,20,python
2070797420,12404,cudaMemsetAsync,0,2555,3216692,3216692,20,python
2070810154,5831,cudaMemcpyAsync,0,2556,3216692,3216692,20,python
2070816286,4128,cudaMemcpyAsync,0,2557,3216692,3216692,20,python
2070820684,3878,cudaMemcpyAsync,0,2558,3216692,3216692,20,python
2070824832,3898,cudaMemcpyAsync,0,2559,3216692,3216692,20,python
2070829010,3507,cudaMemcpyAsync,0,2560,3216692,3216692,20,python
2070832798,3727,cudaMemcpyAsync,0,2561,3216692,3216692,20,python
2070836795,3597,cudaMemcpyAsync,0,2562,3216692,3216692,20,python
2070840663,3617,cudaMemcpyAsync,0,2563,3216692,3216692,20,python
2070844560,3407,cudaMemcpyAsync,0,2564,3216692,3216692,20,python
2070848247,3397,cudaMemcpyAsync,0,2565,3216692,3216692,20,python
2070851914,3617,cudaMemcpyAsync,0,2566,3216692,3216692,20,python
2070855812,3376,cudaMemcpyAsync,0,2567,3216692,3216692,20,python
2070859499,3376,cudaMemcpyAsync,0,2568,3216692,3216692,20,python
2070863156,3366,cudaMemcpyAsync,0,2569,3216692,3216692,20,python
2070867113,3457,cudaMemcpyAsync,0,2570,3216692,3216692,20,python
2070870840,3407,cudaMemcpyAsync,0,2571,3216692,3216692,20,python
2070874548,3256,cudaMemsetAsync,0,2572,3216692,3216692,20,python
2070878074,2786,cudaMemsetAsync,0,2573,3216692,3216692,20,python
2070881120,2715,cudaMemsetAsync,0,2574,3216692,3216692,20,python
2070893694,3677,cudaMemcpyAsync,0,2575,3216692,3216692,20,python
2070898093,6983,cudaMalloc,0,2576,3216692,3216692,20,python
2070911749,3967,cudaMemcpyAsync,0,2579,3216692,3216692,20,python
2070916067,2926,cudaMemsetAsync,0,2580,3216692,3216692,20,python
2070919283,2856,cudaMemsetAsync,0,2581,3216692,3216692,20,python
2070922399,2695,cudaMemsetAsync,0,2582,3216692,3216692,20,python
2070930184,32332,cudaLaunchKernel,0,2583,3216692,3216692,20,python
2070963327,3157,cudaMemsetAsync,0,2585,3216692,3216692,20,python
2070967235,22703,cudaLaunchKernel,0,2586,3216692,3216692,20,python
2070991081,65886,cudaLaunchKernel,0,2588,3216692,3216692,20,python
2071063539,113077,cudaLaunchKernel,0,2590,3216692,3216692,20,python
2071178219,4719,cudaMemsetAsync,0,2592,3216692,3216692,20,python
2071184551,530275,cudaLaunchKernel,0,2593,3216692,3216692,20,python
2071716078,21492,cudaLaunchKernel,0,2595,3216692,3216692,20,python
2071738411,17083,cudaLaunchKernel,0,2597,3216692,3216692,20,python
2071757097,4819,cudaLaunchKernel,0,2599,3216692,3216692,20,python
2071767066,12113028,cudaLaunchKernel,0,2601,3216692,3216692,20,python
2083886256,27593,cudaLaunchKernel,0,2603,3216692,3216692,20,python
2083915642,20981,cudaLaunchKernel,0,2605,3216692,3216692,20,python
2083938556,9869,cudaMemsetAsync,0,2607,3216692,3216692,20,python
2083956881,10946245,cudaLaunchKernel,0,2608,3216692,3216692,20,python
2094909128,43222,cudaLaunchKernel,0,2610,3216692,3216692,20,python
2094954254,17513,cudaLaunchKernel,0,2612,3216692,3216692,20,python
2094981316,142262,cudaLaunchKernel,0,2614,3216692,3216692,20,python
2095131453,921063,cudaLaunchKernel,0,2616,3216692,3216692,20,python
2096054280,22192,cudaLaunchKernel,0,2618,3216692,3216692,20,python
2096077715,14698,cudaLaunchKernel,0,2620,3216692,3216692,20,python
2096099496,95022,cudaLaunchKernel,0,2622,3216692,3216692,20,python
2096216230,18595,cudaMallocHost,0,2625,3216692,3216692,20,python
2096272658,210072,cudaMalloc,0,2626,3216692,3216692,20,python
2096483862,52270,cudaMemcpy,0,2627,3216692,3216692,20,python
2096536663,2605,cudaEventCreateWithFlags,0,2628,3216692,3216692,20,python
2096539949,9328,cudaFreeHost,0,2629,3216692,3216692,20,python
2096553485,1603,cudaStreamIsCapturing_v10000,0,2631,3216692,3216692,20,python
2096555499,14748,cudaMemcpyAsync,0,2632,3216692,3216692,20,python
2096570798,7825,cudaEventRecord,0,2633,3216692,3216692,20,python
2096638448,6943,cudaMalloc,0,2634,3216692,3216692,20,python
2096645672,6753,cudaMemcpyAsync,0,2635,3216692,3216692,20,python
2096652816,4157,cudaMemcpyAsync,0,2636,3216692,3216692,20,python
2096657234,4088,cudaMemcpyAsync,0,2637,3216692,3216692,20,python
2096661602,3637,cudaMemcpyAsync,0,2638,3216692,3216692,20,python
2096665510,3607,cudaMemcpyAsync,0,2639,3216692,3216692,20,python
2096669387,3597,cudaMemcpyAsync,0,2640,3216692,3216692,20,python
2096673245,3526,cudaMemcpyAsync,0,2641,3216692,3216692,20,python
2096677032,3446,cudaMemcpyAsync,0,2642,3216692,3216692,20,python
2096680739,3457,cudaMemcpyAsync,0,2643,3216692,3216692,20,python
2096684446,3427,cudaMemcpyAsync,0,2644,3216692,3216692,20,python
2096688133,3557,cudaMemcpyAsync,0,2645,3216692,3216692,20,python
2096691950,3457,cudaMemcpyAsync,0,2646,3216692,3216692,20,python
2096695668,3977,cudaMemcpyAsync,0,2647,3216692,3216692,20,python
2096701028,4609,cudaMalloc,0,2648,3216692,3216692,20,python
2096706108,11682,cudaMemsetAsync,0,2649,3216692,3216692,20,python
2096718441,3847,cudaMemsetAsync,0,2650,3216692,3216692,20,python
2096724423,2835,cudaMemsetAsync,0,2651,3216692,3216692,20,python
2096727529,2885,cudaMemsetAsync,0,2652,3216692,3216692,20,python
2096732488,51398,cudaLaunchKernel,0,2653,3216692,3216692,20,python
2096785590,21801,cudaLaunchKernel,0,2655,3216692,3216692,20,python
2096808514,66737,cudaLaunchKernel,0,2657,3216692,3216692,20,python
2096876514,23294,cudaLaunchKernel,0,2659,3216692,3216692,20,python
2096900900,22413,cudaLaunchKernel,0,2661,3216692,3216692,20,python
2096924435,4419,cudaMemsetAsync,0,2663,3216692,3216692,20,python
2096929134,2766,cudaMemsetAsync,0,2664,3216692,3216692,20,python
2096933152,83640,cudaLaunchKernel,0,2665,3216692,3216692,20,python
2097018255,23635,cudaLaunchKernel,0,2667,3216692,3216692,20,python
2097042522,4198,cudaMemsetAsync,0,2669,3216692,3216692,20,python
2097047010,2956,cudaMemsetAsync,0,2670,3216692,3216692,20,python
2097050236,2766,cudaMemsetAsync,0,2671,3216692,3216692,20,python
2097053262,2735,cudaMemsetAsync,0,2672,3216692,3216692,20,python
2097056268,2725,cudaMemsetAsync,0,2673,3216692,3216692,20,python
2097060195,32432,cudaLaunchKernel,0,2674,3216692,3216692,20,python
2097094311,3476,cudaMemsetAsync,0,2676,3216692,3216692,20,python
2097098068,2735,cudaMemsetAsync,0,2677,3216692,3216692,20,python
2097101084,2695,cudaMemsetAsync,0,2678,3216692,3216692,20,python
2097104380,2665,cudaMemsetAsync,0,2679,3216692,3216692,20,python
2097107306,2915,cudaMemsetAsync,0,2680,3216692,3216692,20,python
2097111684,21431,cudaLaunchKernel,0,2681,3216692,3216692,20,python
2097134047,20689,cudaLaunchKernel,0,2683,3216692,3216692,20,python
2097155869,19757,cudaLaunchKernel,0,2685,3216692,3216692,20,python
2097176819,21431,cudaLaunchKernel,0,2687,3216692,3216692,20,python
2097199753,40046,cudaLaunchKernel,0,2689,3216692,3216692,20,python
2097244468,3998,cudaMemsetAsync,0,2691,3216692,3216692,20,python
2097248746,2876,cudaMemsetAsync,0,2692,3216692,3216692,20,python
2097252473,37903,cudaLaunchKernel,0,2693,3216692,3216692,20,python
2097291398,3627,cudaMemsetAsync,0,2695,3216692,3216692,20,python
2097295275,2756,cudaMemsetAsync,0,2696,3216692,3216692,20,python
2097300315,47351,cudaLaunchKernel,0,2697,3216692,3216692,20,python
2097348878,21631,cudaLaunchKernel,0,2699,3216692,3216692,20,python
2097371371,22463,cudaLaunchKernel,0,2701,3216692,3216692,20,python
2097394816,21311,cudaLaunchKernel,0,2703,3216692,3216692,20,python
2097416868,3908,cudaMemsetAsync,0,2705,3216692,3216692,20,python
2097421036,2836,cudaMemsetAsync,0,2706,3216692,3216692,20,python
2097425394,37863,cudaLaunchKernel,0,2707,3216692,3216692,20,python
2097464459,24407,cudaLaunchKernel,0,2709,3216692,3216692,20,python
2097489738,5310,cudaLaunchKernel,0,2711,3216692,3216692,20,python
2097495679,3938,cudaMemsetAsync,0,2713,3216692,3216692,20,python
2097499897,2866,cudaMemsetAsync,0,2714,3216692,3216692,20,python
2097503855,2875,cudaMemsetAsync,0,2715,3216692,3216692,20,python
2097507892,30659,cudaLaunchKernel,0,2716,3216692,3216692,20,python
2097539733,20039,cudaLaunchKernel,0,2718,3216692,3216692,20,python
2097560804,44405,cudaLaunchKernel,0,2720,3216692,3216692,20,python
2097606451,23174,cudaLaunchKernel,0,2722,3216692,3216692,20,python
2097630577,18876,cudaLaunchKernel,0,2724,3216692,3216692,20,python
2097650395,5370,cudaLaunchKernel,0,2726,3216692,3216692,20,python
2097656547,4228,cudaMemsetAsync,0,2728,3216692,3216692,20,python
2097661036,2725,cudaMemsetAsync,0,2729,3216692,3216692,20,python
2097666065,30549,cudaLaunchKernel,0,2730,3216692,3216692,20,python
2097697796,28414,cudaLaunchKernel,0,2732,3216692,3216692,20,python
2097727583,22994,cudaLaunchKernel,0,2734,3216692,3216692,20,python
2097751649,166699,cudaLaunchKernel,0,2736,3216692,3216692,20,python
2097920262,40317,cudaLaunchKernel,0,2738,3216692,3216692,20,python
2097961751,22423,cudaLaunchKernel,0,2740,3216692,3216692,20,python
2097985146,4980,cudaLaunchKernel,0,2742,3216692,3216692,20,python
2097990967,4769,cudaMemsetAsync,0,2744,3216692,3216692,20,python
2097995997,2785,cudaMemsetAsync,0,2745,3216692,3216692,20,python
2098002309,33163,cudaLaunchKernel,0,2746,3216692,3216692,20,python
2098036564,66518,cudaLaunchKernel,0,2748,3216692,3216692,20,python
2098104525,24957,cudaLaunchKernel,0,2750,3216692,3216692,20,python
2098130404,5070,cudaLaunchKernel,0,2752,3216692,3216692,20,python
2098136155,3878,cudaMemsetAsync,0,2754,3216692,3216692,20,python
2098140333,2725,cudaMemsetAsync,0,2755,3216692,3216692,20,python
2098143309,2785,cudaMemsetAsync,0,2756,3216692,3216692,20,python
2098148188,32342,cudaLaunchKernel,0,2757,3216692,3216692,20,python
2098181492,22804,cudaLaunchKernel,0,2759,3216692,3216692,20,python
2098205117,20660,cudaLaunchKernel,0,2761,3216692,3216692,20,python
2098226638,5371,cudaLaunchKernel,0,2763,3216692,3216692,20,python
2098233000,23425,cudaLaunchKernel,0,2765,3216692,3216692,20,python
2098257578,4889,cudaLaunchKernel,0,2767,3216692,3216692,20,python
2098263489,20289,cudaLaunchKernel,0,2768,3216692,3216692,20,python
2098284860,3837,cudaMemsetAsync,0,2770,3216692,3216692,20,python
2098288958,2735,cudaMemsetAsync,0,2771,3216692,3216692,20,python
2098292104,2675,cudaMemsetAsync,0,2772,3216692,3216692,20,python
2098295049,2625,cudaMemsetAsync,0,2773,3216692,3216692,20,python
2098298085,2825,cudaMemsetAsync,0,2774,3216692,3216692,20,python
2098301161,2605,cudaMemsetAsync,0,2775,3216692,3216692,20,python
2098306411,27483,cudaLaunchKernel,0,2776,3216692,3216692,20,python
2098334906,53742,cudaLaunchKernel,0,2778,3216692,3216692,20,python
2098389781,52109,cudaLaunchKernel,0,2780,3216692,3216692,20,python
2098442942,23706,cudaLaunchKernel,0,2782,3216692,3216692,20,python
2098467630,19527,cudaLaunchKernel,0,2784,3216692,3216692,20,python
2098490183,19046,cudaLaunchKernel,0,2786,3216692,3216692,20,python
2098510241,63261,cudaLaunchKernel,0,2788,3216692,3216692,20,python
2098575496,30328,cudaLaunchKernel,0,2790,3216692,3216692,20,python
2098606896,21802,cudaLaunchKernel,0,2792,3216692,3216692,20,python
2098629550,4789,cudaLaunchKernel,0,2794,3216692,3216692,20,python
2098637335,19888,cudaLaunchKernel,0,2796,3216692,3216692,20,python
2098658455,41069,cudaLaunchKernel,0,2798,3216692,3216692,20,python
2098700606,123506,cudaLaunchKernel,0,2800,3216692,3216692,20,python
2098825525,24036,cudaLaunchKernel,0,2802,3216692,3216692,20,python
2098850473,4829,cudaLaunchKernel,0,2804,3216692,3216692,20,python
2098855783,4578,cudaLaunchKernel,0,2805,3216692,3216692,20,python
2098860882,4429,cudaLaunchKernel,0,2806,3216692,3216692,20,python
2098865852,21411,cudaLaunchKernel,0,2807,3216692,3216692,20,python
2098887914,4689,cudaMemsetAsync,0,2809,3216692,3216692,20,python
2098892974,2855,cudaMemsetAsync,0,2810,3216692,3216692,20,python
2098896441,20118,cudaLaunchKernel,0,2811,3216692,3216692,20,python
2098918352,4820,cudaLaunchKernel,0,2813,3216692,3216692,20,python
2098924154,4749,cudaLaunchKernel,0,2815,3216692,3216692,20,python
2098929784,29266,cudaLaunchKernel,0,2817,3216692,3216692,20,python
2098959912,22042,cudaLaunchKernel,0,2819,3216692,3216692,20,python
2098982816,4749,cudaLaunchKernel,0,2821,3216692,3216692,20,python
2098988156,4689,cudaLaunchKernel,0,2822,3216692,3216692,20,python
2098993576,3978,cudaMemsetAsync,0,2824,3216692,3216692,20,python
2098997825,2675,cudaMemsetAsync,0,2825,3216692,3216692,20,python
2099006411,20620,cudaLaunchKernel,0,2826,3216692,3216692,20,python
2099027932,32573,cudaLaunchKernel,0,2828,3216692,3216692,20,python
2099061657,23685,cudaLaunchKernel,0,2830,3216692,3216692,20,python
2099086424,38694,cudaLaunchKernel,0,2832,3216692,3216692,20,python
2099126210,29286,cudaLaunchKernel,0,2834,3216692,3216692,20,python
2099156659,30488,cudaLaunchKernel,0,2836,3216692,3216692,20,python
2099187798,4068,cudaMemsetAsync,0,2838,3216692,3216692,20,python
2099192638,21651,cudaLaunchKernel,0,2839,3216692,3216692,20,python
2099216513,85143,cudaLaunchKernel,0,2841,3216692,3216692,20,python
2099302778,23205,cudaLaunchKernel,0,2843,3216692,3216692,20,python
2099327115,29927,cudaLaunchKernel,0,2845,3216692,3216692,20,python
2099357754,3997,cudaMemsetAsync,0,2847,3216692,3216692,20,python
2099362332,5030,cudaLaunchKernel,0,2848,3216692,3216692,20,python
2099368494,4870,cudaLaunchKernel,0,2850,3216692,3216692,20,python
2099374165,4980,cudaLaunchKernel,0,2852,3216692,3216692,20,python
2099379906,4970,cudaLaunchKernel,0,2854,3216692,3216692,20,python
2099385657,4629,cudaLaunchKernel,0,2856,3216692,3216692,20,python
2099391067,4719,cudaLaunchKernel,0,2858,3216692,3216692,20,python
2099396337,3237,cudaMemsetAsync,0,2860,3216692,3216692,20,python
2099400065,4628,cudaLaunchKernel,0,2861,3216692,3216692,20,python
2099406938,27062,cudaLaunchKernel,0,2863,3216692,3216692,20,python
2099435032,25859,cudaLaunchKernel,0,2865,3216692,3216692,20,python
2099462093,20750,cudaLaunchKernel,0,2867,3216692,3216692,20,python
2099483815,43223,cudaLaunchKernel,0,2869,3216692,3216692,20,python
2099528370,23064,cudaLaunchKernel,0,2871,3216692,3216692,20,python
2099552356,32963,cudaLaunchKernel,0,2873,3216692,3216692,20,python
2099586321,28535,cudaLaunchKernel,0,2875,3216692,3216692,20,python
2099615788,20389,cudaLaunchKernel,0,2877,3216692,3216692,20,python
2099637098,5220,cudaLaunchKernel,0,2879,3216692,3216692,20,python
2099642920,4117,cudaMemsetAsync,0,2881,3216692,3216692,20,python
2099647568,4840,cudaLaunchKernel,0,2882,3216692,3216692,20,python
2099653911,4739,cudaLaunchKernel,0,2884,3216692,3216692,20,python
2099659521,4699,cudaLaunchKernel,0,2886,3216692,3216692,20,python
2099665032,4428,cudaLaunchKernel,0,2888,3216692,3216692,20,python
2099670292,4849,cudaLaunchKernel,0,2890,3216692,3216692,20,python
2099676043,22884,cudaLaunchKernel,0,2892,3216692,3216692,20,python
2099699768,4469,cudaLaunchKernel,0,2894,3216692,3216692,20,python
2099705409,95713,cudaLaunchKernel,0,2896,3216692,3216692,20,python
2099802285,25979,cudaLaunchKernel,0,2898,3216692,3216692,20,python
2099829216,4599,cudaLaunchKernel,0,2900,3216692,3216692,20,python
2099834617,4889,cudaLaunchKernel,0,2902,3216692,3216692,20,python
2099840327,4830,cudaLaunchKernel,0,2904,3216692,3216692,20,python
2099846018,54805,cudaLaunchKernel,0,2906,3216692,3216692,20,python
2099902036,24356,cudaLaunchKernel,0,2908,3216692,3216692,20,python
2099927384,4789,cudaLaunchKernel,0,2910,3216692,3216692,20,python
2099932764,4930,cudaLaunchKernel,0,2911,3216692,3216692,20,python
2099938565,19939,cudaLaunchKernel,0,2913,3216692,3216692,20,python
2099959245,4038,cudaMemsetAsync,0,2915,3216692,3216692,20,python
2099963553,2806,cudaMemsetAsync,0,2916,3216692,3216692,20,python
2099968032,29907,cudaLaunchKernel,0,2917,3216692,3216692,20,python
2099998841,22162,cudaLaunchKernel,0,2919,3216692,3216692,20,python
2100022286,55626,cudaLaunchKernel,0,2921,3216692,3216692,20,python
2100078984,20319,cudaLaunchKernel,0,2923,3216692,3216692,20,python
2100099924,18346,cudaLaunchKernel,0,2924,3216692,3216692,20,python
2100119312,22803,cudaLaunchKernel,0,2926,3216692,3216692,20,python
2100144520,741,cudaStreamIsCapturing_v10000,0,2929,3216692,3216692,20,python
2100145602,3777,cudaStreamWaitEvent,0,2930,3216692,3216692,20,python
2100149700,8877,cudaMemcpyAsync,0,2931,3216692,3216692,20,python
2100158997,4689,cudaEventRecord,0,2932,3216692,3216692,20,python
2100165239,6052,cudaMalloc,0,2933,3216692,3216692,20,python
2100171622,4248,cudaMemsetAsync,0,2934,3216692,3216692,20,python
2100176932,7043,cudaMallocHost,0,2935,3216692,3216692,20,python
2100184416,3457,cudaMalloc,0,2936,3216692,3216692,20,python
2100188243,1263,cudaEventCreateWithFlags,0,2937,3216692,3216692,20,python
2100189957,2945,cudaMemsetAsync,0,2938,3216692,3216692,20,python
2100194055,5190,cudaMallocHost,0,2939,3216692,3216692,20,python
2100199615,6142,cudaMemcpyAsync,0,2940,3216692,3216692,20,python
2100206028,4157,cudaMemcpyAsync,0,2941,3216692,3216692,20,python
2100210586,3908,cudaMemcpyAsync,0,2942,3216692,3216692,20,python
2100214764,3918,cudaMemcpyAsync,0,2943,3216692,3216692,20,python
2100218942,4278,cudaMemcpyAsync,0,2944,3216692,3216692,20,python
2100223491,3767,cudaMemcpyAsync,0,2945,3216692,3216692,20,python
2100227639,3737,cudaMemcpyAsync,0,2946,3216692,3216692,20,python
2100231657,3737,cudaMemcpyAsync,0,2947,3216692,3216692,20,python
2100235674,3828,cudaMemcpyAsync,0,2948,3216692,3216692,20,python
2100239772,3427,cudaEventRecord,0,2949,3216692,3216692,20,python
2100243609,2886,cudaEventSynchronize,0,2950,3216692,3216692,20,python
2100293796,6041,cudaMalloc,0,2951,3216692,3216692,20,python
2100300418,97577,cudaStreamCreateWithFlags,0,2952,3216692,3216692,20,python
2100398927,6242,cudaStreamBeginCapture_v10000,0,2953,3216692,3216692,20,python
2100406732,36149,cudaLaunchKernel,0,2954,3216692,3216692,20,python
2100444334,18675,cudaLaunchKernel,0,2956,3216692,3216692,20,python
2100463731,3236,cudaMemsetAsync,0,2958,3216692,3216692,20,python
2100467238,711,cudaMemsetAsync,0,2959,3216692,3216692,20,python
2100470524,16752,cudaLaunchKernel,0,2960,3216692,3216692,20,python
2100488548,16292,cudaLaunchKernel,0,2962,3216692,3216692,20,python
2100505651,37672,cudaLaunchKernel,0,2964,3216692,3216692,20,python
2100544375,23515,cudaLaunchKernel,0,2966,3216692,3216692,20,python
2100569553,41099,cudaLaunchKernel,0,2968,3216692,3216692,20,python
2100611754,2605,cudaLaunchKernel,0,2970,3216692,3216692,20,python
2100615101,961,cudaMemsetAsync,0,2972,3216692,3216692,20,python
2100616293,1883,cudaMemsetAsync,0,2973,3216692,3216692,20,python
2100619589,16051,cudaLaunchKernel,0,2974,3216692,3216692,20,python
2100636702,25579,cudaLaunchKernel,0,2976,3216692,3216692,20,python
2100663353,27593,cudaLaunchKernel,0,2978,3216692,3216692,20,python
2100692188,16712,cudaLaunchKernel,0,2980,3216692,3216692,20,python
2100709992,1092,cudaLaunchKernel,0,2982,3216692,3216692,20,python
2100711896,2535,cudaLaunchKernel,0,2984,3216692,3216692,20,python
2100715052,872,cudaMemsetAsync,0,2986,3216692,3216692,20,python
2100716144,3156,cudaMemsetAsync,0,2987,3216692,3216692,20,python
2100720522,1313,cudaLaunchKernel,0,2988,3216692,3216692,20,python
2100722616,1293,cudaLaunchKernel,0,2990,3216692,3216692,20,python
2100724640,2225,cudaLaunchKernel,0,2992,3216692,3216692,20,python
2100727836,1163,cudaLaunchKernel,0,2994,3216692,3216692,20,python
2100729760,2214,cudaLaunchKernel,0,2996,3216692,3216692,20,python
2100732525,692,cudaMemsetAsync,0,2998,3216692,3216692,20,python
2100733437,1824,cudaMemsetAsync,0,2999,3216692,3216692,20,python
2100736042,1122,cudaLaunchKernel,0,3000,3216692,3216692,20,python
2100737926,2394,cudaLaunchKernel,0,3002,3216692,3216692,20,python
2100741192,1022,cudaLaunchKernel,0,3004,3216692,3216692,20,python
2100742955,2134,cudaLaunchKernel,0,3006,3216692,3216692,20,python
2100745731,691,cudaMemsetAsync,0,3008,3216692,3216692,20,python
2100746652,1904,cudaMemsetAsync,0,3009,3216692,3216692,20,python
2100749308,641,cudaMemsetAsync,0,3010,3216692,3216692,20,python
2100750480,1112,cudaLaunchKernel,0,3011,3216692,3216692,20,python
2100752373,2225,cudaLaunchKernel,0,3013,3216692,3216692,20,python
2100755419,1313,cudaLaunchKernel,0,3015,3216692,3216692,20,python
2100757453,2445,cudaLaunchKernel,0,3017,3216692,3216692,20,python
2100760910,1012,cudaLaunchKernel,0,3019,3216692,3216692,20,python
2100762753,2184,cudaLaunchKernel,0,3021,3216692,3216692,20,python
2100765749,1032,cudaLaunchKernel,0,3023,3216692,3216692,20,python
2100767322,1894,cudaMemsetAsync,0,3025,3216692,3216692,20,python
2100769486,641,cudaMemsetAsync,0,3026,3216692,3216692,20,python
2100771169,2245,cudaLaunchKernel,0,3027,3216692,3216692,20,python
2100774195,1132,cudaLaunchKernel,0,3029,3216692,3216692,20,python
2100776079,2454,cudaLaunchKernel,0,3031,3216692,3216692,20,python
2100779275,1202,cudaLaunchKernel,0,3033,3216692,3216692,20,python
2100781209,2364,cudaLaunchKernel,0,3035,3216692,3216692,20,python
2100784415,1102,cudaLaunchKernel,0,3037,3216692,3216692,20,python
2100786348,1002,cudaLaunchKernel,0,3039,3216692,3216692,20,python
2100788132,2565,cudaLaunchKernel,0,3041,3216692,3216692,20,python
2100791218,681,cudaMemsetAsync,0,3043,3216692,3216692,20,python
2100792119,3026,cudaMemsetAsync,0,3044,3216692,3216692,20,python
2100796658,1122,cudaLaunchKernel,0,3045,3216692,3216692,20,python
2100798542,2555,cudaLaunchKernel,0,3047,3216692,3216692,20,python
2100801908,1092,cudaLaunchKernel,0,3049,3216692,3216692,20,python
2100803822,2344,cudaLaunchKernel,0,3051,3216692,3216692,20,python
2100806928,972,cudaLaunchKernel,0,3053,3216692,3216692,20,python
2100808521,1964,cudaMemsetAsync,0,3055,3216692,3216692,20,python
2100810745,651,cudaMemsetAsync,0,3056,3216692,3216692,20,python
2100811617,1653,cudaMemsetAsync,0,3057,3216692,3216692,20,python
2100814202,1182,cudaLaunchKernel,0,3058,3216692,3216692,20,python
2100816115,1143,cudaLaunchKernel,0,3060,3216692,3216692,20,python
2100817959,2244,cudaLaunchKernel,0,3062,3216692,3216692,20,python
2100821075,1002,cudaLaunchKernel,0,3064,3216692,3216692,20,python
2100822778,2144,cudaLaunchKernel,0,3066,3216692,3216692,20,python
2100825564,691,cudaMemsetAsync,0,3068,3216692,3216692,20,python
2100826475,1764,cudaMemsetAsync,0,3069,3216692,3216692,20,python
2100830613,18626,cudaLaunchKernel,0,3070,3216692,3216692,20,python
2100850331,42902,cudaLaunchKernel,0,3072,3216692,3216692,20,python
2100894275,25329,cudaLaunchKernel,0,3074,3216692,3216692,20,python
2100920505,17093,cudaLaunchKernel,0,3076,3216692,3216692,20,python
2100938680,1202,cudaLaunchKernel,0,3078,3216692,3216692,20,python
2100940644,2374,cudaLaunchKernel,0,3080,3216692,3216692,20,python
2100943740,761,cudaMemsetAsync,0,3082,3216692,3216692,20,python
2100944772,611,cudaMemsetAsync,0,3083,3216692,3216692,20,python
2100952246,2545,cudaLaunchKernel,0,3084,3216692,3216692,20,python
2100955382,701,cudaMemsetAsync,0,3086,3216692,3216692,20,python
2100956534,2735,cudaLaunchKernel,0,3087,3216692,3216692,20,python
2100959810,702,cudaMemsetAsync,0,3089,3216692,3216692,20,python
2100963788,20449,cudaLaunchKernel,0,3090,3216692,3216692,20,python
2100985199,40898,cudaLaunchKernel,0,3092,3216692,3216692,20,python
2101062637,12581055,cudaLaunchKernel,0,3095,3216692,3216692,20,python
2113653460,20690,cudaLaunchKernel,0,3098,3216692,3216692,20,python
2113681324,82708,cudaLaunchKernel,0,3100,3216692,3216692,20,python
2113771085,2355,cudaLaunchKernel,0,3102,3216692,3216692,20,python
2113774993,4298,cudaMemsetAsync,0,3104,3216692,3216692,20,python
2113784351,2014,cudaLaunchKernel,0,3105,3216692,3216692,20,python
2113787577,1272,cudaLaunchKernel,0,3107,3216692,3216692,20,python
2113789901,2876,cudaLaunchKernel,0,3109,3216692,3216692,20,python
2113794110,921,cudaLaunchKernel,0,3111,3216692,3216692,20,python
2113796715,2574,cudaLaunchKernel,0,3113,3216692,3216692,20,python
2113801313,1413,cudaLaunchKernel,0,3115,3216692,3216692,20,python
2113803808,2926,cudaLaunchKernel,0,3117,3216692,3216692,20,python
2113807766,611,cudaMemsetAsync,0,3119,3216692,3216692,20,python
2113809709,2936,cudaLaunchKernel,0,3120,3216692,3216692,20,python
2113813687,1413,cudaLaunchKernel,0,3122,3216692,3216692,20,python
2113816402,2585,cudaLaunchKernel,0,3124,3216692,3216692,20,python
2113820029,852,cudaLaunchKernel,0,3126,3216692,3216692,20,python
2113823315,911585,cudaLaunchKernel,0,3128,3216692,3216692,20,python
2114741263,253585,cudaLaunchKernel,0,3130,3216692,3216692,20,python
2114997012,1844,cudaLaunchKernel,0,3132,3216692,3216692,20,python
2115001761,23245,cudaLaunchKernel,0,3135,3216692,3216692,20,python
2115027130,23124,cudaLaunchKernel,0,3137,3216692,3216692,20,python
2115051957,28735,cudaLaunchKernel,0,3139,3216692,3216692,20,python
2115083338,1422,cudaLaunchKernel,0,3141,3216692,3216692,20,python
2115086614,2775,cudaLaunchKernel,0,3143,3216692,3216692,20,python
2115090551,1433,cudaMemsetAsync,0,3145,3216692,3216692,20,python
2115092215,1763,cudaMemsetAsync,0,3146,3216692,3216692,20,python
2115096062,18806,cudaLaunchKernel,0,3147,3216692,3216692,20,python
2115115770,1431871,cudaLaunchKernel,0,3149,3216692,3216692,20,python
2116549905,21291,cudaLaunchKernel,0,3151,3216692,3216692,20,python
2116572027,26521,cudaLaunchKernel,0,3153,3216692,3216692,20,python
2116599831,1162,cudaLaunchKernel,0,3155,3216692,3216692,20,python
2116602025,2364,cudaLaunchKernel,0,3157,3216692,3216692,20,python
2116605191,1292,cudaMemsetAsync,0,3159,3216692,3216692,20,python
2116606714,611,cudaMemsetAsync,0,3160,3216692,3216692,20,python
2116610641,18516,cudaLaunchKernel,0,3161,3216692,3216692,20,python
2116630539,36009,cudaLaunchKernel,0,3163,3216692,3216692,20,python
2116667761,27552,cudaLaunchKernel,0,3165,3216692,3216692,20,python
2116696566,18315,cudaLaunchKernel,0,3167,3216692,3216692,20,python
2116715943,17483,cudaLaunchKernel,0,3169,3216692,3216692,20,python
2116734228,14558,cudaLaunchKernel,0,3171,3216692,3216692,20,python
2116749647,18035,cudaLaunchKernel,0,3173,3216692,3216692,20,python
2116768784,1162,cudaLaunchKernel,0,3175,3216692,3216692,20,python
2116770948,2455,cudaLaunchKernel,0,3177,3216692,3216692,20,python
2116774194,872,cudaMemsetAsync,0,3179,3216692,3216692,20,python
2116775296,742,cudaMemsetAsync,0,3180,3216692,3216692,20,python
2116778282,20499,cudaLaunchKernel,0,3181,3216692,3216692,20,python
2116799914,28354,cudaLaunchKernel,0,3183,3216692,3216692,20,python
2116829360,26711,cudaLaunchKernel,0,3185,3216692,3216692,20,python
2116857063,19517,cudaLaunchKernel,0,3187,3216692,3216692,20,python
2116877652,18586,cudaLaunchKernel,0,3189,3216692,3216692,20,python
2116897290,16482,cudaLaunchKernel,0,3191,3216692,3216692,20,python
2116914723,17193,cudaLaunchKernel,0,3193,3216692,3216692,20,python
2116932938,1172,cudaLaunchKernel,0,3195,3216692,3216692,20,python
2116934942,1042,cudaLaunchKernel,0,3197,3216692,3216692,20,python
2116936856,811,cudaMemsetAsync,0,3199,3216692,3216692,20,python
2116937898,611,cudaMemsetAsync,0,3200,3216692,3216692,20,python
2116940393,1312,cudaLaunchKernel,0,3201,3216692,3216692,20,python
2116942957,2024,cudaLaunchKernel,0,3203,3216692,3216692,20,python
2116945863,1513,cudaLaunchKernel,0,3205,3216692,3216692,20,python
2116948167,1553,cudaLaunchKernel,0,3207,3216692,3216692,20,python
2116950542,1072,cudaLaunchKernel,0,3209,3216692,3216692,20,python
2116952375,1002,cudaLaunchKernel,0,3211,3216692,3216692,20,python
2116954119,661,cudaMemsetAsync,0,3213,3216692,3216692,20,python
2116955000,622,cudaMemsetAsync,0,3214,3216692,3216692,20,python
2116957014,1684,cudaLaunchKernel,0,3215,3216692,3216692,20,python
2116960030,1443,cudaLaunchKernel,0,3217,3216692,3216692,20,python
2116962545,1473,cudaLaunchKernel,0,3219,3216692,3216692,20,python
2116965310,1333,cudaLaunchKernel,0,3221,3216692,3216692,20,python
2116967484,1042,cudaLaunchKernel,0,3223,3216692,3216692,20,python
2116969278,1052,cudaLaunchKernel,0,3225,3216692,3216692,20,python
2116970981,671,cudaMemsetAsync,0,3227,3216692,3216692,20,python
2116971873,601,cudaMemsetAsync,0,3228,3216692,3216692,20,python
2116974578,1583,cudaLaunchKernel,0,3229,3216692,3216692,20,python
2116977053,17583,cudaLaunchKernel,0,3231,3216692,3216692,20,python
2116995498,14378,cudaLaunchKernel,0,3233,3216692,3216692,20,python
2117010797,1012,cudaLaunchKernel,0,3235,3216692,3216692,20,python
2117012631,992,cudaLaunchKernel,0,3237,3216692,3216692,20,python
2117014294,671,cudaMemsetAsync,0,3239,3216692,3216692,20,python
2117015196,581,cudaMemsetAsync,0,3240,3216692,3216692,20,python
2117017220,1292,cudaLaunchKernel,0,3241,3216692,3216692,20,python
2117019454,24717,cudaLaunchKernel,0,3243,3216692,3216692,20,python
2117045103,1032,cudaLaunchKernel,0,3245,3216692,3216692,20,python
2117046947,1001,cudaLaunchKernel,0,3247,3216692,3216692,20,python
2117048830,671,cudaMemsetAsync,0,3249,3216692,3216692,20,python
2117049732,611,cudaMemsetAsync,0,3250,3216692,3216692,20,python
2117051385,601,cudaMemsetAsync,0,3251,3216692,3216692,20,python
2117052237,591,cudaMemsetAsync,0,3252,3216692,3216692,20,python
2117053529,1323,cudaLaunchKernel,0,3253,3216692,3216692,20,python
2117056014,1252,cudaLaunchKernel,0,3255,3216692,3216692,20,python
2117058799,23505,cudaLaunchKernel,0,3257,3216692,3216692,20,python
2117083276,14668,cudaLaunchKernel,0,3259,3216692,3216692,20,python
2117098796,1262,cudaLaunchKernel,0,3261,3216692,3216692,20,python
2117100930,982,cudaLaunchKernel,0,3263,3216692,3216692,20,python
2117102683,962,cudaLaunchKernel,0,3265,3216692,3216692,20,python
2117104276,692,cudaMemsetAsync,0,3267,3216692,3216692,20,python
2117105198,601,cudaMemsetAsync,0,3268,3216692,3216692,20,python
2117108484,1293,cudaLaunchKernel,0,3269,3216692,3216692,20,python
2117110628,1203,cudaLaunchKernel,0,3271,3216692,3216692,20,python
2117112863,1633,cudaLaunchKernel,0,3273,3216692,3216692,20,python
2117115327,1523,cudaLaunchKernel,0,3275,3216692,3216692,20,python
2117117862,19087,cudaLaunchKernel,0,3277,3216692,3216692,20,python
2117138231,15310,cudaLaunchKernel,0,3279,3216692,3216692,20,python
2117154512,1012,cudaLaunchKernel,0,3281,3216692,3216692,20,python
2117156346,972,cudaLaunchKernel,0,3283,3216692,3216692,20,python
2117158059,722,cudaMemsetAsync,0,3285,3216692,3216692,20,python
2117159011,591,cudaMemsetAsync,0,3286,3216692,3216692,20,python
2117161305,18115,cudaLaunchKernel,0,3287,3216692,3216692,20,python
2117180382,15860,cudaLaunchKernel,0,3289,3216692,3216692,20,python
2117197184,14738,cudaLaunchKernel,0,3291,3216692,3216692,20,python
2117212824,1022,cudaLaunchKernel,0,3293,3216692,3216692,20,python
2117214658,971,cudaLaunchKernel,0,3295,3216692,3216692,20,python
2117216802,22743,cudaLaunchKernel,0,3297,3216692,3216692,20,python
2117241970,17343,cudaLaunchKernel,0,3299,3216692,3216692,20,python
2117260365,24246,cudaLaunchKernel,0,3301,3216692,3216692,20,python
2117285513,14127,cudaLaunchKernel,0,3303,3216692,3216692,20,python
2117300562,1162,cudaLaunchKernel,0,3305,3216692,3216692,20,python
2117302546,982,cudaLaunchKernel,0,3307,3216692,3216692,20,python
2117304189,761,cudaMemsetAsync,0,3309,3216692,3216692,20,python
2117305171,601,cudaMemsetAsync,0,3310,3216692,3216692,20,python
2117308647,14027,cudaLaunchKernel,0,3311,3216692,3216692,20,python
2117323646,23185,cudaLaunchKernel,0,3313,3216692,3216692,20,python
2117347953,14648,cudaLaunchKernel,0,3315,3216692,3216692,20,python
2117363613,1072,cudaLaunchKernel,0,3317,3216692,3216692,20,python
2117365516,1012,cudaLaunchKernel,0,3319,3216692,3216692,20,python
2117367721,24557,cudaLaunchKernel,0,3321,3216692,3216692,20,python
2117392859,741,cudaMemsetAsync,0,3323,3216692,3216692,20,python
2117398049,15259,cudaLaunchKernel,0,3324,3216692,3216692,20,python
2117414240,14798,cudaLaunchKernel,0,3326,3216692,3216692,20,python
2117429809,15230,cudaLaunchKernel,0,3328,3216692,3216692,20,python
2117446081,68861,cudaLaunchKernel,0,3330,3216692,3216692,20,python
2117516175,1172,cudaLaunchKernel,0,3332,3216692,3216692,20,python
2117518118,1063,cudaLaunchKernel,0,3334,3216692,3216692,20,python
2117520092,742,cudaMemsetAsync,0,3336,3216692,3216692,20,python
2117521064,591,cudaMemsetAsync,0,3337,3216692,3216692,20,python
2117521876,591,cudaMemsetAsync,0,3338,3216692,3216692,20,python
2117535462,33674,cudaLaunchKernel,0,3339,3216692,3216692,20,python
2117570369,20599,cudaLaunchKernel,0,3341,3216692,3216692,20,python
2117591880,1132,cudaLaunchKernel,0,3343,3216692,3216692,20,python
2117602360,27623,cudaLaunchKernel,0,3345,3216692,3216692,20,python
2117631816,15380,cudaLaunchKernel,0,3347,3216692,3216692,20,python
2117649089,20760,cudaLaunchKernel,0,3349,3216692,3216692,20,python
2117670941,23926,cudaLaunchKernel,0,3351,3216692,3216692,20,python
2117695668,10641,cudaStreamEndCapture_v10000,0,3353,3216692,3216692,20,python
2117707050,2144,cudaGraphGetNodes_v10000,0,3354,3216692,3216692,20,python
2117711599,1042,cudaGraphGetNodes_v10000,0,3355,3216692,3216692,20,python
2117713042,1202,cudaGraphNodeGetType_v10000,0,3356,3216692,3216692,20,python
2117714454,431,cudaGraphNodeGetType_v10000,0,3357,3216692,3216692,20,python
2117715066,771,cudaGraphNodeGetType_v10000,0,3358,3216692,3216692,20,python
2117716027,431,cudaGraphNodeGetType_v10000,0,3359,3216692,3216692,20,python
2117716639,370,cudaGraphNodeGetType_v10000,0,3360,3216692,3216692,20,python
2117717190,501,cudaGraphNodeGetType_v10000,0,3361,3216692,3216692,20,python
2117717941,351,cudaGraphNodeGetType_v10000,0,3362,3216692,3216692,20,python
2117718472,431,cudaGraphNodeGetType_v10000,0,3363,3216692,3216692,20,python
2117719083,371,cudaGraphNodeGetType_v10000,0,3364,3216692,3216692,20,python
2117719644,411,cudaGraphNodeGetType_v10000,0,3365,3216692,3216692,20,python
2117720235,361,cudaGraphNodeGetType_v10000,0,3366,3216692,3216692,20,python
2117720776,361,cudaGraphNodeGetType_v10000,0,3367,3216692,3216692,20,python
2117721317,371,cudaGraphNodeGetType_v10000,0,3368,3216692,3216692,20,python
2117721869,350,cudaGraphNodeGetType_v10000,0,3369,3216692,3216692,20,python
2117722410,350,cudaGraphNodeGetType_v10000,0,3370,3216692,3216692,20,python
2117722941,350,cudaGraphNodeGetType_v10000,0,3371,3216692,3216692,20,python
2117723482,370,cudaGraphNodeGetType_v10000,0,3372,3216692,3216692,20,python
2117724033,350,cudaGraphNodeGetType_v10000,0,3373,3216692,3216692,20,python
2117724564,360,cudaGraphNodeGetType_v10000,0,3374,3216692,3216692,20,python
2117725115,350,cudaGraphNodeGetType_v10000,0,3375,3216692,3216692,20,python
2117725646,360,cudaGraphNodeGetType_v10000,0,3376,3216692,3216692,20,python
2117726187,371,cudaGraphNodeGetType_v10000,0,3377,3216692,3216692,20,python
2117726738,351,cudaGraphNodeGetType_v10000,0,3378,3216692,3216692,20,python
2117727279,351,cudaGraphNodeGetType_v10000,0,3379,3216692,3216692,20,python
2117727810,351,cudaGraphNodeGetType_v10000,0,3380,3216692,3216692,20,python
2117728341,371,cudaGraphNodeGetType_v10000,0,3381,3216692,3216692,20,python
2117728892,361,cudaGraphNodeGetType_v10000,0,3382,3216692,3216692,20,python
2117729433,361,cudaGraphNodeGetType_v10000,0,3383,3216692,3216692,20,python
2117729974,351,cudaGraphNodeGetType_v10000,0,3384,3216692,3216692,20,python
2117730515,361,cudaGraphNodeGetType_v10000,0,3385,3216692,3216692,20,python
2117731066,351,cudaGraphNodeGetType_v10000,0,3386,3216692,3216692,20,python
2117731597,361,cudaGraphNodeGetType_v10000,0,3387,3216692,3216692,20,python
2117732138,361,cudaGraphNodeGetType_v10000,0,3388,3216692,3216692,20,python
2117732679,351,cudaGraphNodeGetType_v10000,0,3389,3216692,3216692,20,python
2117733320,361,cudaGraphNodeGetType_v10000,0,3390,3216692,3216692,20,python
2117733872,350,cudaGraphNodeGetType_v10000,0,3391,3216692,3216692,20,python
2117734403,350,cudaGraphNodeGetType_v10000,0,3392,3216692,3216692,20,python
2117734944,350,cudaGraphNodeGetType_v10000,0,3393,3216692,3216692,20,python
2117735475,370,cudaGraphNodeGetType_v10000,0,3394,3216692,3216692,20,python
2117736026,350,cudaGraphNodeGetType_v10000,0,3395,3216692,3216692,20,python
2117736557,661,cudaGraphNodeGetType_v10000,0,3396,3216692,3216692,20,python
2117737408,361,cudaGraphNodeGetType_v10000,0,3397,3216692,3216692,20,python
2117737949,371,cudaGraphNodeGetType_v10000,0,3398,3216692,3216692,20,python
2117738500,361,cudaGraphNodeGetType_v10000,0,3399,3216692,3216692,20,python
2117739041,351,cudaGraphNodeGetType_v10000,0,3400,3216692,3216692,20,python
2117739572,361,cudaGraphNodeGetType_v10000,0,3401,3216692,3216692,20,python
2117740113,351,cudaGraphNodeGetType_v10000,0,3402,3216692,3216692,20,python
2117740644,371,cudaGraphNodeGetType_v10000,0,3403,3216692,3216692,20,python
2117741196,350,cudaGraphNodeGetType_v10000,0,3404,3216692,3216692,20,python
2117741737,350,cudaGraphNodeGetType_v10000,0,3405,3216692,3216692,20,python
2117742268,350,cudaGraphNodeGetType_v10000,0,3406,3216692,3216692,20,python
2117742809,360,cudaGraphNodeGetType_v10000,0,3407,3216692,3216692,20,python
2117743360,350,cudaGraphNodeGetType_v10000,0,3408,3216692,3216692,20,python
2117743891,360,cudaGraphNodeGetType_v10000,0,3409,3216692,3216692,20,python
2117744432,350,cudaGraphNodeGetType_v10000,0,3410,3216692,3216692,20,python
2117744973,350,cudaGraphNodeGetType_v10000,0,3411,3216692,3216692,20,python
2117745504,350,cudaGraphNodeGetType_v10000,0,3412,3216692,3216692,20,python
2117746045,360,cudaGraphNodeGetType_v10000,0,3413,3216692,3216692,20,python
2117746586,361,cudaGraphNodeGetType_v10000,0,3414,3216692,3216692,20,python
2117747137,391,cudaGraphNodeGetType_v10000,0,3415,3216692,3216692,20,python
2117747718,351,cudaGraphNodeGetType_v10000,0,3416,3216692,3216692,20,python
2117748249,361,cudaGraphNodeGetType_v10000,0,3417,3216692,3216692,20,python
2117748790,351,cudaGraphNodeGetType_v10000,0,3418,3216692,3216692,20,python
2117749331,351,cudaGraphNodeGetType_v10000,0,3419,3216692,3216692,20,python
2117749862,351,cudaGraphNodeGetType_v10000,0,3420,3216692,3216692,20,python
2117750393,361,cudaGraphNodeGetType_v10000,0,3421,3216692,3216692,20,python
2117750934,371,cudaGraphNodeGetType_v10000,0,3422,3216692,3216692,20,python
2117751485,351,cudaGraphNodeGetType_v10000,0,3423,3216692,3216692,20,python
2117752026,351,cudaGraphNodeGetType_v10000,0,3424,3216692,3216692,20,python
2117752567,351,cudaGraphNodeGetType_v10000,0,3425,3216692,3216692,20,python
2117753098,351,cudaGraphNodeGetType_v10000,0,3426,3216692,3216692,20,python
2117753629,361,cudaGraphNodeGetType_v10000,0,3427,3216692,3216692,20,python
2117754170,371,cudaGraphNodeGetType_v10000,0,3428,3216692,3216692,20,python
2117754721,351,cudaGraphNodeGetType_v10000,0,3429,3216692,3216692,20,python
2117755252,361,cudaGraphNodeGetType_v10000,0,3430,3216692,3216692,20,python
2117755803,361,cudaGraphNodeGetType_v10000,0,3431,3216692,3216692,20,python
2117756355,350,cudaGraphNodeGetType_v10000,0,3432,3216692,3216692,20,python
2117756896,360,cudaGraphNodeGetType_v10000,0,3433,3216692,3216692,20,python
2117757437,360,cudaGraphNodeGetType_v10000,0,3434,3216692,3216692,20,python
2117757978,360,cudaGraphNodeGetType_v10000,0,3435,3216692,3216692,20,python
2117758519,360,cudaGraphNodeGetType_v10000,0,3436,3216692,3216692,20,python
2117759060,370,cudaGraphNodeGetType_v10000,0,3437,3216692,3216692,20,python
2117759611,360,cudaGraphNodeGetType_v10000,0,3438,3216692,3216692,20,python
2117760152,350,cudaGraphNodeGetType_v10000,0,3439,3216692,3216692,20,python
2117760683,361,cudaGraphNodeGetType_v10000,0,3440,3216692,3216692,20,python
2117761224,351,cudaGraphNodeGetType_v10000,0,3441,3216692,3216692,20,python
2117761765,361,cudaGraphNodeGetType_v10000,0,3442,3216692,3216692,20,python
2117762306,361,cudaGraphNodeGetType_v10000,0,3443,3216692,3216692,20,python
2117762847,351,cudaGraphNodeGetType_v10000,0,3444,3216692,3216692,20,python
2117763378,361,cudaGraphNodeGetType_v10000,0,3445,3216692,3216692,20,python
2117763919,661,cudaGraphNodeGetType_v10000,0,3446,3216692,3216692,20,python
2117764761,350,cudaGraphNodeGetType_v10000,0,3447,3216692,3216692,20,python
2117765292,360,cudaGraphNodeGetType_v10000,0,3448,3216692,3216692,20,python
2117765833,350,cudaGraphNodeGetType_v10000,0,3449,3216692,3216692,20,python
2117766364,360,cudaGraphNodeGetType_v10000,0,3450,3216692,3216692,20,python
2117766915,350,cudaGraphNodeGetType_v10000,0,3451,3216692,3216692,20,python
2117767456,350,cudaGraphNodeGetType_v10000,0,3452,3216692,3216692,20,python
2117767987,350,cudaGraphNodeGetType_v10000,0,3453,3216692,3216692,20,python
2117768528,351,cudaGraphNodeGetType_v10000,0,3454,3216692,3216692,20,python
2117769059,351,cudaGraphNodeGetType_v10000,0,3455,3216692,3216692,20,python
2117769600,351,cudaGraphNodeGetType_v10000,0,3456,3216692,3216692,20,python
2117770131,351,cudaGraphNodeGetType_v10000,0,3457,3216692,3216692,20,python
2117770672,351,cudaGraphNodeGetType_v10000,0,3458,3216692,3216692,20,python
2117771203,351,cudaGraphNodeGetType_v10000,0,3459,3216692,3216692,20,python
2117771744,351,cudaGraphNodeGetType_v10000,0,3460,3216692,3216692,20,python
2117772275,351,cudaGraphNodeGetType_v10000,0,3461,3216692,3216692,20,python
2117772816,351,cudaGraphNodeGetType_v10000,0,3462,3216692,3216692,20,python
2117773347,361,cudaGraphNodeGetType_v10000,0,3463,3216692,3216692,20,python
2117773888,361,cudaGraphNodeGetType_v10000,0,3464,3216692,3216692,20,python
2117774429,361,cudaGraphNodeGetType_v10000,0,3465,3216692,3216692,20,python
2117774970,351,cudaGraphNodeGetType_v10000,0,3466,3216692,3216692,20,python
2117775501,361,cudaGraphNodeGetType_v10000,0,3467,3216692,3216692,20,python
2117776293,350,cudaGraphNodeGetType_v10000,0,3468,3216692,3216692,20,python
2117776824,350,cudaGraphNodeGetType_v10000,0,3469,3216692,3216692,20,python
2117777365,350,cudaGraphNodeGetType_v10000,0,3470,3216692,3216692,20,python
2117777896,360,cudaGraphNodeGetType_v10000,0,3471,3216692,3216692,20,python
2117778437,361,cudaGraphNodeGetType_v10000,0,3472,3216692,3216692,20,python
2117778978,361,cudaGraphNodeGetType_v10000,0,3473,3216692,3216692,20,python
2117779519,351,cudaGraphNodeGetType_v10000,0,3474,3216692,3216692,20,python
2117780050,361,cudaGraphNodeGetType_v10000,0,3475,3216692,3216692,20,python
2117780591,351,cudaGraphNodeGetType_v10000,0,3476,3216692,3216692,20,python
2117781122,361,cudaGraphNodeGetType_v10000,0,3477,3216692,3216692,20,python
2117781663,351,cudaGraphNodeGetType_v10000,0,3478,3216692,3216692,20,python
2117782194,361,cudaGraphNodeGetType_v10000,0,3479,3216692,3216692,20,python
2117782735,351,cudaGraphNodeGetType_v10000,0,3480,3216692,3216692,20,python
2117783266,361,cudaGraphNodeGetType_v10000,0,3481,3216692,3216692,20,python
2117784098,370,cudaGraphNodeGetType_v10000,0,3482,3216692,3216692,20,python
2117784649,350,cudaGraphNodeGetType_v10000,0,3483,3216692,3216692,20,python
2117785180,360,cudaGraphNodeGetType_v10000,0,3484,3216692,3216692,20,python
2117785721,360,cudaGraphNodeGetType_v10000,0,3485,3216692,3216692,20,python
2117786262,350,cudaGraphNodeGetType_v10000,0,3486,3216692,3216692,20,python
2117786793,361,cudaGraphNodeGetType_v10000,0,3487,3216692,3216692,20,python
2117787334,351,cudaGraphNodeGetType_v10000,0,3488,3216692,3216692,20,python
2117787865,361,cudaGraphNodeGetType_v10000,0,3489,3216692,3216692,20,python
2117788406,351,cudaGraphNodeGetType_v10000,0,3490,3216692,3216692,20,python
2117788937,361,cudaGraphNodeGetType_v10000,0,3491,3216692,3216692,20,python
2117789478,351,cudaGraphNodeGetType_v10000,0,3492,3216692,3216692,20,python
2117790009,361,cudaGraphNodeGetType_v10000,0,3493,3216692,3216692,20,python
2117790550,361,cudaGraphNodeGetType_v10000,0,3494,3216692,3216692,20,python
2117791091,361,cudaGraphNodeGetType_v10000,0,3495,3216692,3216692,20,python
2117791632,351,cudaGraphNodeGetType_v10000,0,3496,3216692,3216692,20,python
2117792163,361,cudaGraphNodeGetType_v10000,0,3497,3216692,3216692,20,python
2117792704,351,cudaGraphNodeGetType_v10000,0,3498,3216692,3216692,20,python
2117793235,361,cudaGraphNodeGetType_v10000,0,3499,3216692,3216692,20,python
2117793776,351,cudaGraphNodeGetType_v10000,0,3500,3216692,3216692,20,python
2117794307,361,cudaGraphNodeGetType_v10000,0,3501,3216692,3216692,20,python
2117794858,351,cudaGraphNodeGetType_v10000,0,3502,3216692,3216692,20,python
2117795389,361,cudaGraphNodeGetType_v10000,0,3503,3216692,3216692,20,python
2117795930,351,cudaGraphNodeGetType_v10000,0,3504,3216692,3216692,20,python
2117796471,351,cudaGraphNodeGetType_v10000,0,3505,3216692,3216692,20,python
2117797002,351,cudaGraphNodeGetType_v10000,0,3506,3216692,3216692,20,python
2117797543,351,cudaGraphNodeGetType_v10000,0,3507,3216692,3216692,20,python
2117798074,351,cudaGraphNodeGetType_v10000,0,3508,3216692,3216692,20,python
2117798615,361,cudaGraphNodeGetType_v10000,0,3509,3216692,3216692,20,python
2117799156,351,cudaGraphNodeGetType_v10000,0,3510,3216692,3216692,20,python
2117799698,350,cudaGraphNodeGetType_v10000,0,3511,3216692,3216692,20,python
2117800239,350,cudaGraphNodeGetType_v10000,0,3512,3216692,3216692,20,python
2117800770,350,cudaGraphNodeGetType_v10000,0,3513,3216692,3216692,20,python
2117801311,350,cudaGraphNodeGetType_v10000,0,3514,3216692,3216692,20,python
2117801842,350,cudaGraphNodeGetType_v10000,0,3515,3216692,3216692,20,python
2117802373,360,cudaGraphNodeGetType_v10000,0,3516,3216692,3216692,20,python
2117802924,350,cudaGraphNodeGetType_v10000,0,3517,3216692,3216692,20,python
2117803455,360,cudaGraphNodeGetType_v10000,0,3518,3216692,3216692,20,python
2117803996,360,cudaGraphNodeGetType_v10000,0,3519,3216692,3216692,20,python
2117804537,350,cudaGraphNodeGetType_v10000,0,3520,3216692,3216692,20,python
2117805068,350,cudaGraphNodeGetType_v10000,0,3521,3216692,3216692,20,python
2117805609,361,cudaGraphNodeGetType_v10000,0,3522,3216692,3216692,20,python
2117806150,361,cudaGraphNodeGetType_v10000,0,3523,3216692,3216692,20,python
2117806691,351,cudaGraphNodeGetType_v10000,0,3524,3216692,3216692,20,python
2117807222,361,cudaGraphNodeGetType_v10000,0,3525,3216692,3216692,20,python
2117807763,351,cudaGraphNodeGetType_v10000,0,3526,3216692,3216692,20,python
2117808304,351,cudaGraphNodeGetType_v10000,0,3527,3216692,3216692,20,python
2117808835,351,cudaGraphNodeGetType_v10000,0,3528,3216692,3216692,20,python
2117809376,351,cudaGraphNodeGetType_v10000,0,3529,3216692,3216692,20,python
2117809907,351,cudaGraphNodeGetType_v10000,0,3530,3216692,3216692,20,python
2117810448,351,cudaGraphNodeGetType_v10000,0,3531,3216692,3216692,20,python
2117810979,351,cudaGraphNodeGetType_v10000,0,3532,3216692,3216692,20,python
2117811520,361,cudaGraphNodeGetType_v10000,0,3533,3216692,3216692,20,python
2117812061,351,cudaGraphNodeGetType_v10000,0,3534,3216692,3216692,20,python
2117812592,361,cudaGraphNodeGetType_v10000,0,3535,3216692,3216692,20,python
2117813133,361,cudaGraphNodeGetType_v10000,0,3536,3216692,3216692,20,python
2117813674,351,cudaGraphNodeGetType_v10000,0,3537,3216692,3216692,20,python
2117814205,361,cudaGraphNodeGetType_v10000,0,3538,3216692,3216692,20,python
2117814746,351,cudaGraphNodeGetType_v10000,0,3539,3216692,3216692,20,python
2117815277,351,cudaGraphNodeGetType_v10000,0,3540,3216692,3216692,20,python
2117815818,351,cudaGraphNodeGetType_v10000,0,3541,3216692,3216692,20,python
2117816349,361,cudaGraphNodeGetType_v10000,0,3542,3216692,3216692,20,python
2117816890,361,cudaGraphNodeGetType_v10000,0,3543,3216692,3216692,20,python
2117817431,351,cudaGraphNodeGetType_v10000,0,3544,3216692,3216692,20,python
2117817972,351,cudaGraphNodeGetType_v10000,0,3545,3216692,3216692,20,python
2117818514,350,cudaGraphNodeGetType_v10000,0,3546,3216692,3216692,20,python
2117819045,350,cudaGraphNodeGetType_v10000,0,3547,3216692,3216692,20,python
2117819576,360,cudaGraphNodeGetType_v10000,0,3548,3216692,3216692,20,python
2117820117,350,cudaGraphNodeGetType_v10000,0,3549,3216692,3216692,20,python
2117820648,360,cudaGraphNodeGetType_v10000,0,3550,3216692,3216692,20,python
2117821189,350,cudaGraphNodeGetType_v10000,0,3551,3216692,3216692,20,python
2117821720,360,cudaGraphNodeGetType_v10000,0,3552,3216692,3216692,20,python
2117822261,350,cudaGraphNodeGetType_v10000,0,3553,3216692,3216692,20,python
2117822792,360,cudaGraphNodeGetType_v10000,0,3554,3216692,3216692,20,python
2117823333,350,cudaGraphNodeGetType_v10000,0,3555,3216692,3216692,20,python
2117823864,360,cudaGraphNodeGetType_v10000,0,3556,3216692,3216692,20,python
2117824405,361,cudaGraphNodeGetType_v10000,0,3557,3216692,3216692,20,python
2117824946,361,cudaGraphNodeGetType_v10000,0,3558,3216692,3216692,20,python
2117825487,351,cudaGraphNodeGetType_v10000,0,3559,3216692,3216692,20,python
2117826028,351,cudaGraphNodeGetType_v10000,0,3560,3216692,3216692,20,python
2117826559,351,cudaGraphNodeGetType_v10000,0,3561,3216692,3216692,20,python
2117827090,361,cudaGraphNodeGetType_v10000,0,3562,3216692,3216692,20,python
2117827631,351,cudaGraphNodeGetType_v10000,0,3563,3216692,3216692,20,python
2117828172,361,cudaGraphNodeGetType_v10000,0,3564,3216692,3216692,20,python
2117828713,361,cudaGraphNodeGetType_v10000,0,3565,3216692,3216692,20,python
2117829254,351,cudaGraphNodeGetType_v10000,0,3566,3216692,3216692,20,python
2117829785,361,cudaGraphNodeGetType_v10000,0,3567,3216692,3216692,20,python
2117830326,351,cudaGraphNodeGetType_v10000,0,3568,3216692,3216692,20,python
2117830857,361,cudaGraphNodeGetType_v10000,0,3569,3216692,3216692,20,python
2117831398,351,cudaGraphNodeGetType_v10000,0,3570,3216692,3216692,20,python
2117831929,361,cudaGraphNodeGetType_v10000,0,3571,3216692,3216692,20,python
2117832470,361,cudaGraphNodeGetType_v10000,0,3572,3216692,3216692,20,python
2117833011,351,cudaGraphNodeGetType_v10000,0,3573,3216692,3216692,20,python
2117833552,351,cudaGraphNodeGetType_v10000,0,3574,3216692,3216692,20,python
2117834093,351,cudaGraphNodeGetType_v10000,0,3575,3216692,3216692,20,python
2117834624,351,cudaGraphNodeGetType_v10000,0,3576,3216692,3216692,20,python
2117835155,361,cudaGraphNodeGetType_v10000,0,3577,3216692,3216692,20,python
2117835696,351,cudaGraphNodeGetType_v10000,0,3578,3216692,3216692,20,python
2117836227,361,cudaGraphNodeGetType_v10000,0,3579,3216692,3216692,20,python
2117836768,351,cudaGraphNodeGetType_v10000,0,3580,3216692,3216692,20,python
2117838752,851731,cudaGraphInstantiate_v12000,0,3581,3216692,3216692,20,python
2118691344,104661,cudaGraphUpload_v10000,0,3582,3216692,3216692,20,python
2118796606,39616,cudaStreamSynchronize,0,3583,3216692,3216692,20,python
2118836582,2876,cudaStreamBeginCapture_v10000,0,3584,3216692,3216692,20,python
2118840550,23926,cudaLaunchKernel,0,3585,3216692,3216692,20,python
2118866169,1563,cudaLaunchKernel,0,3587,3216692,3216692,20,python
2118868824,25970,cudaLaunchKernel,0,3589,3216692,3216692,20,python
2118895706,1022,cudaStreamEndCapture_v10000,0,3591,3216692,3216692,20,python
2118897008,50537,cudaGraphInstantiate_v12000,0,3592,3216692,3216692,20,python
2118948507,6432,cudaStreamDestroy,0,3593,3216692,3216692,20,python
2118960460,1082,cudaStreamIsCapturing_v10000,0,3595,3216692,3216692,20,python
2118962754,12143,cudaMemcpyAsync,0,3596,3216692,3216692,20,python
2118975358,5781,cudaMemsetAsync,0,3597,3216692,3216692,20,python
2118981981,6382,cudaEventRecord,0,3598,3216692,3216692,20,python
2118989004,2886,cudaStreamWaitEvent,0,3599,3216692,3216692,20,python
2118992351,335221,cudaLaunchHostFunc_v10000,0,3600,3216692,3216692,20,python
2119339054,59484,cudaLaunchKernel,0,3601,3216692,3216692,20,python
2119408046,5020,cudaMemsetAsync,0,3603,3216692,3216692,20,python
2119413327,2745,cudaMemsetAsync,0,3604,3216692,3216692,20,python
2119416593,2615,cudaMemsetAsync,0,3605,3216692,3216692,20,python
2119419478,2615,cudaMemsetAsync,0,3606,3216692,3216692,20,python
2119422524,2655,cudaMemsetAsync,0,3607,3216692,3216692,20,python
2119425530,2735,cudaMemsetAsync,0,3608,3216692,3216692,20,python
2119428526,2615,cudaMemsetAsync,0,3609,3216692,3216692,20,python
2119431421,2695,cudaMemsetAsync,0,3610,3216692,3216692,20,python
2119434377,2555,cudaMemsetAsync,0,3611,3216692,3216692,20,python
2119437683,25068,cudaLaunchKernel,0,3612,3216692,3216692,20,python
2119463833,35438,cudaLaunchKernel,0,3614,3216692,3216692,20,python
2119500313,20609,cudaLaunchKernel,0,3616,3216692,3216692,20,python
2119522676,5991,cudaLaunchKernel,0,3618,3216692,3216692,20,python
2119529559,5471,cudaLaunchKernel,0,3620,3216692,3216692,20,python
2119535811,5010,cudaLaunchKernel,0,3622,3216692,3216692,20,python
2119541913,5180,cudaLaunchKernel,0,3624,3216692,3216692,20,python
2119548014,5100,cudaLaunchKernel,0,3626,3216692,3216692,20,python
2119555318,20660,cudaLaunchKernel,0,3628,3216692,3216692,20,python
2119576970,40678,cudaLaunchKernel,0,3630,3216692,3216692,20,python
2119618870,71998,cudaLaunchKernel,0,3632,3216692,3216692,20,python
2119692140,24567,cudaLaunchKernel,0,3634,3216692,3216692,20,python
2119718140,19537,cudaLaunchKernel,0,3636,3216692,3216692,20,python
2119738749,19658,cudaLaunchKernel,0,3638,3216692,3216692,20,python
2119760361,4779,cudaLaunchKernel,0,3640,3216692,3216692,20,python
2119765922,4899,cudaLaunchKernel,0,3642,3216692,3216692,20,python
2119771673,25288,cudaLaunchKernel,0,3644,3216692,3216692,20,python
2119797903,40848,cudaLaunchKernel,0,3646,3216692,3216692,20,python
2119839773,24477,cudaLaunchKernel,0,3648,3216692,3216692,20,python
2119865262,22773,cudaLaunchKernel,0,3650,3216692,3216692,20,python
2119889939,59013,cudaLaunchKernel,0,3652,3216692,3216692,20,python
2119950184,23946,cudaLaunchKernel,0,3654,3216692,3216692,20,python
2119975523,5631,cudaLaunchKernel,0,3656,3216692,3216692,20,python
2119982095,5551,cudaLaunchKernel,0,3658,3216692,3216692,20,python
2119988538,21210,cudaLaunchKernel,0,3660,3216692,3216692,20,python
2120010680,25058,cudaLaunchKernel,0,3662,3216692,3216692,20,python
2120036700,4789,cudaMemsetAsync,0,3664,3216692,3216692,20,python
2120041770,2955,cudaMemsetAsync,0,3665,3216692,3216692,20,python
2120046459,6071,cudaLaunchKernel,0,3666,3216692,3216692,20,python
2120053342,22463,cudaLaunchKernel,0,3668,3216692,3216692,20,python
2120076606,24197,cudaLaunchKernel,0,3670,3216692,3216692,20,python
2120101624,32623,cudaLaunchKernel,0,3672,3216692,3216692,20,python
2120135198,22874,cudaLaunchKernel,0,3674,3216692,3216692,20,python
2120158904,19377,cudaLaunchKernel,0,3676,3216692,3216692,20,python
2120179553,20069,cudaLaunchKernel,0,3678,3216692,3216692,20,python
2120211094,19828,cudaLaunchKernel,0,3684,3216692,3216692,20,python
2120231703,4028,cudaMemsetAsync,0,3686,3216692,3216692,20,python
2120236021,2886,cudaMemsetAsync,0,3687,3216692,3216692,20,python
2120245419,5701,cudaLaunchKernel,0,3688,3216692,3216692,20,python
2120251742,3296,cudaMemsetAsync,0,3690,3216692,3216692,20,python
2120255559,4879,cudaLaunchKernel,0,3691,3216692,3216692,20,python
2120261340,6242,cudaLaunchKernel,0,3693,3216692,3216692,20,python
2120270017,5149,cudaLaunchKernel,0,3695,3216692,3216692,20,python
2120276218,3467,cudaMemsetAsync,0,3697,3216692,3216692,20,python
2120282891,5451,cudaLaunchKernel,0,3698,3216692,3216692,20,python
2120289173,4499,cudaLaunchKernel,0,3700,3216692,3216692,20,python
2120294584,4819,cudaLaunchKernel,0,3702,3216692,3216692,20,python
2120300465,4108,cudaLaunchKernel,0,3704,3216692,3216692,20,python
2120305925,5070,cudaLaunchKernel,0,3706,3216692,3216692,20,python
2120312277,5060,cudaLaunchKernel,0,3708,3216692,3216692,20,python
2120318249,4909,cudaLaunchKernel,0,3710,3216692,3216692,20,python
2120324040,3036,cudaMemsetAsync,0,3712,3216692,3216692,20,python
2120327787,12584,cudaLaunchKernel,0,3713,3216692,3216692,20,python
2120341383,5120,cudaLaunchKernel,0,3715,3216692,3216692,20,python
2120347505,4949,cudaLaunchKernel,0,3717,3216692,3216692,20,python
2120353667,5059,cudaLaunchKernel,0,3719,3216692,3216692,20,python
2120360750,5431,cudaLaunchKernel,0,3721,3216692,3216692,20,python
2120367193,5290,cudaLaunchKernel,0,3723,3216692,3216692,20,python
2120373455,4558,cudaLaunchKernel,0,3725,3216692,3216692,20,python
2120379256,6252,cudaLaunchKernel,0,3727,3216692,3216692,20,python
2120387461,54935,cudaLaunchKernel,0,3729,3216692,3216692,20,python
2120444751,4408,cudaMemsetAsync,0,3732,3216692,3216692,20,python
2120451384,701,cudaStreamIsCapturing_v10000,0,3734,3216692,3216692,20,python
2120452516,1984,cudaStreamWaitEvent,0,3735,3216692,3216692,20,python
2120454840,12033,cudaMemcpyAsync,0,3736,3216692,3216692,20,python
2120467224,4449,cudaEventRecord,0,3737,3216692,3216692,20,python
2120472143,501,cudaStreamIsCapturing_v10000,0,3738,3216692,3216692,20,python
2120472985,19828,cudaGraphLaunch_v10000,0,3739,3216692,3216692,20,python
2120494536,3818,cudaMemsetAsync,0,3740,3216692,3216692,20,python
2120498624,2886,cudaMemsetAsync,0,3741,3216692,3216692,20,python
2120501790,2786,cudaMemsetAsync,0,3742,3216692,3216692,20,python
2120504836,2675,cudaMemsetAsync,0,3743,3216692,3216692,20,python
2120507762,2705,cudaMemsetAsync,0,3744,3216692,3216692,20,python
2120510747,2675,cudaMemsetAsync,0,3745,3216692,3216692,20,python
2120513683,2665,cudaMemsetAsync,0,3746,3216692,3216692,20,python
2120517300,28915,cudaLaunchKernel,0,3747,3216692,3216692,20,python
2120546977,3126,cudaMemsetAsync,0,3749,3216692,3216692,20,python
2120551014,61117,cudaLaunchKernel,0,3750,3216692,3216692,20,python
2120614586,5080,cudaLaunchKernel,0,3752,3216692,3216692,20,python
2120620768,5060,cudaLaunchKernel,0,3754,3216692,3216692,20,python
2120626649,5671,cudaLaunchKernel,0,3756,3216692,3216692,20,python
2120633192,38273,cudaLaunchKernel,0,3758,3216692,3216692,20,python
2120672647,22594,cudaLaunchKernel,0,3760,3216692,3216692,20,python
2120696383,21341,cudaLaunchKernel,0,3762,3216692,3216692,20,python
2120718946,5641,cudaLaunchKernel,0,3764,3216692,3216692,20,python
2120726611,4057,cudaMemsetAsync,0,3766,3216692,3216692,20,python
2120730969,2755,cudaMemsetAsync,0,3767,3216692,3216692,20,python
2120734005,2695,cudaMemsetAsync,0,3768,3216692,3216692,20,python
2120737341,24497,cudaLaunchKernel,0,3769,3216692,3216692,20,python
2120762620,3125,cudaMemsetAsync,0,3771,3216692,3216692,20,python
2120766016,2715,cudaMemsetAsync,0,3772,3216692,3216692,20,python
2120769763,5781,cudaLaunchKernel,0,3773,3216692,3216692,20,python
2120776366,5581,cudaLaunchKernel,0,3775,3216692,3216692,20,python
2120782868,5381,cudaLaunchKernel,0,3777,3216692,3216692,20,python
2120789130,5791,cudaLaunchKernel,0,3779,3216692,3216692,20,python
2120795953,5952,cudaLaunchKernel,0,3781,3216692,3216692,20,python
2120805922,3026,cudaMemsetAsync,0,3783,3216692,3216692,20,python
2120809229,2615,cudaMemsetAsync,0,3784,3216692,3216692,20,python
2120812555,5390,cudaLaunchKernel,0,3785,3216692,3216692,20,python
2120818537,2935,cudaMemsetAsync,0,3787,3216692,3216692,20,python
2120821743,2665,cudaMemsetAsync,0,3788,3216692,3216692,20,python
2120825871,4829,cudaLaunchKernel,0,3789,3216692,3216692,20,python
2120831551,5180,cudaLaunchKernel,0,3791,3216692,3216692,20,python
2120837583,4799,cudaLaunchKernel,0,3793,3216692,3216692,20,python
2120843244,5911,cudaLaunchKernel,0,3795,3216692,3216692,20,python
2120849736,2946,cudaMemsetAsync,0,3797,3216692,3216692,20,python
2120852962,2615,cudaMemsetAsync,0,3798,3216692,3216692,20,python
2120856449,4699,cudaLaunchKernel,0,3799,3216692,3216692,20,python
2120862020,5180,cudaLaunchKernel,0,3801,3216692,3216692,20,python
2120867981,4519,cudaLaunchKernel,0,3803,3216692,3216692,20,python
2120873081,3046,cudaMemsetAsync,0,3805,3216692,3216692,20,python
2120876397,2635,cudaMemsetAsync,0,3806,3216692,3216692,20,python
2120879984,2715,cudaMemsetAsync,0,3807,3216692,3216692,20,python
2120883270,5671,cudaLaunchKernel,0,3808,3216692,3216692,20,python
2120889763,4709,cudaLaunchKernel,0,3810,3216692,3216692,20,python
2120895464,4769,cudaLaunchKernel,0,3812,3216692,3216692,20,python
2120901065,5039,cudaLaunchKernel,0,3814,3216692,3216692,20,python
2120906926,4569,cudaLaunchKernel,0,3816,3216692,3216692,20,python
2120912316,4789,cudaLaunchKernel,0,3818,3216692,3216692,20,python
2120917696,3166,cudaMemsetAsync,0,3820,3216692,3216692,20,python
2120921273,2725,cudaMemsetAsync,0,3821,3216692,3216692,20,python
2120926263,5420,cudaLaunchKernel,0,3822,3216692,3216692,20,python
2120932465,5160,cudaLaunchKernel,0,3824,3216692,3216692,20,python
2120938486,4669,cudaLaunchKernel,0,3826,3216692,3216692,20,python
2120943987,5059,cudaLaunchKernel,0,3828,3216692,3216692,20,python
2120949778,4739,cudaLaunchKernel,0,3830,3216692,3216692,20,python
2120955348,4800,cudaLaunchKernel,0,3832,3216692,3216692,20,python
2120960949,4489,cudaLaunchKernel,0,3834,3216692,3216692,20,python
2120966189,3046,cudaMemsetAsync,0,3836,3216692,3216692,20,python
2120969506,2585,cudaMemsetAsync,0,3837,3216692,3216692,20,python
2120974695,4820,cudaLaunchKernel,0,3838,3216692,3216692,20,python
2120980386,5040,cudaLaunchKernel,0,3840,3216692,3216692,20,python
2120986398,4749,cudaLaunchKernel,0,3842,3216692,3216692,20,python
2120991939,4548,cudaLaunchKernel,0,3844,3216692,3216692,20,python
2120997148,2996,cudaMemsetAsync,0,3846,3216692,3216692,20,python
2121000425,2745,cudaMemsetAsync,0,3847,3216692,3216692,20,python
2121003451,2805,cudaMemsetAsync,0,3848,3216692,3216692,20,python
2121008650,5100,cudaLaunchKernel,0,3849,3216692,3216692,20,python
2121014592,5370,cudaLaunchKernel,0,3851,3216692,3216692,20,python
2121020714,5009,cudaLaunchKernel,0,3853,3216692,3216692,20,python
2121026455,4598,cudaLaunchKernel,0,3855,3216692,3216692,20,python
2121031975,5611,cudaLaunchKernel,0,3857,3216692,3216692,20,python
2121038798,4409,cudaLaunchKernel,0,3859,3216692,3216692,20,python
2121044008,5481,cudaLaunchKernel,0,3860,3216692,3216692,20,python
2121050501,3226,cudaMemsetAsync,0,3862,3216692,3216692,20,python
2121054087,2736,cudaMemsetAsync,0,3863,3216692,3216692,20,python
2121057233,2676,cudaMemsetAsync,0,3864,3216692,3216692,20,python
2121060169,2986,cudaMemsetAsync,0,3865,3216692,3216692,20,python
2121063546,2675,cudaMemsetAsync,0,3866,3216692,3216692,20,python
2121066471,2665,cudaMemsetAsync,0,3867,3216692,3216692,20,python
2121071431,5470,cudaLaunchKernel,0,3868,3216692,3216692,20,python
2121077733,5560,cudaLaunchKernel,0,3870,3216692,3216692,20,python
2121084195,5511,cudaLaunchKernel,0,3872,3216692,3216692,20,python
2121090537,4980,cudaLaunchKernel,0,3874,3216692,3216692,20,python
2121096318,5000,cudaLaunchKernel,0,3876,3216692,3216692,20,python
2121104444,5260,cudaLaunchKernel,0,3878,3216692,3216692,20,python
2121110626,5180,cudaLaunchKernel,0,3880,3216692,3216692,20,python
2121117539,5380,cudaLaunchKernel,0,3882,3216692,3216692,20,python
2121123701,5470,cudaLaunchKernel,0,3884,3216692,3216692,20,python
2121129953,4348,cudaLaunchKernel,0,3886,3216692,3216692,20,python
2121136676,5029,cudaLaunchKernel,0,3888,3216692,3216692,20,python
2121142547,5100,cudaLaunchKernel,0,3890,3216692,3216692,20,python
2121148398,5801,cudaLaunchKernel,0,3892,3216692,3216692,20,python
2121154961,5169,cudaLaunchKernel,0,3894,3216692,3216692,20,python
2121160892,4388,cudaLaunchKernel,0,3896,3216692,3216692,20,python
2121165751,4539,cudaLaunchKernel,0,3897,3216692,3216692,20,python
2121170761,4298,cudaLaunchKernel,0,3898,3216692,3216692,20,python
2121175550,5691,cudaLaunchKernel,0,3899,3216692,3216692,20,python
2121181822,3216,cudaMemsetAsync,0,3901,3216692,3216692,20,python
2121185299,2845,cudaMemsetAsync,0,3902,3216692,3216692,20,python
2121188725,4739,cudaLaunchKernel,0,3903,3216692,3216692,20,python
2121195017,4739,cudaLaunchKernel,0,3905,3216692,3216692,20,python
2121200518,4408,cudaLaunchKernel,0,3907,3216692,3216692,20,python
2121205758,5530,cudaLaunchKernel,0,3909,3216692,3216692,20,python
2121212110,5020,cudaLaunchKernel,0,3911,3216692,3216692,20,python
2121217871,4509,cudaLaunchKernel,0,3913,3216692,3216692,20,python
2121222911,4568,cudaLaunchKernel,0,3914,3216692,3216692,20,python
2121228181,3106,cudaMemsetAsync,0,3916,3216692,3216692,20,python
2121231547,2675,cudaMemsetAsync,0,3917,3216692,3216692,20,python
2121239853,5060,cudaLaunchKernel,0,3918,3216692,3216692,20,python
2121245835,5280,cudaLaunchKernel,0,3920,3216692,3216692,20,python
2121252097,5119,cudaLaunchKernel,0,3922,3216692,3216692,20,python
2121258108,5491,cudaLaunchKernel,0,3924,3216692,3216692,20,python
2121264400,5110,cudaLaunchKernel,0,3926,3216692,3216692,20,python
2121270382,5220,cudaLaunchKernel,0,3928,3216692,3216692,20,python
2121276133,3045,cudaMemsetAsync,0,3930,3216692,3216692,20,python
2121279830,5680,cudaLaunchKernel,0,3931,3216692,3216692,20,python
2121287154,5139,cudaLaunchKernel,0,3933,3216692,3216692,20,python
2121293125,5160,cudaLaunchKernel,0,3935,3216692,3216692,20,python
2121299157,5500,cudaLaunchKernel,0,3937,3216692,3216692,20,python
2121305188,3076,cudaMemsetAsync,0,3939,3216692,3216692,20,python
2121308755,4509,cudaLaunchKernel,0,3940,3216692,3216692,20,python
2121314246,4488,cudaLaunchKernel,0,3942,3216692,3216692,20,python
2121319455,4309,cudaLaunchKernel,0,3944,3216692,3216692,20,python
2121324515,12053,cudaLaunchKernel,0,3946,3216692,3216692,20,python
2121337390,4458,cudaLaunchKernel,0,3948,3216692,3216692,20,python
2121342620,4679,cudaLaunchKernel,0,3950,3216692,3216692,20,python
2121347860,3276,cudaMemsetAsync,0,3952,3216692,3216692,20,python
2121351637,4769,cudaLaunchKernel,0,3953,3216692,3216692,20,python
2121358200,4528,cudaLaunchKernel,0,3955,3216692,3216692,20,python
2121363560,4579,cudaLaunchKernel,0,3957,3216692,3216692,20,python
2121368990,4910,cudaLaunchKernel,0,3959,3216692,3216692,20,python
2121374721,4699,cudaLaunchKernel,0,3961,3216692,3216692,20,python
2121380272,5100,cudaLaunchKernel,0,3963,3216692,3216692,20,python
2121386173,5300,cudaLaunchKernel,0,3965,3216692,3216692,20,python
2121392285,4959,cudaLaunchKernel,0,3967,3216692,3216692,20,python
2121398016,5170,cudaLaunchKernel,0,3969,3216692,3216692,20,python
2121403927,4679,cudaLaunchKernel,0,3971,3216692,3216692,20,python
2121409137,3136,cudaMemsetAsync,0,3973,3216692,3216692,20,python
2121412774,4509,cudaLaunchKernel,0,3974,3216692,3216692,20,python
2121418495,4509,cudaLaunchKernel,0,3976,3216692,3216692,20,python
2121423765,4409,cudaLaunchKernel,0,3978,3216692,3216692,20,python
2121428925,4559,cudaLaunchKernel,0,3980,3216692,3216692,20,python
2121434265,4609,cudaLaunchKernel,0,3982,3216692,3216692,20,python
2121439656,5049,cudaLaunchKernel,0,3984,3216692,3216692,20,python
2121445467,4358,cudaLaunchKernel,0,3986,3216692,3216692,20,python
2121450617,4869,cudaLaunchKernel,0,3988,3216692,3216692,20,python
2121456277,5050,cudaLaunchKernel,0,3990,3216692,3216692,20,python
2121462089,4348,cudaLaunchKernel,0,3992,3216692,3216692,20,python
2121467198,4920,cudaLaunchKernel,0,3994,3216692,3216692,20,python
2121472859,4489,cudaLaunchKernel,0,3996,3216692,3216692,20,python
2121478219,5301,cudaLaunchKernel,0,3998,3216692,3216692,20,python
2121484301,5521,cudaLaunchKernel,0,4000,3216692,3216692,20,python
2121490603,4459,cudaLaunchKernel,0,4002,3216692,3216692,20,python
2121495593,4719,cudaLaunchKernel,0,4003,3216692,3216692,20,python
2121501043,4829,cudaLaunchKernel,0,4005,3216692,3216692,20,python
2121506574,3046,cudaMemsetAsync,0,4007,3216692,3216692,20,python
2121509890,2645,cudaMemsetAsync,0,4008,3216692,3216692,20,python
2121514479,5320,cudaLaunchKernel,0,4009,3216692,3216692,20,python
2121520570,5130,cudaLaunchKernel,0,4011,3216692,3216692,20,python
2121526492,5490,cudaLaunchKernel,0,4013,3216692,3216692,20,python
2121532814,5070,cudaLaunchKernel,0,4015,3216692,3216692,20,python
2121538405,4949,cudaLaunchKernel,0,4016,3216692,3216692,20,python
2121544176,5851,cudaLaunchKernel,0,4018,3216692,3216692,20,python
2121552472,3196,cudaMemsetAsync,0,4020,3216692,3216692,20,python
2121555938,2775,cudaMemsetAsync,0,4021,3216692,3216692,20,python
2121559184,48253,cudaLaunchKernel,0,4022,3216692,3216692,20,python
2121608409,43803,cudaLaunchKernel,0,4024,3216692,3216692,20,python
2121652894,3827,cudaMemsetAsync,0,4026,3216692,3216692,20,python
2121657422,21492,cudaLaunchKernel,0,4027,3216692,3216692,20,python
2121682490,25569,cudaLaunchKernel,0,4029,3216692,3216692,20,python
2121709532,29467,cudaLaunchKernel,0,4031,3216692,3216692,20,python
2121739730,8406,cudaMemcpyAsync,0,4033,3216692,3216692,20,python
2121748477,4318,cudaMemcpyAsync,0,4034,3216692,3216692,20,python
2121753126,4007,cudaEventRecord,0,4035,3216692,3216692,20,python
2121757574,5657681,cudaEventSynchronize,0,4036,3216692,3216692,20,python
2127415786,1924,cudaStreamSynchronize,0,4037,3216692,3216692,20,python
2127419964,691,cudaStreamIsCapturing_v10000,0,4040,3216692,3216692,20,python
2127421206,1433,cudaStreamGetDevice_v12080,0,4041,3216692,3216692,20,python
2127423130,8837,cudaMemcpyAsync,0,4042,3216692,3216692,20,python
2127432317,3848,cudaEventRecord,0,4043,3216692,3216692,20,python
2127436435,1022,cudaEventSynchronize,0,4044,3216692,3216692,20,python
2127439471,36620,cudaLaunchKernel,0,4045,3216692,3216692,20,python
2127477003,3336,cudaEventRecord,0,4047,3216692,3216692,20,python
2127480610,1122,cudaEventSynchronize,0,4048,3216692,3216692,20,python
2127634374,14398,cudaFree,0,4050,3216692,3216692,20,python
2127819679,9338,cuGetProcAddress_v2,0,4051,3216692,3216692,20,python
2127829388,801,cuGetProcAddress_v2,0,4052,3216692,3216692,20,python
2127830510,431,cuGetProcAddress_v2,0,4053,3216692,3216692,20,python
2127831131,200,cuGetProcAddress_v2,0,4054,3216692,3216692,20,python
2127831522,350,cuGetProcAddress_v2,0,4055,3216692,3216692,20,python
2127832383,451,cuGetProcAddress_v2,0,4056,3216692,3216692,20,python
2127833025,320,cuGetProcAddress_v2,0,4057,3216692,3216692,20,python
2127833616,751,cuGetProcAddress_v2,0,4058,3216692,3216692,20,python
2127834547,421,cuGetProcAddress_v2,0,4059,3216692,3216692,20,python
2127835149,340,cuGetProcAddress_v2,0,4060,3216692,3216692,20,python
2127835760,631,cuGetProcAddress_v2,0,4061,3216692,3216692,20,python
2127836591,541,cuGetProcAddress_v2,0,4062,3216692,3216692,20,python
2127837323,441,cuGetProcAddress_v2,0,4063,3216692,3216692,20,python
2127837934,491,cuGetProcAddress_v2,0,4064,3216692,3216692,20,python
2127838595,361,cuGetProcAddress_v2,0,4065,3216692,3216692,20,python
2127839226,331,cuGetProcAddress_v2,0,4066,3216692,3216692,20,python
2127839737,411,cuGetProcAddress_v2,0,4067,3216692,3216692,20,python
2127840339,340,cuGetProcAddress_v2,0,4068,3216692,3216692,20,python
2127840960,220,cuGetProcAddress_v2,0,4069,3216692,3216692,20,python
2127841351,210,cuGetProcAddress_v2,0,4070,3216692,3216692,20,python
2127841741,561,cuGetProcAddress_v2,0,4071,3216692,3216692,20,python
2127842573,290,cuGetProcAddress_v2,0,4072,3216692,3216692,20,python
2127843034,390,cuGetProcAddress_v2,0,4073,3216692,3216692,20,python
2127843695,331,cuGetProcAddress_v2,0,4074,3216692,3216692,20,python
2127844196,250,cuGetProcAddress_v2,0,4075,3216692,3216692,20,python
2127844627,381,cuGetProcAddress_v2,0,4076,3216692,3216692,20,python
2127845268,271,cuGetProcAddress_v2,0,4077,3216692,3216692,20,python
2127845719,330,cuGetProcAddress_v2,0,4078,3216692,3216692,20,python
2127846220,280,cuGetProcAddress_v2,0,4079,3216692,3216692,20,python
2127846771,310,cuGetProcAddress_v2,0,4080,3216692,3216692,20,python
2127847262,310,cuGetProcAddress_v2,0,4081,3216692,3216692,20,python
2127847843,200,cuGetProcAddress_v2,0,4082,3216692,3216692,20,python
2127848224,260,cuGetProcAddress_v2,0,4083,3216692,3216692,20,python
2127848654,121,cuGetProcAddress_v2,0,4084,3216692,3216692,20,python
2127848945,281,cuGetProcAddress_v2,0,4085,3216692,3216692,20,python
2127849406,220,cuGetProcAddress_v2,0,4086,3216692,3216692,20,python
2127849957,240,cuGetProcAddress_v2,0,4087,3216692,3216692,20,python
2127850378,190,cuGetProcAddress_v2,0,4088,3216692,3216692,20,python
2127850738,261,cuGetProcAddress_v2,0,4089,3216692,3216692,20,python
2127851290,240,cuGetProcAddress_v2,0,4090,3216692,3216692,20,python
2127851931,290,cuGetProcAddress_v2,0,4091,3216692,3216692,20,python
2127852402,230,cuGetProcAddress_v2,0,4092,3216692,3216692,20,python
2127852903,130,cuGetProcAddress_v2,0,4093,3216692,3216692,20,python
2127853193,321,cuGetProcAddress_v2,0,4094,3216692,3216692,20,python
2127853724,301,cuGetProcAddress_v2,0,4095,3216692,3216692,20,python
2127854295,331,cuGetProcAddress_v2,0,4096,3216692,3216692,20,python
2127854806,431,cuGetProcAddress_v2,0,4097,3216692,3216692,20,python
2127855508,240,cuGetProcAddress_v2,0,4098,3216692,3216692,20,python
2127855918,361,cuGetProcAddress_v2,0,4099,3216692,3216692,20,python
2127856449,311,cuGetProcAddress_v2,0,4100,3216692,3216692,20,python
2127857031,130,cuGetProcAddress_v2,0,4101,3216692,3216692,20,python
2127857341,110,cuGetProcAddress_v2,0,4102,3216692,3216692,20,python
2127857622,280,cuGetProcAddress_v2,0,4103,3216692,3216692,20,python
2127858173,140,cuGetProcAddress_v2,0,4104,3216692,3216692,20,python
2127858493,171,cuGetProcAddress_v2,0,4105,3216692,3216692,20,python
2127858834,230,cuGetProcAddress_v2,0,4106,3216692,3216692,20,python
2127859235,531,cuGetProcAddress_v2,0,4107,3216692,3216692,20,python
2127859926,301,cuGetProcAddress_v2,0,4108,3216692,3216692,20,python
2127860407,481,cuGetProcAddress_v2,0,4109,3216692,3216692,20,python
2127861058,181,cuGetProcAddress_v2,0,4110,3216692,3216692,20,python
2127861419,351,cuGetProcAddress_v2,0,4111,3216692,3216692,20,python
2127861940,170,cuGetProcAddress_v2,0,4112,3216692,3216692,20,python
2127862271,290,cuGetProcAddress_v2,0,4113,3216692,3216692,20,python
2127862822,240,cuGetProcAddress_v2,0,4114,3216692,3216692,20,python
2127863242,151,cuGetProcAddress_v2,0,4115,3216692,3216692,20,python
2127863553,240,cuGetProcAddress_v2,0,4116,3216692,3216692,20,python
2127864044,240,cuGetProcAddress_v2,0,4117,3216692,3216692,20,python
2127864445,320,cuGetProcAddress_v2,0,4118,3216692,3216692,20,python
2127864926,160,cuGetProcAddress_v2,0,4119,3216692,3216692,20,python
2127865707,331,cuGetProcAddress_v2,0,4120,3216692,3216692,20,python
2127866218,200,cuGetProcAddress_v2,0,4121,3216692,3216692,20,python
2127866599,300,cuGetProcAddress_v2,0,4122,3216692,3216692,20,python
2127867070,150,cuGetProcAddress_v2,0,4123,3216692,3216692,20,python
2127867541,350,cuGetProcAddress_v2,0,4124,3216692,3216692,20,python
2127868052,210,cuGetProcAddress_v2,0,4125,3216692,3216692,20,python
2127868432,171,cuGetProcAddress_v2,0,4126,3216692,3216692,20,python
2127868773,210,cuGetProcAddress_v2,0,4127,3216692,3216692,20,python
2127869234,300,cuGetProcAddress_v2,0,4128,3216692,3216692,20,python
2127869695,220,cuGetProcAddress_v2,0,4129,3216692,3216692,20,python
2127870106,130,cuGetProcAddress_v2,0,4130,3216692,3216692,20,python
2127870396,211,cuGetProcAddress_v2,0,4131,3216692,3216692,20,python
2127870767,210,cuGetProcAddress_v2,0,4132,3216692,3216692,20,python
2127871228,190,cuGetProcAddress_v2,0,4133,3216692,3216692,20,python
2127871588,231,cuGetProcAddress_v2,0,4134,3216692,3216692,20,python
2127871989,251,cuGetProcAddress_v2,0,4135,3216692,3216692,20,python
2127872400,301,cuGetProcAddress_v2,0,4136,3216692,3216692,20,python
2127872861,190,cuGetProcAddress_v2,0,4137,3216692,3216692,20,python
2127873632,341,cuGetProcAddress_v2,0,4138,3216692,3216692,20,python
2127874153,151,cuGetProcAddress_v2,0,4139,3216692,3216692,20,python
2127874464,200,cuGetProcAddress_v2,0,4140,3216692,3216692,20,python
2127874835,190,cuGetProcAddress_v2,0,4141,3216692,3216692,20,python
2127875356,130,cuGetProcAddress_v2,0,4142,3216692,3216692,20,python
2127875656,341,cuGetProcAddress_v2,0,4143,3216692,3216692,20,python
2127876257,141,cuGetProcAddress_v2,0,4144,3216692,3216692,20,python
2127876558,130,cuGetProcAddress_v2,0,4145,3216692,3216692,20,python
2127876848,131,cuGetProcAddress_v2,0,4146,3216692,3216692,20,python
2127877169,220,cuGetProcAddress_v2,0,4147,3216692,3216692,20,python
2127877560,220,cuGetProcAddress_v2,0,4148,3216692,3216692,20,python
2127878031,140,cuGetProcAddress_v2,0,4149,3216692,3216692,20,python
2127878341,141,cuGetProcAddress_v2,0,4150,3216692,3216692,20,python
2127878642,230,cuGetProcAddress_v2,0,4151,3216692,3216692,20,python
2127879133,230,cuGetProcAddress_v2,0,4152,3216692,3216692,20,python
2127879524,190,cuGetProcAddress_v2,0,4153,3216692,3216692,20,python
2127879974,351,cuGetProcAddress_v2,0,4154,3216692,3216692,20,python
2127880515,191,cuGetProcAddress_v2,0,4155,3216692,3216692,20,python
2127880876,461,cuGetProcAddress_v2,0,4156,3216692,3216692,20,python
2127881598,160,cuGetProcAddress_v2,0,4157,3216692,3216692,20,python
2127881918,261,cuGetProcAddress_v2,0,4158,3216692,3216692,20,python
2127882349,200,cuGetProcAddress_v2,0,4159,3216692,3216692,20,python
2127882800,130,cuGetProcAddress_v2,0,4160,3216692,3216692,20,python
2127883090,121,cuGetProcAddress_v2,0,4161,3216692,3216692,20,python
2127883381,110,cuGetProcAddress_v2,0,4162,3216692,3216692,20,python
2127883672,260,cuGetProcAddress_v2,0,4163,3216692,3216692,20,python
2127884102,141,cuGetProcAddress_v2,0,4164,3216692,3216692,20,python
2127884503,321,cuGetProcAddress_v2,0,4165,3216692,3216692,20,python
2127884984,130,cuGetProcAddress_v2,0,4166,3216692,3216692,20,python
2127885285,150,cuGetProcAddress_v2,0,4167,3216692,3216692,20,python
2127885695,151,cuGetProcAddress_v2,0,4168,3216692,3216692,20,python
2127886006,240,cuGetProcAddress_v2,0,4169,3216692,3216692,20,python
2127886507,200,cuGetProcAddress_v2,0,4170,3216692,3216692,20,python
2127886898,200,cuGetProcAddress_v2,0,4171,3216692,3216692,20,python
2127887258,181,cuGetProcAddress_v2,0,4172,3216692,3216692,20,python
2127887689,120,cuGetProcAddress_v2,0,4173,3216692,3216692,20,python
2127887970,120,cuGetProcAddress_v2,0,4174,3216692,3216692,20,python
2127888260,111,cuGetProcAddress_v2,0,4175,3216692,3216692,20,python
2127888631,110,cuGetProcAddress_v2,0,4176,3216692,3216692,20,python
2127889032,180,cuGetProcAddress_v2,0,4177,3216692,3216692,20,python
2127889402,121,cuGetProcAddress_v2,0,4178,3216692,3216692,20,python
2127889693,100,cuGetProcAddress_v2,0,4179,3216692,3216692,20,python
2127889964,160,cuGetProcAddress_v2,0,4180,3216692,3216692,20,python
2127890284,221,cuGetProcAddress_v2,0,4181,3216692,3216692,20,python
2127890675,130,cuGetProcAddress_v2,0,4182,3216692,3216692,20,python
2127890986,120,cuGetProcAddress_v2,0,4183,3216692,3216692,20,python
2127891376,120,cuGetProcAddress_v2,0,4184,3216692,3216692,20,python
2127891667,190,cuGetProcAddress_v2,0,4185,3216692,3216692,20,python
2127892138,120,cuGetProcAddress_v2,0,4186,3216692,3216692,20,python
2127892428,331,cuGetProcAddress_v2,0,4187,3216692,3216692,20,python
2127892929,120,cuGetProcAddress_v2,0,4188,3216692,3216692,20,python
2127893310,150,cuGetProcAddress_v2,0,4189,3216692,3216692,20,python
2127893631,120,cuGetProcAddress_v2,0,4190,3216692,3216692,20,python
2127893921,170,cuGetProcAddress_v2,0,4191,3216692,3216692,20,python
2127894262,130,cuGetProcAddress_v2,0,4192,3216692,3216692,20,python
2127894562,241,cuGetProcAddress_v2,0,4193,3216692,3216692,20,python
2127895073,131,cuGetProcAddress_v2,0,4194,3216692,3216692,20,python
2127895384,240,cuGetProcAddress_v2,0,4195,3216692,3216692,20,python
2127895785,180,cuGetProcAddress_v2,0,4196,3216692,3216692,20,python
2127896226,150,cuGetProcAddress_v2,0,4197,3216692,3216692,20,python
2127896546,150,cuGetProcAddress_v2,0,4198,3216692,3216692,20,python
2127896857,160,cuGetProcAddress_v2,0,4199,3216692,3216692,20,python
2127897278,130,cuGetProcAddress_v2,0,4200,3216692,3216692,20,python
2127897568,201,cuGetProcAddress_v2,0,4201,3216692,3216692,20,python
2127897929,120,cuGetProcAddress_v2,0,4202,3216692,3216692,20,python
2127898229,161,cuGetProcAddress_v2,0,4203,3216692,3216692,20,python
2127898790,211,cuGetProcAddress_v2,0,4204,3216692,3216692,20,python
2127899261,171,cuGetProcAddress_v2,0,4205,3216692,3216692,20,python
2127899602,120,cuGetProcAddress_v2,0,4206,3216692,3216692,20,python
2127899893,140,cuGetProcAddress_v2,0,4207,3216692,3216692,20,python
2127900293,141,cuGetProcAddress_v2,0,4208,3216692,3216692,20,python
2127900594,210,cuGetProcAddress_v2,0,4209,3216692,3216692,20,python
2127901085,180,cuGetProcAddress_v2,0,4210,3216692,3216692,20,python
2127901436,150,cuGetProcAddress_v2,0,4211,3216692,3216692,20,python
2127901756,191,cuGetProcAddress_v2,0,4212,3216692,3216692,20,python
2127902207,190,cuGetProcAddress_v2,0,4213,3216692,3216692,20,python
2127902558,150,cuGetProcAddress_v2,0,4214,3216692,3216692,20,python
2127902878,251,cuGetProcAddress_v2,0,4215,3216692,3216692,20,python
2127903389,141,cuGetProcAddress_v2,0,4216,3216692,3216692,20,python
2127903700,240,cuGetProcAddress_v2,0,4217,3216692,3216692,20,python
2127904221,280,cuGetProcAddress_v2,0,4218,3216692,3216692,20,python
2127904662,150,cuGetProcAddress_v2,0,4219,3216692,3216692,20,python
2127904982,191,cuGetProcAddress_v2,0,4220,3216692,3216692,20,python
2127905433,150,cuGetProcAddress_v2,0,4221,3216692,3216692,20,python
2127905754,210,cuGetProcAddress_v2,0,4222,3216692,3216692,20,python
2127906135,300,cuGetProcAddress_v2,0,4223,3216692,3216692,20,python
2127906736,310,cuGetProcAddress_v2,0,4224,3216692,3216692,20,python
2127907217,200,cuGetProcAddress_v2,0,4225,3216692,3216692,20,python
2127907698,160,cuGetProcAddress_v2,0,4226,3216692,3216692,20,python
2127908038,241,cuGetProcAddress_v2,0,4227,3216692,3216692,20,python
2127908439,210,cuGetProcAddress_v2,0,4228,3216692,3216692,20,python
2127908930,160,cuGetProcAddress_v2,0,4229,3216692,3216692,20,python
2127909261,180,cuGetProcAddress_v2,0,4230,3216692,3216692,20,python
2127909611,261,cuGetProcAddress_v2,0,4231,3216692,3216692,20,python
2127910172,211,cuGetProcAddress_v2,0,4232,3216692,3216692,20,python
2127910563,230,cuGetProcAddress_v2,0,4233,3216692,3216692,20,python
2127910964,180,cuGetProcAddress_v2,0,4234,3216692,3216692,20,python
2127911344,161,cuGetProcAddress_v2,0,4235,3216692,3216692,20,python
2127911665,241,cuGetProcAddress_v2,0,4236,3216692,3216692,20,python
2127912186,411,cuGetProcAddress_v2,0,4237,3216692,3216692,20,python
2127912767,211,cuGetProcAddress_v2,0,4238,3216692,3216692,20,python
2127913138,170,cuGetProcAddress_v2,0,4239,3216692,3216692,20,python
2127913589,180,cuGetProcAddress_v2,0,4240,3216692,3216692,20,python
2127913929,281,cuGetProcAddress_v2,0,4241,3216692,3216692,20,python
2127914511,160,cuGetProcAddress_v2,0,4242,3216692,3216692,20,python
2127914831,160,cuGetProcAddress_v2,0,4243,3216692,3216692,20,python
2127915152,200,cuGetProcAddress_v2,0,4244,3216692,3216692,20,python
2127915633,170,cuGetProcAddress_v2,0,4245,3216692,3216692,20,python
2127915973,161,cuGetProcAddress_v2,0,4246,3216692,3216692,20,python
2127916314,180,cuGetProcAddress_v2,0,4247,3216692,3216692,20,python
2127916665,130,cuGetProcAddress_v2,0,4248,3216692,3216692,20,python
2127916965,171,cuGetProcAddress_v2,0,4249,3216692,3216692,20,python
2127917416,140,cuGetProcAddress_v2,0,4250,3216692,3216692,20,python
2127917747,130,cuGetProcAddress_v2,0,4251,3216692,3216692,20,python
2127918047,121,cuGetProcAddress_v2,0,4252,3216692,3216692,20,python
2127918448,130,cuGetProcAddress_v2,0,4253,3216692,3216692,20,python
2127918749,120,cuGetProcAddress_v2,0,4254,3216692,3216692,20,python
2127919029,130,cuGetProcAddress_v2,0,4255,3216692,3216692,20,python
2127919430,120,cuGetProcAddress_v2,0,4256,3216692,3216692,20,python
2127919721,120,cuGetProcAddress_v2,0,4257,3216692,3216692,20,python
2127920011,311,cuGetProcAddress_v2,0,4258,3216692,3216692,20,python
2127920502,140,cuGetProcAddress_v2,0,4259,3216692,3216692,20,python
2127920803,130,cuGetProcAddress_v2,0,4260,3216692,3216692,20,python
2127921203,131,cuGetProcAddress_v2,0,4261,3216692,3216692,20,python
2127921504,150,cuGetProcAddress_v2,0,4262,3216692,3216692,20,python
2127921815,160,cuGetProcAddress_v2,0,4263,3216692,3216692,20,python
2127922255,161,cuGetProcAddress_v2,0,4264,3216692,3216692,20,python
2127922586,170,cuGetProcAddress_v2,0,4265,3216692,3216692,20,python
2127923037,150,cuGetProcAddress_v2,0,4266,3216692,3216692,20,python
2127923368,270,cuGetProcAddress_v2,0,4267,3216692,3216692,20,python
2127923808,161,cuGetProcAddress_v2,0,4268,3216692,3216692,20,python
2127924249,140,cuGetProcAddress_v2,0,4269,3216692,3216692,20,python
2127924560,130,cuGetProcAddress_v2,0,4270,3216692,3216692,20,python
2127924850,151,cuGetProcAddress_v2,0,4271,3216692,3216692,20,python
2127925281,140,cuGetProcAddress_v2,0,4272,3216692,3216692,20,python
2127925602,140,cuGetProcAddress_v2,0,4273,3216692,3216692,20,python
2127926143,130,cuGetProcAddress_v2,0,4274,3216692,3216692,20,python
2127926443,211,cuGetProcAddress_v2,0,4275,3216692,3216692,20,python
2127926834,170,cuGetProcAddress_v2,0,4276,3216692,3216692,20,python
2127927175,200,cuGetProcAddress_v2,0,4277,3216692,3216692,20,python
2127927546,130,cuGetProcAddress_v2,0,4278,3216692,3216692,20,python
2127927846,170,cuGetProcAddress_v2,0,4279,3216692,3216692,20,python
2127928297,200,cuGetProcAddress_v2,0,4280,3216692,3216692,20,python
2127928658,140,cuGetProcAddress_v2,0,4281,3216692,3216692,20,python
2127929078,181,cuGetProcAddress_v2,0,4282,3216692,3216692,20,python
2127929439,160,cuGetProcAddress_v2,0,4283,3216692,3216692,20,python
2127929770,120,cuGetProcAddress_v2,0,4284,3216692,3216692,20,python
2127930171,120,cuGetProcAddress_v2,0,4285,3216692,3216692,20,python
2127930461,231,cuGetProcAddress_v2,0,4286,3216692,3216692,20,python
2127930852,150,cuGetProcAddress_v2,0,4287,3216692,3216692,20,python
2127931283,150,cuGetProcAddress_v2,0,4288,3216692,3216692,20,python
2127931593,171,cuGetProcAddress_v2,0,4289,3216692,3216692,20,python
2127932054,120,cuGetProcAddress_v2,0,4290,3216692,3216692,20,python
2127932345,130,cuGetProcAddress_v2,0,4291,3216692,3216692,20,python
2127932645,121,cuGetProcAddress_v2,0,4292,3216692,3216692,20,python
2127933046,120,cuGetProcAddress_v2,0,4293,3216692,3216692,20,python
2127933337,120,cuGetProcAddress_v2,0,4294,3216692,3216692,20,python
2127933958,160,cuGetProcAddress_v2,0,4295,3216692,3216692,20,python
2127934409,130,cuGetProcAddress_v2,0,4296,3216692,3216692,20,python
2127934709,171,cuGetProcAddress_v2,0,4297,3216692,3216692,20,python
2127935180,130,cuGetProcAddress_v2,0,4298,3216692,3216692,20,python
2127935481,180,cuGetProcAddress_v2,0,4299,3216692,3216692,20,python
2127935831,161,cuGetProcAddress_v2,0,4300,3216692,3216692,20,python
2127936162,190,cuGetProcAddress_v2,0,4301,3216692,3216692,20,python
2127936523,130,cuGetProcAddress_v2,0,4302,3216692,3216692,20,python
2127936833,211,cuGetProcAddress_v2,0,4303,3216692,3216692,20,python
2127937204,170,cuGetProcAddress_v2,0,4304,3216692,3216692,20,python
2127937545,190,cuGetProcAddress_v2,0,4305,3216692,3216692,20,python
2127938016,130,cuGetProcAddress_v2,0,4306,3216692,3216692,20,python
2127938336,201,cuGetProcAddress_v2,0,4307,3216692,3216692,20,python
2127938697,180,cuGetProcAddress_v2,0,4308,3216692,3216692,20,python
2127939158,130,cuGetProcAddress_v2,0,4309,3216692,3216692,20,python
2127939458,141,cuGetProcAddress_v2,0,4310,3216692,3216692,20,python
2127939769,200,cuGetProcAddress_v2,0,4311,3216692,3216692,20,python
2127940140,190,cuGetProcAddress_v2,0,4312,3216692,3216692,20,python
2127940510,161,cuGetProcAddress_v2,0,4313,3216692,3216692,20,python
2127940851,150,cuGetProcAddress_v2,0,4314,3216692,3216692,20,python
2127941172,130,cuGetProcAddress_v2,0,4315,3216692,3216692,20,python
2127941773,250,cuGetProcAddress_v2,0,4316,3216692,3216692,20,python
2127942304,160,cuGetProcAddress_v2,0,4317,3216692,3216692,20,python
2127942634,161,cuGetProcAddress_v2,0,4318,3216692,3216692,20,python
2127942965,160,cuGetProcAddress_v2,0,4319,3216692,3216692,20,python
2127943396,210,cuGetProcAddress_v2,0,4320,3216692,3216692,20,python
2127943777,150,cuGetProcAddress_v2,0,4321,3216692,3216692,20,python
2127944197,211,cuGetProcAddress_v2,0,4322,3216692,3216692,20,python
2127944588,150,cuGetProcAddress_v2,0,4323,3216692,3216692,20,python
2127944909,150,cuGetProcAddress_v2,0,4324,3216692,3216692,20,python
2127945340,140,cuGetProcAddress_v2,0,4325,3216692,3216692,20,python
2127945650,181,cuGetProcAddress_v2,0,4326,3216692,3216692,20,python
2127946001,160,cuGetProcAddress_v2,0,4327,3216692,3216692,20,python
2127946341,131,cuGetProcAddress_v2,0,4328,3216692,3216692,20,python
2127946642,241,cuGetProcAddress_v2,0,4329,3216692,3216692,20,python
2127947193,221,cuGetProcAddress_v2,0,4330,3216692,3216692,20,python
2127947584,210,cuGetProcAddress_v2,0,4331,3216692,3216692,20,python
2127947965,170,cuGetProcAddress_v2,0,4332,3216692,3216692,20,python
2127948415,221,cuGetProcAddress_v2,0,4333,3216692,3216692,20,python
2127948806,271,cuGetProcAddress_v2,0,4334,3216692,3216692,20,python
2127949237,160,cuGetProcAddress_v2,0,4335,3216692,3216692,20,python
2127949708,180,cuGetProcAddress_v2,0,4336,3216692,3216692,20,python
2127950059,140,cuGetProcAddress_v2,0,4337,3216692,3216692,20,python
2127950479,141,cuGetProcAddress_v2,0,4338,3216692,3216692,20,python
2127950800,140,cuGetProcAddress_v2,0,4339,3216692,3216692,20,python
2127951101,120,cuGetProcAddress_v2,0,4340,3216692,3216692,20,python
2127951501,121,cuGetProcAddress_v2,0,4341,3216692,3216692,20,python
2127951792,240,cuGetProcAddress_v2,0,4342,3216692,3216692,20,python
2127952213,240,cuGetProcAddress_v2,0,4343,3216692,3216692,20,python
2127952624,260,cuGetProcAddress_v2,0,4344,3216692,3216692,20,python
2127953054,261,cuGetProcAddress_v2,0,4345,3216692,3216692,20,python
2127953585,231,cuGetProcAddress_v2,0,4346,3216692,3216692,20,python
2127953996,120,cuGetProcAddress_v2,0,4347,3216692,3216692,20,python
2127954287,140,cuGetProcAddress_v2,0,4348,3216692,3216692,20,python
2127954697,131,cuGetProcAddress_v2,0,4349,3216692,3216692,20,python
2127954998,150,cuGetProcAddress_v2,0,4350,3216692,3216692,20,python
2127955329,260,cuGetProcAddress_v2,0,4351,3216692,3216692,20,python
2127955880,210,cuGetProcAddress_v2,0,4352,3216692,3216692,20,python
2127956260,161,cuGetProcAddress_v2,0,4353,3216692,3216692,20,python
2127956591,281,cuGetProcAddress_v2,0,4354,3216692,3216692,20,python
2127957042,210,cuGetProcAddress_v2,0,4355,3216692,3216692,20,python
2127957423,160,cuGetProcAddress_v2,0,4356,3216692,3216692,20,python
2127957753,131,cuGetProcAddress_v2,0,4357,3216692,3216692,20,python
2127958064,160,cuGetProcAddress_v2,0,4358,3216692,3216692,20,python
2127958405,160,cuGetProcAddress_v2,0,4359,3216692,3216692,20,python
2127958745,151,cuGetProcAddress_v2,0,4360,3216692,3216692,20,python
2127959066,130,cuGetProcAddress_v2,0,4361,3216692,3216692,20,python
2127959487,150,cuGetProcAddress_v2,0,4362,3216692,3216692,20,python
2127959797,161,cuGetProcAddress_v2,0,4363,3216692,3216692,20,python
2127960118,140,cuGetProcAddress_v2,0,4364,3216692,3216692,20,python
2127960549,140,cuGetProcAddress_v2,0,4365,3216692,3216692,20,python
2127960869,131,cuGetProcAddress_v2,0,4366,3216692,3216692,20,python
2127961180,140,cuGetProcAddress_v2,0,4367,3216692,3216692,20,python
2127961490,241,cuGetProcAddress_v2,0,4368,3216692,3216692,20,python
2127961901,181,cuGetProcAddress_v2,0,4369,3216692,3216692,20,python
2127962262,130,cuGetProcAddress_v2,0,4370,3216692,3216692,20,python
2127962573,170,cuGetProcAddress_v2,0,4371,3216692,3216692,20,python
2127962913,140,cuGetProcAddress_v2,0,4372,3216692,3216692,20,python
2127963334,140,cuGetProcAddress_v2,0,4373,3216692,3216692,20,python
2127963645,180,cuGetProcAddress_v2,0,4374,3216692,3216692,20,python
2127963995,181,cuGetProcAddress_v2,0,4375,3216692,3216692,20,python
2127964456,150,cuGetProcAddress_v2,0,4376,3216692,3216692,20,python
2127964787,130,cuGetProcAddress_v2,0,4377,3216692,3216692,20,python
2127965228,220,cuGetProcAddress_v2,0,4378,3216692,3216692,20,python
2127965628,161,cuGetProcAddress_v2,0,4379,3216692,3216692,20,python
2127965959,160,cuGetProcAddress_v2,0,4380,3216692,3216692,20,python
2127966300,140,cuGetProcAddress_v2,0,4381,3216692,3216692,20,python
2127966620,221,cuGetProcAddress_v2,0,4382,3216692,3216692,20,python
2127967011,230,cuGetProcAddress_v2,0,4383,3216692,3216692,20,python
2127967412,150,cuGetProcAddress_v2,0,4384,3216692,3216692,20,python
2127967732,151,cuGetProcAddress_v2,0,4385,3216692,3216692,20,python
2127968173,121,cuGetProcAddress_v2,0,4386,3216692,3216692,20,python
2127968464,160,cuGetProcAddress_v2,0,4387,3216692,3216692,20,python
2127968794,151,cuGetProcAddress_v2,0,4388,3216692,3216692,20,python
2127969235,111,cuGetProcAddress_v2,0,4389,3216692,3216692,20,python
2127969516,150,cuGetProcAddress_v2,0,4390,3216692,3216692,20,python
2127969836,151,cuGetProcAddress_v2,0,4391,3216692,3216692,20,python
2127970277,161,cuGetProcAddress_v2,0,4392,3216692,3216692,20,python
2127970618,170,cuGetProcAddress_v2,0,4393,3216692,3216692,20,python
2127971069,220,cuGetProcAddress_v2,0,4394,3216692,3216692,20,python
2127971460,130,cuGetProcAddress_v2,0,4395,3216692,3216692,20,python
2127971760,170,cuGetProcAddress_v2,0,4396,3216692,3216692,20,python
2127972191,270,cuGetProcAddress_v2,0,4397,3216692,3216692,20,python
2127972632,240,cuGetProcAddress_v2,0,4398,3216692,3216692,20,python
2127973053,220,cuGetProcAddress_v2,0,4399,3216692,3216692,20,python
2127973534,290,cuGetProcAddress_v2,0,4400,3216692,3216692,20,python
2127973994,201,cuGetProcAddress_v2,0,4401,3216692,3216692,20,python
2127974465,181,cuGetProcAddress_v2,0,4402,3216692,3216692,20,python
2127974826,220,cuGetProcAddress_v2,0,4403,3216692,3216692,20,python
2127975217,170,cuGetProcAddress_v2,0,4404,3216692,3216692,20,python
2127975648,190,cuGetProcAddress_v2,0,4405,3216692,3216692,20,python
2127976008,151,cuGetProcAddress_v2,0,4406,3216692,3216692,20,python
2127976329,220,cuGetProcAddress_v2,0,4407,3216692,3216692,20,python
2127977060,131,cuGetProcAddress_v2,0,4408,3216692,3216692,20,python
2127977371,190,cuGetProcAddress_v2,0,4409,3216692,3216692,20,python
2127977742,150,cuGetProcAddress_v2,0,4410,3216692,3216692,20,python
2127978062,231,cuGetProcAddress_v2,0,4411,3216692,3216692,20,python
2127978463,180,cuGetProcAddress_v2,0,4412,3216692,3216692,20,python
2127978824,130,cuGetProcAddress_v2,0,4413,3216692,3216692,20,python
2127979134,131,cuGetProcAddress_v2,0,4414,3216692,3216692,20,python
2127979435,120,cuGetProcAddress_v2,0,4415,3216692,3216692,20,python
2127979826,140,cuGetProcAddress_v2,0,4416,3216692,3216692,20,python
2127980146,140,cuGetProcAddress_v2,0,4417,3216692,3216692,20,python
2127980547,180,cuGetProcAddress_v2,0,4418,3216692,3216692,20,python
2127980908,160,cuGetProcAddress_v2,0,4419,3216692,3216692,20,python
2127981248,151,cuGetProcAddress_v2,0,4420,3216692,3216692,20,python
2127981669,140,cuGetProcAddress_v2,0,4421,3216692,3216692,20,python
2127981980,150,cuGetProcAddress_v2,0,4422,3216692,3216692,20,python
2127982310,141,cuGetProcAddress_v2,0,4423,3216692,3216692,20,python
2127982631,200,cuGetProcAddress_v2,0,4424,3216692,3216692,20,python
2127983002,140,cuGetProcAddress_v2,0,4425,3216692,3216692,20,python
2127983412,161,cuGetProcAddress_v2,0,4426,3216692,3216692,20,python
2127983743,140,cuGetProcAddress_v2,0,4427,3216692,3216692,20,python
2127984044,150,cuGetProcAddress_v2,0,4428,3216692,3216692,20,python
2127984745,180,cuGetProcAddress_v2,0,4429,3216692,3216692,20,python
2127985096,120,cuGetProcAddress_v2,0,4430,3216692,3216692,20,python
2127985386,120,cuGetProcAddress_v2,0,4431,3216692,3216692,20,python
2127985757,150,cuGetProcAddress_v2,0,4432,3216692,3216692,20,python
2127986078,150,cuGetProcAddress_v2,0,4433,3216692,3216692,20,python
2127986488,161,cuGetProcAddress_v2,0,4434,3216692,3216692,20,python
2127986809,150,cuGetProcAddress_v2,0,4435,3216692,3216692,20,python
2127987120,190,cuGetProcAddress_v2,0,4436,3216692,3216692,20,python
2127987480,171,cuGetProcAddress_v2,0,4437,3216692,3216692,20,python
2127987811,180,cuGetProcAddress_v2,0,4438,3216692,3216692,20,python
2127988152,170,cuGetProcAddress_v2,0,4439,3216692,3216692,20,python
2127988492,191,cuGetProcAddress_v2,0,4440,3216692,3216692,20,python
2127988843,150,cuGetProcAddress_v2,0,4441,3216692,3216692,20,python
2127989254,150,cuGetProcAddress_v2,0,4442,3216692,3216692,20,python
2127989564,141,cuGetProcAddress_v2,0,4443,3216692,3216692,20,python
2127989875,170,cuGetProcAddress_v2,0,4444,3216692,3216692,20,python
2127990215,161,cuGetProcAddress_v2,0,4445,3216692,3216692,20,python
2127990546,251,cuGetProcAddress_v2,0,4446,3216692,3216692,20,python
2127990967,130,cuGetProcAddress_v2,0,4447,3216692,3216692,20,python
2127991358,130,cuGetProcAddress_v2,0,4448,3216692,3216692,20,python
2127991658,130,cuGetProcAddress_v2,0,4449,3216692,3216692,20,python
2127992049,140,cuGetProcAddress_v2,0,4450,3216692,3216692,20,python
2127992560,130,cuGetProcAddress_v2,0,4451,3216692,3216692,20,python
2127992851,180,cuGetProcAddress_v2,0,4452,3216692,3216692,20,python
2127993291,151,cuGetProcAddress_v2,0,4453,3216692,3216692,20,python
2127993612,140,cuGetProcAddress_v2,0,4454,3216692,3216692,20,python
2127993923,150,cuGetProcAddress_v2,0,4455,3216692,3216692,20,python
2127994333,191,cuGetProcAddress_v2,0,4456,3216692,3216692,20,python
2127994694,180,cuGetProcAddress_v2,0,4457,3216692,3216692,20,python
2127995135,230,cuGetProcAddress_v2,0,4458,3216692,3216692,20,python
2127995526,190,cuGetProcAddress_v2,0,4459,3216692,3216692,20,python
2127995886,241,cuGetProcAddress_v2,0,4460,3216692,3216692,20,python
2127996387,311,cuGetProcAddress_v2,0,4461,3216692,3216692,20,python
2127996868,211,cuGetProcAddress_v2,0,4462,3216692,3216692,20,python
2127997249,200,cuGetProcAddress_v2,0,4463,3216692,3216692,20,python
2127997700,140,cuGetProcAddress_v2,0,4464,3216692,3216692,20,python
2127998010,181,cuGetProcAddress_v2,0,4465,3216692,3216692,20,python
2127998461,191,cuGetProcAddress_v2,0,4466,3216692,3216692,20,python
2127998822,170,cuGetProcAddress_v2,0,4467,3216692,3216692,20,python
2127999153,200,cuGetProcAddress_v2,0,4468,3216692,3216692,20,python
2127999603,231,cuGetProcAddress_v2,0,4469,3216692,3216692,20,python
2128000004,161,cuGetProcAddress_v2,0,4470,3216692,3216692,20,python
2128000335,200,cuGetProcAddress_v2,0,4471,3216692,3216692,20,python
2128000706,180,cuGetProcAddress_v2,0,4472,3216692,3216692,20,python
2128001046,211,cuGetProcAddress_v2,0,4473,3216692,3216692,20,python
2128001417,200,cuGetProcAddress_v2,0,4474,3216692,3216692,20,python
2128001788,160,cuGetProcAddress_v2,0,4475,3216692,3216692,20,python
2128002108,171,cuGetProcAddress_v2,0,4476,3216692,3216692,20,python
2128002439,150,cuGetProcAddress_v2,0,4477,3216692,3216692,20,python
2128002759,131,cuGetProcAddress_v2,0,4478,3216692,3216692,20,python
2128003050,150,cuGetProcAddress_v2,0,4479,3216692,3216692,20,python
2128003371,120,cuGetProcAddress_v2,0,4480,3216692,3216692,20,python
2128003661,140,cuGetProcAddress_v2,0,4481,3216692,3216692,20,python
2128003962,180,cuGetProcAddress_v2,0,4482,3216692,3216692,20,python
2128004302,191,cuGetProcAddress_v2,0,4483,3216692,3216692,20,python
2128004653,201,cuGetProcAddress_v2,0,4484,3216692,3216692,20,python
2128005024,200,cuGetProcAddress_v2,0,4485,3216692,3216692,20,python
2128005395,140,cuGetProcAddress_v2,0,4486,3216692,3216692,20,python
2128005705,140,cuGetProcAddress_v2,0,4487,3216692,3216692,20,python
2128006006,120,cuGetProcAddress_v2,0,4488,3216692,3216692,20,python
2128006296,120,cuGetProcAddress_v2,0,4489,3216692,3216692,20,python
2128006577,130,cuGetProcAddress_v2,0,4490,3216692,3216692,20,python
2128009031,1323,cuInit,0,4492,3216692,3216692,20,python
2128011196,150,cuModuleGetLoadingMode,0,4493,3216692,3216692,20,python
2128213192,291,cudaGetDeviceProperties_v2_v12000,0,4611,3216692,3216692,20,python
2128444195,1021,cudaStreamIsCapturing_v10000,0,4618,3216692,3216692,20,python
2128449194,341,cudaStreamIsCapturing_v10000,0,4622,3216692,3216692,20,python
2128454023,832,cudaStreamGetCaptureInfo_v3_v12030,0,4626,3216692,3216692,20,python
2128529217,231,cudaGetDeviceProperties_v2_v12000,0,4627,3216692,3216692,20,python
2129024105,5550,cudaDeviceSynchronize,0,4630,3216692,3216692,20,python
2129316434,22183,cudaMalloc,0,4633,3216692,3216692,20,python
2129404693,1223,cudaStreamIsCapturing_v10000,0,4636,3216692,3216692,20,python
2129406246,762,cudaStreamGetDevice_v12080,0,4637,3216692,3216692,20,python
2129427597,461,cudaStreamIsCapturing_v10000,0,4670,3216692,3216692,20,python
2129428288,461,cudaStreamGetDevice_v12080,0,4671,3216692,3216692,20,python
2129435703,6763,cudaMemsetAsync,0,4682,3216692,3216692,20,python
2129443117,7244,cudaMemcpyAsync,0,4683,3216692,3216692,20,python
2129450781,4599,cudaMemcpyAsync,0,4684,3216692,3216692,20,python
2129455731,4909,cudaMemcpyAsync,0,4685,3216692,3216692,20,python
2129461031,4088,cudaMemcpyAsync,0,4686,3216692,3216692,20,python
2129465490,4358,cudaMemcpyAsync,0,4687,3216692,3216692,20,python
2129470880,12794,cudaLaunchKernel,0,4688,3216692,3216692,20,python
2129484406,5601,cudaMemcpyAsync,0,4690,3216692,3216692,20,python
2129490377,4359,cudaEventRecord,0,4691,3216692,3216692,20,python
2129495096,2034,cudaEventSynchronize,0,4692,3216692,3216692,20,python
2129500597,541,cudaStreamIsCapturing_v10000,0,4694,3216692,3216692,20,python
2129501689,4008,cudaMemcpyAsync,0,4695,3216692,3216692,20,python
2129506057,3747,cudaMemsetAsync,0,4696,3216692,3216692,20,python
2129510115,2846,cudaEventRecord,0,4697,3216692,3216692,20,python
2129513401,1884,cudaStreamWaitEvent,0,4698,3216692,3216692,20,python
2129515626,8075,cudaLaunchHostFunc_v10000,0,4699,3216692,3216692,20,python
2129524633,6823,cudaLaunchKernel,0,4700,3216692,3216692,20,python
2129538690,3547,cudaMemsetAsync,0,4702,3216692,3216692,20,python
2129542497,2765,cudaMemsetAsync,0,4703,3216692,3216692,20,python
2129545593,3156,cudaMemsetAsync,0,4704,3216692,3216692,20,python
2129549010,2695,cudaMemsetAsync,0,4705,3216692,3216692,20,python
2129552025,2655,cudaMemsetAsync,0,4706,3216692,3216692,20,python
2129555001,2815,cudaMemsetAsync,0,4707,3216692,3216692,20,python
2129558077,4078,cudaMemsetAsync,0,4708,3216692,3216692,20,python
2129562435,2766,cudaMemsetAsync,0,4709,3216692,3216692,20,python
2129565461,2805,cudaMemsetAsync,0,4710,3216692,3216692,20,python
2129568807,5301,cudaLaunchKernel,0,4711,3216692,3216692,20,python
2129574939,5581,cudaLaunchKernel,0,4713,3216692,3216692,20,python
2129581291,4779,cudaLaunchKernel,0,4715,3216692,3216692,20,python
2129587303,4959,cudaLaunchKernel,0,4717,3216692,3216692,20,python
2129593164,5170,cudaLaunchKernel,0,4719,3216692,3216692,20,python
2129599125,5120,cudaLaunchKernel,0,4721,3216692,3216692,20,python
2129605067,4659,cudaLaunchKernel,0,4723,3216692,3216692,20,python
2129610718,5801,cudaLaunchKernel,0,4725,3216692,3216692,20,python
2129617801,4699,cudaLaunchKernel,0,4727,3216692,3216692,20,python
2129623302,5150,cudaLaunchKernel,0,4729,3216692,3216692,20,python
2129629263,5310,cudaLaunchKernel,0,4731,3216692,3216692,20,python
2129635355,4819,cudaLaunchKernel,0,4733,3216692,3216692,20,python
2129640966,4448,cudaLaunchKernel,0,4735,3216692,3216692,20,python
2129646176,4568,cudaLaunchKernel,0,4737,3216692,3216692,20,python
2129651997,4468,cudaLaunchKernel,0,4739,3216692,3216692,20,python
2129657227,4448,cudaLaunchKernel,0,4741,3216692,3216692,20,python
2129662717,4829,cudaLaunchKernel,0,4743,3216692,3216692,20,python
2129668378,4739,cudaLaunchKernel,0,4745,3216692,3216692,20,python
2129673949,4558,cudaLaunchKernel,0,4747,3216692,3216692,20,python
2129679289,4949,cudaLaunchKernel,0,4749,3216692,3216692,20,python
2129685621,4789,cudaLaunchKernel,0,4751,3216692,3216692,20,python
2129691352,4348,cudaLaunchKernel,0,4753,3216692,3216692,20,python
2129696822,4720,cudaLaunchKernel,0,4755,3216692,3216692,20,python
2129702413,4479,cudaLaunchKernel,0,4757,3216692,3216692,20,python
2129707733,4970,cudaLaunchKernel,0,4759,3216692,3216692,20,python
2129713565,5230,cudaLaunchKernel,0,4761,3216692,3216692,20,python
2129719456,3577,cudaMemsetAsync,0,4763,3216692,3216692,20,python
2129723313,3006,cudaMemsetAsync,0,4764,3216692,3216692,20,python
2129727361,4889,cudaLaunchKernel,0,4765,3216692,3216692,20,python
2129733072,4799,cudaLaunchKernel,0,4767,3216692,3216692,20,python
2129738612,4709,cudaLaunchKernel,0,4769,3216692,3216692,20,python
2129744073,4979,cudaLaunchKernel,0,4771,3216692,3216692,20,python
2129749834,4789,cudaLaunchKernel,0,4773,3216692,3216692,20,python
2129755375,4618,cudaLaunchKernel,0,4775,3216692,3216692,20,python
2129760885,4749,cudaLaunchKernel,0,4777,3216692,3216692,20,python
2129771145,5029,cudaLaunchKernel,0,4783,3216692,3216692,20,python
2129776776,3156,cudaMemsetAsync,0,4785,3216692,3216692,20,python
2129780192,2946,cudaMemsetAsync,0,4786,3216692,3216692,20,python
2129786314,4879,cudaLaunchKernel,0,4787,3216692,3216692,20,python
2129791774,3347,cudaMemsetAsync,0,4789,3216692,3216692,20,python
2129795632,4809,cudaLaunchKernel,0,4790,3216692,3216692,20,python
2129801292,5281,cudaLaunchKernel,0,4792,3216692,3216692,20,python
2129808657,4628,cudaLaunchKernel,0,4794,3216692,3216692,20,python
2129814167,3337,cudaMemsetAsync,0,4796,3216692,3216692,20,python
2129819056,5391,cudaLaunchKernel,0,4797,3216692,3216692,20,python
2129825188,4709,cudaLaunchKernel,0,4799,3216692,3216692,20,python
2129830729,4699,cudaLaunchKernel,0,4801,3216692,3216692,20,python
2129836229,8076,cudaLaunchKernel,0,4803,3216692,3216692,20,python
2129845176,5070,cudaLaunchKernel,0,4805,3216692,3216692,20,python
2129851078,4789,cudaLaunchKernel,0,4807,3216692,3216692,20,python
2129856638,4649,cudaLaunchKernel,0,4809,3216692,3216692,20,python
2129861959,3106,cudaMemsetAsync,0,4811,3216692,3216692,20,python
2129865686,4659,cudaLaunchKernel,0,4812,3216692,3216692,20,python
2129871106,4649,cudaLaunchKernel,0,4814,3216692,3216692,20,python
2129876506,4369,cudaLaunchKernel,0,4816,3216692,3216692,20,python
2129881787,4538,cudaLaunchKernel,0,4818,3216692,3216692,20,python
2129887457,4319,cudaLaunchKernel,0,4820,3216692,3216692,20,python
2129892507,4629,cudaLaunchKernel,0,4822,3216692,3216692,20,python
2129897887,4208,cudaLaunchKernel,0,4824,3216692,3216692,20,python
2129903278,5340,cudaLaunchKernel,0,4826,3216692,3216692,20,python
2129910602,4879,cudaLaunchKernel,0,4828,3216692,3216692,20,python
2129917124,3517,cudaMemsetAsync,0,4831,3216692,3216692,20,python
2129921984,621,cudaStreamIsCapturing_v10000,0,4833,3216692,3216692,20,python
2129922865,1744,cudaStreamWaitEvent,0,4834,3216692,3216692,20,python
2129924909,9057,cudaMemcpyAsync,0,4835,3216692,3216692,20,python
2129934287,4348,cudaEventRecord,0,4836,3216692,3216692,20,python
2129939096,491,cudaStreamIsCapturing_v10000,0,4837,3216692,3216692,20,python
2129939918,15179,cudaGraphLaunch_v10000,0,4838,3216692,3216692,20,python
2129956109,3617,cudaMemsetAsync,0,4839,3216692,3216692,20,python
2129959986,2746,cudaMemsetAsync,0,4840,3216692,3216692,20,python
2129962992,2926,cudaMemsetAsync,0,4841,3216692,3216692,20,python
2129966178,2635,cudaMemsetAsync,0,4842,3216692,3216692,20,python
2129969074,2565,cudaMemsetAsync,0,4843,3216692,3216692,20,python
2129971909,2635,cudaMemsetAsync,0,4844,3216692,3216692,20,python
2129974795,2825,cudaMemsetAsync,0,4845,3216692,3216692,20,python
2129978301,6753,cudaLaunchKernel,0,4846,3216692,3216692,20,python
2129985665,2966,cudaMemsetAsync,0,4848,3216692,3216692,20,python
2129989192,5100,cudaLaunchKernel,0,4849,3216692,3216692,20,python
2129995604,4729,cudaLaunchKernel,0,4851,3216692,3216692,20,python
2130001205,4729,cudaLaunchKernel,0,4853,3216692,3216692,20,python
2130006796,4619,cudaLaunchKernel,0,4855,3216692,3216692,20,python
2130012286,4759,cudaLaunchKernel,0,4857,3216692,3216692,20,python
2130017857,4398,cudaLaunchKernel,0,4859,3216692,3216692,20,python
2130023107,5010,cudaLaunchKernel,0,4861,3216692,3216692,20,python
2130029018,4910,cudaLaunchKernel,0,4863,3216692,3216692,20,python
2130034789,3507,cudaMemsetAsync,0,4865,3216692,3216692,20,python
2130038587,2735,cudaMemsetAsync,0,4866,3216692,3216692,20,python
2130041603,2665,cudaMemsetAsync,0,4867,3216692,3216692,20,python
2130044789,5019,cudaLaunchKernel,0,4868,3216692,3216692,20,python
2130050379,3066,cudaMemsetAsync,0,4870,3216692,3216692,20,python
2130053716,3156,cudaMemsetAsync,0,4871,3216692,3216692,20,python
2130057884,6051,cudaLaunchKernel,0,4872,3216692,3216692,20,python
2130064877,5541,cudaLaunchKernel,0,4874,3216692,3216692,20,python
2130071259,5050,cudaLaunchKernel,0,4876,3216692,3216692,20,python
2130077311,5831,cudaLaunchKernel,0,4878,3216692,3216692,20,python
2130084194,5521,cudaLaunchKernel,0,4880,3216692,3216692,20,python
2130092500,3206,cudaMemsetAsync,0,4882,3216692,3216692,20,python
2130095987,2595,cudaMemsetAsync,0,4883,3216692,3216692,20,python
2130099133,4859,cudaLaunchKernel,0,4884,3216692,3216692,20,python
2130104583,2825,cudaMemsetAsync,0,4886,3216692,3216692,20,python
2130107679,2926,cudaMemsetAsync,0,4887,3216692,3216692,20,python
2130111877,4909,cudaLaunchKernel,0,4888,3216692,3216692,20,python
2130117588,4699,cudaLaunchKernel,0,4890,3216692,3216692,20,python
2130123058,4699,cudaLaunchKernel,0,4892,3216692,3216692,20,python
2130128619,5230,cudaLaunchKernel,0,4894,3216692,3216692,20,python
2130134440,3006,cudaMemsetAsync,0,4896,3216692,3216692,20,python
2130137716,2636,cudaMemsetAsync,0,4897,3216692,3216692,20,python
2130141133,4729,cudaLaunchKernel,0,4898,3216692,3216692,20,python
2130146644,4809,cudaLaunchKernel,0,4900,3216692,3216692,20,python
2130152264,4529,cudaLaunchKernel,0,4902,3216692,3216692,20,python
2130157384,2906,cudaMemsetAsync,0,4904,3216692,3216692,20,python
2130160570,2856,cudaMemsetAsync,0,4905,3216692,3216692,20,python
2130164227,2615,cudaMemsetAsync,0,4906,3216692,3216692,20,python
2130167443,5020,cudaLaunchKernel,0,4907,3216692,3216692,20,python
2130173275,4648,cudaLaunchKernel,0,4909,3216692,3216692,20,python
2130178935,4940,cudaLaunchKernel,0,4911,3216692,3216692,20,python
2130184686,4509,cudaLaunchKernel,0,4913,3216692,3216692,20,python
2130190027,4849,cudaLaunchKernel,0,4915,3216692,3216692,20,python
2130195697,4579,cudaLaunchKernel,0,4917,3216692,3216692,20,python
2130200847,3106,cudaMemsetAsync,0,4919,3216692,3216692,20,python
2130204234,2635,cudaMemsetAsync,0,4920,3216692,3216692,20,python
2130208071,4990,cudaLaunchKernel,0,4921,3216692,3216692,20,python
2130213902,4689,cudaLaunchKernel,0,4923,3216692,3216692,20,python
2130219393,4709,cudaLaunchKernel,0,4925,3216692,3216692,20,python
2130224873,5020,cudaLaunchKernel,0,4927,3216692,3216692,20,python
2130230654,4669,cudaLaunchKernel,0,4929,3216692,3216692,20,python
2130236145,5220,cudaLaunchKernel,0,4931,3216692,3216692,20,python
2130242146,4659,cudaLaunchKernel,0,4933,3216692,3216692,20,python
2130247477,3426,cudaMemsetAsync,0,4935,3216692,3216692,20,python
2130251184,2685,cudaMemsetAsync,0,4936,3216692,3216692,20,python
2130255702,4980,cudaLaunchKernel,0,4937,3216692,3216692,20,python
2130261473,5180,cudaLaunchKernel,0,4939,3216692,3216692,20,python
2130267445,5029,cudaLaunchKernel,0,4941,3216692,3216692,20,python
2130273266,4549,cudaLaunchKernel,0,4943,3216692,3216692,20,python
2130278386,3256,cudaMemsetAsync,0,4945,3216692,3216692,20,python
2130281933,2795,cudaMemsetAsync,0,4946,3216692,3216692,20,python
2130284998,2916,cudaMemsetAsync,0,4947,3216692,3216692,20,python
2130289086,5310,cudaLaunchKernel,0,4948,3216692,3216692,20,python
2130295178,5090,cudaLaunchKernel,0,4950,3216692,3216692,20,python
2130301049,4579,cudaLaunchKernel,0,4952,3216692,3216692,20,python
2130306429,4699,cudaLaunchKernel,0,4954,3216692,3216692,20,python
2130312070,4679,cudaLaunchKernel,0,4956,3216692,3216692,20,python
2130317591,4539,cudaLaunchKernel,0,4958,3216692,3216692,20,python
2130322741,4649,cudaLaunchKernel,0,4959,3216692,3216692,20,python
2130334854,3446,cudaMemsetAsync,0,4961,3216692,3216692,20,python
2130338581,2675,cudaMemsetAsync,0,4962,3216692,3216692,20,python
2130341567,2665,cudaMemsetAsync,0,4963,3216692,3216692,20,python
2130344522,2956,cudaMemsetAsync,0,4964,3216692,3216692,20,python
2130347799,2745,cudaMemsetAsync,0,4965,3216692,3216692,20,python
2130350804,2696,cudaMemsetAsync,0,4966,3216692,3216692,20,python
2130354872,5040,cudaLaunchKernel,0,4967,3216692,3216692,20,python
2130360693,9929,cudaLaunchKernel,0,4969,3216692,3216692,20,python
2130371504,4869,cudaLaunchKernel,0,4971,3216692,3216692,20,python
2130377145,4709,cudaLaunchKernel,0,4973,3216692,3216692,20,python
2130382746,4418,cudaLaunchKernel,0,4975,3216692,3216692,20,python
2130388998,4769,cudaLaunchKernel,0,4977,3216692,3216692,20,python
2130394548,4709,cudaLaunchKernel,0,4979,3216692,3216692,20,python
2130400249,4889,cudaLaunchKernel,0,4981,3216692,3216692,20,python
2130405960,5040,cudaLaunchKernel,0,4983,3216692,3216692,20,python
2130411761,4449,cudaLaunchKernel,0,4985,3216692,3216692,20,python
2130417582,4539,cudaLaunchKernel,0,4987,3216692,3216692,20,python
2130422902,4649,cudaLaunchKernel,0,4989,3216692,3216692,20,python
2130428313,5180,cudaLaunchKernel,0,4991,3216692,3216692,20,python
2130434304,4639,cudaLaunchKernel,0,4993,3216692,3216692,20,python
2130439775,4699,cudaLaunchKernel,0,4995,3216692,3216692,20,python
2130444985,4348,cudaLaunchKernel,0,4996,3216692,3216692,20,python
2130449834,4388,cudaLaunchKernel,0,4997,3216692,3216692,20,python
2130454743,4419,cudaLaunchKernel,0,4998,3216692,3216692,20,python
2130459763,3236,cudaMemsetAsync,0,5000,3216692,3216692,20,python
2130463280,2885,cudaMemsetAsync,0,5001,3216692,3216692,20,python
2130466676,4789,cudaLaunchKernel,0,5002,3216692,3216692,20,python
2130472708,4548,cudaLaunchKernel,0,5004,3216692,3216692,20,python
2130478048,4629,cudaLaunchKernel,0,5006,3216692,3216692,20,python
2130483699,4609,cudaLaunchKernel,0,5008,3216692,3216692,20,python
2130489059,4529,cudaLaunchKernel,0,5010,3216692,3216692,20,python
2130494369,4379,cudaLaunchKernel,0,5012,3216692,3216692,20,python
2130499299,4709,cudaLaunchKernel,0,5013,3216692,3216692,20,python
2130504589,3316,cudaMemsetAsync,0,5015,3216692,3216692,20,python
2130508186,2785,cudaMemsetAsync,0,5016,3216692,3216692,20,python
2130515349,4739,cudaLaunchKernel,0,5017,3216692,3216692,20,python
2130520900,4759,cudaLaunchKernel,0,5019,3216692,3216692,20,python
2130526471,4939,cudaLaunchKernel,0,5021,3216692,3216692,20,python
2130532212,4869,cudaLaunchKernel,0,5023,3216692,3216692,20,python
2130537873,4779,cudaLaunchKernel,0,5025,3216692,3216692,20,python
2130543473,4819,cudaLaunchKernel,0,5027,3216692,3216692,20,python
2130548823,3106,cudaMemsetAsync,0,5029,3216692,3216692,20,python
2130552480,4840,cudaLaunchKernel,0,5030,3216692,3216692,20,python
2130558742,4790,cudaLaunchKernel,0,5032,3216692,3216692,20,python
2130564363,4719,cudaLaunchKernel,0,5034,3216692,3216692,20,python
2130569894,4799,cudaLaunchKernel,0,5036,3216692,3216692,20,python
2130575224,3457,cudaMemsetAsync,0,5038,3216692,3216692,20,python
2130579182,4869,cudaLaunchKernel,0,5039,3216692,3216692,20,python
2130585093,4819,cudaLaunchKernel,0,5041,3216692,3216692,20,python
2130590624,4418,cudaLaunchKernel,0,5043,3216692,3216692,20,python
2130595783,4679,cudaLaunchKernel,0,5045,3216692,3216692,20,python
2130601154,4338,cudaLaunchKernel,0,5047,3216692,3216692,20,python
2130606233,4729,cudaLaunchKernel,0,5049,3216692,3216692,20,python
2130611534,3146,cudaMemsetAsync,0,5051,3216692,3216692,20,python
2130615211,4518,cudaLaunchKernel,0,5052,3216692,3216692,20,python
2130621172,6583,cudaLaunchKernel,0,5054,3216692,3216692,20,python
2130628797,6061,cudaLaunchKernel,0,5056,3216692,3216692,20,python
2130635930,5821,cudaLaunchKernel,0,5058,3216692,3216692,20,python
2130642533,4509,cudaLaunchKernel,0,5060,3216692,3216692,20,python
2130647963,4729,cudaLaunchKernel,0,5062,3216692,3216692,20,python
2130653504,4619,cudaLaunchKernel,0,5064,3216692,3216692,20,python
2130658914,4649,cudaLaunchKernel,0,5066,3216692,3216692,20,python
2130664355,4759,cudaLaunchKernel,0,5068,3216692,3216692,20,python
2130669875,4509,cudaLaunchKernel,0,5070,3216692,3216692,20,python
2130674925,3146,cudaMemsetAsync,0,5072,3216692,3216692,20,python
2130678572,4589,cudaLaunchKernel,0,5073,3216692,3216692,20,python
2130684313,4478,cudaLaunchKernel,0,5075,3216692,3216692,20,python
2130689593,4529,cudaLaunchKernel,0,5077,3216692,3216692,20,python
2130694903,4429,cudaLaunchKernel,0,5079,3216692,3216692,20,python
2130700133,4499,cudaLaunchKernel,0,5081,3216692,3216692,20,python
2130705413,4850,cudaLaunchKernel,0,5083,3216692,3216692,20,python
2130711034,4559,cudaLaunchKernel,0,5085,3216692,3216692,20,python
2130716414,4810,cudaLaunchKernel,0,5087,3216692,3216692,20,python
2130722035,4609,cudaLaunchKernel,0,5089,3216692,3216692,20,python
2130727425,4770,cudaLaunchKernel,0,5091,3216692,3216692,20,python
2130732966,4388,cudaLaunchKernel,0,5093,3216692,3216692,20,python
2130738106,4679,cudaLaunchKernel,0,5095,3216692,3216692,20,python
2130743596,4830,cudaLaunchKernel,0,5097,3216692,3216692,20,python
2130749227,4990,cudaLaunchKernel,0,5099,3216692,3216692,20,python
2130754958,7104,cudaLaunchKernel,0,5101,3216692,3216692,20,python
2130762633,4769,cudaLaunchKernel,0,5102,3216692,3216692,20,python
2130768143,4419,cudaLaunchKernel,0,5104,3216692,3216692,20,python
2130773143,3166,cudaMemsetAsync,0,5106,3216692,3216692,20,python
2130776579,2976,cudaMemsetAsync,0,5107,3216692,3216692,20,python
2130780908,4879,cudaLaunchKernel,0,5108,3216692,3216692,20,python
2130786539,4468,cudaLaunchKernel,0,5110,3216692,3216692,20,python
2130791809,5099,cudaLaunchKernel,0,5112,3216692,3216692,20,python
2130797700,4629,cudaLaunchKernel,0,5114,3216692,3216692,20,python
2130802830,4518,cudaLaunchKernel,0,5115,3216692,3216692,20,python
2130808200,5150,cudaLaunchKernel,0,5117,3216692,3216692,20,python
2130815143,3216,cudaMemsetAsync,0,5119,3216692,3216692,20,python
2130818630,2705,cudaMemsetAsync,0,5120,3216692,3216692,20,python
2130821816,5210,cudaLaunchKernel,0,5121,3216692,3216692,20,python
2130827818,5059,cudaLaunchKernel,0,5123,3216692,3216692,20,python
2130833428,2986,cudaMemsetAsync,0,5125,3216692,3216692,20,python
2130836935,4749,cudaLaunchKernel,0,5126,3216692,3216692,20,python
2130844409,5170,cudaLaunchKernel,0,5128,3216692,3216692,20,python
2130850681,4689,cudaLaunchKernel,0,5130,3216692,3216692,20,python
2130855971,7896,cudaMemcpyAsync,0,5132,3216692,3216692,20,python
2130864157,4048,cudaMemcpyAsync,0,5133,3216692,3216692,20,python
2130868505,3537,cudaEventRecord,0,5134,3216692,3216692,20,python
2130872353,5974417,cudaEventSynchronize,0,5135,3216692,3216692,20,python
2136847231,1903,cudaStreamSynchronize,0,5136,3216692,3216692,20,python
2136850627,6322,cudaLaunchKernel,0,5137,3216692,3216692,20,python
2136857560,3547,cudaEventRecord,0,5139,3216692,3216692,20,python
2136861368,1032,cudaEventSynchronize,0,5140,3216692,3216692,20,python
2136917555,9208,cudaFree,0,5142,3216692,3216692,20,python
2136958754,3096,cudaDeviceSynchronize,0,5145,3216692,3216692,20,python
2137165490,8747,cudaMalloc,0,5148,3216692,3216692,20,python
2137225244,1132,cudaStreamIsCapturing_v10000,0,5151,3216692,3216692,20,python
2137226737,702,cudaStreamGetDevice_v12080,0,5152,3216692,3216692,20,python
2137245413,501,cudaStreamIsCapturing_v10000,0,5185,3216692,3216692,20,python
2137246144,451,cudaStreamGetDevice_v12080,0,5186,3216692,3216692,20,python
2137252256,6152,cudaMemsetAsync,0,5197,3216692,3216692,20,python
2137258919,6442,cudaMemcpyAsync,0,5198,3216692,3216692,20,python
2137265682,4879,cudaMemcpyAsync,0,5199,3216692,3216692,20,python
2137270902,4258,cudaMemcpyAsync,0,5200,3216692,3216692,20,python
2137275501,4248,cudaMemcpyAsync,0,5201,3216692,3216692,20,python
2137280069,3938,cudaMemcpyAsync,0,5202,3216692,3216692,20,python
2137284939,10580,cudaLaunchKernel,0,5203,3216692,3216692,20,python
2137296270,5391,cudaMemcpyAsync,0,5205,3216692,3216692,20,python
2137302081,4289,cudaEventRecord,0,5206,3216692,3216692,20,python
2137306740,1894,cudaEventSynchronize,0,5207,3216692,3216692,20,python
2137310498,571,cudaStreamIsCapturing_v10000,0,5209,3216692,3216692,20,python
2137311459,4419,cudaMemcpyAsync,0,5210,3216692,3216692,20,python
2137316249,3466,cudaMemsetAsync,0,5211,3216692,3216692,20,python
2137320026,2885,cudaEventRecord,0,5212,3216692,3216692,20,python
2137323272,1844,cudaStreamWaitEvent,0,5213,3216692,3216692,20,python
2137325466,14177,cudaLaunchHostFunc_v10000,0,5214,3216692,3216692,20,python
2137340465,7003,cudaLaunchKernel,0,5215,3216692,3216692,20,python
2137354341,3367,cudaMemsetAsync,0,5217,3216692,3216692,20,python
2137357998,3467,cudaMemsetAsync,0,5218,3216692,3216692,20,python
2137361806,2835,cudaMemsetAsync,0,5219,3216692,3216692,20,python
2137364902,2795,cudaMemsetAsync,0,5220,3216692,3216692,20,python
2137368028,2835,cudaMemsetAsync,0,5221,3216692,3216692,20,python
2137371184,3116,cudaMemsetAsync,0,5222,3216692,3216692,20,python
2137374560,3447,cudaMemsetAsync,0,5223,3216692,3216692,20,python
2137378418,3747,cudaMemsetAsync,0,5224,3216692,3216692,20,python
2137382425,2635,cudaMemsetAsync,0,5225,3216692,3216692,20,python
2137385611,5781,cudaLaunchKernel,0,5226,3216692,3216692,20,python
2137392204,5330,cudaLaunchKernel,0,5228,3216692,3216692,20,python
2137398316,4819,cudaLaunchKernel,0,5230,3216692,3216692,20,python
2137404217,4969,cudaLaunchKernel,0,5232,3216692,3216692,20,python
2137409948,4639,cudaLaunchKernel,0,5234,3216692,3216692,20,python
2137415368,4699,cudaLaunchKernel,0,5236,3216692,3216692,20,python
2137420879,4669,cudaLaunchKernel,0,5238,3216692,3216692,20,python
2137426309,5100,cudaLaunchKernel,0,5240,3216692,3216692,20,python
2137432691,5581,cudaLaunchKernel,0,5242,3216692,3216692,20,python
2137439084,5220,cudaLaunchKernel,0,5244,3216692,3216692,20,python
2137445115,5150,cudaLaunchKernel,0,5246,3216692,3216692,20,python
2137451037,5640,cudaLaunchKernel,0,5248,3216692,3216692,20,python
2137457449,4338,cudaLaunchKernel,0,5250,3216692,3216692,20,python
2137462569,4448,cudaLaunchKernel,0,5252,3216692,3216692,20,python
2137468179,4579,cudaLaunchKernel,0,5254,3216692,3216692,20,python
2137473520,4638,cudaLaunchKernel,0,5256,3216692,3216692,20,python
2137478960,4799,cudaLaunchKernel,0,5258,3216692,3216692,20,python
2137484531,8426,cudaLaunchKernel,0,5260,3216692,3216692,20,python
2137493859,4668,cudaLaunchKernel,0,5262,3216692,3216692,20,python
2137499319,4639,cudaLaunchKernel,0,5264,3216692,3216692,20,python
2137505290,4920,cudaLaunchKernel,0,5266,3216692,3216692,20,python
2137511092,4398,cudaLaunchKernel,0,5268,3216692,3216692,20,python
2137516582,4689,cudaLaunchKernel,0,5270,3216692,3216692,20,python
2137522022,4940,cudaLaunchKernel,0,5272,3216692,3216692,20,python
2137527763,4820,cudaLaunchKernel,0,5274,3216692,3216692,20,python
2137533424,5190,cudaLaunchKernel,0,5276,3216692,3216692,20,python
2137539316,4057,cudaMemsetAsync,0,5278,3216692,3216692,20,python
2137543654,2725,cudaMemsetAsync,0,5279,3216692,3216692,20,python
2137547381,4899,cudaLaunchKernel,0,5280,3216692,3216692,20,python
2137553062,4519,cudaLaunchKernel,0,5282,3216692,3216692,20,python
2137558312,4689,cudaLaunchKernel,0,5284,3216692,3216692,20,python
2137563752,4679,cudaLaunchKernel,0,5286,3216692,3216692,20,python
2137569193,4769,cudaLaunchKernel,0,5288,3216692,3216692,20,python
2137574703,4539,cudaLaunchKernel,0,5290,3216692,3216692,20,python
2137580204,4689,cudaLaunchKernel,0,5292,3216692,3216692,20,python
2137590924,4619,cudaLaunchKernel,0,5298,3216692,3216692,20,python
2137596144,3337,cudaMemsetAsync,0,5300,3216692,3216692,20,python
2137599761,2715,cudaMemsetAsync,0,5301,3216692,3216692,20,python
2137605142,4989,cudaLaunchKernel,0,5302,3216692,3216692,20,python
2137610692,3507,cudaMemsetAsync,0,5304,3216692,3216692,20,python
2137614700,4669,cudaLaunchKernel,0,5305,3216692,3216692,20,python
2137620190,5000,cudaLaunchKernel,0,5307,3216692,3216692,20,python
2137626773,4579,cudaLaunchKernel,0,5309,3216692,3216692,20,python
2137632163,3116,cudaMemsetAsync,0,5311,3216692,3216692,20,python
2137636712,4929,cudaLaunchKernel,0,5312,3216692,3216692,20,python
2137642363,4378,cudaLaunchKernel,0,5314,3216692,3216692,20,python
2137647473,4709,cudaLaunchKernel,0,5316,3216692,3216692,20,python
2137652993,4098,cudaLaunchKernel,0,5318,3216692,3216692,20,python
2137657933,4618,cudaLaunchKernel,0,5320,3216692,3216692,20,python
2137663363,4589,cudaLaunchKernel,0,5322,3216692,3216692,20,python
2137668643,4569,cudaLaunchKernel,0,5324,3216692,3216692,20,python
2137673833,2956,cudaMemsetAsync,0,5326,3216692,3216692,20,python
2137677290,4348,cudaLaunchKernel,0,5327,3216692,3216692,20,python
2137682359,4579,cudaLaunchKernel,0,5329,3216692,3216692,20,python
2137687810,4158,cudaLaunchKernel,0,5331,3216692,3216692,20,python
2137692819,4369,cudaLaunchKernel,0,5333,3216692,3216692,20,python
2137698250,4258,cudaLaunchKernel,0,5335,3216692,3216692,20,python
2137703219,4509,cudaLaunchKernel,0,5337,3216692,3216692,20,python
2137708419,4158,cudaLaunchKernel,0,5339,3216692,3216692,20,python
2137713659,5351,cudaLaunchKernel,0,5341,3216692,3216692,20,python
2137720913,4499,cudaLaunchKernel,0,5343,3216692,3216692,20,python
2137727015,3166,cudaMemsetAsync,0,5346,3216692,3216692,20,python
2137731413,642,cudaStreamIsCapturing_v10000,0,5348,3216692,3216692,20,python
2137732355,1583,cudaStreamWaitEvent,0,5349,3216692,3216692,20,python
2137734219,9197,cudaMemcpyAsync,0,5350,3216692,3216692,20,python
2137743857,3647,cudaEventRecord,0,5351,3216692,3216692,20,python
2137747865,491,cudaStreamIsCapturing_v10000,0,5352,3216692,3216692,20,python
2137748656,14478,cudaGraphLaunch_v10000,0,5353,3216692,3216692,20,python
2137764076,3807,cudaMemsetAsync,0,5354,3216692,3216692,20,python
2137768174,3015,cudaMemsetAsync,0,5355,3216692,3216692,20,python
2137771480,2675,cudaMemsetAsync,0,5356,3216692,3216692,20,python
2137774446,2645,cudaMemsetAsync,0,5357,3216692,3216692,20,python
2137777351,2615,cudaMemsetAsync,0,5358,3216692,3216692,20,python
2137780237,2895,cudaMemsetAsync,0,5359,3216692,3216692,20,python
2137783383,2635,cudaMemsetAsync,0,5360,3216692,3216692,20,python
2137786679,6452,cudaLaunchKernel,0,5361,3216692,3216692,20,python
2137793733,2925,cudaMemsetAsync,0,5363,3216692,3216692,20,python
2137797199,4970,cudaLaunchKernel,0,5364,3216692,3216692,20,python
2137803471,4840,cudaLaunchKernel,0,5366,3216692,3216692,20,python
2137809132,4659,cudaLaunchKernel,0,5368,3216692,3216692,20,python
2137814603,4779,cudaLaunchKernel,0,5370,3216692,3216692,20,python
2137820213,4679,cudaLaunchKernel,0,5372,3216692,3216692,20,python
2137825704,4468,cudaLaunchKernel,0,5374,3216692,3216692,20,python
2137831014,5010,cudaLaunchKernel,0,5376,3216692,3216692,20,python
2137836925,4769,cudaLaunchKernel,0,5378,3216692,3216692,20,python
2137842576,3196,cudaMemsetAsync,0,5380,3216692,3216692,20,python
2137846053,2955,cudaMemsetAsync,0,5381,3216692,3216692,20,python
2137849279,2575,cudaMemsetAsync,0,5382,3216692,3216692,20,python
2137852365,4859,cudaLaunchKernel,0,5383,3216692,3216692,20,python
2137857785,2856,cudaMemsetAsync,0,5385,3216692,3216692,20,python
2137860901,2635,cudaMemsetAsync,0,5386,3216692,3216692,20,python
2137864358,4929,cudaLaunchKernel,0,5387,3216692,3216692,20,python
2137870029,4979,cudaLaunchKernel,0,5389,3216692,3216692,20,python
2137875790,4518,cudaLaunchKernel,0,5391,3216692,3216692,20,python
2137881100,4829,cudaLaunchKernel,0,5393,3216692,3216692,20,python
2137886781,4989,cudaLaunchKernel,0,5395,3216692,3216692,20,python
2137894095,3456,cudaMemsetAsync,0,5397,3216692,3216692,20,python
2137897832,2685,cudaMemsetAsync,0,5398,3216692,3216692,20,python
2137901068,4899,cudaLaunchKernel,0,5399,3216692,3216692,20,python
2137906589,2925,cudaMemsetAsync,0,5401,3216692,3216692,20,python
2137909785,2655,cudaMemsetAsync,0,5402,3216692,3216692,20,python
2137913582,4869,cudaLaunchKernel,0,5403,3216692,3216692,20,python
2137919263,4659,cudaLaunchKernel,0,5405,3216692,3216692,20,python
2137924663,4709,cudaLaunchKernel,0,5407,3216692,3216692,20,python
2137930174,4679,cudaLaunchKernel,0,5409,3216692,3216692,20,python
2137935404,3296,cudaMemsetAsync,0,5411,3216692,3216692,20,python
2137938971,2595,cudaMemsetAsync,0,5412,3216692,3216692,20,python
2137942347,4950,cudaLaunchKernel,0,5413,3216692,3216692,20,python
2137948078,4599,cudaLaunchKernel,0,5415,3216692,3216692,20,python
2137953458,4629,cudaLaunchKernel,0,5417,3216692,3216692,20,python
2137958688,2896,cudaMemsetAsync,0,5419,3216692,3216692,20,python
2137961854,2595,cudaMemsetAsync,0,5420,3216692,3216692,20,python
2137965261,2785,cudaMemsetAsync,0,5421,3216692,3216692,20,python
2137968647,8397,cudaLaunchKernel,0,5422,3216692,3216692,20,python
2137977915,4709,cudaLaunchKernel,0,5424,3216692,3216692,20,python
2137983436,4839,cudaLaunchKernel,0,5426,3216692,3216692,20,python
2137989087,4538,cudaLaunchKernel,0,5428,3216692,3216692,20,python
2137994437,4559,cudaLaunchKernel,0,5430,3216692,3216692,20,python
2137999807,4529,cudaLaunchKernel,0,5432,3216692,3216692,20,python
2138004897,3186,cudaMemsetAsync,0,5434,3216692,3216692,20,python
2138008343,2666,cudaMemsetAsync,0,5435,3216692,3216692,20,python
2138012041,5089,cudaLaunchKernel,0,5436,3216692,3216692,20,python
2138018092,4719,cudaLaunchKernel,0,5438,3216692,3216692,20,python
2138023613,4829,cudaLaunchKernel,0,5440,3216692,3216692,20,python
2138029193,4800,cudaLaunchKernel,0,5442,3216692,3216692,20,python
2138034744,4569,cudaLaunchKernel,0,5444,3216692,3216692,20,python
2138040114,4669,cudaLaunchKernel,0,5446,3216692,3216692,20,python
2138045555,4639,cudaLaunchKernel,0,5448,3216692,3216692,20,python
2138050825,3106,cudaMemsetAsync,0,5450,3216692,3216692,20,python
2138054211,2946,cudaMemsetAsync,0,5451,3216692,3216692,20,python
2138058840,4970,cudaLaunchKernel,0,5452,3216692,3216692,20,python
2138064601,4649,cudaLaunchKernel,0,5454,3216692,3216692,20,python
2138070022,4749,cudaLaunchKernel,0,5456,3216692,3216692,20,python
2138075542,4589,cudaLaunchKernel,0,5458,3216692,3216692,20,python
2138080702,2986,cudaMemsetAsync,0,5460,3216692,3216692,20,python
2138083988,2605,cudaMemsetAsync,0,5461,3216692,3216692,20,python
2138086874,2705,cudaMemsetAsync,0,5462,3216692,3216692,20,python
2138090621,4949,cudaLaunchKernel,0,5463,3216692,3216692,20,python
2138096372,4679,cudaLaunchKernel,0,5465,3216692,3216692,20,python
2138101852,4589,cudaLaunchKernel,0,5467,3216692,3216692,20,python
2138107213,4649,cudaLaunchKernel,0,5469,3216692,3216692,20,python
2138112593,4569,cudaLaunchKernel,0,5471,3216692,3216692,20,python
2138118043,4619,cudaLaunchKernel,0,5473,3216692,3216692,20,python
2138123253,4609,cudaLaunchKernel,0,5474,3216692,3216692,20,python
2138128523,3237,cudaMemsetAsync,0,5476,3216692,3216692,20,python
2138132030,2575,cudaMemsetAsync,0,5477,3216692,3216692,20,python
2138134916,2555,cudaMemsetAsync,0,5478,3216692,3216692,20,python
2138137731,2595,cudaMemsetAsync,0,5479,3216692,3216692,20,python
2138140617,2805,cudaMemsetAsync,0,5480,3216692,3216692,20,python
2138143672,2555,cudaMemsetAsync,0,5481,3216692,3216692,20,python
2138147460,4839,cudaLaunchKernel,0,5482,3216692,3216692,20,python
2138153081,4739,cudaLaunchKernel,0,5484,3216692,3216692,20,python
2138158621,4759,cudaLaunchKernel,0,5486,3216692,3216692,20,python
2138164142,4709,cudaLaunchKernel,0,5488,3216692,3216692,20,python
2138169622,4429,cudaLaunchKernel,0,5490,3216692,3216692,20,python
2138175554,4689,cudaLaunchKernel,0,5492,3216692,3216692,20,python
2138180964,4689,cudaLaunchKernel,0,5494,3216692,3216692,20,python
2138186474,4639,cudaLaunchKernel,0,5496,3216692,3216692,20,python
2138191845,4478,cudaLaunchKernel,0,5498,3216692,3216692,20,python
2138197065,4388,cudaLaunchKernel,0,5500,3216692,3216692,20,python
2138202776,4418,cudaLaunchKernel,0,5502,3216692,3216692,20,python
2138207976,5039,cudaLaunchKernel,0,5504,3216692,3216692,20,python
2138213777,4919,cudaLaunchKernel,0,5506,3216692,3216692,20,python
2138219588,4589,cudaLaunchKernel,0,5508,3216692,3216692,20,python
2138224958,4539,cudaLaunchKernel,0,5510,3216692,3216692,20,python
2138229968,4368,cudaLaunchKernel,0,5511,3216692,3216692,20,python
2138234817,4519,cudaLaunchKernel,0,5512,3216692,3216692,20,python
2138239837,4508,cudaLaunchKernel,0,5513,3216692,3216692,20,python
2138244936,3176,cudaMemsetAsync,0,5515,3216692,3216692,20,python
2138248373,2735,cudaMemsetAsync,0,5516,3216692,3216692,20,python
2138251599,4689,cudaLaunchKernel,0,5517,3216692,3216692,20,python
2138257480,4449,cudaLaunchKernel,0,5519,3216692,3216692,20,python
2138262690,4469,cudaLaunchKernel,0,5521,3216692,3216692,20,python
2138267910,4619,cudaLaunchKernel,0,5523,3216692,3216692,20,python
2138273271,4568,cudaLaunchKernel,0,5525,3216692,3216692,20,python
2138278581,4318,cudaLaunchKernel,0,5527,3216692,3216692,20,python
2138283420,4739,cudaLaunchKernel,0,5528,3216692,3216692,20,python
2138288750,3317,cudaMemsetAsync,0,5530,3216692,3216692,20,python
2138292327,2595,cudaMemsetAsync,0,5531,3216692,3216692,20,python
2138299230,4529,cudaLaunchKernel,0,5532,3216692,3216692,20,python
2138304550,4770,cudaLaunchKernel,0,5534,3216692,3216692,20,python
2138310121,5020,cudaLaunchKernel,0,5536,3216692,3216692,20,python
2138315932,4649,cudaLaunchKernel,0,5538,3216692,3216692,20,python
2138321373,4538,cudaLaunchKernel,0,5540,3216692,3216692,20,python
2138326723,11191,cudaLaunchKernel,0,5542,3216692,3216692,20,python
2138338536,3236,cudaMemsetAsync,0,5544,3216692,3216692,20,python
2138342353,4939,cudaLaunchKernel,0,5545,3216692,3216692,20,python
2138348585,4579,cudaLaunchKernel,0,5547,3216692,3216692,20,python
2138354005,4689,cudaLaunchKernel,0,5549,3216692,3216692,20,python
2138359516,4739,cudaLaunchKernel,0,5551,3216692,3216692,20,python
2138364776,3126,cudaMemsetAsync,0,5553,3216692,3216692,20,python
2138368373,4679,cudaLaunchKernel,0,5554,3216692,3216692,20,python
2138374074,4628,cudaLaunchKernel,0,5556,3216692,3216692,20,python
2138379454,4488,cudaLaunchKernel,0,5558,3216692,3216692,20,python
2138384714,4589,cudaLaunchKernel,0,5560,3216692,3216692,20,python
2138390014,4419,cudaLaunchKernel,0,5562,3216692,3216692,20,python
2138395164,7454,cudaLaunchKernel,0,5564,3216692,3216692,20,python
2138403179,3667,cudaMemsetAsync,0,5566,3216692,3216692,20,python
2138407367,4499,cudaLaunchKernel,0,5567,3216692,3216692,20,python
2138413128,4699,cudaLaunchKernel,0,5569,3216692,3216692,20,python
2138418629,4458,cudaLaunchKernel,0,5571,3216692,3216692,20,python
2138423889,4599,cudaLaunchKernel,0,5573,3216692,3216692,20,python
2138429299,4489,cudaLaunchKernel,0,5575,3216692,3216692,20,python
2138434629,4790,cudaLaunchKernel,0,5577,3216692,3216692,20,python
2138440220,4429,cudaLaunchKernel,0,5579,3216692,3216692,20,python
2138445440,4739,cudaLaunchKernel,0,5581,3216692,3216692,20,python
2138450981,4488,cudaLaunchKernel,0,5583,3216692,3216692,20,python
2138456241,4549,cudaLaunchKernel,0,5585,3216692,3216692,20,python
2138461321,3005,cudaMemsetAsync,0,5587,3216692,3216692,20,python
2138464827,4529,cudaLaunchKernel,0,5588,3216692,3216692,20,python
2138470528,4349,cudaLaunchKernel,0,5590,3216692,3216692,20,python
2138475648,4679,cudaLaunchKernel,0,5592,3216692,3216692,20,python
2138481098,4479,cudaLaunchKernel,0,5594,3216692,3216692,20,python
2138486359,4568,cudaLaunchKernel,0,5596,3216692,3216692,20,python
2138491719,4478,cudaLaunchKernel,0,5598,3216692,3216692,20,python
2138496969,4438,cudaLaunchKernel,0,5600,3216692,3216692,20,python
2138502209,4549,cudaLaunchKernel,0,5602,3216692,3216692,20,python
2138507559,4649,cudaLaunchKernel,0,5604,3216692,3216692,20,python
2138513000,4578,cudaLaunchKernel,0,5606,3216692,3216692,20,python
2138518350,4348,cudaLaunchKernel,0,5608,3216692,3216692,20,python
2138523450,4688,cudaLaunchKernel,0,5610,3216692,3216692,20,python
2138528950,4839,cudaLaunchKernel,0,5612,3216692,3216692,20,python
2138534581,4729,cudaLaunchKernel,0,5614,3216692,3216692,20,python
2138540071,4589,cudaLaunchKernel,0,5616,3216692,3216692,20,python
2138545221,4579,cudaLaunchKernel,0,5617,3216692,3216692,20,python
2138550551,4499,cudaLaunchKernel,0,5619,3216692,3216692,20,python
2138555641,3166,cudaMemsetAsync,0,5621,3216692,3216692,20,python
2138559098,2815,cudaMemsetAsync,0,5622,3216692,3216692,20,python
2138563115,4489,cudaLaunchKernel,0,5623,3216692,3216692,20,python
2138568376,4558,cudaLaunchKernel,0,5625,3216692,3216692,20,python
2138573736,4689,cudaLaunchKernel,0,5627,3216692,3216692,20,python
2138579256,4539,cudaLaunchKernel,0,5629,3216692,3216692,20,python
2138584336,4509,cudaLaunchKernel,0,5630,3216692,3216692,20,python
2138589696,5270,cudaLaunchKernel,0,5632,3216692,3216692,20,python
2138596580,3426,cudaMemsetAsync,0,5634,3216692,3216692,20,python
2138600287,2715,cudaMemsetAsync,0,5635,3216692,3216692,20,python
2138603493,4919,cudaLaunchKernel,0,5636,3216692,3216692,20,python
2138609194,4869,cudaLaunchKernel,0,5638,3216692,3216692,20,python
2138614604,2906,cudaMemsetAsync,0,5640,3216692,3216692,20,python
2138618001,4678,cudaLaunchKernel,0,5641,3216692,3216692,20,python
2138625024,5100,cudaLaunchKernel,0,5643,3216692,3216692,20,python
2138631216,4569,cudaLaunchKernel,0,5645,3216692,3216692,20,python
2138636406,7594,cudaMemcpyAsync,0,5647,3216692,3216692,20,python
2138644301,4158,cudaMemcpyAsync,0,5648,3216692,3216692,20,python
2138648749,3637,cudaEventRecord,0,5649,3216692,3216692,20,python
2138652717,6010025,cudaEventSynchronize,0,5650,3216692,3216692,20,python
2144663243,2004,cudaStreamSynchronize,0,5651,3216692,3216692,20,python
2144666690,7875,cudaLaunchKernel,0,5652,3216692,3216692,20,python
2144675226,3326,cudaEventRecord,0,5654,3216692,3216692,20,python
2144678843,942,cudaEventSynchronize,0,5655,3216692,3216692,20,python
2144730001,8877,cudaFree,0,5657,3216692,3216692,20,python
2144764397,2985,cudaDeviceSynchronize,0,5660,3216692,3216692,20,python
2144777432,1312,cudaDeviceSynchronize,0,5664,3216692,3216692,20,python
2144978697,8977,cudaMalloc,0,5667,3216692,3216692,20,python
2145034664,1012,cudaStreamIsCapturing_v10000,0,5670,3216692,3216692,20,python
2145036007,721,cudaStreamGetDevice_v12080,0,5671,3216692,3216692,20,python
2145054652,471,cudaStreamIsCapturing_v10000,0,5704,3216692,3216692,20,python
2145055344,461,cudaStreamGetDevice_v12080,0,5705,3216692,3216692,20,python
2145061275,6052,cudaMemsetAsync,0,5716,3216692,3216692,20,python
2145067848,6833,cudaMemcpyAsync,0,5717,3216692,3216692,20,python
2145075041,4870,cudaMemcpyAsync,0,5718,3216692,3216692,20,python
2145080241,4168,cudaMemcpyAsync,0,5719,3216692,3216692,20,python
2145084750,3988,cudaMemcpyAsync,0,5720,3216692,3216692,20,python
2145089068,4168,cudaMemcpyAsync,0,5721,3216692,3216692,20,python
2145094168,10560,cudaLaunchKernel,0,5722,3216692,3216692,20,python
2145105490,5961,cudaMemcpyAsync,0,5724,3216692,3216692,20,python
2145111812,4078,cudaEventRecord,0,5725,3216692,3216692,20,python
2145116210,1914,cudaEventSynchronize,0,5726,3216692,3216692,20,python
2145120038,561,cudaStreamIsCapturing_v10000,0,5728,3216692,3216692,20,python
2145120989,3988,cudaMemcpyAsync,0,5729,3216692,3216692,20,python
2145125348,3657,cudaMemsetAsync,0,5730,3216692,3216692,20,python
2145129305,2896,cudaEventRecord,0,5731,3216692,3216692,20,python
2145132562,1723,cudaStreamWaitEvent,0,5732,3216692,3216692,20,python
2145134625,11512,cudaLaunchHostFunc_v10000,0,5733,3216692,3216692,20,python
2145146969,6873,cudaLaunchKernel,0,5734,3216692,3216692,20,python
2145160705,3477,cudaMemsetAsync,0,5736,3216692,3216692,20,python
2145164453,3516,cudaMemsetAsync,0,5737,3216692,3216692,20,python
2145168420,3707,cudaMemsetAsync,0,5738,3216692,3216692,20,python
2145172388,2865,cudaMemsetAsync,0,5739,3216692,3216692,20,python
2145175574,2785,cudaMemsetAsync,0,5740,3216692,3216692,20,python
2145178680,2855,cudaMemsetAsync,0,5741,3216692,3216692,20,python
2145181806,2955,cudaMemsetAsync,0,5742,3216692,3216692,20,python
2145185042,2705,cudaMemsetAsync,0,5743,3216692,3216692,20,python
2145188008,2595,cudaMemsetAsync,0,5744,3216692,3216692,20,python
2145191134,5600,cudaLaunchKernel,0,5745,3216692,3216692,20,python
2145197536,5370,cudaLaunchKernel,0,5747,3216692,3216692,20,python
2145203678,4779,cudaLaunchKernel,0,5749,3216692,3216692,20,python
2145209549,4989,cudaLaunchKernel,0,5751,3216692,3216692,20,python
2145215330,6733,cudaLaunchKernel,0,5753,3216692,3216692,20,python
2145222834,5310,cudaLaunchKernel,0,5755,3216692,3216692,20,python
2145228956,4789,cudaLaunchKernel,0,5757,3216692,3216692,20,python
2145234547,5340,cudaLaunchKernel,0,5759,3216692,3216692,20,python
2145241199,5070,cudaLaunchKernel,0,5761,3216692,3216692,20,python
2145247101,5510,cudaLaunchKernel,0,5763,3216692,3216692,20,python
2145253423,4969,cudaLaunchKernel,0,5765,3216692,3216692,20,python
2145259164,4959,cudaLaunchKernel,0,5767,3216692,3216692,20,python
2145264935,4629,cudaLaunchKernel,0,5769,3216692,3216692,20,python
2145270375,4359,cudaLaunchKernel,0,5771,3216692,3216692,20,python
2145275936,4469,cudaLaunchKernel,0,5773,3216692,3216692,20,python
2145281166,4499,cudaLaunchKernel,0,5775,3216692,3216692,20,python
2145286466,4950,cudaLaunchKernel,0,5777,3216692,3216692,20,python
2145292247,4669,cudaLaunchKernel,0,5779,3216692,3216692,20,python
2145297748,4629,cudaLaunchKernel,0,5781,3216692,3216692,20,python
2145303168,4609,cudaLaunchKernel,0,5783,3216692,3216692,20,python
2145309049,4659,cudaLaunchKernel,0,5785,3216692,3216692,20,python
2145314560,4358,cudaLaunchKernel,0,5787,3216692,3216692,20,python
2145319950,4499,cudaLaunchKernel,0,5789,3216692,3216692,20,python
2145325200,11663,cudaLaunchKernel,0,5791,3216692,3216692,20,python
2145337784,4870,cudaLaunchKernel,0,5793,3216692,3216692,20,python
2145343495,4900,cudaLaunchKernel,0,5795,3216692,3216692,20,python
2145349106,3707,cudaMemsetAsync,0,5797,3216692,3216692,20,python
2145353084,3246,cudaMemsetAsync,0,5798,3216692,3216692,20,python
2145357282,4919,cudaLaunchKernel,0,5799,3216692,3216692,20,python
2145362993,4458,cudaLaunchKernel,0,5801,3216692,3216692,20,python
2145368323,4709,cudaLaunchKernel,0,5803,3216692,3216692,20,python
2145373803,4559,cudaLaunchKernel,0,5805,3216692,3216692,20,python
2145379144,4638,cudaLaunchKernel,0,5807,3216692,3216692,20,python
2145384534,4559,cudaLaunchKernel,0,5809,3216692,3216692,20,python
2145389964,4769,cudaLaunchKernel,0,5811,3216692,3216692,20,python
2145400214,4689,cudaLaunchKernel,0,5817,3216692,3216692,20,python
2145405504,3316,cudaMemsetAsync,0,5819,3216692,3216692,20,python
2145409091,2725,cudaMemsetAsync,0,5820,3216692,3216692,20,python
2145414401,4960,cudaLaunchKernel,0,5821,3216692,3216692,20,python
2145419932,2985,cudaMemsetAsync,0,5823,3216692,3216692,20,python
2145423428,4719,cudaLaunchKernel,0,5824,3216692,3216692,20,python
2145428989,4879,cudaLaunchKernel,0,5826,3216692,3216692,20,python
2145435491,4699,cudaLaunchKernel,0,5828,3216692,3216692,20,python
2145441012,3356,cudaMemsetAsync,0,5830,3216692,3216692,20,python
2145445811,4829,cudaLaunchKernel,0,5831,3216692,3216692,20,python
2145451392,4328,cudaLaunchKernel,0,5833,3216692,3216692,20,python
2145456431,4439,cudaLaunchKernel,0,5835,3216692,3216692,20,python
2145461641,4209,cudaLaunchKernel,0,5837,3216692,3216692,20,python
2145466671,4378,cudaLaunchKernel,0,5839,3216692,3216692,20,python
2145471921,4459,cudaLaunchKernel,0,5841,3216692,3216692,20,python
2145477101,4348,cudaLaunchKernel,0,5843,3216692,3216692,20,python
2145482091,2885,cudaMemsetAsync,0,5845,3216692,3216692,20,python
2145485477,4388,cudaLaunchKernel,0,5846,3216692,3216692,20,python
2145490567,4468,cudaLaunchKernel,0,5848,3216692,3216692,20,python
2145495797,4168,cudaLaunchKernel,0,5850,3216692,3216692,20,python
2145500796,4239,cudaLaunchKernel,0,5852,3216692,3216692,20,python
2145506036,4359,cudaLaunchKernel,0,5854,3216692,3216692,20,python
2145511096,4298,cudaLaunchKernel,0,5856,3216692,3216692,20,python
2145516136,4168,cudaLaunchKernel,0,5858,3216692,3216692,20,python
2145521396,5100,cudaLaunchKernel,0,5860,3216692,3216692,20,python
2145528379,4749,cudaLaunchKernel,0,5862,3216692,3216692,20,python
2145534792,3095,cudaMemsetAsync,0,5865,3216692,3216692,20,python
2145539150,601,cudaStreamIsCapturing_v10000,0,5867,3216692,3216692,20,python
2145540011,1734,cudaStreamWaitEvent,0,5868,3216692,3216692,20,python
2145542045,8917,cudaMemcpyAsync,0,5869,3216692,3216692,20,python
2145551303,3747,cudaEventRecord,0,5870,3216692,3216692,20,python
2145555421,491,cudaStreamIsCapturing_v10000,0,5871,3216692,3216692,20,python
2145556253,14237,cudaGraphLaunch_v10000,0,5872,3216692,3216692,20,python
2145571432,3556,cudaMemsetAsync,0,5873,3216692,3216692,20,python
2145575259,2795,cudaMemsetAsync,0,5874,3216692,3216692,20,python
2145578315,2976,cudaMemsetAsync,0,5875,3216692,3216692,20,python
2145581541,2645,cudaMemsetAsync,0,5876,3216692,3216692,20,python
2145584447,2705,cudaMemsetAsync,0,5877,3216692,3216692,20,python
2145587422,2665,cudaMemsetAsync,0,5878,3216692,3216692,20,python
2145590338,2895,cudaMemsetAsync,0,5879,3216692,3216692,20,python
2145593925,6242,cudaLaunchKernel,0,5880,3216692,3216692,20,python
2145600758,3086,cudaMemsetAsync,0,5882,3216692,3216692,20,python
2145604385,4889,cudaLaunchKernel,0,5883,3216692,3216692,20,python
2145610567,4699,cudaLaunchKernel,0,5885,3216692,3216692,20,python
2145616107,4559,cudaLaunchKernel,0,5887,3216692,3216692,20,python
2145621477,4669,cudaLaunchKernel,0,5889,3216692,3216692,20,python
2145626988,4499,cudaLaunchKernel,0,5891,3216692,3216692,20,python
2145632278,8046,cudaLaunchKernel,0,5893,3216692,3216692,20,python
2145641275,4950,cudaLaunchKernel,0,5895,3216692,3216692,20,python
2145647137,4638,cudaLaunchKernel,0,5897,3216692,3216692,20,python
2145652617,3346,cudaMemsetAsync,0,5899,3216692,3216692,20,python
2145656264,3056,cudaMemsetAsync,0,5900,3216692,3216692,20,python
2145659590,2696,cudaMemsetAsync,0,5901,3216692,3216692,20,python
2145662807,4739,cudaLaunchKernel,0,5902,3216692,3216692,20,python
2145668107,2915,cudaMemsetAsync,0,5904,3216692,3216692,20,python
2145671323,2675,cudaMemsetAsync,0,5905,3216692,3216692,20,python
2145674820,4839,cudaLaunchKernel,0,5906,3216692,3216692,20,python
2145680410,4769,cudaLaunchKernel,0,5908,3216692,3216692,20,python
2145685931,4789,cudaLaunchKernel,0,5910,3216692,3216692,20,python
2145691512,4769,cudaLaunchKernel,0,5912,3216692,3216692,20,python
2145697112,5040,cudaLaunchKernel,0,5914,3216692,3216692,20,python
2145704446,3246,cudaMemsetAsync,0,5916,3216692,3216692,20,python
2145707973,2825,cudaMemsetAsync,0,5917,3216692,3216692,20,python
2145711349,4830,cudaLaunchKernel,0,5918,3216692,3216692,20,python
2145716790,3106,cudaMemsetAsync,0,5920,3216692,3216692,20,python
2145720237,2705,cudaMemsetAsync,0,5921,3216692,3216692,20,python
2145724074,4709,cudaLaunchKernel,0,5922,3216692,3216692,20,python
2145729594,4669,cudaLaunchKernel,0,5924,3216692,3216692,20,python
2145735005,4528,cudaLaunchKernel,0,5926,3216692,3216692,20,python
2145740335,4709,cudaLaunchKernel,0,5928,3216692,3216692,20,python
2145745595,3196,cudaMemsetAsync,0,5930,3216692,3216692,20,python
2145749062,2795,cudaMemsetAsync,0,5931,3216692,3216692,20,python
2145752629,4608,cudaLaunchKernel,0,5932,3216692,3216692,20,python
2145758029,4539,cudaLaunchKernel,0,5934,3216692,3216692,20,python
2145763359,4639,cudaLaunchKernel,0,5936,3216692,3216692,20,python
2145768569,2926,cudaMemsetAsync,0,5938,3216692,3216692,20,python
2145771775,2635,cudaMemsetAsync,0,5939,3216692,3216692,20,python
2145775192,2605,cudaMemsetAsync,0,5940,3216692,3216692,20,python
2145778378,4739,cudaLaunchKernel,0,5941,3216692,3216692,20,python
2145783938,4589,cudaLaunchKernel,0,5943,3216692,3216692,20,python
2145789339,4609,cudaLaunchKernel,0,5945,3216692,3216692,20,python
2145794749,4549,cudaLaunchKernel,0,5947,3216692,3216692,20,python
2145800109,4609,cudaLaunchKernel,0,5949,3216692,3216692,20,python
2145805510,4579,cudaLaunchKernel,0,5951,3216692,3216692,20,python
2145810640,3206,cudaMemsetAsync,0,5953,3216692,3216692,20,python
2145814106,2786,cudaMemsetAsync,0,5954,3216692,3216692,20,python
2145817924,4799,cudaLaunchKernel,0,5955,3216692,3216692,20,python
2145823845,4619,cudaLaunchKernel,0,5957,3216692,3216692,20,python
2145829235,4599,cudaLaunchKernel,0,5959,3216692,3216692,20,python
2145834585,4780,cudaLaunchKernel,0,5961,3216692,3216692,20,python
2145840146,4549,cudaLaunchKernel,0,5963,3216692,3216692,20,python
2145845476,4599,cudaLaunchKernel,0,5965,3216692,3216692,20,python
2145850857,4598,cudaLaunchKernel,0,5967,3216692,3216692,20,python
2145856087,3095,cudaMemsetAsync,0,5969,3216692,3216692,20,python
2145859453,2705,cudaMemsetAsync,0,5970,3216692,3216692,20,python
2145863791,4779,cudaLaunchKernel,0,5971,3216692,3216692,20,python
2145869422,4759,cudaLaunchKernel,0,5973,3216692,3216692,20,python
2145874953,4759,cudaLaunchKernel,0,5975,3216692,3216692,20,python
2145880483,4509,cudaLaunchKernel,0,5977,3216692,3216692,20,python
2145885573,2996,cudaMemsetAsync,0,5979,3216692,3216692,20,python
2145888879,2706,cudaMemsetAsync,0,5980,3216692,3216692,20,python
2145891895,3036,cudaMemsetAsync,0,5981,3216692,3216692,20,python
2145895933,4739,cudaLaunchKernel,0,5982,3216692,3216692,20,python
2145901463,4780,cudaLaunchKernel,0,5984,3216692,3216692,20,python
2145906974,4529,cudaLaunchKernel,0,5986,3216692,3216692,20,python
2145912284,4449,cudaLaunchKernel,0,5988,3216692,3216692,20,python
2145917494,4499,cudaLaunchKernel,0,5990,3216692,3216692,20,python
2145922834,4339,cudaLaunchKernel,0,5992,3216692,3216692,20,python
2145927754,4699,cudaLaunchKernel,0,5993,3216692,3216692,20,python
2145933114,3106,cudaMemsetAsync,0,5995,3216692,3216692,20,python
2145936521,2715,cudaMemsetAsync,0,5996,3216692,3216692,20,python
2145939546,2706,cudaMemsetAsync,0,5997,3216692,3216692,20,python
2145942532,2695,cudaMemsetAsync,0,5998,3216692,3216692,20,python
2145945548,2705,cudaMemsetAsync,0,5999,3216692,3216692,20,python
2145948503,2696,cudaMemsetAsync,0,6000,3216692,3216692,20,python
2145952381,4779,cudaLaunchKernel,0,6001,3216692,3216692,20,python
2145957911,4790,cudaLaunchKernel,0,6003,3216692,3216692,20,python
2145963462,7725,cudaLaunchKernel,0,6005,3216692,3216692,20,python
2145972018,4529,cudaLaunchKernel,0,6007,3216692,3216692,20,python
2145977329,4428,cudaLaunchKernel,0,6009,3216692,3216692,20,python
2145983240,4659,cudaLaunchKernel,0,6011,3216692,3216692,20,python
2145988630,4679,cudaLaunchKernel,0,6013,3216692,3216692,20,python
2145994201,4609,cudaLaunchKernel,0,6015,3216692,3216692,20,python
2145999732,4608,cudaLaunchKernel,0,6017,3216692,3216692,20,python
2146005092,4388,cudaLaunchKernel,0,6019,3216692,3216692,20,python
2146010853,4508,cudaLaunchKernel,0,6021,3216692,3216692,20,python
2146016133,4649,cudaLaunchKernel,0,6023,3216692,3216692,20,python
2146021533,4709,cudaLaunchKernel,0,6025,3216692,3216692,20,python
2146027044,4539,cudaLaunchKernel,0,6027,3216692,3216692,20,python
2146032394,4529,cudaLaunchKernel,0,6029,3216692,3216692,20,python
2146037394,4518,cudaLaunchKernel,0,6030,3216692,3216692,20,python
2146042393,4419,cudaLaunchKernel,0,6031,3216692,3216692,20,python
2146047313,4588,cudaLaunchKernel,0,6032,3216692,3216692,20,python
2146052473,3366,cudaMemsetAsync,0,6034,3216692,3216692,20,python
2146056109,2746,cudaMemsetAsync,0,6035,3216692,3216692,20,python
2146059346,4629,cudaLaunchKernel,0,6036,3216692,3216692,20,python
2146065167,4589,cudaLaunchKernel,0,6038,3216692,3216692,20,python
2146070527,4479,cudaLaunchKernel,0,6040,3216692,3216692,20,python
2146075757,4649,cudaLaunchKernel,0,6042,3216692,3216692,20,python
2146081147,4439,cudaLaunchKernel,0,6044,3216692,3216692,20,python
2146086327,4379,cudaLaunchKernel,0,6046,3216692,3216692,20,python
2146091277,4659,cudaLaunchKernel,0,6047,3216692,3216692,20,python
2146096587,3236,cudaMemsetAsync,0,6049,3216692,3216692,20,python
2146100104,2725,cudaMemsetAsync,0,6050,3216692,3216692,20,python
2146107057,4619,cudaLaunchKernel,0,6051,3216692,3216692,20,python
2146112467,4609,cudaLaunchKernel,0,6053,3216692,3216692,20,python
2146117878,4799,cudaLaunchKernel,0,6055,3216692,3216692,20,python
2146123478,4629,cudaLaunchKernel,0,6057,3216692,3216692,20,python
2146128889,4599,cudaLaunchKernel,0,6059,3216692,3216692,20,python
2146134580,4719,cudaLaunchKernel,0,6061,3216692,3216692,20,python
2146139830,3106,cudaMemsetAsync,0,6063,3216692,3216692,20,python
2146143487,4599,cudaLaunchKernel,0,6064,3216692,3216692,20,python
2146149388,4599,cudaLaunchKernel,0,6066,3216692,3216692,20,python
2146154808,4479,cudaLaunchKernel,0,6068,3216692,3216692,20,python
2146160079,4709,cudaLaunchKernel,0,6070,3216692,3216692,20,python
2146165319,3186,cudaMemsetAsync,0,6072,3216692,3216692,20,python
2146169006,4498,cudaLaunchKernel,0,6073,3216692,3216692,20,python
2146174536,4449,cudaLaunchKernel,0,6075,3216692,3216692,20,python
2146179706,4338,cudaLaunchKernel,0,6077,3216692,3216692,20,python
2146184786,4498,cudaLaunchKernel,0,6079,3216692,3216692,20,python
2146189976,4438,cudaLaunchKernel,0,6081,3216692,3216692,20,python
2146195146,4558,cudaLaunchKernel,0,6083,3216692,3216692,20,python
2146200245,3096,cudaMemsetAsync,0,6085,3216692,3216692,20,python
2146203832,4559,cudaLaunchKernel,0,6086,3216692,3216692,20,python
2146209653,4569,cudaLaunchKernel,0,6088,3216692,3216692,20,python
2146214994,4448,cudaLaunchKernel,0,6090,3216692,3216692,20,python
2146220234,4418,cudaLaunchKernel,0,6092,3216692,3216692,20,python
2146225434,4478,cudaLaunchKernel,0,6094,3216692,3216692,20,python
2146230774,4709,cudaLaunchKernel,0,6096,3216692,3216692,20,python
2146236334,4419,cudaLaunchKernel,0,6098,3216692,3216692,20,python
2146241544,4469,cudaLaunchKernel,0,6100,3216692,3216692,20,python
2146246805,4448,cudaLaunchKernel,0,6102,3216692,3216692,20,python
2146252025,4588,cudaLaunchKernel,0,6104,3216692,3216692,20,python
2146257144,3206,cudaMemsetAsync,0,6106,3216692,3216692,20,python
2146260831,4499,cudaLaunchKernel,0,6107,3216692,3216692,20,python
2146266482,4519,cudaLaunchKernel,0,6109,3216692,3216692,20,python
2146271772,4399,cudaLaunchKernel,0,6111,3216692,3216692,20,python
2146276952,4489,cudaLaunchKernel,0,6113,3216692,3216692,20,python
2146282222,4489,cudaLaunchKernel,0,6115,3216692,3216692,20,python
2146287492,4489,cudaLaunchKernel,0,6117,3216692,3216692,20,python
2146292752,4289,cudaLaunchKernel,0,6119,3216692,3216692,20,python
2146297832,7064,cudaLaunchKernel,0,6121,3216692,3216692,20,python
2146305717,4629,cudaLaunchKernel,0,6123,3216692,3216692,20,python
2146311118,4498,cudaLaunchKernel,0,6125,3216692,3216692,20,python
2146316368,4468,cudaLaunchKernel,0,6127,3216692,3216692,20,python
2146321858,4609,cudaLaunchKernel,0,6129,3216692,3216692,20,python
2146327279,10820,cudaLaunchKernel,0,6131,3216692,3216692,20,python
2146338951,4809,cudaLaunchKernel,0,6133,3216692,3216692,20,python
2146344582,4518,cudaLaunchKernel,0,6135,3216692,3216692,20,python
2146349651,4639,cudaLaunchKernel,0,6136,3216692,3216692,20,python
2146355032,4388,cudaLaunchKernel,0,6138,3216692,3216692,20,python
2146360021,3447,cudaMemsetAsync,0,6140,3216692,3216692,20,python
2146363738,2826,cudaMemsetAsync,0,6141,3216692,3216692,20,python
2146367806,4619,cudaLaunchKernel,0,6142,3216692,3216692,20,python
2146373166,4459,cudaLaunchKernel,0,6144,3216692,3216692,20,python
2146378426,4800,cudaLaunchKernel,0,6146,3216692,3216692,20,python
2146384027,4429,cudaLaunchKernel,0,6148,3216692,3216692,20,python
2146388957,4719,cudaLaunchKernel,0,6149,3216692,3216692,20,python
2146394527,5110,cudaLaunchKernel,0,6151,3216692,3216692,20,python
2146401230,3216,cudaMemsetAsync,0,6153,3216692,3216692,20,python
2146404707,2755,cudaMemsetAsync,0,6154,3216692,3216692,20,python
2146407933,4949,cudaLaunchKernel,0,6155,3216692,3216692,20,python
2146413654,4809,cudaLaunchKernel,0,6157,3216692,3216692,20,python
2146419004,3016,cudaMemsetAsync,0,6159,3216692,3216692,20,python
2146422521,4619,cudaLaunchKernel,0,6160,3216692,3216692,20,python
2146429484,4990,cudaLaunchKernel,0,6162,3216692,3216692,20,python
2146435556,4609,cudaLaunchKernel,0,6164,3216692,3216692,20,python
2146440846,7785,cudaMemcpyAsync,0,6166,3216692,3216692,20,python
2146448921,4038,cudaMemcpyAsync,0,6167,3216692,3216692,20,python
2146453240,3667,cudaEventRecord,0,6168,3216692,3216692,20,python
2146457227,6004295,cudaEventSynchronize,0,6169,3216692,3216692,20,python
2152461952,1944,cudaStreamSynchronize,0,6170,3216692,3216692,20,python
2152465319,6182,cudaLaunchKernel,0,6171,3216692,3216692,20,python
2152472162,3276,cudaEventRecord,0,6173,3216692,3216692,20,python
2152475709,982,cudaEventSynchronize,0,6174,3216692,3216692,20,python
2152527017,8747,cudaFree,0,6176,3216692,3216692,20,python
2152560952,2825,cudaDeviceSynchronize,0,6179,3216692,3216692,20,python
2152575490,1322,cudaDeviceSynchronize,0,6183,3216692,3216692,20,python
2152772527,8676,cudaMalloc,0,6186,3216692,3216692,20,python
2152828304,1102,cudaStreamIsCapturing_v10000,0,6189,3216692,3216692,20,python
2152829746,742,cudaStreamGetDevice_v12080,0,6190,3216692,3216692,20,python
2152848182,471,cudaStreamIsCapturing_v10000,0,6223,3216692,3216692,20,python
2152848863,461,cudaStreamGetDevice_v12080,0,6224,3216692,3216692,20,python
2152854774,5842,cudaMemsetAsync,0,6235,3216692,3216692,20,python
2152861096,6613,cudaMemcpyAsync,0,6236,3216692,3216692,20,python
2152868070,4959,cudaMemcpyAsync,0,6237,3216692,3216692,20,python
2152873360,4278,cudaMemcpyAsync,0,6238,3216692,3216692,20,python
2152877989,3957,cudaMemcpyAsync,0,6239,3216692,3216692,20,python
2152882267,3998,cudaMemcpyAsync,0,6240,3216692,3216692,20,python
2152887226,10340,cudaLaunchKernel,0,6241,3216692,3216692,20,python
2152898308,5400,cudaMemcpyAsync,0,6243,3216692,3216692,20,python
2152904079,4007,cudaEventRecord,0,6244,3216692,3216692,20,python
2152908417,1673,cudaEventSynchronize,0,6245,3216692,3216692,20,python
2152912004,511,cudaStreamIsCapturing_v10000,0,6247,3216692,3216692,20,python
2152912896,3907,cudaMemcpyAsync,0,6248,3216692,3216692,20,python
2152917174,3486,cudaMemsetAsync,0,6249,3216692,3216692,20,python
2152920991,2876,cudaEventRecord,0,6250,3216692,3216692,20,python
2152924247,1754,cudaStreamWaitEvent,0,6251,3216692,3216692,20,python
2152926351,11773,cudaLaunchHostFunc_v10000,0,6252,3216692,3216692,20,python
2152939016,6732,cudaLaunchKernel,0,6253,3216692,3216692,20,python
2152952602,3526,cudaMemsetAsync,0,6255,3216692,3216692,20,python
2152956409,2865,cudaMemsetAsync,0,6256,3216692,3216692,20,python
2152959625,2735,cudaMemsetAsync,0,6257,3216692,3216692,20,python
2152962621,2765,cudaMemsetAsync,0,6258,3216692,3216692,20,python
2152965717,3737,cudaMemsetAsync,0,6259,3216692,3216692,20,python
2152969784,3056,cudaMemsetAsync,0,6260,3216692,3216692,20,python
2152973101,2895,cudaMemsetAsync,0,6261,3216692,3216692,20,python
2152976267,2735,cudaMemsetAsync,0,6262,3216692,3216692,20,python
2152979273,2795,cudaMemsetAsync,0,6263,3216692,3216692,20,python
2152982599,5571,cudaLaunchKernel,0,6264,3216692,3216692,20,python
2152988981,4970,cudaLaunchKernel,0,6266,3216692,3216692,20,python
2152994742,4709,cudaLaunchKernel,0,6268,3216692,3216692,20,python
2153000553,4780,cudaLaunchKernel,0,6270,3216692,3216692,20,python
2153006134,4639,cudaLaunchKernel,0,6272,3216692,3216692,20,python
2153011554,4679,cudaLaunchKernel,0,6274,3216692,3216692,20,python
2153017055,4599,cudaLaunchKernel,0,6276,3216692,3216692,20,python
2153022455,5200,cudaLaunchKernel,0,6278,3216692,3216692,20,python
2153028948,4799,cudaLaunchKernel,0,6280,3216692,3216692,20,python
2153034528,5281,cudaLaunchKernel,0,6282,3216692,3216692,20,python
2153040610,4829,cudaLaunchKernel,0,6284,3216692,3216692,20,python
2153046381,5180,cudaLaunchKernel,0,6286,3216692,3216692,20,python
2153052343,4338,cudaLaunchKernel,0,6288,3216692,3216692,20,python
2153057452,4299,cudaLaunchKernel,0,6290,3216692,3216692,20,python
2153062923,4549,cudaLaunchKernel,0,6292,3216692,3216692,20,python
2153068233,4469,cudaLaunchKernel,0,6294,3216692,3216692,20,python
2153073523,4689,cudaLaunchKernel,0,6296,3216692,3216692,20,python
2153079034,4618,cudaLaunchKernel,0,6298,3216692,3216692,20,python
2153084474,4549,cudaLaunchKernel,0,6300,3216692,3216692,20,python
2153089804,4599,cudaLaunchKernel,0,6302,3216692,3216692,20,python
2153095675,4639,cudaLaunchKernel,0,6304,3216692,3216692,20,python
2153101136,4378,cudaLaunchKernel,0,6306,3216692,3216692,20,python
2153106556,4569,cudaLaunchKernel,0,6308,3216692,3216692,20,python
2153111887,4478,cudaLaunchKernel,0,6310,3216692,3216692,20,python
2153117177,5089,cudaLaunchKernel,0,6312,3216692,3216692,20,python
2153123158,5160,cudaLaunchKernel,0,6314,3216692,3216692,20,python
2153129009,3657,cudaMemsetAsync,0,6316,3216692,3216692,20,python
2153132947,2805,cudaMemsetAsync,0,6317,3216692,3216692,20,python
2153136734,4839,cudaLaunchKernel,0,6318,3216692,3216692,20,python
2153142365,4529,cudaLaunchKernel,0,6320,3216692,3216692,20,python
2153147645,4749,cudaLaunchKernel,0,6322,3216692,3216692,20,python
2153153156,4678,cudaLaunchKernel,0,6324,3216692,3216692,20,python
2153158876,4529,cudaLaunchKernel,0,6326,3216692,3216692,20,python
2153164167,4979,cudaLaunchKernel,0,6328,3216692,3216692,20,python
2153170108,4579,cudaLaunchKernel,0,6330,3216692,3216692,20,python
2153180107,4960,cudaLaunchKernel,0,6336,3216692,3216692,20,python
2153185678,3366,cudaMemsetAsync,0,6338,3216692,3216692,20,python
2153189325,2825,cudaMemsetAsync,0,6339,3216692,3216692,20,python
2153194655,4909,cudaLaunchKernel,0,6340,3216692,3216692,20,python
2153200115,3177,cudaMemsetAsync,0,6342,3216692,3216692,20,python
2153203782,4810,cudaLaunchKernel,0,6343,3216692,3216692,20,python
2153209413,5100,cudaLaunchKernel,0,6345,3216692,3216692,20,python
2153216076,4829,cudaLaunchKernel,0,6347,3216692,3216692,20,python
2153221707,3276,cudaMemsetAsync,0,6349,3216692,3216692,20,python
2153226576,5060,cudaLaunchKernel,0,6350,3216692,3216692,20,python
2153232317,4469,cudaLaunchKernel,0,6352,3216692,3216692,20,python
2153237527,4439,cudaLaunchKernel,0,6354,3216692,3216692,20,python
2153242787,4208,cudaLaunchKernel,0,6356,3216692,3216692,20,python
2153247877,4288,cudaLaunchKernel,0,6358,3216692,3216692,20,python
2153253007,4588,cudaLaunchKernel,0,6360,3216692,3216692,20,python
2153258307,4689,cudaLaunchKernel,0,6362,3216692,3216692,20,python
2153263627,3266,cudaMemsetAsync,0,6364,3216692,3216692,20,python
2153267374,4379,cudaLaunchKernel,0,6365,3216692,3216692,20,python
2153272454,4398,cudaLaunchKernel,0,6367,3216692,3216692,20,python
2153277584,7344,cudaLaunchKernel,0,6369,3216692,3216692,20,python
2153285809,4419,cudaLaunchKernel,0,6371,3216692,3216692,20,python
2153291300,4318,cudaLaunchKernel,0,6373,3216692,3216692,20,python
2153296340,4468,cudaLaunchKernel,0,6375,3216692,3216692,20,python
2153301590,4138,cudaLaunchKernel,0,6377,3216692,3216692,20,python
2153306870,5210,cudaLaunchKernel,0,6379,3216692,3216692,20,python
2153314003,4589,cudaLaunchKernel,0,6381,3216692,3216692,20,python
2153320205,3577,cudaMemsetAsync,0,6384,3216692,3216692,20,python
2153325005,571,cudaStreamIsCapturing_v10000,0,6386,3216692,3216692,20,python
2153325866,1683,cudaStreamWaitEvent,0,6387,3216692,3216692,20,python
2153327860,16752,cudaMemcpyAsync,0,6388,3216692,3216692,20,python
2153344993,3847,cudaEventRecord,0,6389,3216692,3216692,20,python
2153349201,521,cudaStreamIsCapturing_v10000,0,6390,3216692,3216692,20,python
2153350022,14047,cudaGraphLaunch_v10000,0,6391,3216692,3216692,20,python
2153364961,3617,cudaMemsetAsync,0,6392,3216692,3216692,20,python
2153368838,2736,cudaMemsetAsync,0,6393,3216692,3216692,20,python
2153371844,2715,cudaMemsetAsync,0,6394,3216692,3216692,20,python
2153374860,2675,cudaMemsetAsync,0,6395,3216692,3216692,20,python
2153377796,2695,cudaMemsetAsync,0,6396,3216692,3216692,20,python
2153380751,2655,cudaMemsetAsync,0,6397,3216692,3216692,20,python
2153383667,2675,cudaMemsetAsync,0,6398,3216692,3216692,20,python
2153387073,6393,cudaLaunchKernel,0,6399,3216692,3216692,20,python
2153394067,2955,cudaMemsetAsync,0,6401,3216692,3216692,20,python
2153397573,4880,cudaLaunchKernel,0,6402,3216692,3216692,20,python
2153403775,4830,cudaLaunchKernel,0,6404,3216692,3216692,20,python
2153409456,4599,cudaLaunchKernel,0,6406,3216692,3216692,20,python
2153414867,4588,cudaLaunchKernel,0,6408,3216692,3216692,20,python
2153420317,4679,cudaLaunchKernel,0,6410,3216692,3216692,20,python
2153425807,4499,cudaLaunchKernel,0,6412,3216692,3216692,20,python
2153431158,4899,cudaLaunchKernel,0,6414,3216692,3216692,20,python
2153437029,4579,cudaLaunchKernel,0,6416,3216692,3216692,20,python
2153442449,3126,cudaMemsetAsync,0,6418,3216692,3216692,20,python
2153445876,2755,cudaMemsetAsync,0,6419,3216692,3216692,20,python
2153448902,2665,cudaMemsetAsync,0,6420,3216692,3216692,20,python
2153452108,4739,cudaLaunchKernel,0,6421,3216692,3216692,20,python
2153457418,2956,cudaMemsetAsync,0,6423,3216692,3216692,20,python
2153460644,2745,cudaMemsetAsync,0,6424,3216692,3216692,20,python
2153464211,4789,cudaLaunchKernel,0,6425,3216692,3216692,20,python
2153469782,4999,cudaLaunchKernel,0,6427,3216692,3216692,20,python
2153475573,4458,cudaLaunchKernel,0,6429,3216692,3216692,20,python
2153481193,4740,cudaLaunchKernel,0,6431,3216692,3216692,20,python
2153486854,4940,cudaLaunchKernel,0,6433,3216692,3216692,20,python
2153494078,3106,cudaMemsetAsync,0,6435,3216692,3216692,20,python
2153497465,2625,cudaMemsetAsync,0,6436,3216692,3216692,20,python
2153500651,4819,cudaLaunchKernel,0,6437,3216692,3216692,20,python
2153506051,3046,cudaMemsetAsync,0,6439,3216692,3216692,20,python
2153509367,2625,cudaMemsetAsync,0,6440,3216692,3216692,20,python
2153513125,4689,cudaLaunchKernel,0,6441,3216692,3216692,20,python
2153518625,4599,cudaLaunchKernel,0,6443,3216692,3216692,20,python
2153523985,4509,cudaLaunchKernel,0,6445,3216692,3216692,20,python
2153529346,4719,cudaLaunchKernel,0,6447,3216692,3216692,20,python
2153534636,3016,cudaMemsetAsync,0,6449,3216692,3216692,20,python
2153537932,2665,cudaMemsetAsync,0,6450,3216692,3216692,20,python
2153541369,4739,cudaLaunchKernel,0,6451,3216692,3216692,20,python
2153546899,4699,cudaLaunchKernel,0,6453,3216692,3216692,20,python
2153552410,4529,cudaLaunchKernel,0,6455,3216692,3216692,20,python
2153557510,3015,cudaMemsetAsync,0,6457,3216692,3216692,20,python
2153560796,2705,cudaMemsetAsync,0,6458,3216692,3216692,20,python
2153564303,2695,cudaMemsetAsync,0,6459,3216692,3216692,20,python
2153567579,4839,cudaLaunchKernel,0,6460,3216692,3216692,20,python
2153573230,4438,cudaLaunchKernel,0,6462,3216692,3216692,20,python
2153578500,4669,cudaLaunchKernel,0,6464,3216692,3216692,20,python
2153584000,4479,cudaLaunchKernel,0,6466,3216692,3216692,20,python
2153589310,7695,cudaLaunchKernel,0,6468,3216692,3216692,20,python
2153597927,4499,cudaLaunchKernel,0,6470,3216692,3216692,20,python
2153602997,3246,cudaMemsetAsync,0,6472,3216692,3216692,20,python
2153606503,2665,cudaMemsetAsync,0,6473,3216692,3216692,20,python
2153610220,4720,cudaLaunchKernel,0,6474,3216692,3216692,20,python
2153615761,4669,cudaLaunchKernel,0,6476,3216692,3216692,20,python
2153621242,4618,cudaLaunchKernel,0,6478,3216692,3216692,20,python
2153626632,4819,cudaLaunchKernel,0,6480,3216692,3216692,20,python
2153632233,4679,cudaLaunchKernel,0,6482,3216692,3216692,20,python
2153637723,4539,cudaLaunchKernel,0,6484,3216692,3216692,20,python
2153643053,4509,cudaLaunchKernel,0,6486,3216692,3216692,20,python
2153648223,3096,cudaMemsetAsync,0,6488,3216692,3216692,20,python
2153651590,2615,cudaMemsetAsync,0,6489,3216692,3216692,20,python
2153655828,4719,cudaLaunchKernel,0,6490,3216692,3216692,20,python
2153661348,4850,cudaLaunchKernel,0,6492,3216692,3216692,20,python
2153667019,4619,cudaLaunchKernel,0,6494,3216692,3216692,20,python
2153672460,4518,cudaLaunchKernel,0,6496,3216692,3216692,20,python
2153677559,3016,cudaMemsetAsync,0,6498,3216692,3216692,20,python
2153680866,2735,cudaMemsetAsync,0,6499,3216692,3216692,20,python
2153683871,2726,cudaMemsetAsync,0,6500,3216692,3216692,20,python
2153687599,4839,cudaLaunchKernel,0,6501,3216692,3216692,20,python
2153693259,4649,cudaLaunchKernel,0,6503,3216692,3216692,20,python
2153698680,4529,cudaLaunchKernel,0,6505,3216692,3216692,20,python
2153703990,4629,cudaLaunchKernel,0,6507,3216692,3216692,20,python
2153709410,4579,cudaLaunchKernel,0,6509,3216692,3216692,20,python
2153714831,4558,cudaLaunchKernel,0,6511,3216692,3216692,20,python
2153720021,4809,cudaLaunchKernel,0,6512,3216692,3216692,20,python
2153725501,3056,cudaMemsetAsync,0,6514,3216692,3216692,20,python
2153728828,2965,cudaMemsetAsync,0,6515,3216692,3216692,20,python
2153732104,2635,cudaMemsetAsync,0,6516,3216692,3216692,20,python
2153734999,2635,cudaMemsetAsync,0,6517,3216692,3216692,20,python
2153737955,2625,cudaMemsetAsync,0,6518,3216692,3216692,20,python
2153740831,2635,cudaMemsetAsync,0,6519,3216692,3216692,20,python
2153744778,4699,cudaLaunchKernel,0,6520,3216692,3216692,20,python
2153750259,4849,cudaLaunchKernel,0,6522,3216692,3216692,20,python
2153755899,4619,cudaLaunchKernel,0,6524,3216692,3216692,20,python
2153761280,4639,cudaLaunchKernel,0,6526,3216692,3216692,20,python
2153766690,4589,cudaLaunchKernel,0,6528,3216692,3216692,20,python
2153772742,4649,cudaLaunchKernel,0,6530,3216692,3216692,20,python
2153778152,4609,cudaLaunchKernel,0,6532,3216692,3216692,20,python
2153783622,4509,cudaLaunchKernel,0,6534,3216692,3216692,20,python
2153788893,4488,cudaLaunchKernel,0,6536,3216692,3216692,20,python
2153794123,4298,cudaLaunchKernel,0,6538,3216692,3216692,20,python
2153799793,4479,cudaLaunchKernel,0,6540,3216692,3216692,20,python
2153805043,4689,cudaLaunchKernel,0,6542,3216692,3216692,20,python
2153810494,4909,cudaLaunchKernel,0,6544,3216692,3216692,20,python
2153816185,4559,cudaLaunchKernel,0,6546,3216692,3216692,20,python
2153821545,4408,cudaLaunchKernel,0,6548,3216692,3216692,20,python
2153826464,4419,cudaLaunchKernel,0,6549,3216692,3216692,20,python
2153831374,4318,cudaLaunchKernel,0,6550,3216692,3216692,20,python
2153836183,4539,cudaLaunchKernel,0,6551,3216692,3216692,20,python
2153841303,3176,cudaMemsetAsync,0,6553,3216692,3216692,20,python
2153844759,2666,cudaMemsetAsync,0,6554,3216692,3216692,20,python
2153847926,4608,cudaLaunchKernel,0,6555,3216692,3216692,20,python
2153853687,4438,cudaLaunchKernel,0,6557,3216692,3216692,20,python
2153858907,4458,cudaLaunchKernel,0,6559,3216692,3216692,20,python
2153864157,4598,cudaLaunchKernel,0,6561,3216692,3216692,20,python
2153869497,4448,cudaLaunchKernel,0,6563,3216692,3216692,20,python
2153874697,4328,cudaLaunchKernel,0,6565,3216692,3216692,20,python
2153879566,4649,cudaLaunchKernel,0,6566,3216692,3216692,20,python
2153884806,3296,cudaMemsetAsync,0,6568,3216692,3216692,20,python
2153888373,2635,cudaMemsetAsync,0,6569,3216692,3216692,20,python
2153895166,4539,cudaLaunchKernel,0,6570,3216692,3216692,20,python
2153900506,4569,cudaLaunchKernel,0,6572,3216692,3216692,20,python
2153905887,9648,cudaLaunchKernel,0,6574,3216692,3216692,20,python
2153916467,4699,cudaLaunchKernel,0,6576,3216692,3216692,20,python
2153921967,4499,cudaLaunchKernel,0,6578,3216692,3216692,20,python
2153927287,4629,cudaLaunchKernel,0,6580,3216692,3216692,20,python
2153932447,3217,cudaMemsetAsync,0,6582,3216692,3216692,20,python
2153936215,4548,cudaLaunchKernel,0,6583,3216692,3216692,20,python
2153942066,4659,cudaLaunchKernel,0,6585,3216692,3216692,20,python
2153947536,4539,cudaLaunchKernel,0,6587,3216692,3216692,20,python
2153952876,4679,cudaLaunchKernel,0,6589,3216692,3216692,20,python
2153958086,2996,cudaMemsetAsync,0,6591,3216692,3216692,20,python
2153961573,4589,cudaLaunchKernel,0,6592,3216692,3216692,20,python
2153967144,4528,cudaLaunchKernel,0,6594,3216692,3216692,20,python
2153972414,4418,cudaLaunchKernel,0,6596,3216692,3216692,20,python
2153977584,4498,cudaLaunchKernel,0,6598,3216692,3216692,20,python
2153982794,4338,cudaLaunchKernel,0,6600,3216692,3216692,20,python
2153987873,4489,cudaLaunchKernel,0,6602,3216692,3216692,20,python
2153992903,3006,cudaMemsetAsync,0,6604,3216692,3216692,20,python
2153996410,4488,cudaLaunchKernel,0,6605,3216692,3216692,20,python
2154002181,4498,cudaLaunchKernel,0,6607,3216692,3216692,20,python
2154007471,4438,cudaLaunchKernel,0,6609,3216692,3216692,20,python
2154012701,4499,cudaLaunchKernel,0,6611,3216692,3216692,20,python
2154018352,4579,cudaLaunchKernel,0,6613,3216692,3216692,20,python
2154023772,4629,cudaLaunchKernel,0,6615,3216692,3216692,20,python
2154029213,4709,cudaLaunchKernel,0,6617,3216692,3216692,20,python
2154034773,4619,cudaLaunchKernel,0,6619,3216692,3216692,20,python
2154040184,4508,cudaLaunchKernel,0,6621,3216692,3216692,20,python
2154045464,4528,cudaLaunchKernel,0,6623,3216692,3216692,20,python
2154050513,3146,cudaMemsetAsync,0,6625,3216692,3216692,20,python
2154054150,4709,cudaLaunchKernel,0,6626,3216692,3216692,20,python
2154060032,4558,cudaLaunchKernel,0,6628,3216692,3216692,20,python
2154065412,4328,cudaLaunchKernel,0,6630,3216692,3216692,20,python
2154070502,4428,cudaLaunchKernel,0,6632,3216692,3216692,20,python
2154075732,4398,cudaLaunchKernel,0,6634,3216692,3216692,20,python
2154080922,4488,cudaLaunchKernel,0,6636,3216692,3216692,20,python
2154086182,4368,cudaLaunchKernel,0,6638,3216692,3216692,20,python
2154091362,4568,cudaLaunchKernel,0,6640,3216692,3216692,20,python
2154096732,4478,cudaLaunchKernel,0,6642,3216692,3216692,20,python
2154101972,4458,cudaLaunchKernel,0,6644,3216692,3216692,20,python
2154107192,4358,cudaLaunchKernel,0,6646,3216692,3216692,20,python
2154112302,4438,cudaLaunchKernel,0,6648,3216692,3216692,20,python
2154117552,4568,cudaLaunchKernel,0,6650,3216692,3216692,20,python
2154122912,4629,cudaLaunchKernel,0,6652,3216692,3216692,20,python
2154128312,4399,cudaLaunchKernel,0,6654,3216692,3216692,20,python
2154133262,4569,cudaLaunchKernel,0,6655,3216692,3216692,20,python
2154138582,4368,cudaLaunchKernel,0,6657,3216692,3216692,20,python
2154143521,3156,cudaMemsetAsync,0,6659,3216692,3216692,20,python
2154146958,2815,cudaMemsetAsync,0,6660,3216692,3216692,20,python
2154150986,4578,cudaLaunchKernel,0,6661,3216692,3216692,20,python
2154156316,4438,cudaLaunchKernel,0,6663,3216692,3216692,20,python
2154161556,4799,cudaLaunchKernel,0,6665,3216692,3216692,20,python
2154167157,4388,cudaLaunchKernel,0,6667,3216692,3216692,20,python
2154172046,4358,cudaLaunchKernel,0,6668,3216692,3216692,20,python
2154177266,5100,cudaLaunchKernel,0,6670,3216692,3216692,20,python
2154183939,3176,cudaMemsetAsync,0,6672,3216692,3216692,20,python
2154187385,2736,cudaMemsetAsync,0,6673,3216692,3216692,20,python
2154190592,4779,cudaLaunchKernel,0,6674,3216692,3216692,20,python
2154196152,4849,cudaLaunchKernel,0,6676,3216692,3216692,20,python
2154201542,2976,cudaMemsetAsync,0,6678,3216692,3216692,20,python
2154205019,4599,cudaLaunchKernel,0,6679,3216692,3216692,20,python
2154211912,4980,cudaLaunchKernel,0,6681,3216692,3216692,20,python
2154217994,4569,cudaLaunchKernel,0,6683,3216692,3216692,20,python
2154223254,7655,cudaMemcpyAsync,0,6685,3216692,3216692,20,python
2154231209,4018,cudaMemcpyAsync,0,6686,3216692,3216692,20,python
2154235518,3516,cudaEventRecord,0,6687,3216692,3216692,20,python
2154239335,6023080,cudaEventSynchronize,0,6688,3216692,3216692,20,python
2160262906,1863,cudaStreamSynchronize,0,6689,3216692,3216692,20,python
2160266242,9258,cudaLaunchKernel,0,6690,3216692,3216692,20,python
2160276221,3287,cudaEventRecord,0,6692,3216692,3216692,20,python
2160279778,952,cudaEventSynchronize,0,6693,3216692,3216692,20,python
2160336116,8476,cudaFree,0,6695,3216692,3216692,20,python
2160369510,2835,cudaDeviceSynchronize,0,6698,3216692,3216692,20,python
2160383156,1443,cudaDeviceSynchronize,0,6702,3216692,3216692,20,python
2160572669,8486,cudaMalloc,0,6705,3216692,3216692,20,python
2160627143,952,cudaStreamIsCapturing_v10000,0,6708,3216692,3216692,20,python
2160628466,711,cudaStreamGetDevice_v12080,0,6709,3216692,3216692,20,python
2160646841,481,cudaStreamIsCapturing_v10000,0,6742,3216692,3216692,20,python
2160647532,441,cudaStreamGetDevice_v12080,0,6743,3216692,3216692,20,python
2160653474,5851,cudaMemsetAsync,0,6754,3216692,3216692,20,python
2160659836,6673,cudaMemcpyAsync,0,6755,3216692,3216692,20,python
2160666859,4970,cudaMemcpyAsync,0,6756,3216692,3216692,20,python
2160672149,4299,cudaMemcpyAsync,0,6757,3216692,3216692,20,python
2160676808,4048,cudaMemcpyAsync,0,6758,3216692,3216692,20,python
2160681187,4238,cudaMemcpyAsync,0,6759,3216692,3216692,20,python
2160686367,10409,cudaLaunchKernel,0,6760,3216692,3216692,20,python
2160697488,5300,cudaMemcpyAsync,0,6762,3216692,3216692,20,python
2160703169,4198,cudaEventRecord,0,6763,3216692,3216692,20,python
2160707707,1844,cudaEventSynchronize,0,6764,3216692,3216692,20,python
2160711485,551,cudaStreamIsCapturing_v10000,0,6766,3216692,3216692,20,python
2160712446,4259,cudaMemcpyAsync,0,6767,3216692,3216692,20,python
2160717075,3457,cudaMemsetAsync,0,6768,3216692,3216692,20,python
2160720853,3065,cudaEventRecord,0,6769,3216692,3216692,20,python
2160724269,1763,cudaStreamWaitEvent,0,6770,3216692,3216692,20,python
2160726383,12684,cudaLaunchHostFunc_v10000,0,6771,3216692,3216692,20,python
2160739889,6673,cudaLaunchKernel,0,6772,3216692,3216692,20,python
2160753365,3476,cudaMemsetAsync,0,6774,3216692,3216692,20,python
2160757112,2916,cudaMemsetAsync,0,6775,3216692,3216692,20,python
2160760358,2816,cudaMemsetAsync,0,6776,3216692,3216692,20,python
2160763424,2705,cudaMemsetAsync,0,6777,3216692,3216692,20,python
2160766460,2735,cudaMemsetAsync,0,6778,3216692,3216692,20,python
2160769526,3526,cudaMemsetAsync,0,6779,3216692,3216692,20,python
2160773323,3577,cudaMemsetAsync,0,6780,3216692,3216692,20,python
2160777170,2856,cudaMemsetAsync,0,6781,3216692,3216692,20,python
2160780286,2736,cudaMemsetAsync,0,6782,3216692,3216692,20,python
2160783543,5811,cudaLaunchKernel,0,6783,3216692,3216692,20,python
2160790165,5381,cudaLaunchKernel,0,6785,3216692,3216692,20,python
2160796307,4799,cudaLaunchKernel,0,6787,3216692,3216692,20,python
2160802198,4729,cudaLaunchKernel,0,6789,3216692,3216692,20,python
2160807699,4619,cudaLaunchKernel,0,6791,3216692,3216692,20,python
2160813079,5010,cudaLaunchKernel,0,6793,3216692,3216692,20,python
2160818890,4589,cudaLaunchKernel,0,6795,3216692,3216692,20,python
2160824240,4699,cudaLaunchKernel,0,6797,3216692,3216692,20,python
2160830222,5531,cudaLaunchKernel,0,6799,3216692,3216692,20,python
2160836514,5170,cudaLaunchKernel,0,6801,3216692,3216692,20,python
2160842475,5120,cudaLaunchKernel,0,6803,3216692,3216692,20,python
2160848377,4639,cudaLaunchKernel,0,6805,3216692,3216692,20,python
2160853807,4980,cudaLaunchKernel,0,6807,3216692,3216692,20,python
2160859588,4328,cudaLaunchKernel,0,6809,3216692,3216692,20,python
2160865059,4508,cudaLaunchKernel,0,6811,3216692,3216692,20,python
2160870329,4548,cudaLaunchKernel,0,6813,3216692,3216692,20,python
2160875689,4809,cudaLaunchKernel,0,6815,3216692,3216692,20,python
2160881310,4719,cudaLaunchKernel,0,6817,3216692,3216692,20,python
2160886850,4509,cudaLaunchKernel,0,6819,3216692,3216692,20,python
2160892140,4579,cudaLaunchKernel,0,6821,3216692,3216692,20,python
2160897982,4649,cudaLaunchKernel,0,6823,3216692,3216692,20,python
2160903492,4449,cudaLaunchKernel,0,6825,3216692,3216692,20,python
2160909003,4659,cudaLaunchKernel,0,6827,3216692,3216692,20,python
2160914403,4799,cudaLaunchKernel,0,6829,3216692,3216692,20,python
2160920004,5039,cudaLaunchKernel,0,6831,3216692,3216692,20,python
2160925915,5120,cudaLaunchKernel,0,6833,3216692,3216692,20,python
2160931726,3587,cudaMemsetAsync,0,6835,3216692,3216692,20,python
2160935584,2705,cudaMemsetAsync,0,6836,3216692,3216692,20,python
2160939241,5079,cudaLaunchKernel,0,6837,3216692,3216692,20,python
2160945132,9308,cudaLaunchKernel,0,6839,3216692,3216692,20,python
2160955281,4790,cudaLaunchKernel,0,6841,3216692,3216692,20,python
2160960832,4609,cudaLaunchKernel,0,6843,3216692,3216692,20,python
2160966212,4609,cudaLaunchKernel,0,6845,3216692,3216692,20,python
2160971563,4518,cudaLaunchKernel,0,6847,3216692,3216692,20,python
2160977063,4529,cudaLaunchKernel,0,6849,3216692,3216692,20,python
2160986972,4699,cudaLaunchKernel,0,6855,3216692,3216692,20,python
2160992282,3958,cudaMemsetAsync,0,6857,3216692,3216692,20,python
2160996520,2776,cudaMemsetAsync,0,6858,3216692,3216692,20,python
2161001760,4940,cudaLaunchKernel,0,6859,3216692,3216692,20,python
2161007261,3186,cudaMemsetAsync,0,6861,3216692,3216692,20,python
2161010938,4869,cudaLaunchKernel,0,6862,3216692,3216692,20,python
2161016659,4919,cudaLaunchKernel,0,6864,3216692,3216692,20,python
2161023201,4509,cudaLaunchKernel,0,6866,3216692,3216692,20,python
2161028512,3126,cudaMemsetAsync,0,6868,3216692,3216692,20,python
2161033030,4789,cudaLaunchKernel,0,6869,3216692,3216692,20,python
2161038481,4448,cudaLaunchKernel,0,6871,3216692,3216692,20,python
2161043640,4379,cudaLaunchKernel,0,6873,3216692,3216692,20,python
2161048810,4158,cudaLaunchKernel,0,6875,3216692,3216692,20,python
2161053810,4288,cudaLaunchKernel,0,6877,3216692,3216692,20,python
2161058920,4619,cudaLaunchKernel,0,6879,3216692,3216692,20,python
2161064270,4559,cudaLaunchKernel,0,6881,3216692,3216692,20,python
2161069450,3126,cudaMemsetAsync,0,6883,3216692,3216692,20,python
2161073057,4488,cudaLaunchKernel,0,6884,3216692,3216692,20,python
2161078247,4548,cudaLaunchKernel,0,6886,3216692,3216692,20,python
2161083527,4348,cudaLaunchKernel,0,6888,3216692,3216692,20,python
2161088707,4238,cudaLaunchKernel,0,6890,3216692,3216692,20,python
2161093937,4238,cudaLaunchKernel,0,6892,3216692,3216692,20,python
2161098906,4559,cudaLaunchKernel,0,6894,3216692,3216692,20,python
2161104156,4068,cudaLaunchKernel,0,6896,3216692,3216692,20,python
2161109266,5120,cudaLaunchKernel,0,6898,3216692,3216692,20,python
2161116300,4638,cudaLaunchKernel,0,6900,3216692,3216692,20,python
2161122552,3266,cudaMemsetAsync,0,6903,3216692,3216692,20,python
2161127050,591,cudaStreamIsCapturing_v10000,0,6905,3216692,3216692,20,python
2161127942,1713,cudaStreamWaitEvent,0,6906,3216692,3216692,20,python
2161129946,8777,cudaMemcpyAsync,0,6907,3216692,3216692,20,python
2161139083,4278,cudaEventRecord,0,6908,3216692,3216692,20,python
2161143712,491,cudaStreamIsCapturing_v10000,0,6909,3216692,3216692,20,python
2161144514,14077,cudaGraphLaunch_v10000,0,6910,3216692,3216692,20,python
2161159472,3437,cudaMemsetAsync,0,6911,3216692,3216692,20,python
2161163169,2876,cudaMemsetAsync,0,6912,3216692,3216692,20,python
2161166335,2696,cudaMemsetAsync,0,6913,3216692,3216692,20,python
2161169281,2645,cudaMemsetAsync,0,6914,3216692,3216692,20,python
2161172177,2685,cudaMemsetAsync,0,6915,3216692,3216692,20,python
2161175122,2675,cudaMemsetAsync,0,6916,3216692,3216692,20,python
2161178048,2645,cudaMemsetAsync,0,6917,3216692,3216692,20,python
2161181384,6342,cudaLaunchKernel,0,6918,3216692,3216692,20,python
2161188327,3016,cudaMemsetAsync,0,6920,3216692,3216692,20,python
2161191904,4850,cudaLaunchKernel,0,6921,3216692,3216692,20,python
2161198086,4749,cudaLaunchKernel,0,6923,3216692,3216692,20,python
2161203717,4649,cudaLaunchKernel,0,6925,3216692,3216692,20,python
2161209157,4749,cudaLaunchKernel,0,6927,3216692,3216692,20,python
2161214758,4639,cudaLaunchKernel,0,6929,3216692,3216692,20,python
2161220168,4429,cudaLaunchKernel,0,6931,3216692,3216692,20,python
2161225449,4899,cudaLaunchKernel,0,6933,3216692,3216692,20,python
2161231230,4659,cudaLaunchKernel,0,6935,3216692,3216692,20,python
2161236750,3286,cudaMemsetAsync,0,6937,3216692,3216692,20,python
2161240317,2825,cudaMemsetAsync,0,6938,3216692,3216692,20,python
2161243413,2715,cudaMemsetAsync,0,6939,3216692,3216692,20,python
2161246629,4769,cudaLaunchKernel,0,6940,3216692,3216692,20,python
2161251959,3016,cudaMemsetAsync,0,6942,3216692,3216692,20,python
2161255246,2815,cudaMemsetAsync,0,6943,3216692,3216692,20,python
2161258852,4780,cudaLaunchKernel,0,6944,3216692,3216692,20,python
2161264383,8546,cudaLaunchKernel,0,6946,3216692,3216692,20,python
2161273801,4469,cudaLaunchKernel,0,6948,3216692,3216692,20,python
2161279051,4689,cudaLaunchKernel,0,6950,3216692,3216692,20,python
2161284572,4979,cudaLaunchKernel,0,6952,3216692,3216692,20,python
2161291836,3256,cudaMemsetAsync,0,6954,3216692,3216692,20,python
2161295372,2796,cudaMemsetAsync,0,6955,3216692,3216692,20,python
2161298689,4889,cudaLaunchKernel,0,6956,3216692,3216692,20,python
2161304179,2896,cudaMemsetAsync,0,6958,3216692,3216692,20,python
2161307335,2675,cudaMemsetAsync,0,6959,3216692,3216692,20,python
2161311133,4739,cudaLaunchKernel,0,6960,3216692,3216692,20,python
2161316673,4689,cudaLaunchKernel,0,6962,3216692,3216692,20,python
2161322094,4508,cudaLaunchKernel,0,6964,3216692,3216692,20,python
2161327424,11562,cudaLaunchKernel,0,6966,3216692,3216692,20,python
2161339587,3126,cudaMemsetAsync,0,6968,3216692,3216692,20,python
2161342994,2725,cudaMemsetAsync,0,6969,3216692,3216692,20,python
2161346500,4709,cudaLaunchKernel,0,6970,3216692,3216692,20,python
2161352011,4709,cudaLaunchKernel,0,6972,3216692,3216692,20,python
2161357511,4669,cudaLaunchKernel,0,6974,3216692,3216692,20,python
2161362761,3026,cudaMemsetAsync,0,6976,3216692,3216692,20,python
2161366068,2695,cudaMemsetAsync,0,6977,3216692,3216692,20,python
2161369554,2696,cudaMemsetAsync,0,6978,3216692,3216692,20,python
2161372831,4919,cudaLaunchKernel,0,6979,3216692,3216692,20,python
2161378592,4568,cudaLaunchKernel,0,6981,3216692,3216692,20,python
2161383982,4809,cudaLaunchKernel,0,6983,3216692,3216692,20,python
2161389583,4538,cudaLaunchKernel,0,6985,3216692,3216692,20,python
2161394893,4478,cudaLaunchKernel,0,6987,3216692,3216692,20,python
2161400193,4629,cudaLaunchKernel,0,6989,3216692,3216692,20,python
2161405393,3076,cudaMemsetAsync,0,6991,3216692,3216692,20,python
2161408729,2686,cudaMemsetAsync,0,6992,3216692,3216692,20,python
2161412426,4860,cudaLaunchKernel,0,6993,3216692,3216692,20,python
2161418097,4679,cudaLaunchKernel,0,6995,3216692,3216692,20,python
2161423578,4549,cudaLaunchKernel,0,6997,3216692,3216692,20,python
2161428898,4769,cudaLaunchKernel,0,6999,3216692,3216692,20,python
2161434399,4658,cudaLaunchKernel,0,7001,3216692,3216692,20,python
2161439839,4589,cudaLaunchKernel,0,7003,3216692,3216692,20,python
2161445199,4569,cudaLaunchKernel,0,7005,3216692,3216692,20,python
2161450409,3066,cudaMemsetAsync,0,7007,3216692,3216692,20,python
2161453746,2695,cudaMemsetAsync,0,7008,3216692,3216692,20,python
2161458044,4769,cudaLaunchKernel,0,7009,3216692,3216692,20,python
2161463604,4689,cudaLaunchKernel,0,7011,3216692,3216692,20,python
2161469055,4589,cudaLaunchKernel,0,7013,3216692,3216692,20,python
2161474435,4629,cudaLaunchKernel,0,7015,3216692,3216692,20,python
2161479785,3046,cudaMemsetAsync,0,7017,3216692,3216692,20,python
2161483162,2795,cudaMemsetAsync,0,7018,3216692,3216692,20,python
2161486258,2705,cudaMemsetAsync,0,7019,3216692,3216692,20,python
2161489895,4889,cudaLaunchKernel,0,7020,3216692,3216692,20,python
2161495566,4809,cudaLaunchKernel,0,7022,3216692,3216692,20,python
2161501116,4609,cudaLaunchKernel,0,7024,3216692,3216692,20,python
2161506517,4598,cudaLaunchKernel,0,7026,3216692,3216692,20,python
2161511887,4619,cudaLaunchKernel,0,7028,3216692,3216692,20,python
2161517307,4499,cudaLaunchKernel,0,7030,3216692,3216692,20,python
2161522397,4649,cudaLaunchKernel,0,7031,3216692,3216692,20,python
2161527697,3186,cudaMemsetAsync,0,7033,3216692,3216692,20,python
2161531164,2675,cudaMemsetAsync,0,7034,3216692,3216692,20,python
2161534139,2706,cudaMemsetAsync,0,7035,3216692,3216692,20,python
2161537135,2725,cudaMemsetAsync,0,7036,3216692,3216692,20,python
2161540171,2705,cudaMemsetAsync,0,7037,3216692,3216692,20,python
2161543127,2725,cudaMemsetAsync,0,7038,3216692,3216692,20,python
2161546994,5100,cudaLaunchKernel,0,7039,3216692,3216692,20,python
2161552845,4779,cudaLaunchKernel,0,7041,3216692,3216692,20,python
2161558396,4649,cudaLaunchKernel,0,7043,3216692,3216692,20,python
2161563796,4599,cudaLaunchKernel,0,7045,3216692,3216692,20,python
2161569156,4399,cudaLaunchKernel,0,7047,3216692,3216692,20,python
2161575038,4629,cudaLaunchKernel,0,7049,3216692,3216692,20,python
2161580408,7384,cudaLaunchKernel,0,7051,3216692,3216692,20,python
2161588694,4589,cudaLaunchKernel,0,7053,3216692,3216692,20,python
2161594054,4529,cudaLaunchKernel,0,7055,3216692,3216692,20,python
2161599364,4419,cudaLaunchKernel,0,7057,3216692,3216692,20,python
2161605045,4499,cudaLaunchKernel,0,7059,3216692,3216692,20,python
2161610325,4850,cudaLaunchKernel,0,7061,3216692,3216692,20,python
2161615926,4709,cudaLaunchKernel,0,7063,3216692,3216692,20,python
2161621427,4518,cudaLaunchKernel,0,7065,3216692,3216692,20,python
2161626747,4358,cudaLaunchKernel,0,7067,3216692,3216692,20,python
2161631586,4388,cudaLaunchKernel,0,7068,3216692,3216692,20,python
2161636445,4268,cudaLaunchKernel,0,7069,3216692,3216692,20,python
2161641214,4499,cudaLaunchKernel,0,7070,3216692,3216692,20,python
2161646284,3266,cudaMemsetAsync,0,7072,3216692,3216692,20,python
2161649811,2675,cudaMemsetAsync,0,7073,3216692,3216692,20,python
2161652967,4619,cudaLaunchKernel,0,7074,3216692,3216692,20,python
2161658748,4539,cudaLaunchKernel,0,7076,3216692,3216692,20,python
2161664028,4389,cudaLaunchKernel,0,7078,3216692,3216692,20,python
2161669198,4629,cudaLaunchKernel,0,7080,3216692,3216692,20,python
2161674558,4599,cudaLaunchKernel,0,7082,3216692,3216692,20,python
2161679898,4479,cudaLaunchKernel,0,7084,3216692,3216692,20,python
2161684908,4609,cudaLaunchKernel,0,7085,3216692,3216692,20,python
2161690108,3236,cudaMemsetAsync,0,7087,3216692,3216692,20,python
2161693605,2775,cudaMemsetAsync,0,7088,3216692,3216692,20,python
2161700588,4709,cudaLaunchKernel,0,7089,3216692,3216692,20,python
2161706089,4639,cudaLaunchKernel,0,7091,3216692,3216692,20,python
2161711539,4719,cudaLaunchKernel,0,7093,3216692,3216692,20,python
2161717080,4689,cudaLaunchKernel,0,7095,3216692,3216692,20,python
2161722550,4529,cudaLaunchKernel,0,7097,3216692,3216692,20,python
2161727910,4900,cudaLaunchKernel,0,7099,3216692,3216692,20,python
2161733341,3086,cudaMemsetAsync,0,7101,3216692,3216692,20,python
2161736998,4579,cudaLaunchKernel,0,7102,3216692,3216692,20,python
2161742849,4669,cudaLaunchKernel,0,7104,3216692,3216692,20,python
2161748319,4489,cudaLaunchKernel,0,7106,3216692,3216692,20,python
2161753600,4719,cudaLaunchKernel,0,7108,3216692,3216692,20,python
2161758840,3116,cudaMemsetAsync,0,7110,3216692,3216692,20,python
2161762447,4598,cudaLaunchKernel,0,7111,3216692,3216692,20,python
2161768097,4429,cudaLaunchKernel,0,7113,3216692,3216692,20,python
2161773257,4339,cudaLaunchKernel,0,7115,3216692,3216692,20,python
2161778327,4489,cudaLaunchKernel,0,7117,3216692,3216692,20,python
2161783497,4308,cudaLaunchKernel,0,7119,3216692,3216692,20,python
2161788536,4669,cudaLaunchKernel,0,7121,3216692,3216692,20,python
2161793756,3167,cudaMemsetAsync,0,7123,3216692,3216692,20,python
2161797464,4508,cudaLaunchKernel,0,7124,3216692,3216692,20,python
2161803245,4598,cudaLaunchKernel,0,7126,3216692,3216692,20,python
2161808635,4489,cudaLaunchKernel,0,7128,3216692,3216692,20,python
2161813925,4509,cudaLaunchKernel,0,7130,3216692,3216692,20,python
2161819215,4629,cudaLaunchKernel,0,7132,3216692,3216692,20,python
2161824776,4629,cudaLaunchKernel,0,7134,3216692,3216692,20,python
2161830226,4419,cudaLaunchKernel,0,7136,3216692,3216692,20,python
2161835436,4529,cudaLaunchKernel,0,7138,3216692,3216692,20,python
2161840736,4549,cudaLaunchKernel,0,7140,3216692,3216692,20,python
2161846037,4508,cudaLaunchKernel,0,7142,3216692,3216692,20,python
2161851086,3036,cudaMemsetAsync,0,7144,3216692,3216692,20,python
2161854613,4469,cudaLaunchKernel,0,7145,3216692,3216692,20,python
2161860244,4438,cudaLaunchKernel,0,7147,3216692,3216692,20,python
2161865464,4428,cudaLaunchKernel,0,7149,3216692,3216692,20,python
2161870884,4388,cudaLaunchKernel,0,7151,3216692,3216692,20,python
2161876064,4449,cudaLaunchKernel,0,7153,3216692,3216692,20,python
2161881294,4459,cudaLaunchKernel,0,7155,3216692,3216692,20,python
2161886534,4378,cudaLaunchKernel,0,7157,3216692,3216692,20,python
2161891694,4559,cudaLaunchKernel,0,7159,3216692,3216692,20,python
2161897044,4629,cudaLaunchKernel,0,7161,3216692,3216692,20,python
2161902434,4469,cudaLaunchKernel,0,7163,3216692,3216692,20,python
2161907665,4408,cudaLaunchKernel,0,7165,3216692,3216692,20,python
2161912824,7224,cudaLaunchKernel,0,7167,3216692,3216692,20,python
2161920980,4659,cudaLaunchKernel,0,7169,3216692,3216692,20,python
2161926420,4669,cudaLaunchKernel,0,7171,3216692,3216692,20,python
2161931851,4468,cudaLaunchKernel,0,7173,3216692,3216692,20,python
2161936880,4609,cudaLaunchKernel,0,7174,3216692,3216692,20,python
2161942221,4488,cudaLaunchKernel,0,7176,3216692,3216692,20,python
2161947290,3527,cudaMemsetAsync,0,7178,3216692,3216692,20,python
2161951098,2745,cudaMemsetAsync,0,7179,3216692,3216692,20,python
2161955035,4629,cudaLaunchKernel,0,7180,3216692,3216692,20,python
2161960395,4499,cudaLaunchKernel,0,7182,3216692,3216692,20,python
2161965706,4799,cudaLaunchKernel,0,7184,3216692,3216692,20,python
2161971286,4399,cudaLaunchKernel,0,7186,3216692,3216692,20,python
2161976196,4478,cudaLaunchKernel,0,7187,3216692,3216692,20,python
2161981526,4979,cudaLaunchKernel,0,7189,3216692,3216692,20,python
2161988098,3207,cudaMemsetAsync,0,7191,3216692,3216692,20,python
2161991575,2765,cudaMemsetAsync,0,7192,3216692,3216692,20,python
2161994801,4830,cudaLaunchKernel,0,7193,3216692,3216692,20,python
2162000402,5120,cudaLaunchKernel,0,7195,3216692,3216692,20,python
2162006083,2915,cudaMemsetAsync,0,7197,3216692,3216692,20,python
2162009509,4579,cudaLaunchKernel,0,7198,3216692,3216692,20,python
2162016393,4879,cudaLaunchKernel,0,7200,3216692,3216692,20,python
2162022364,4679,cudaLaunchKernel,0,7202,3216692,3216692,20,python
2162027654,7845,cudaMemcpyAsync,0,7204,3216692,3216692,20,python
2162035810,4108,cudaMemcpyAsync,0,7205,3216692,3216692,20,python
2162040208,3567,cudaEventRecord,0,7206,3216692,3216692,20,python
2162044076,6004083,cudaEventSynchronize,0,7207,3216692,3216692,20,python
2168048630,1854,cudaStreamSynchronize,0,7208,3216692,3216692,20,python
2168051947,6262,cudaLaunchKernel,0,7209,3216692,3216692,20,python
2168058840,3396,cudaEventRecord,0,7211,3216692,3216692,20,python
2168062487,1022,cudaEventSynchronize,0,7212,3216692,3216692,20,python
2168112282,8346,cudaFree,0,7214,3216692,3216692,20,python
2168144855,2845,cudaDeviceSynchronize,0,7217,3216692,3216692,20,python
2168157519,1312,cudaDeviceSynchronize,0,7221,3216692,3216692,20,python
2168356710,8817,cudaMalloc,0,7224,3216692,3216692,20,python
2168411024,972,cudaStreamIsCapturing_v10000,0,7227,3216692,3216692,20,python
2168412347,711,cudaStreamGetDevice_v12080,0,7228,3216692,3216692,20,python
2168431183,491,cudaStreamIsCapturing_v10000,0,7261,3216692,3216692,20,python
2168431884,461,cudaStreamGetDevice_v12080,0,7262,3216692,3216692,20,python
2168437885,5912,cudaMemsetAsync,0,7273,3216692,3216692,20,python
2168444298,6582,cudaMemcpyAsync,0,7274,3216692,3216692,20,python
2168451231,4879,cudaMemcpyAsync,0,7275,3216692,3216692,20,python
2168456431,4238,cudaMemcpyAsync,0,7276,3216692,3216692,20,python
2168461010,4007,cudaMemcpyAsync,0,7277,3216692,3216692,20,python
2168465348,4018,cudaMemcpyAsync,0,7278,3216692,3216692,20,python
2168470398,10510,cudaLaunchKernel,0,7279,3216692,3216692,20,python
2168481629,5340,cudaMemcpyAsync,0,7281,3216692,3216692,20,python
2168487360,4078,cudaEventRecord,0,7282,3216692,3216692,20,python
2168491769,1883,cudaEventSynchronize,0,7283,3216692,3216692,20,python
2168495586,521,cudaStreamIsCapturing_v10000,0,7285,3216692,3216692,20,python
2168496488,4027,cudaMemcpyAsync,0,7286,3216692,3216692,20,python
2168500896,3477,cudaMemsetAsync,0,7287,3216692,3216692,20,python
2168504673,3096,cudaEventRecord,0,7288,3216692,3216692,20,python
2168508140,1763,cudaStreamWaitEvent,0,7289,3216692,3216692,20,python
2168510244,8526,cudaLaunchHostFunc_v10000,0,7290,3216692,3216692,20,python
2168519592,6482,cudaLaunchKernel,0,7291,3216692,3216692,20,python
2168532927,3257,cudaMemsetAsync,0,7293,3216692,3216692,20,python
2168536434,2836,cudaMemsetAsync,0,7294,3216692,3216692,20,python
2168539590,2765,cudaMemsetAsync,0,7295,3216692,3216692,20,python
2168542616,2685,cudaMemsetAsync,0,7296,3216692,3216692,20,python
2168545622,2755,cudaMemsetAsync,0,7297,3216692,3216692,20,python
2168548698,6462,cudaMemsetAsync,0,7298,3216692,3216692,20,python
2168555430,2716,cudaMemsetAsync,0,7299,3216692,3216692,20,python
2168558426,2635,cudaMemsetAsync,0,7300,3216692,3216692,20,python
2168561322,2665,cudaMemsetAsync,0,7301,3216692,3216692,20,python
2168564558,5521,cudaLaunchKernel,0,7302,3216692,3216692,20,python
2168570900,5060,cudaLaunchKernel,0,7304,3216692,3216692,20,python
2168576721,4900,cudaLaunchKernel,0,7306,3216692,3216692,20,python
2168582713,6462,cudaLaunchKernel,0,7308,3216692,3216692,20,python
2168589957,4949,cudaLaunchKernel,0,7310,3216692,3216692,20,python
2168595657,4649,cudaLaunchKernel,0,7312,3216692,3216692,20,python
2168601108,4468,cudaLaunchKernel,0,7314,3216692,3216692,20,python
2168606338,4849,cudaLaunchKernel,0,7316,3216692,3216692,20,python
2168612490,4699,cudaLaunchKernel,0,7318,3216692,3216692,20,python
2168617960,4839,cudaLaunchKernel,0,7320,3216692,3216692,20,python
2168623591,4669,cudaLaunchKernel,0,7322,3216692,3216692,20,python
2168629021,4549,cudaLaunchKernel,0,7324,3216692,3216692,20,python
2168634362,4528,cudaLaunchKernel,0,7326,3216692,3216692,20,python
2168639672,4328,cudaLaunchKernel,0,7328,3216692,3216692,20,python
2168645162,4789,cudaLaunchKernel,0,7330,3216692,3216692,20,python
2168650713,4719,cudaLaunchKernel,0,7332,3216692,3216692,20,python
2168656243,4649,cudaLaunchKernel,0,7334,3216692,3216692,20,python
2168661674,4949,cudaLaunchKernel,0,7336,3216692,3216692,20,python
2168667455,5200,cudaLaunchKernel,0,7338,3216692,3216692,20,python
2168673426,4659,cudaLaunchKernel,0,7340,3216692,3216692,20,python
2168679358,4548,cudaLaunchKernel,0,7342,3216692,3216692,20,python
2168684748,4368,cudaLaunchKernel,0,7344,3216692,3216692,20,python
2168690148,4489,cudaLaunchKernel,0,7346,3216692,3216692,20,python
2168695378,4459,cudaLaunchKernel,0,7348,3216692,3216692,20,python
2168700628,4619,cudaLaunchKernel,0,7350,3216692,3216692,20,python
2168706079,5080,cudaLaunchKernel,0,7352,3216692,3216692,20,python
2168711870,3557,cudaMemsetAsync,0,7354,3216692,3216692,20,python
2168715717,2756,cudaMemsetAsync,0,7355,3216692,3216692,20,python
2168719384,4900,cudaLaunchKernel,0,7356,3216692,3216692,20,python
2168725075,4829,cudaLaunchKernel,0,7358,3216692,3216692,20,python
2168730626,4739,cudaLaunchKernel,0,7360,3216692,3216692,20,python
2168736116,4579,cudaLaunchKernel,0,7362,3216692,3216692,20,python
2168741487,4588,cudaLaunchKernel,0,7364,3216692,3216692,20,python
2168746817,4709,cudaLaunchKernel,0,7366,3216692,3216692,20,python
2168752398,4849,cudaLaunchKernel,0,7368,3216692,3216692,20,python
2168762657,4739,cudaLaunchKernel,0,7374,3216692,3216692,20,python
2168768007,3357,cudaMemsetAsync,0,7376,3216692,3216692,20,python
2168771634,2786,cudaMemsetAsync,0,7377,3216692,3216692,20,python
2168776965,4849,cudaLaunchKernel,0,7378,3216692,3216692,20,python
2168782345,3276,cudaMemsetAsync,0,7380,3216692,3216692,20,python
2168786122,4629,cudaLaunchKernel,0,7381,3216692,3216692,20,python
2168791573,4849,cudaLaunchKernel,0,7383,3216692,3216692,20,python
2168797975,4799,cudaLaunchKernel,0,7385,3216692,3216692,20,python
2168803566,3416,cudaMemsetAsync,0,7387,3216692,3216692,20,python
2168808345,4548,cudaLaunchKernel,0,7388,3216692,3216692,20,python
2168813585,4378,cudaLaunchKernel,0,7390,3216692,3216692,20,python
2168818684,4479,cudaLaunchKernel,0,7392,3216692,3216692,20,python
2168823995,4328,cudaLaunchKernel,0,7394,3216692,3216692,20,python
2168829144,4429,cudaLaunchKernel,0,7396,3216692,3216692,20,python
2168834395,4488,cudaLaunchKernel,0,7398,3216692,3216692,20,python
2168839604,4319,cudaLaunchKernel,0,7400,3216692,3216692,20,python
2168844544,2895,cudaMemsetAsync,0,7402,3216692,3216692,20,python
2168847910,4339,cudaLaunchKernel,0,7403,3216692,3216692,20,python
2168852940,4418,cudaLaunchKernel,0,7405,3216692,3216692,20,python
2168858080,4228,cudaLaunchKernel,0,7407,3216692,3216692,20,python
2168863130,4218,cudaLaunchKernel,0,7409,3216692,3216692,20,python
2168868390,4348,cudaLaunchKernel,0,7411,3216692,3216692,20,python
2168873469,4519,cudaLaunchKernel,0,7413,3216692,3216692,20,python
2168878709,4108,cudaLaunchKernel,0,7415,3216692,3216692,20,python
2168883889,5080,cudaLaunchKernel,0,7417,3216692,3216692,20,python
2168890843,4749,cudaLaunchKernel,0,7419,3216692,3216692,20,python
2168897195,3256,cudaMemsetAsync,0,7422,3216692,3216692,20,python
2168901623,561,cudaStreamIsCapturing_v10000,0,7424,3216692,3216692,20,python
2168902475,1563,cudaStreamWaitEvent,0,7425,3216692,3216692,20,python
2168904368,8877,cudaMemcpyAsync,0,7426,3216692,3216692,20,python
2168913586,4008,cudaEventRecord,0,7427,3216692,3216692,20,python
2168917944,501,cudaStreamIsCapturing_v10000,0,7428,3216692,3216692,20,python
2168918736,14047,cudaGraphLaunch_v10000,0,7429,3216692,3216692,20,python
2168933675,6843,cudaMemsetAsync,0,7430,3216692,3216692,20,python
2168940798,2996,cudaMemsetAsync,0,7431,3216692,3216692,20,python
2168944054,2736,cudaMemsetAsync,0,7432,3216692,3216692,20,python
2168947040,2796,cudaMemsetAsync,0,7433,3216692,3216692,20,python
2168950096,2715,cudaMemsetAsync,0,7434,3216692,3216692,20,python
2168953072,2705,cudaMemsetAsync,0,7435,3216692,3216692,20,python
2168956027,2696,cudaMemsetAsync,0,7436,3216692,3216692,20,python
2168959414,6733,cudaLaunchKernel,0,7437,3216692,3216692,20,python
2168966758,3026,cudaMemsetAsync,0,7439,3216692,3216692,20,python
2168970345,4869,cudaLaunchKernel,0,7440,3216692,3216692,20,python
2168976527,4699,cudaLaunchKernel,0,7442,3216692,3216692,20,python
2168982097,4569,cudaLaunchKernel,0,7444,3216692,3216692,20,python
2168987468,4719,cudaLaunchKernel,0,7446,3216692,3216692,20,python
2168993008,4589,cudaLaunchKernel,0,7448,3216692,3216692,20,python
2168998398,4469,cudaLaunchKernel,0,7450,3216692,3216692,20,python
2169003729,4799,cudaLaunchKernel,0,7452,3216692,3216692,20,python
2169009440,4649,cudaLaunchKernel,0,7454,3216692,3216692,20,python
2169014990,3166,cudaMemsetAsync,0,7456,3216692,3216692,20,python
2169018427,2735,cudaMemsetAsync,0,7457,3216692,3216692,20,python
2169021423,2625,cudaMemsetAsync,0,7458,3216692,3216692,20,python
2169024539,4769,cudaLaunchKernel,0,7459,3216692,3216692,20,python
2169029859,2975,cudaMemsetAsync,0,7461,3216692,3216692,20,python
2169033105,2605,cudaMemsetAsync,0,7462,3216692,3216692,20,python
2169036491,4820,cudaLaunchKernel,0,7463,3216692,3216692,20,python
2169042042,4789,cudaLaunchKernel,0,7465,3216692,3216692,20,python
2169047593,4498,cudaLaunchKernel,0,7467,3216692,3216692,20,python
2169052873,4689,cudaLaunchKernel,0,7469,3216692,3216692,20,python
2169058383,4970,cudaLaunchKernel,0,7471,3216692,3216692,20,python
2169065547,3076,cudaMemsetAsync,0,7473,3216692,3216692,20,python
2169068903,2716,cudaMemsetAsync,0,7474,3216692,3216692,20,python
2169072140,4829,cudaLaunchKernel,0,7475,3216692,3216692,20,python
2169077560,2855,cudaMemsetAsync,0,7477,3216692,3216692,20,python
2169080686,2695,cudaMemsetAsync,0,7478,3216692,3216692,20,python
2169084523,4689,cudaLaunchKernel,0,7479,3216692,3216692,20,python
2169089994,4709,cudaLaunchKernel,0,7481,3216692,3216692,20,python
2169095434,4559,cudaLaunchKernel,0,7483,3216692,3216692,20,python
2169100794,4629,cudaLaunchKernel,0,7485,3216692,3216692,20,python
2169106085,3015,cudaMemsetAsync,0,7487,3216692,3216692,20,python
2169109371,2655,cudaMemsetAsync,0,7488,3216692,3216692,20,python
2169112787,4619,cudaLaunchKernel,0,7489,3216692,3216692,20,python
2169118198,4689,cudaLaunchKernel,0,7491,3216692,3216692,20,python
2169123678,4609,cudaLaunchKernel,0,7493,3216692,3216692,20,python
2169128848,2986,cudaMemsetAsync,0,7495,3216692,3216692,20,python
2169132104,2666,cudaMemsetAsync,0,7496,3216692,3216692,20,python
2169135541,2695,cudaMemsetAsync,0,7497,3216692,3216692,20,python
2169138807,4819,cudaLaunchKernel,0,7498,3216692,3216692,20,python
2169144448,4539,cudaLaunchKernel,0,7500,3216692,3216692,20,python
2169149808,4810,cudaLaunchKernel,0,7502,3216692,3216692,20,python
2169155429,4599,cudaLaunchKernel,0,7504,3216692,3216692,20,python
2169161010,4498,cudaLaunchKernel,0,7506,3216692,3216692,20,python
2169166320,4629,cudaLaunchKernel,0,7508,3216692,3216692,20,python
2169171490,3006,cudaMemsetAsync,0,7510,3216692,3216692,20,python
2169174756,2625,cudaMemsetAsync,0,7511,3216692,3216692,20,python
2169178383,4729,cudaLaunchKernel,0,7512,3216692,3216692,20,python
2169183934,4709,cudaLaunchKernel,0,7514,3216692,3216692,20,python
2169189424,4669,cudaLaunchKernel,0,7516,3216692,3216692,20,python
2169194824,4870,cudaLaunchKernel,0,7518,3216692,3216692,20,python
2169200445,4539,cudaLaunchKernel,0,7520,3216692,3216692,20,python
2169205775,4519,cudaLaunchKernel,0,7522,3216692,3216692,20,python
2169211076,4568,cudaLaunchKernel,0,7524,3216692,3216692,20,python
2169216256,3095,cudaMemsetAsync,0,7526,3216692,3216692,20,python
2169219622,2675,cudaMemsetAsync,0,7527,3216692,3216692,20,python
2169223910,4890,cudaLaunchKernel,0,7528,3216692,3216692,20,python
2169229611,7394,cudaLaunchKernel,0,7530,3216692,3216692,20,python
2169237877,4659,cudaLaunchKernel,0,7532,3216692,3216692,20,python
2169243337,4489,cudaLaunchKernel,0,7534,3216692,3216692,20,python
2169248407,3026,cudaMemsetAsync,0,7536,3216692,3216692,20,python
2169251713,2736,cudaMemsetAsync,0,7537,3216692,3216692,20,python
2169254729,2675,cudaMemsetAsync,0,7538,3216692,3216692,20,python
2169258366,4859,cudaLaunchKernel,0,7539,3216692,3216692,20,python
2169263997,4839,cudaLaunchKernel,0,7541,3216692,3216692,20,python
2169269638,4568,cudaLaunchKernel,0,7543,3216692,3216692,20,python
2169274978,4869,cudaLaunchKernel,0,7545,3216692,3216692,20,python
2169280649,4579,cudaLaunchKernel,0,7547,3216692,3216692,20,python
2169286039,4338,cudaLaunchKernel,0,7549,3216692,3216692,20,python
2169290959,4678,cudaLaunchKernel,0,7550,3216692,3216692,20,python
2169296289,3016,cudaMemsetAsync,0,7552,3216692,3216692,20,python
2169299595,2715,cudaMemsetAsync,0,7553,3216692,3216692,20,python
2169302621,2645,cudaMemsetAsync,0,7554,3216692,3216692,20,python
2169305536,2635,cudaMemsetAsync,0,7555,3216692,3216692,20,python
2169308492,2645,cudaMemsetAsync,0,7556,3216692,3216692,20,python
2169311398,2625,cudaMemsetAsync,0,7557,3216692,3216692,20,python
2169315275,4769,cudaLaunchKernel,0,7558,3216692,3216692,20,python
2169320806,4709,cudaLaunchKernel,0,7560,3216692,3216692,20,python
2169326296,11883,cudaLaunchKernel,0,7562,3216692,3216692,20,python
2169339000,4589,cudaLaunchKernel,0,7564,3216692,3216692,20,python
2169344431,4338,cudaLaunchKernel,0,7566,3216692,3216692,20,python
2169350232,4599,cudaLaunchKernel,0,7568,3216692,3216692,20,python
2169355582,4669,cudaLaunchKernel,0,7570,3216692,3216692,20,python
2169361113,4488,cudaLaunchKernel,0,7572,3216692,3216692,20,python
2169366333,4438,cudaLaunchKernel,0,7574,3216692,3216692,20,python
2169371503,4328,cudaLaunchKernel,0,7576,3216692,3216692,20,python
2169377184,4458,cudaLaunchKernel,0,7578,3216692,3216692,20,python
2169382414,4669,cudaLaunchKernel,0,7580,3216692,3216692,20,python
2169387844,4849,cudaLaunchKernel,0,7582,3216692,3216692,20,python
2169393465,4548,cudaLaunchKernel,0,7584,3216692,3216692,20,python
2169398785,4458,cudaLaunchKernel,0,7586,3216692,3216692,20,python
2169403724,4439,cudaLaunchKernel,0,7587,3216692,3216692,20,python
2169408634,4388,cudaLaunchKernel,0,7588,3216692,3216692,20,python
2169413523,4539,cudaLaunchKernel,0,7589,3216692,3216692,20,python
2169418613,3246,cudaMemsetAsync,0,7591,3216692,3216692,20,python
2169422120,2645,cudaMemsetAsync,0,7592,3216692,3216692,20,python
2169425266,4899,cudaLaunchKernel,0,7593,3216692,3216692,20,python
2169431327,4679,cudaLaunchKernel,0,7595,3216692,3216692,20,python
2169436808,4398,cudaLaunchKernel,0,7597,3216692,3216692,20,python
2169441968,4578,cudaLaunchKernel,0,7599,3216692,3216692,20,python
2169447298,4368,cudaLaunchKernel,0,7601,3216692,3216692,20,python
2169452418,4368,cudaLaunchKernel,0,7603,3216692,3216692,20,python
2169457327,4649,cudaLaunchKernel,0,7604,3216692,3216692,20,python
2169462547,3176,cudaMemsetAsync,0,7606,3216692,3216692,20,python
2169466004,2775,cudaMemsetAsync,0,7607,3216692,3216692,20,python
2169472887,4729,cudaLaunchKernel,0,7608,3216692,3216692,20,python
2169478407,4609,cudaLaunchKernel,0,7610,3216692,3216692,20,python
2169483848,4939,cudaLaunchKernel,0,7612,3216692,3216692,20,python
2169489579,4649,cudaLaunchKernel,0,7614,3216692,3216692,20,python
2169495059,4599,cudaLaunchKernel,0,7616,3216692,3216692,20,python
2169500540,4719,cudaLaunchKernel,0,7618,3216692,3216692,20,python
2169505790,3116,cudaMemsetAsync,0,7620,3216692,3216692,20,python
2169509467,4729,cudaLaunchKernel,0,7621,3216692,3216692,20,python
2169515468,4659,cudaLaunchKernel,0,7623,3216692,3216692,20,python
2169520959,4539,cudaLaunchKernel,0,7625,3216692,3216692,20,python
2169526299,4649,cudaLaunchKernel,0,7627,3216692,3216692,20,python
2169531529,3276,cudaMemsetAsync,0,7629,3216692,3216692,20,python
2169535306,4459,cudaLaunchKernel,0,7630,3216692,3216692,20,python
2169540777,4478,cudaLaunchKernel,0,7632,3216692,3216692,20,python
2169545987,4418,cudaLaunchKernel,0,7634,3216692,3216692,20,python
2169551147,4649,cudaLaunchKernel,0,7636,3216692,3216692,20,python
2169556507,6783,cudaLaunchKernel,0,7638,3216692,3216692,20,python
2169564101,4699,cudaLaunchKernel,0,7640,3216692,3216692,20,python
2169569331,3257,cudaMemsetAsync,0,7642,3216692,3216692,20,python
2169573129,4659,cudaLaunchKernel,0,7643,3216692,3216692,20,python
2169579030,4599,cudaLaunchKernel,0,7645,3216692,3216692,20,python
2169584440,4449,cudaLaunchKernel,0,7647,3216692,3216692,20,python
2169589680,4389,cudaLaunchKernel,0,7649,3216692,3216692,20,python
2169594850,4589,cudaLaunchKernel,0,7651,3216692,3216692,20,python
2169600291,4498,cudaLaunchKernel,0,7653,3216692,3216692,20,python
2169605591,4368,cudaLaunchKernel,0,7655,3216692,3216692,20,python
2169610771,4488,cudaLaunchKernel,0,7657,3216692,3216692,20,python
2169616051,4398,cudaLaunchKernel,0,7659,3216692,3216692,20,python
2169621201,4528,cudaLaunchKernel,0,7661,3216692,3216692,20,python
2169626311,3035,cudaMemsetAsync,0,7663,3216692,3216692,20,python
2169629847,4479,cudaLaunchKernel,0,7664,3216692,3216692,20,python
2169635568,4449,cudaLaunchKernel,0,7666,3216692,3216692,20,python
2169640818,4349,cudaLaunchKernel,0,7668,3216692,3216692,20,python
2169645938,4348,cudaLaunchKernel,0,7670,3216692,3216692,20,python
2169651068,4388,cudaLaunchKernel,0,7672,3216692,3216692,20,python
2169656258,4458,cudaLaunchKernel,0,7674,3216692,3216692,20,python
2169661488,4368,cudaLaunchKernel,0,7676,3216692,3216692,20,python
2169666658,4579,cudaLaunchKernel,0,7678,3216692,3216692,20,python
2169672038,4599,cudaLaunchKernel,0,7680,3216692,3216692,20,python
2169677428,4359,cudaLaunchKernel,0,7682,3216692,3216692,20,python
2169682538,4369,cudaLaunchKernel,0,7684,3216692,3216692,20,python
2169687648,4458,cudaLaunchKernel,0,7686,3216692,3216692,20,python
2169692908,4609,cudaLaunchKernel,0,7688,3216692,3216692,20,python
2169698318,4759,cudaLaunchKernel,0,7690,3216692,3216692,20,python
2169703839,4458,cudaLaunchKernel,0,7692,3216692,3216692,20,python
2169708849,4789,cudaLaunchKernel,0,7693,3216692,3216692,20,python
2169714399,4358,cudaLaunchKernel,0,7695,3216692,3216692,20,python
2169719319,3166,cudaMemsetAsync,0,7697,3216692,3216692,20,python
2169722745,2745,cudaMemsetAsync,0,7698,3216692,3216692,20,python
2169726653,4679,cudaLaunchKernel,0,7699,3216692,3216692,20,python
2169732083,4459,cudaLaunchKernel,0,7701,3216692,3216692,20,python
2169737343,4799,cudaLaunchKernel,0,7703,3216692,3216692,20,python
2169742934,4478,cudaLaunchKernel,0,7705,3216692,3216692,20,python
2169747913,4479,cudaLaunchKernel,0,7706,3216692,3216692,20,python
2169753243,4980,cudaLaunchKernel,0,7708,3216692,3216692,20,python
2169759806,3186,cudaMemsetAsync,0,7710,3216692,3216692,20,python
2169763263,2735,cudaMemsetAsync,0,7711,3216692,3216692,20,python
2169766479,4809,cudaLaunchKernel,0,7712,3216692,3216692,20,python
2169772100,4799,cudaLaunchKernel,0,7714,3216692,3216692,20,python
2169777470,2925,cudaMemsetAsync,0,7716,3216692,3216692,20,python
2169780906,4750,cudaLaunchKernel,0,7717,3216692,3216692,20,python
2169787920,4929,cudaLaunchKernel,0,7719,3216692,3216692,20,python
2169793931,4609,cudaLaunchKernel,0,7721,3216692,3216692,20,python
2169799181,7665,cudaMemcpyAsync,0,7723,3216692,3216692,20,python
2169807147,4067,cudaMemcpyAsync,0,7724,3216692,3216692,20,python
2169811495,3657,cudaEventRecord,0,7725,3216692,3216692,20,python
2169815473,6011227,cudaEventSynchronize,0,7726,3216692,3216692,20,python
2175827181,1864,cudaStreamSynchronize,0,7727,3216692,3216692,20,python
2175830497,6623,cudaLaunchKernel,0,7728,3216692,3216692,20,python
2175837751,3607,cudaEventRecord,0,7730,3216692,3216692,20,python
2175841619,1012,cudaEventSynchronize,0,7731,3216692,3216692,20,python
2175891584,8587,cudaFree,0,7733,3216692,3216692,20,python
2175924527,2886,cudaDeviceSynchronize,0,7736,3216692,3216692,20,python
2175937823,1282,cudaDeviceSynchronize,0,7740,3216692,3216692,20,python
2176132275,10911,cudaMalloc,0,7743,3216692,3216692,20,python
2176189114,1072,cudaStreamIsCapturing_v10000,0,7746,3216692,3216692,20,python
2176190507,711,cudaStreamGetDevice_v12080,0,7747,3216692,3216692,20,python
2176208932,481,cudaStreamIsCapturing_v10000,0,7780,3216692,3216692,20,python
2176209623,441,cudaStreamGetDevice_v12080,0,7781,3216692,3216692,20,python
2176215444,5992,cudaMemsetAsync,0,7792,3216692,3216692,20,python
2176221927,7925,cudaMemcpyAsync,0,7793,3216692,3216692,20,python
2176230203,5009,cudaMemcpyAsync,0,7794,3216692,3216692,20,python
2176235533,4288,cudaMemcpyAsync,0,7795,3216692,3216692,20,python
2176240162,3997,cudaMemcpyAsync,0,7796,3216692,3216692,20,python
2176244480,4108,cudaMemcpyAsync,0,7797,3216692,3216692,20,python
2176249469,10280,cudaLaunchKernel,0,7798,3216692,3216692,20,python
2176260440,5280,cudaMemcpyAsync,0,7800,3216692,3216692,20,python
2176266081,4018,cudaEventRecord,0,7801,3216692,3216692,20,python
2176270409,1874,cudaEventSynchronize,0,7802,3216692,3216692,20,python
2176274137,521,cudaStreamIsCapturing_v10000,0,7804,3216692,3216692,20,python
2176275048,3958,cudaMemcpyAsync,0,7805,3216692,3216692,20,python
2176279367,3486,cudaMemsetAsync,0,7806,3216692,3216692,20,python
2176283164,2956,cudaEventRecord,0,7807,3216692,3216692,20,python
2176286460,1774,cudaStreamWaitEvent,0,7808,3216692,3216692,20,python
2176288574,8226,cudaLaunchHostFunc_v10000,0,7809,3216692,3216692,20,python
2176297551,6463,cudaLaunchKernel,0,7810,3216692,3216692,20,python
2176311047,3667,cudaMemsetAsync,0,7812,3216692,3216692,20,python
2176314985,3016,cudaMemsetAsync,0,7813,3216692,3216692,20,python
2176318331,2826,cudaMemsetAsync,0,7814,3216692,3216692,20,python
2176321417,2795,cudaMemsetAsync,0,7815,3216692,3216692,20,python
2176324543,2886,cudaMemsetAsync,0,7816,3216692,3216692,20,python
2176327759,10981,cudaMemsetAsync,0,7817,3216692,3216692,20,python
2176339141,3477,cudaMemsetAsync,0,7818,3216692,3216692,20,python
2176342898,3507,cudaMemsetAsync,0,7819,3216692,3216692,20,python
2176346665,2816,cudaMemsetAsync,0,7820,3216692,3216692,20,python
2176350062,5921,cudaLaunchKernel,0,7821,3216692,3216692,20,python
2176356785,5520,cudaLaunchKernel,0,7823,3216692,3216692,20,python
2176363067,4879,cudaLaunchKernel,0,7825,3216692,3216692,20,python
2176369008,4850,cudaLaunchKernel,0,7827,3216692,3216692,20,python
2176374629,4939,cudaLaunchKernel,0,7829,3216692,3216692,20,python
2176380330,4749,cudaLaunchKernel,0,7831,3216692,3216692,20,python
2176385891,4618,cudaLaunchKernel,0,7833,3216692,3216692,20,python
2176391261,4569,cudaLaunchKernel,0,7835,3216692,3216692,20,python
2176397112,6042,cudaLaunchKernel,0,7837,3216692,3216692,20,python
2176403935,4859,cudaLaunchKernel,0,7839,3216692,3216692,20,python
2176409606,5300,cudaLaunchKernel,0,7841,3216692,3216692,20,python
2176415728,5240,cudaLaunchKernel,0,7843,3216692,3216692,20,python
2176421779,4449,cudaLaunchKernel,0,7845,3216692,3216692,20,python
2176426999,4339,cudaLaunchKernel,0,7847,3216692,3216692,20,python
2176432480,4689,cudaLaunchKernel,0,7849,3216692,3216692,20,python
2176437920,4609,cudaLaunchKernel,0,7851,3216692,3216692,20,python
2176443341,4879,cudaLaunchKernel,0,7853,3216692,3216692,20,python
2176449242,4779,cudaLaunchKernel,0,7855,3216692,3216692,20,python
2176454843,4769,cudaLaunchKernel,0,7857,3216692,3216692,20,python
2176460403,4819,cudaLaunchKernel,0,7859,3216692,3216692,20,python
2176466445,4799,cudaLaunchKernel,0,7861,3216692,3216692,20,python
2176472086,4628,cudaLaunchKernel,0,7863,3216692,3216692,20,python
2176477766,4780,cudaLaunchKernel,0,7865,3216692,3216692,20,python
2176483297,4709,cudaLaunchKernel,0,7867,3216692,3216692,20,python
2176488788,4769,cudaLaunchKernel,0,7869,3216692,3216692,20,python
2176494398,5451,cudaLaunchKernel,0,7871,3216692,3216692,20,python
2176500540,3797,cudaMemsetAsync,0,7873,3216692,3216692,20,python
2176504608,2986,cudaMemsetAsync,0,7874,3216692,3216692,20,python
2176508505,5010,cudaLaunchKernel,0,7875,3216692,3216692,20,python
2176514306,4820,cudaLaunchKernel,0,7877,3216692,3216692,20,python
2176519887,4769,cudaLaunchKernel,0,7879,3216692,3216692,20,python
2176525388,4638,cudaLaunchKernel,0,7881,3216692,3216692,20,python
2176530788,4529,cudaLaunchKernel,0,7883,3216692,3216692,20,python
2176536048,4559,cudaLaunchKernel,0,7885,3216692,3216692,20,python
2176541468,4549,cudaLaunchKernel,0,7887,3216692,3216692,20,python
2176551377,4980,cudaLaunchKernel,0,7893,3216692,3216692,20,python
2176556938,3417,cudaMemsetAsync,0,7895,3216692,3216692,20,python
2176560615,2795,cudaMemsetAsync,0,7896,3216692,3216692,20,python
2176565915,4950,cudaLaunchKernel,0,7897,3216692,3216692,20,python
2176571476,3176,cudaMemsetAsync,0,7899,3216692,3216692,20,python
2176575143,4669,cudaLaunchKernel,0,7900,3216692,3216692,20,python
2176580653,4800,cudaLaunchKernel,0,7902,3216692,3216692,20,python
2176587056,4839,cudaLaunchKernel,0,7904,3216692,3216692,20,python
2176592726,3237,cudaMemsetAsync,0,7906,3216692,3216692,20,python
2176597365,4759,cudaLaunchKernel,0,7907,3216692,3216692,20,python
2176602826,4258,cudaLaunchKernel,0,7909,3216692,3216692,20,python
2176607815,4519,cudaLaunchKernel,0,7911,3216692,3216692,20,python
2176613326,4238,cudaLaunchKernel,0,7913,3216692,3216692,20,python
2176618406,4438,cudaLaunchKernel,0,7915,3216692,3216692,20,python
2176623656,4599,cudaLaunchKernel,0,7917,3216692,3216692,20,python
2176628976,4478,cudaLaunchKernel,0,7919,3216692,3216692,20,python
2176634066,3005,cudaMemsetAsync,0,7921,3216692,3216692,20,python
2176637542,4349,cudaLaunchKernel,0,7922,3216692,3216692,20,python
2176642592,4378,cudaLaunchKernel,0,7924,3216692,3216692,20,python
2176647722,12313,cudaLaunchKernel,0,7926,3216692,3216692,20,python
2176660927,4378,cudaLaunchKernel,0,7928,3216692,3216692,20,python
2176666398,4298,cudaLaunchKernel,0,7930,3216692,3216692,20,python
2176671397,4298,cudaLaunchKernel,0,7932,3216692,3216692,20,python
2176676427,4017,cudaLaunchKernel,0,7934,3216692,3216692,20,python
2176681567,5169,cudaLaunchKernel,0,7936,3216692,3216692,20,python
2176688650,4839,cudaLaunchKernel,0,7938,3216692,3216692,20,python
2176695112,3547,cudaMemsetAsync,0,7941,3216692,3216692,20,python
2176699892,641,cudaStreamIsCapturing_v10000,0,7943,3216692,3216692,20,python
2176700813,1644,cudaStreamWaitEvent,0,7944,3216692,3216692,20,python
2176702767,9027,cudaMemcpyAsync,0,7945,3216692,3216692,20,python
2176712125,3667,cudaEventRecord,0,7946,3216692,3216692,20,python
2176716143,501,cudaStreamIsCapturing_v10000,0,7947,3216692,3216692,20,python
2176716964,13636,cudaGraphLaunch_v10000,0,7948,3216692,3216692,20,python
2176731462,3597,cudaMemsetAsync,0,7949,3216692,3216692,20,python
2176735329,2886,cudaMemsetAsync,0,7950,3216692,3216692,20,python
2176738476,2805,cudaMemsetAsync,0,7951,3216692,3216692,20,python
2176741541,2696,cudaMemsetAsync,0,7952,3216692,3216692,20,python
2176744497,2715,cudaMemsetAsync,0,7953,3216692,3216692,20,python
2176747483,2715,cudaMemsetAsync,0,7954,3216692,3216692,20,python
2176750458,2686,cudaMemsetAsync,0,7955,3216692,3216692,20,python
2176753875,6292,cudaLaunchKernel,0,7956,3216692,3216692,20,python
2176760778,3096,cudaMemsetAsync,0,7958,3216692,3216692,20,python
2176764415,5030,cudaLaunchKernel,0,7959,3216692,3216692,20,python
2176770727,4729,cudaLaunchKernel,0,7961,3216692,3216692,20,python
2176776348,4639,cudaLaunchKernel,0,7963,3216692,3216692,20,python
2176781818,4629,cudaLaunchKernel,0,7965,3216692,3216692,20,python
2176787279,4589,cudaLaunchKernel,0,7967,3216692,3216692,20,python
2176793020,4468,cudaLaunchKernel,0,7969,3216692,3216692,20,python
2176798340,4950,cudaLaunchKernel,0,7971,3216692,3216692,20,python
2176804181,4669,cudaLaunchKernel,0,7973,3216692,3216692,20,python
2176809712,3286,cudaMemsetAsync,0,7975,3216692,3216692,20,python
2176813269,2855,cudaMemsetAsync,0,7976,3216692,3216692,20,python
2176816395,2805,cudaMemsetAsync,0,7977,3216692,3216692,20,python
2176819701,4709,cudaLaunchKernel,0,7978,3216692,3216692,20,python
2176824971,3026,cudaMemsetAsync,0,7980,3216692,3216692,20,python
2176828267,2686,cudaMemsetAsync,0,7981,3216692,3216692,20,python
2176831754,4779,cudaLaunchKernel,0,7982,3216692,3216692,20,python
2176837285,4799,cudaLaunchKernel,0,7984,3216692,3216692,20,python
2176842865,4579,cudaLaunchKernel,0,7986,3216692,3216692,20,python
2176848246,4699,cudaLaunchKernel,0,7988,3216692,3216692,20,python
2176853786,4970,cudaLaunchKernel,0,7990,3216692,3216692,20,python
2176860970,3026,cudaMemsetAsync,0,7992,3216692,3216692,20,python
2176864276,2645,cudaMemsetAsync,0,7993,3216692,3216692,20,python
2176867482,4790,cudaLaunchKernel,0,7994,3216692,3216692,20,python
2176872863,2955,cudaMemsetAsync,0,7996,3216692,3216692,20,python
2176876099,2725,cudaMemsetAsync,0,7997,3216692,3216692,20,python
2176879976,4649,cudaLaunchKernel,0,7998,3216692,3216692,20,python
2176885407,4689,cudaLaunchKernel,0,8000,3216692,3216692,20,python
2176890847,4559,cudaLaunchKernel,0,8002,3216692,3216692,20,python
2176896217,4790,cudaLaunchKernel,0,8004,3216692,3216692,20,python
2176901568,3056,cudaMemsetAsync,0,8006,3216692,3216692,20,python
2176904894,2705,cudaMemsetAsync,0,8007,3216692,3216692,20,python
2176908381,4558,cudaLaunchKernel,0,8008,3216692,3216692,20,python
2176913741,4669,cudaLaunchKernel,0,8010,3216692,3216692,20,python
2176919201,4629,cudaLaunchKernel,0,8012,3216692,3216692,20,python
2176924401,2936,cudaMemsetAsync,0,8014,3216692,3216692,20,python
2176927618,2725,cudaMemsetAsync,0,8015,3216692,3216692,20,python
2176931114,2655,cudaMemsetAsync,0,8016,3216692,3216692,20,python
2176934360,4810,cudaLaunchKernel,0,8017,3216692,3216692,20,python
2176940011,4569,cudaLaunchKernel,0,8019,3216692,3216692,20,python
2176945402,4739,cudaLaunchKernel,0,8021,3216692,3216692,20,python
2176950942,4529,cudaLaunchKernel,0,8023,3216692,3216692,20,python
2176956272,7555,cudaLaunchKernel,0,8025,3216692,3216692,20,python
2176964699,4628,cudaLaunchKernel,0,8027,3216692,3216692,20,python
2176969878,3507,cudaMemsetAsync,0,8029,3216692,3216692,20,python
2176973666,2725,cudaMemsetAsync,0,8030,3216692,3216692,20,python
2176977413,4759,cudaLaunchKernel,0,8031,3216692,3216692,20,python
2176982974,4648,cudaLaunchKernel,0,8033,3216692,3216692,20,python
2176988394,4639,cudaLaunchKernel,0,8035,3216692,3216692,20,python
2176993784,4749,cudaLaunchKernel,0,8037,3216692,3216692,20,python
2176999305,4589,cudaLaunchKernel,0,8039,3216692,3216692,20,python
2177004685,4509,cudaLaunchKernel,0,8041,3216692,3216692,20,python
2177009985,4609,cudaLaunchKernel,0,8043,3216692,3216692,20,python
2177015225,3036,cudaMemsetAsync,0,8045,3216692,3216692,20,python
2177018532,2635,cudaMemsetAsync,0,8046,3216692,3216692,20,python
2177022740,4769,cudaLaunchKernel,0,8047,3216692,3216692,20,python
2177028310,4609,cudaLaunchKernel,0,8049,3216692,3216692,20,python
2177033731,4578,cudaLaunchKernel,0,8051,3216692,3216692,20,python
2177039101,4709,cudaLaunchKernel,0,8053,3216692,3216692,20,python
2177044381,3016,cudaMemsetAsync,0,8055,3216692,3216692,20,python
2177047677,2706,cudaMemsetAsync,0,8056,3216692,3216692,20,python
2177050653,2705,cudaMemsetAsync,0,8057,3216692,3216692,20,python
2177054310,4920,cudaLaunchKernel,0,8058,3216692,3216692,20,python
2177060011,4619,cudaLaunchKernel,0,8060,3216692,3216692,20,python
2177065371,4559,cudaLaunchKernel,0,8062,3216692,3216692,20,python
2177070752,4608,cudaLaunchKernel,0,8064,3216692,3216692,20,python
2177076142,4589,cudaLaunchKernel,0,8066,3216692,3216692,20,python
2177081512,4429,cudaLaunchKernel,0,8068,3216692,3216692,20,python
2177086542,4659,cudaLaunchKernel,0,8069,3216692,3216692,20,python
2177091862,3196,cudaMemsetAsync,0,8071,3216692,3216692,20,python
2177095329,2685,cudaMemsetAsync,0,8072,3216692,3216692,20,python
2177098324,2686,cudaMemsetAsync,0,8073,3216692,3216692,20,python
2177101260,2645,cudaMemsetAsync,0,8074,3216692,3216692,20,python
2177104226,2705,cudaMemsetAsync,0,8075,3216692,3216692,20,python
2177107191,2696,cudaMemsetAsync,0,8076,3216692,3216692,20,python
2177111139,4739,cudaLaunchKernel,0,8077,3216692,3216692,20,python
2177116639,4860,cudaLaunchKernel,0,8079,3216692,3216692,20,python
2177122280,4649,cudaLaunchKernel,0,8081,3216692,3216692,20,python
2177127681,4729,cudaLaunchKernel,0,8083,3216692,3216692,20,python
2177133171,4378,cudaLaunchKernel,0,8085,3216692,3216692,20,python
2177139012,4599,cudaLaunchKernel,0,8087,3216692,3216692,20,python
2177144493,4609,cudaLaunchKernel,0,8089,3216692,3216692,20,python
2177149963,4529,cudaLaunchKernel,0,8091,3216692,3216692,20,python
2177155233,4569,cudaLaunchKernel,0,8093,3216692,3216692,20,python
2177160553,4429,cudaLaunchKernel,0,8095,3216692,3216692,20,python
2177166284,4499,cudaLaunchKernel,0,8097,3216692,3216692,20,python
2177171555,4668,cudaLaunchKernel,0,8099,3216692,3216692,20,python
2177177005,4759,cudaLaunchKernel,0,8101,3216692,3216692,20,python
2177182546,4608,cudaLaunchKernel,0,8103,3216692,3216692,20,python
2177187946,4639,cudaLaunchKernel,0,8105,3216692,3216692,20,python
2177193076,4458,cudaLaunchKernel,0,8106,3216692,3216692,20,python
2177198015,4369,cudaLaunchKernel,0,8107,3216692,3216692,20,python
2177202885,4478,cudaLaunchKernel,0,8108,3216692,3216692,20,python
2177207934,3206,cudaMemsetAsync,0,8110,3216692,3216692,20,python
2177211401,2745,cudaMemsetAsync,0,8111,3216692,3216692,20,python
2177214647,4639,cudaLaunchKernel,0,8112,3216692,3216692,20,python
2177220458,4459,cudaLaunchKernel,0,8114,3216692,3216692,20,python
2177225718,4389,cudaLaunchKernel,0,8116,3216692,3216692,20,python
2177230918,4719,cudaLaunchKernel,0,8118,3216692,3216692,20,python
2177236369,4458,cudaLaunchKernel,0,8120,3216692,3216692,20,python
2177241569,4328,cudaLaunchKernel,0,8122,3216692,3216692,20,python
2177246428,4488,cudaLaunchKernel,0,8123,3216692,3216692,20,python
2177251488,3095,cudaMemsetAsync,0,8125,3216692,3216692,20,python
2177254874,2645,cudaMemsetAsync,0,8126,3216692,3216692,20,python
2177261677,4619,cudaLaunchKernel,0,8127,3216692,3216692,20,python
2177267087,4699,cudaLaunchKernel,0,8129,3216692,3216692,20,python
2177272678,9599,cudaLaunchKernel,0,8131,3216692,3216692,20,python
2177283218,4649,cudaLaunchKernel,0,8133,3216692,3216692,20,python
2177288659,4589,cudaLaunchKernel,0,8135,3216692,3216692,20,python
2177294069,4699,cudaLaunchKernel,0,8137,3216692,3216692,20,python
2177299299,3106,cudaMemsetAsync,0,8139,3216692,3216692,20,python
2177302976,4489,cudaLaunchKernel,0,8140,3216692,3216692,20,python
2177308757,4709,cudaLaunchKernel,0,8142,3216692,3216692,20,python
2177314298,4508,cudaLaunchKernel,0,8144,3216692,3216692,20,python
2177319598,4639,cudaLaunchKernel,0,8146,3216692,3216692,20,python
2177324768,10159,cudaMemsetAsync,0,8148,3216692,3216692,20,python
2177335518,4679,cudaLaunchKernel,0,8149,3216692,3216692,20,python
2177341249,4559,cudaLaunchKernel,0,8151,3216692,3216692,20,python
2177346560,4478,cudaLaunchKernel,0,8153,3216692,3216692,20,python
2177351780,4568,cudaLaunchKernel,0,8155,3216692,3216692,20,python
2177357050,4418,cudaLaunchKernel,0,8157,3216692,3216692,20,python
2177362210,4578,cudaLaunchKernel,0,8159,3216692,3216692,20,python
2177367339,3237,cudaMemsetAsync,0,8161,3216692,3216692,20,python
2177371056,4499,cudaLaunchKernel,0,8162,3216692,3216692,20,python
2177376848,4538,cudaLaunchKernel,0,8164,3216692,3216692,20,python
2177382208,4528,cudaLaunchKernel,0,8166,3216692,3216692,20,python
2177387558,4439,cudaLaunchKernel,0,8168,3216692,3216692,20,python
2177392798,4579,cudaLaunchKernel,0,8170,3216692,3216692,20,python
2177398228,4569,cudaLaunchKernel,0,8172,3216692,3216692,20,python
2177403609,4468,cudaLaunchKernel,0,8174,3216692,3216692,20,python
2177408869,4529,cudaLaunchKernel,0,8176,3216692,3216692,20,python
2177414179,4519,cudaLaunchKernel,0,8178,3216692,3216692,20,python
2177419449,4509,cudaLaunchKernel,0,8180,3216692,3216692,20,python
2177424479,3076,cudaMemsetAsync,0,8182,3216692,3216692,20,python
2177428036,4458,cudaLaunchKernel,0,8183,3216692,3216692,20,python
2177433636,4449,cudaLaunchKernel,0,8185,3216692,3216692,20,python
2177438856,4379,cudaLaunchKernel,0,8187,3216692,3216692,20,python
2177443996,4388,cudaLaunchKernel,0,8189,3216692,3216692,20,python
2177449176,4479,cudaLaunchKernel,0,8191,3216692,3216692,20,python
2177454426,4669,cudaLaunchKernel,0,8193,3216692,3216692,20,python
2177459856,4429,cudaLaunchKernel,0,8195,3216692,3216692,20,python
2177465096,4619,cudaLaunchKernel,0,8197,3216692,3216692,20,python
2177470497,4619,cudaLaunchKernel,0,8199,3216692,3216692,20,python
2177475887,4419,cudaLaunchKernel,0,8201,3216692,3216692,20,python
2177481067,4378,cudaLaunchKernel,0,8203,3216692,3216692,20,python
2177486177,4518,cudaLaunchKernel,0,8205,3216692,3216692,20,python
2177491517,4679,cudaLaunchKernel,0,8207,3216692,3216692,20,python
2177496988,4699,cudaLaunchKernel,0,8209,3216692,3216692,20,python
2177502468,4809,cudaLaunchKernel,0,8211,3216692,3216692,20,python
2177507838,4589,cudaLaunchKernel,0,8212,3216692,3216692,20,python
2177513169,4418,cudaLaunchKernel,0,8214,3216692,3216692,20,python
2177518168,3116,cudaMemsetAsync,0,8216,3216692,3216692,20,python
2177521555,2725,cudaMemsetAsync,0,8217,3216692,3216692,20,python
2177525402,4579,cudaLaunchKernel,0,8218,3216692,3216692,20,python
2177530742,4419,cudaLaunchKernel,0,8220,3216692,3216692,20,python
2177535972,4749,cudaLaunchKernel,0,8222,3216692,3216692,20,python
2177541513,4398,cudaLaunchKernel,0,8224,3216692,3216692,20,python
2177546422,4348,cudaLaunchKernel,0,8225,3216692,3216692,20,python
2177551612,4980,cudaLaunchKernel,0,8227,3216692,3216692,20,python
2177558215,3116,cudaMemsetAsync,0,8229,3216692,3216692,20,python
2177561601,2705,cudaMemsetAsync,0,8230,3216692,3216692,20,python
2177564787,4820,cudaLaunchKernel,0,8231,3216692,3216692,20,python
2177570388,4859,cudaLaunchKernel,0,8233,3216692,3216692,20,python
2177575788,2986,cudaMemsetAsync,0,8235,3216692,3216692,20,python
2177579285,4459,cudaLaunchKernel,0,8236,3216692,3216692,20,python
2177586008,4889,cudaLaunchKernel,0,8238,3216692,3216692,20,python
2177591999,4589,cudaLaunchKernel,0,8240,3216692,3216692,20,python
2177597199,7465,cudaMemcpyAsync,0,8242,3216692,3216692,20,python
2177604964,3998,cudaMemcpyAsync,0,8243,3216692,3216692,20,python
2177609262,3647,cudaEventRecord,0,8244,3216692,3216692,20,python
2177613200,6010897,cudaEventSynchronize,0,8245,3216692,3216692,20,python
2183624558,1793,cudaStreamSynchronize,0,8246,3216692,3216692,20,python
2183627774,9288,cudaLaunchKernel,0,8247,3216692,3216692,20,python
2183637753,3627,cudaEventRecord,0,8249,3216692,3216692,20,python
2183641650,962,cudaEventSynchronize,0,8250,3216692,3216692,20,python
2183691486,8386,cudaFree,0,8252,3216692,3216692,20,python
2183724319,2915,cudaDeviceSynchronize,0,8255,3216692,3216692,20,python
2183737414,1302,cudaDeviceSynchronize,0,8259,3216692,3216692,20,python
2183925344,8345,cudaMalloc,0,8262,3216692,3216692,20,python
2183979237,1032,cudaStreamIsCapturing_v10000,0,8265,3216692,3216692,20,python
2183980619,722,cudaStreamGetDevice_v12080,0,8266,3216692,3216692,20,python
2183999095,461,cudaStreamIsCapturing_v10000,0,8299,3216692,3216692,20,python
2183999766,431,cudaStreamGetDevice_v12080,0,8300,3216692,3216692,20,python
2184005667,5701,cudaMemsetAsync,0,8311,3216692,3216692,20,python
2184011859,6603,cudaMemcpyAsync,0,8312,3216692,3216692,20,python
2184018812,4920,cudaMemcpyAsync,0,8313,3216692,3216692,20,python
2184024052,4299,cudaMemcpyAsync,0,8314,3216692,3216692,20,python
2184028711,4018,cudaMemcpyAsync,0,8315,3216692,3216692,20,python
2184033060,4047,cudaMemcpyAsync,0,8316,3216692,3216692,20,python
2184038099,10400,cudaLaunchKernel,0,8317,3216692,3216692,20,python
2184049231,5260,cudaMemcpyAsync,0,8319,3216692,3216692,20,python
2184054861,3888,cudaEventRecord,0,8320,3216692,3216692,20,python
2184059069,2135,cudaEventSynchronize,0,8321,3216692,3216692,20,python
2184063097,541,cudaStreamIsCapturing_v10000,0,8323,3216692,3216692,20,python
2184064039,4168,cudaMemcpyAsync,0,8324,3216692,3216692,20,python
2184068668,3637,cudaMemsetAsync,0,8325,3216692,3216692,20,python
2184072635,3026,cudaEventRecord,0,8326,3216692,3216692,20,python
2184076012,1733,cudaStreamWaitEvent,0,8327,3216692,3216692,20,python
2184078086,7484,cudaLaunchHostFunc_v10000,0,8328,3216692,3216692,20,python
2184086382,6562,cudaLaunchKernel,0,8329,3216692,3216692,20,python
2184099797,3527,cudaMemsetAsync,0,8331,3216692,3216692,20,python
2184103595,2875,cudaMemsetAsync,0,8332,3216692,3216692,20,python
2184106791,3056,cudaMemsetAsync,0,8333,3216692,3216692,20,python
2184110097,2735,cudaMemsetAsync,0,8334,3216692,3216692,20,python
2184113153,2866,cudaMemsetAsync,0,8335,3216692,3216692,20,python
2184116339,2725,cudaMemsetAsync,0,8336,3216692,3216692,20,python
2184119335,2835,cudaMemsetAsync,0,8337,3216692,3216692,20,python
2184122451,3396,cudaMemsetAsync,0,8338,3216692,3216692,20,python
2184126118,3987,cudaMemsetAsync,0,8339,3216692,3216692,20,python
2184130647,5630,cudaLaunchKernel,0,8340,3216692,3216692,20,python
2184137079,5500,cudaLaunchKernel,0,8342,3216692,3216692,20,python
2184143351,4779,cudaLaunchKernel,0,8344,3216692,3216692,20,python
2184149222,4779,cudaLaunchKernel,0,8346,3216692,3216692,20,python
2184154803,4799,cudaLaunchKernel,0,8348,3216692,3216692,20,python
2184160363,4549,cudaLaunchKernel,0,8350,3216692,3216692,20,python
2184165714,4618,cudaLaunchKernel,0,8352,3216692,3216692,20,python
2184171094,4589,cudaLaunchKernel,0,8354,3216692,3216692,20,python
2184176945,5320,cudaLaunchKernel,0,8356,3216692,3216692,20,python
2184183047,5270,cudaLaunchKernel,0,8358,3216692,3216692,20,python
2184189118,5210,cudaLaunchKernel,0,8360,3216692,3216692,20,python
2184195100,5340,cudaLaunchKernel,0,8362,3216692,3216692,20,python
2184201222,5240,cudaLaunchKernel,0,8364,3216692,3216692,20,python
2184207223,4689,cudaLaunchKernel,0,8366,3216692,3216692,20,python
2184213064,4639,cudaLaunchKernel,0,8368,3216692,3216692,20,python
2184218485,4629,cudaLaunchKernel,0,8370,3216692,3216692,20,python
2184223915,4889,cudaLaunchKernel,0,8372,3216692,3216692,20,python
2184229586,4889,cudaLaunchKernel,0,8374,3216692,3216692,20,python
2184235327,4539,cudaLaunchKernel,0,8376,3216692,3216692,20,python
2184240657,4759,cudaLaunchKernel,0,8378,3216692,3216692,20,python
2184246659,4789,cudaLaunchKernel,0,8380,3216692,3216692,20,python
2184252269,4599,cudaLaunchKernel,0,8382,3216692,3216692,20,python
2184257910,4859,cudaLaunchKernel,0,8384,3216692,3216692,20,python
2184263501,4569,cudaLaunchKernel,0,8386,3216692,3216692,20,python
2184268851,4759,cudaLaunchKernel,0,8388,3216692,3216692,20,python
2184274462,5130,cudaLaunchKernel,0,8390,3216692,3216692,20,python
2184280273,3897,cudaMemsetAsync,0,8392,3216692,3216692,20,python
2184284451,3106,cudaMemsetAsync,0,8393,3216692,3216692,20,python
2184288429,5019,cudaLaunchKernel,0,8394,3216692,3216692,20,python
2184294260,4568,cudaLaunchKernel,0,8396,3216692,3216692,20,python
2184299560,4779,cudaLaunchKernel,0,8398,3216692,3216692,20,python
2184305080,4669,cudaLaunchKernel,0,8400,3216692,3216692,20,python
2184310501,4418,cudaLaunchKernel,0,8402,3216692,3216692,20,python
2184315671,4468,cudaLaunchKernel,0,8404,3216692,3216692,20,python
2184321071,4629,cudaLaunchKernel,0,8406,3216692,3216692,20,python
2184338494,5050,cudaLaunchKernel,0,8412,3216692,3216692,20,python
2184344376,3436,cudaMemsetAsync,0,8414,3216692,3216692,20,python
2184348083,2755,cudaMemsetAsync,0,8415,3216692,3216692,20,python
2184353323,4809,cudaLaunchKernel,0,8416,3216692,3216692,20,python
2184358683,3096,cudaMemsetAsync,0,8418,3216692,3216692,20,python
2184362290,8917,cudaLaunchKernel,0,8419,3216692,3216692,20,python
2184372139,5210,cudaLaunchKernel,0,8421,3216692,3216692,20,python
2184378972,4539,cudaLaunchKernel,0,8423,3216692,3216692,20,python
2184384302,3377,cudaMemsetAsync,0,8425,3216692,3216692,20,python
2184389061,4719,cudaLaunchKernel,0,8426,3216692,3216692,20,python
2184394472,4558,cudaLaunchKernel,0,8428,3216692,3216692,20,python
2184399742,4348,cudaLaunchKernel,0,8430,3216692,3216692,20,python
2184404892,4157,cudaLaunchKernel,0,8432,3216692,3216692,20,python
2184409891,4559,cudaLaunchKernel,0,8434,3216692,3216692,20,python
2184415261,4559,cudaLaunchKernel,0,8436,3216692,3216692,20,python
2184420551,4409,cudaLaunchKernel,0,8438,3216692,3216692,20,python
2184425581,2996,cudaMemsetAsync,0,8440,3216692,3216692,20,python
2184429078,4448,cudaLaunchKernel,0,8441,3216692,3216692,20,python
2184434198,4568,cudaLaunchKernel,0,8443,3216692,3216692,20,python
2184439518,4308,cudaLaunchKernel,0,8445,3216692,3216692,20,python
2184444648,4148,cudaLaunchKernel,0,8447,3216692,3216692,20,python
2184449818,4729,cudaLaunchKernel,0,8449,3216692,3216692,20,python
2184455248,4468,cudaLaunchKernel,0,8451,3216692,3216692,20,python
2184460408,4118,cudaLaunchKernel,0,8453,3216692,3216692,20,python
2184465618,5220,cudaLaunchKernel,0,8455,3216692,3216692,20,python
2184472761,4780,cudaLaunchKernel,0,8457,3216692,3216692,20,python
2184479214,3316,cudaMemsetAsync,0,8460,3216692,3216692,20,python
2184483823,601,cudaStreamIsCapturing_v10000,0,8462,3216692,3216692,20,python
2184484694,1754,cudaStreamWaitEvent,0,8463,3216692,3216692,20,python
2184486748,8737,cudaMemcpyAsync,0,8464,3216692,3216692,20,python
2184495826,3877,cudaEventRecord,0,8465,3216692,3216692,20,python
2184500074,521,cudaStreamIsCapturing_v10000,0,8466,3216692,3216692,20,python
2184500965,14498,cudaGraphLaunch_v10000,0,8467,3216692,3216692,20,python
2184516365,3667,cudaMemsetAsync,0,8468,3216692,3216692,20,python
2184520292,2816,cudaMemsetAsync,0,8469,3216692,3216692,20,python
2184523368,2816,cudaMemsetAsync,0,8470,3216692,3216692,20,python
2184526434,2816,cudaMemsetAsync,0,8471,3216692,3216692,20,python
2184529510,2725,cudaMemsetAsync,0,8472,3216692,3216692,20,python
2184532496,2695,cudaMemsetAsync,0,8473,3216692,3216692,20,python
2184535451,2706,cudaMemsetAsync,0,8474,3216692,3216692,20,python
2184538828,6462,cudaLaunchKernel,0,8475,3216692,3216692,20,python
2184545881,3046,cudaMemsetAsync,0,8477,3216692,3216692,20,python
2184549478,4960,cudaLaunchKernel,0,8478,3216692,3216692,20,python
2184555730,4629,cudaLaunchKernel,0,8480,3216692,3216692,20,python
2184561221,4579,cudaLaunchKernel,0,8482,3216692,3216692,20,python
2184566611,4529,cudaLaunchKernel,0,8484,3216692,3216692,20,python
2184571981,4609,cudaLaunchKernel,0,8486,3216692,3216692,20,python
2184577382,4428,cudaLaunchKernel,0,8488,3216692,3216692,20,python
2184582652,4829,cudaLaunchKernel,0,8490,3216692,3216692,20,python
2184588373,4548,cudaLaunchKernel,0,8492,3216692,3216692,20,python
2184593843,3166,cudaMemsetAsync,0,8494,3216692,3216692,20,python
2184597290,2655,cudaMemsetAsync,0,8495,3216692,3216692,20,python
2184600215,2666,cudaMemsetAsync,0,8496,3216692,3216692,20,python
2184603432,4719,cudaLaunchKernel,0,8497,3216692,3216692,20,python
2184608722,2935,cudaMemsetAsync,0,8499,3216692,3216692,20,python
2184611928,2715,cudaMemsetAsync,0,8500,3216692,3216692,20,python
2184615425,4829,cudaLaunchKernel,0,8501,3216692,3216692,20,python
2184621025,4769,cudaLaunchKernel,0,8503,3216692,3216692,20,python
2184626566,4509,cudaLaunchKernel,0,8505,3216692,3216692,20,python
2184631876,4699,cudaLaunchKernel,0,8507,3216692,3216692,20,python
2184637407,4929,cudaLaunchKernel,0,8509,3216692,3216692,20,python
2184644600,3066,cudaMemsetAsync,0,8511,3216692,3216692,20,python
2184647947,2715,cudaMemsetAsync,0,8512,3216692,3216692,20,python
2184651173,4909,cudaLaunchKernel,0,8513,3216692,3216692,20,python
2184656684,2975,cudaMemsetAsync,0,8515,3216692,3216692,20,python
2184659920,2675,cudaMemsetAsync,0,8516,3216692,3216692,20,python
2184663707,4719,cudaLaunchKernel,0,8517,3216692,3216692,20,python
2184669238,4608,cudaLaunchKernel,0,8519,3216692,3216692,20,python
2184674628,7624,cudaLaunchKernel,0,8521,3216692,3216692,20,python
2184683114,4619,cudaLaunchKernel,0,8523,3216692,3216692,20,python
2184688294,3056,cudaMemsetAsync,0,8525,3216692,3216692,20,python
2184691630,2645,cudaMemsetAsync,0,8526,3216692,3216692,20,python
2184695057,4569,cudaLaunchKernel,0,8527,3216692,3216692,20,python
2184700417,4649,cudaLaunchKernel,0,8529,3216692,3216692,20,python
2184705848,4588,cudaLaunchKernel,0,8531,3216692,3216692,20,python
2184711008,2965,cudaMemsetAsync,0,8533,3216692,3216692,20,python
2184714244,2715,cudaMemsetAsync,0,8534,3216692,3216692,20,python
2184717740,2766,cudaMemsetAsync,0,8535,3216692,3216692,20,python
2184721087,4789,cudaLaunchKernel,0,8536,3216692,3216692,20,python
2184726718,4608,cudaLaunchKernel,0,8538,3216692,3216692,20,python
2184732148,4779,cudaLaunchKernel,0,8540,3216692,3216692,20,python
2184737739,4598,cudaLaunchKernel,0,8542,3216692,3216692,20,python
2184743159,4479,cudaLaunchKernel,0,8544,3216692,3216692,20,python
2184748449,4669,cudaLaunchKernel,0,8546,3216692,3216692,20,python
2184753679,3136,cudaMemsetAsync,0,8548,3216692,3216692,20,python
2184757086,2635,cudaMemsetAsync,0,8549,3216692,3216692,20,python
2184760763,4779,cudaLaunchKernel,0,8550,3216692,3216692,20,python
2184766333,4669,cudaLaunchKernel,0,8552,3216692,3216692,20,python
2184771774,4609,cudaLaunchKernel,0,8554,3216692,3216692,20,python
2184777164,4930,cudaLaunchKernel,0,8556,3216692,3216692,20,python
2184782865,4519,cudaLaunchKernel,0,8558,3216692,3216692,20,python
2184788255,4549,cudaLaunchKernel,0,8560,3216692,3216692,20,python
2184793596,4689,cudaLaunchKernel,0,8562,3216692,3216692,20,python
2184798916,3076,cudaMemsetAsync,0,8564,3216692,3216692,20,python
2184802272,2695,cudaMemsetAsync,0,8565,3216692,3216692,20,python
2184806520,4790,cudaLaunchKernel,0,8566,3216692,3216692,20,python
2184812111,4729,cudaLaunchKernel,0,8568,3216692,3216692,20,python
2184817612,4588,cudaLaunchKernel,0,8570,3216692,3216692,20,python
2184822952,4609,cudaLaunchKernel,0,8572,3216692,3216692,20,python
2184828132,3016,cudaMemsetAsync,0,8574,3216692,3216692,20,python
2184831428,2655,cudaMemsetAsync,0,8575,3216692,3216692,20,python
2184834354,2645,cudaMemsetAsync,0,8576,3216692,3216692,20,python
2184837981,4749,cudaLaunchKernel,0,8577,3216692,3216692,20,python
2184843511,4679,cudaLaunchKernel,0,8579,3216692,3216692,20,python
2184848962,4578,cudaLaunchKernel,0,8581,3216692,3216692,20,python
2184854372,4549,cudaLaunchKernel,0,8583,3216692,3216692,20,python
2184859722,4599,cudaLaunchKernel,0,8585,3216692,3216692,20,python
2184865143,4518,cudaLaunchKernel,0,8587,3216692,3216692,20,python
2184870262,4780,cudaLaunchKernel,0,8588,3216692,3216692,20,python
2184875693,3076,cudaMemsetAsync,0,8590,3216692,3216692,20,python
2184879049,2665,cudaMemsetAsync,0,8591,3216692,3216692,20,python
2184882015,2735,cudaMemsetAsync,0,8592,3216692,3216692,20,python
2184885001,2765,cudaMemsetAsync,0,8593,3216692,3216692,20,python
2184888087,2745,cudaMemsetAsync,0,8594,3216692,3216692,20,python
2184891092,2625,cudaMemsetAsync,0,8595,3216692,3216692,20,python
2184894990,4809,cudaLaunchKernel,0,8596,3216692,3216692,20,python
2184900570,4820,cudaLaunchKernel,0,8598,3216692,3216692,20,python
2184906201,4729,cudaLaunchKernel,0,8600,3216692,3216692,20,python
2184911702,4508,cudaLaunchKernel,0,8602,3216692,3216692,20,python
2184916972,4398,cudaLaunchKernel,0,8604,3216692,3216692,20,python
2184922893,4639,cudaLaunchKernel,0,8606,3216692,3216692,20,python
2184928263,4679,cudaLaunchKernel,0,8608,3216692,3216692,20,python
2184933764,4509,cudaLaunchKernel,0,8610,3216692,3216692,20,python
2184939024,4529,cudaLaunchKernel,0,8612,3216692,3216692,20,python
2184944505,4378,cudaLaunchKernel,0,8614,3216692,3216692,20,python
2184950155,4459,cudaLaunchKernel,0,8616,3216692,3216692,20,python
2184955385,4820,cudaLaunchKernel,0,8618,3216692,3216692,20,python
2184960956,4839,cudaLaunchKernel,0,8620,3216692,3216692,20,python
2184966577,4548,cudaLaunchKernel,0,8622,3216692,3216692,20,python
2184971927,4439,cudaLaunchKernel,0,8624,3216692,3216692,20,python
2184976846,4439,cudaLaunchKernel,0,8625,3216692,3216692,20,python
2184981756,4428,cudaLaunchKernel,0,8626,3216692,3216692,20,python
2184986685,7204,cudaLaunchKernel,0,8627,3216692,3216692,20,python
2184994490,3297,cudaMemsetAsync,0,8629,3216692,3216692,20,python
2184998067,2635,cudaMemsetAsync,0,8630,3216692,3216692,20,python
2185001193,4629,cudaLaunchKernel,0,8631,3216692,3216692,20,python
2185006994,4499,cudaLaunchKernel,0,8633,3216692,3216692,20,python
2185012274,4329,cudaLaunchKernel,0,8635,3216692,3216692,20,python
2185017364,4639,cudaLaunchKernel,0,8637,3216692,3216692,20,python
2185022734,4359,cudaLaunchKernel,0,8639,3216692,3216692,20,python
2185027854,4358,cudaLaunchKernel,0,8641,3216692,3216692,20,python
2185032763,4559,cudaLaunchKernel,0,8642,3216692,3216692,20,python
2185038114,3046,cudaMemsetAsync,0,8644,3216692,3216692,20,python
2185041430,2625,cudaMemsetAsync,0,8645,3216692,3216692,20,python
2185048173,4559,cudaLaunchKernel,0,8646,3216692,3216692,20,python
2185053573,4669,cudaLaunchKernel,0,8648,3216692,3216692,20,python
2185059094,4739,cudaLaunchKernel,0,8650,3216692,3216692,20,python
2185064644,4589,cudaLaunchKernel,0,8652,3216692,3216692,20,python
2185070015,4649,cudaLaunchKernel,0,8654,3216692,3216692,20,python
2185075485,4769,cudaLaunchKernel,0,8656,3216692,3216692,20,python
2185080805,3136,cudaMemsetAsync,0,8658,3216692,3216692,20,python
2185084503,4508,cudaLaunchKernel,0,8659,3216692,3216692,20,python
2185090274,4618,cudaLaunchKernel,0,8661,3216692,3216692,20,python
2185095724,4599,cudaLaunchKernel,0,8663,3216692,3216692,20,python
2185101114,4669,cudaLaunchKernel,0,8665,3216692,3216692,20,python
2185106324,3086,cudaMemsetAsync,0,8667,3216692,3216692,20,python
2185109931,4389,cudaLaunchKernel,0,8668,3216692,3216692,20,python
2185115342,4508,cudaLaunchKernel,0,8670,3216692,3216692,20,python
2185120602,4478,cudaLaunchKernel,0,8672,3216692,3216692,20,python
2185125832,4448,cudaLaunchKernel,0,8674,3216692,3216692,20,python
2185130971,4329,cudaLaunchKernel,0,8676,3216692,3216692,20,python
2185136031,4549,cudaLaunchKernel,0,8678,3216692,3216692,20,python
2185141131,3286,cudaMemsetAsync,0,8680,3216692,3216692,20,python
2185144908,4599,cudaLaunchKernel,0,8681,3216692,3216692,20,python
2185150870,4558,cudaLaunchKernel,0,8683,3216692,3216692,20,python
2185156260,4498,cudaLaunchKernel,0,8685,3216692,3216692,20,python
2185161570,4489,cudaLaunchKernel,0,8687,3216692,3216692,20,python
2185166860,4569,cudaLaunchKernel,0,8689,3216692,3216692,20,python
2185172311,4538,cudaLaunchKernel,0,8691,3216692,3216692,20,python
2185177671,4659,cudaLaunchKernel,0,8693,3216692,3216692,20,python
2185183111,4599,cudaLaunchKernel,0,8695,3216692,3216692,20,python
2185188502,4548,cudaLaunchKernel,0,8697,3216692,3216692,20,python
2185193802,4528,cudaLaunchKernel,0,8699,3216692,3216692,20,python
2185198942,3186,cudaMemsetAsync,0,8701,3216692,3216692,20,python
2185202619,4438,cudaLaunchKernel,0,8702,3216692,3216692,20,python
2185208239,4419,cudaLaunchKernel,0,8704,3216692,3216692,20,python
2185213449,4349,cudaLaunchKernel,0,8706,3216692,3216692,20,python
2185218559,4338,cudaLaunchKernel,0,8708,3216692,3216692,20,python
2185223689,4358,cudaLaunchKernel,0,8710,3216692,3216692,20,python
2185228839,4478,cudaLaunchKernel,0,8712,3216692,3216692,20,python
2185234099,4428,cudaLaunchKernel,0,8714,3216692,3216692,20,python
2185239359,4549,cudaLaunchKernel,0,8716,3216692,3216692,20,python
2185244699,4539,cudaLaunchKernel,0,8718,3216692,3216692,20,python
2185250019,4429,cudaLaunchKernel,0,8720,3216692,3216692,20,python
2185255199,4389,cudaLaunchKernel,0,8722,3216692,3216692,20,python
2185260329,4489,cudaLaunchKernel,0,8724,3216692,3216692,20,python
2185265649,4629,cudaLaunchKernel,0,8726,3216692,3216692,20,python
2185271060,4659,cudaLaunchKernel,0,8728,3216692,3216692,20,python
2185276490,4418,cudaLaunchKernel,0,8730,3216692,3216692,20,python
2185281450,4548,cudaLaunchKernel,0,8731,3216692,3216692,20,python
2185286740,4378,cudaLaunchKernel,0,8733,3216692,3216692,20,python
2185291699,3196,cudaMemsetAsync,0,8735,3216692,3216692,20,python
2185295166,2715,cudaMemsetAsync,0,8736,3216692,3216692,20,python
2185299033,4489,cudaLaunchKernel,0,8737,3216692,3216692,20,python
2185304283,4439,cudaLaunchKernel,0,8739,3216692,3216692,20,python
2185309523,4749,cudaLaunchKernel,0,8741,3216692,3216692,20,python
2185315064,6923,cudaLaunchKernel,0,8743,3216692,3216692,20,python
2185322538,4449,cudaLaunchKernel,0,8744,3216692,3216692,20,python
2185327929,11451,cudaLaunchKernel,0,8746,3216692,3216692,20,python
2185341094,3466,cudaMemsetAsync,0,8748,3216692,3216692,20,python
2185344831,2765,cudaMemsetAsync,0,8749,3216692,3216692,20,python
2185348107,4859,cudaLaunchKernel,0,8750,3216692,3216692,20,python
2185353768,4889,cudaLaunchKernel,0,8752,3216692,3216692,20,python
2185359208,3036,cudaMemsetAsync,0,8754,3216692,3216692,20,python
2185362765,4649,cudaLaunchKernel,0,8755,3216692,3216692,20,python
2185369729,4969,cudaLaunchKernel,0,8757,3216692,3216692,20,python
2185375800,4659,cudaLaunchKernel,0,8759,3216692,3216692,20,python
2185381070,7475,cudaMemcpyAsync,0,8761,3216692,3216692,20,python
2185388845,3968,cudaMemcpyAsync,0,8762,3216692,3216692,20,python
2185393123,3637,cudaEventRecord,0,8763,3216692,3216692,20,python
2185397061,6012510,cudaEventSynchronize,0,8764,3216692,3216692,20,python
2191410062,1803,cudaStreamSynchronize,0,8765,3216692,3216692,20,python
2191413298,6092,cudaLaunchKernel,0,8766,3216692,3216692,20,python
2191420041,3356,cudaEventRecord,0,8768,3216692,3216692,20,python
2191423668,942,cudaEventSynchronize,0,8769,3216692,3216692,20,python
2191473042,8156,cudaFree,0,8771,3216692,3216692,20,python
2191505124,2885,cudaDeviceSynchronize,0,8774,3216692,3216692,20,python
2191517678,1352,cudaDeviceSynchronize,0,8778,3216692,3216692,20,python
2191721658,8617,cudaMalloc,0,8781,3216692,3216692,20,python
2191776203,1042,cudaStreamIsCapturing_v10000,0,8784,3216692,3216692,20,python
2191777625,702,cudaStreamGetDevice_v12080,0,8785,3216692,3216692,20,python
2191796151,481,cudaStreamIsCapturing_v10000,0,8818,3216692,3216692,20,python
2191796842,441,cudaStreamGetDevice_v12080,0,8819,3216692,3216692,20,python
2191803044,5841,cudaMemsetAsync,0,8830,3216692,3216692,20,python
2191809376,6553,cudaMemcpyAsync,0,8831,3216692,3216692,20,python
2191816269,4840,cudaMemcpyAsync,0,8832,3216692,3216692,20,python
2191821439,4148,cudaMemcpyAsync,0,8833,3216692,3216692,20,python
2191825938,3967,cudaMemcpyAsync,0,8834,3216692,3216692,20,python
2191830236,3988,cudaMemcpyAsync,0,8835,3216692,3216692,20,python
2191835155,10330,cudaLaunchKernel,0,8836,3216692,3216692,20,python
2191846217,5109,cudaMemcpyAsync,0,8838,3216692,3216692,20,python
2191851707,3988,cudaEventRecord,0,8839,3216692,3216692,20,python
2191856025,1964,cudaEventSynchronize,0,8840,3216692,3216692,20,python
2191859923,521,cudaStreamIsCapturing_v10000,0,8842,3216692,3216692,20,python
2191860835,4067,cudaMemcpyAsync,0,8843,3216692,3216692,20,python
2191865283,3737,cudaMemsetAsync,0,8844,3216692,3216692,20,python
2191869321,3036,cudaEventRecord,0,8845,3216692,3216692,20,python
2191872707,1724,cudaStreamWaitEvent,0,8846,3216692,3216692,20,python
2191874771,7264,cudaLaunchHostFunc_v10000,0,8847,3216692,3216692,20,python
2191882787,6222,cudaLaunchKernel,0,8848,3216692,3216692,20,python
2191895872,3516,cudaMemsetAsync,0,8850,3216692,3216692,20,python
2191899669,2805,cudaMemsetAsync,0,8851,3216692,3216692,20,python
2191902795,2755,cudaMemsetAsync,0,8852,3216692,3216692,20,python
2191905811,2745,cudaMemsetAsync,0,8853,3216692,3216692,20,python
2191908877,2725,cudaMemsetAsync,0,8854,3216692,3216692,20,python
2191911902,2966,cudaMemsetAsync,0,8855,3216692,3216692,20,python
2191915119,3977,cudaMemsetAsync,0,8856,3216692,3216692,20,python
2191919367,3577,cudaMemsetAsync,0,8857,3216692,3216692,20,python
2191923394,2816,cudaMemsetAsync,0,8858,3216692,3216692,20,python
2191926751,5881,cudaLaunchKernel,0,8859,3216692,3216692,20,python
2191933434,5210,cudaLaunchKernel,0,8861,3216692,3216692,20,python
2191939415,4759,cudaLaunchKernel,0,8863,3216692,3216692,20,python
2191945276,4669,cudaLaunchKernel,0,8865,3216692,3216692,20,python
2191950727,4538,cudaLaunchKernel,0,8867,3216692,3216692,20,python
2191956027,4659,cudaLaunchKernel,0,8869,3216692,3216692,20,python
2191961487,4649,cudaLaunchKernel,0,8871,3216692,3216692,20,python
2191967098,5260,cudaLaunchKernel,0,8873,3216692,3216692,20,python
2191973751,5661,cudaLaunchKernel,0,8875,3216692,3216692,20,python
2191980183,5641,cudaLaunchKernel,0,8877,3216692,3216692,20,python
2191986625,5431,cudaLaunchKernel,0,8879,3216692,3216692,20,python
2191992847,5260,cudaLaunchKernel,0,8881,3216692,3216692,20,python
2191998889,4649,cudaLaunchKernel,0,8883,3216692,3216692,20,python
2192004339,4509,cudaLaunchKernel,0,8885,3216692,3216692,20,python
2192010000,4749,cudaLaunchKernel,0,8887,3216692,3216692,20,python
2192015511,4669,cudaLaunchKernel,0,8889,3216692,3216692,20,python
2192020991,4739,cudaLaunchKernel,0,8891,3216692,3216692,20,python
2192026562,4779,cudaLaunchKernel,0,8893,3216692,3216692,20,python
2192032173,4608,cudaLaunchKernel,0,8895,3216692,3216692,20,python
2192037553,5070,cudaLaunchKernel,0,8897,3216692,3216692,20,python
2192043915,4789,cudaLaunchKernel,0,8899,3216692,3216692,20,python
2192049526,4689,cudaLaunchKernel,0,8901,3216692,3216692,20,python
2192055237,4759,cudaLaunchKernel,0,8903,3216692,3216692,20,python
2192060767,4419,cudaLaunchKernel,0,8905,3216692,3216692,20,python
2192065977,4499,cudaLaunchKernel,0,8907,3216692,3216692,20,python
2192071338,5190,cudaLaunchKernel,0,8909,3216692,3216692,20,python
2192077239,7945,cudaMemsetAsync,0,8911,3216692,3216692,20,python
2192085475,2815,cudaMemsetAsync,0,8912,3216692,3216692,20,python
2192089312,5010,cudaLaunchKernel,0,8913,3216692,3216692,20,python
2192095093,4419,cudaLaunchKernel,0,8915,3216692,3216692,20,python
2192100253,4869,cudaLaunchKernel,0,8917,3216692,3216692,20,python
2192105884,4558,cudaLaunchKernel,0,8919,3216692,3216692,20,python
2192111555,4749,cudaLaunchKernel,0,8921,3216692,3216692,20,python
2192117035,4529,cudaLaunchKernel,0,8923,3216692,3216692,20,python
2192122516,4508,cudaLaunchKernel,0,8925,3216692,3216692,20,python
2192132505,4639,cudaLaunchKernel,0,8931,3216692,3216692,20,python
2192137775,3206,cudaMemsetAsync,0,8933,3216692,3216692,20,python
2192141251,2736,cudaMemsetAsync,0,8934,3216692,3216692,20,python
2192146461,4749,cudaLaunchKernel,0,8935,3216692,3216692,20,python
2192151812,3106,cudaMemsetAsync,0,8937,3216692,3216692,20,python
2192155439,4829,cudaLaunchKernel,0,8938,3216692,3216692,20,python
2192161099,4990,cudaLaunchKernel,0,8940,3216692,3216692,20,python
2192167682,4459,cudaLaunchKernel,0,8942,3216692,3216692,20,python
2192172932,3126,cudaMemsetAsync,0,8944,3216692,3216692,20,python
2192177461,5069,cudaLaunchKernel,0,8945,3216692,3216692,20,python
2192183212,4528,cudaLaunchKernel,0,8947,3216692,3216692,20,python
2192188472,4789,cudaLaunchKernel,0,8949,3216692,3216692,20,python
2192194073,4188,cudaLaunchKernel,0,8951,3216692,3216692,20,python
2192199062,4449,cudaLaunchKernel,0,8953,3216692,3216692,20,python
2192204322,4509,cudaLaunchKernel,0,8955,3216692,3216692,20,python
2192209552,4359,cudaLaunchKernel,0,8957,3216692,3216692,20,python
2192214522,3035,cudaMemsetAsync,0,8959,3216692,3216692,20,python
2192218058,4339,cudaLaunchKernel,0,8960,3216692,3216692,20,python
2192223118,4409,cudaLaunchKernel,0,8962,3216692,3216692,20,python
2192228278,4198,cudaLaunchKernel,0,8964,3216692,3216692,20,python
2192233298,4118,cudaLaunchKernel,0,8966,3216692,3216692,20,python
2192238437,4509,cudaLaunchKernel,0,8968,3216692,3216692,20,python
2192243657,4259,cudaLaunchKernel,0,8970,3216692,3216692,20,python
2192248647,4078,cudaLaunchKernel,0,8972,3216692,3216692,20,python
2192253797,5210,cudaLaunchKernel,0,8974,3216692,3216692,20,python
2192260900,4720,cudaLaunchKernel,0,8976,3216692,3216692,20,python
2192267243,3146,cudaMemsetAsync,0,8979,3216692,3216692,20,python
2192271581,591,cudaStreamIsCapturing_v10000,0,8981,3216692,3216692,20,python
2192272453,1653,cudaStreamWaitEvent,0,8982,3216692,3216692,20,python
2192274406,8657,cudaMemcpyAsync,0,8983,3216692,3216692,20,python
2192283424,4037,cudaEventRecord,0,8984,3216692,3216692,20,python
2192287822,491,cudaStreamIsCapturing_v10000,0,8985,3216692,3216692,20,python
2192288614,14016,cudaGraphLaunch_v10000,0,8986,3216692,3216692,20,python
2192303532,3577,cudaMemsetAsync,0,8987,3216692,3216692,20,python
2192307379,2886,cudaMemsetAsync,0,8988,3216692,3216692,20,python
2192310525,2786,cudaMemsetAsync,0,8989,3216692,3216692,20,python
2192313571,2715,cudaMemsetAsync,0,8990,3216692,3216692,20,python
2192316537,2725,cudaMemsetAsync,0,8991,3216692,3216692,20,python
2192319523,2695,cudaMemsetAsync,0,8992,3216692,3216692,20,python
2192322478,2655,cudaMemsetAsync,0,8993,3216692,3216692,20,python
2192325815,14487,cudaLaunchKernel,0,8994,3216692,3216692,20,python
2192340994,3096,cudaMemsetAsync,0,8996,3216692,3216692,20,python
2192344671,4989,cudaLaunchKernel,0,8997,3216692,3216692,20,python
2192350993,4659,cudaLaunchKernel,0,8999,3216692,3216692,20,python
2192356544,4638,cudaLaunchKernel,0,9001,3216692,3216692,20,python
2192362024,4599,cudaLaunchKernel,0,9003,3216692,3216692,20,python
2192367474,4669,cudaLaunchKernel,0,9005,3216692,3216692,20,python
2192372955,4519,cudaLaunchKernel,0,9007,3216692,3216692,20,python
2192378335,4950,cudaLaunchKernel,0,9009,3216692,3216692,20,python
2192384207,4608,cudaLaunchKernel,0,9011,3216692,3216692,20,python
2192389657,3206,cudaMemsetAsync,0,9013,3216692,3216692,20,python
2192393154,2685,cudaMemsetAsync,0,9014,3216692,3216692,20,python
2192396119,2645,cudaMemsetAsync,0,9015,3216692,3216692,20,python
2192399295,4780,cudaLaunchKernel,0,9016,3216692,3216692,20,python
2192404646,6502,cudaMemsetAsync,0,9018,3216692,3216692,20,python
2192411439,2795,cudaMemsetAsync,0,9019,3216692,3216692,20,python
2192415106,4949,cudaLaunchKernel,0,9020,3216692,3216692,20,python
2192420767,4779,cudaLaunchKernel,0,9022,3216692,3216692,20,python
2192426367,4559,cudaLaunchKernel,0,9024,3216692,3216692,20,python
2192431738,4749,cudaLaunchKernel,0,9026,3216692,3216692,20,python
2192437338,5080,cudaLaunchKernel,0,9028,3216692,3216692,20,python
2192444662,3196,cudaMemsetAsync,0,9030,3216692,3216692,20,python
2192448149,2685,cudaMemsetAsync,0,9031,3216692,3216692,20,python
2192451375,5020,cudaLaunchKernel,0,9032,3216692,3216692,20,python
2192457016,2976,cudaMemsetAsync,0,9034,3216692,3216692,20,python
2192460292,2685,cudaMemsetAsync,0,9035,3216692,3216692,20,python
2192464099,4699,cudaLaunchKernel,0,9036,3216692,3216692,20,python
2192469620,4789,cudaLaunchKernel,0,9038,3216692,3216692,20,python
2192475191,4619,cudaLaunchKernel,0,9040,3216692,3216692,20,python
2192480651,4679,cudaLaunchKernel,0,9042,3216692,3216692,20,python
2192485911,3056,cudaMemsetAsync,0,9044,3216692,3216692,20,python
2192489248,2685,cudaMemsetAsync,0,9045,3216692,3216692,20,python
2192492704,4629,cudaLaunchKernel,0,9046,3216692,3216692,20,python
2192498145,4729,cudaLaunchKernel,0,9048,3216692,3216692,20,python
2192503685,4659,cudaLaunchKernel,0,9050,3216692,3216692,20,python
2192508935,3016,cudaMemsetAsync,0,9052,3216692,3216692,20,python
2192512222,2755,cudaMemsetAsync,0,9053,3216692,3216692,20,python
2192515768,2655,cudaMemsetAsync,0,9054,3216692,3216692,20,python
2192519015,4709,cudaLaunchKernel,0,9055,3216692,3216692,20,python
2192524555,4569,cudaLaunchKernel,0,9057,3216692,3216692,20,python
2192529976,4719,cudaLaunchKernel,0,9059,3216692,3216692,20,python
2192535516,4499,cudaLaunchKernel,0,9061,3216692,3216692,20,python
2192540836,4459,cudaLaunchKernel,0,9063,3216692,3216692,20,python
2192546106,4589,cudaLaunchKernel,0,9065,3216692,3216692,20,python
2192551266,3076,cudaMemsetAsync,0,9067,3216692,3216692,20,python
2192554613,2715,cudaMemsetAsync,0,9068,3216692,3216692,20,python
2192558350,4799,cudaLaunchKernel,0,9069,3216692,3216692,20,python
2192563951,4689,cudaLaunchKernel,0,9071,3216692,3216692,20,python
2192569471,4609,cudaLaunchKernel,0,9073,3216692,3216692,20,python
2192574861,4850,cudaLaunchKernel,0,9075,3216692,3216692,20,python
2192580502,4529,cudaLaunchKernel,0,9077,3216692,3216692,20,python
2192585873,4518,cudaLaunchKernel,0,9079,3216692,3216692,20,python
2192591193,4498,cudaLaunchKernel,0,9081,3216692,3216692,20,python
2192596343,3096,cudaMemsetAsync,0,9083,3216692,3216692,20,python
2192599729,2906,cudaMemsetAsync,0,9084,3216692,3216692,20,python
2192604188,5079,cudaLaunchKernel,0,9085,3216692,3216692,20,python
2192610129,4789,cudaLaunchKernel,0,9087,3216692,3216692,20,python
2192615720,4689,cudaLaunchKernel,0,9089,3216692,3216692,20,python
2192621210,4529,cudaLaunchKernel,0,9091,3216692,3216692,20,python
2192626320,3106,cudaMemsetAsync,0,9093,3216692,3216692,20,python
2192629717,2715,cudaMemsetAsync,0,9094,3216692,3216692,20,python
2192632712,2776,cudaMemsetAsync,0,9095,3216692,3216692,20,python
2192636429,4840,cudaLaunchKernel,0,9096,3216692,3216692,20,python
2192642050,4679,cudaLaunchKernel,0,9098,3216692,3216692,20,python
2192647511,4548,cudaLaunchKernel,0,9100,3216692,3216692,20,python
2192652831,4548,cudaLaunchKernel,0,9102,3216692,3216692,20,python
2192658141,4569,cudaLaunchKernel,0,9104,3216692,3216692,20,python
2192663531,4459,cudaLaunchKernel,0,9106,3216692,3216692,20,python
2192668581,4639,cudaLaunchKernel,0,9107,3216692,3216692,20,python
2192673901,3216,cudaMemsetAsync,0,9109,3216692,3216692,20,python
2192677398,2755,cudaMemsetAsync,0,9110,3216692,3216692,20,python
2192680464,2665,cudaMemsetAsync,0,9111,3216692,3216692,20,python
2192683389,2705,cudaMemsetAsync,0,9112,3216692,3216692,20,python
2192686415,2705,cudaMemsetAsync,0,9113,3216692,3216692,20,python
2192689381,2695,cudaMemsetAsync,0,9114,3216692,3216692,20,python
2192693298,4819,cudaLaunchKernel,0,9115,3216692,3216692,20,python
2192698899,4689,cudaLaunchKernel,0,9117,3216692,3216692,20,python
2192704379,4679,cudaLaunchKernel,0,9119,3216692,3216692,20,python
2192709820,7464,cudaLaunchKernel,0,9121,3216692,3216692,20,python
2192718096,4528,cudaLaunchKernel,0,9123,3216692,3216692,20,python
2192724097,5020,cudaLaunchKernel,0,9125,3216692,3216692,20,python
2192729858,5060,cudaLaunchKernel,0,9127,3216692,3216692,20,python
2192735780,4508,cudaLaunchKernel,0,9129,3216692,3216692,20,python
2192741050,4618,cudaLaunchKernel,0,9131,3216692,3216692,20,python
2192746430,4348,cudaLaunchKernel,0,9133,3216692,3216692,20,python
2192752081,4428,cudaLaunchKernel,0,9135,3216692,3216692,20,python
2192757301,4639,cudaLaunchKernel,0,9137,3216692,3216692,20,python
2192762721,4719,cudaLaunchKernel,0,9139,3216692,3216692,20,python
2192768252,4538,cudaLaunchKernel,0,9141,3216692,3216692,20,python
2192773582,4418,cudaLaunchKernel,0,9143,3216692,3216692,20,python
2192778481,4409,cudaLaunchKernel,0,9144,3216692,3216692,20,python
2192783371,4328,cudaLaunchKernel,0,9145,3216692,3216692,20,python
2192788210,4539,cudaLaunchKernel,0,9146,3216692,3216692,20,python
2192793340,3296,cudaMemsetAsync,0,9148,3216692,3216692,20,python
2192796917,2835,cudaMemsetAsync,0,9149,3216692,3216692,20,python
2192800253,4619,cudaLaunchKernel,0,9150,3216692,3216692,20,python
2192806064,4469,cudaLaunchKernel,0,9152,3216692,3216692,20,python
2192811294,4378,cudaLaunchKernel,0,9154,3216692,3216692,20,python
2192816454,4599,cudaLaunchKernel,0,9156,3216692,3216692,20,python
2192821814,4459,cudaLaunchKernel,0,9158,3216692,3216692,20,python
2192827044,4369,cudaLaunchKernel,0,9160,3216692,3216692,20,python
2192831954,4548,cudaLaunchKernel,0,9161,3216692,3216692,20,python
2192837093,3106,cudaMemsetAsync,0,9163,3216692,3216692,20,python
2192840470,2685,cudaMemsetAsync,0,9164,3216692,3216692,20,python
2192847303,4599,cudaLaunchKernel,0,9165,3216692,3216692,20,python
2192852713,4589,cudaLaunchKernel,0,9167,3216692,3216692,20,python
2192858154,4659,cudaLaunchKernel,0,9169,3216692,3216692,20,python
2192863614,4649,cudaLaunchKernel,0,9171,3216692,3216692,20,python
2192869045,4558,cudaLaunchKernel,0,9173,3216692,3216692,20,python
2192874415,4709,cudaLaunchKernel,0,9175,3216692,3216692,20,python
2192879655,3096,cudaMemsetAsync,0,9177,3216692,3216692,20,python
2192883322,4529,cudaLaunchKernel,0,9178,3216692,3216692,20,python
2192889093,4619,cudaLaunchKernel,0,9180,3216692,3216692,20,python
2192894523,4489,cudaLaunchKernel,0,9182,3216692,3216692,20,python
2192899814,4578,cudaLaunchKernel,0,9184,3216692,3216692,20,python
2192904933,3126,cudaMemsetAsync,0,9186,3216692,3216692,20,python
2192908560,4459,cudaLaunchKernel,0,9187,3216692,3216692,20,python
2192913971,4418,cudaLaunchKernel,0,9189,3216692,3216692,20,python
2192919121,4398,cudaLaunchKernel,0,9191,3216692,3216692,20,python
2192924260,4469,cudaLaunchKernel,0,9193,3216692,3216692,20,python
2192929420,4318,cudaLaunchKernel,0,9195,3216692,3216692,20,python
2192934480,4468,cudaLaunchKernel,0,9197,3216692,3216692,20,python
2192939510,3045,cudaMemsetAsync,0,9199,3216692,3216692,20,python
2192943106,4419,cudaLaunchKernel,0,9200,3216692,3216692,20,python
2192948777,4589,cudaLaunchKernel,0,9202,3216692,3216692,20,python
2192954158,4418,cudaLaunchKernel,0,9204,3216692,3216692,20,python
2192959358,4468,cudaLaunchKernel,0,9206,3216692,3216692,20,python
2192964638,4528,cudaLaunchKernel,0,9208,3216692,3216692,20,python
2192969998,4529,cudaLaunchKernel,0,9210,3216692,3216692,20,python
2192975338,4479,cudaLaunchKernel,0,9212,3216692,3216692,20,python
2192980608,4449,cudaLaunchKernel,0,9214,3216692,3216692,20,python
2192985858,4499,cudaLaunchKernel,0,9216,3216692,3216692,20,python
2192991108,4479,cudaLaunchKernel,0,9218,3216692,3216692,20,python
2192996118,3136,cudaMemsetAsync,0,9220,3216692,3216692,20,python
2192999755,4368,cudaLaunchKernel,0,9221,3216692,3216692,20,python
2193005275,4469,cudaLaunchKernel,0,9223,3216692,3216692,20,python
2193010525,4359,cudaLaunchKernel,0,9225,3216692,3216692,20,python
2193015655,4389,cudaLaunchKernel,0,9227,3216692,3216692,20,python
2193020815,4459,cudaLaunchKernel,0,9229,3216692,3216692,20,python
2193026055,4409,cudaLaunchKernel,0,9231,3216692,3216692,20,python
2193031496,4298,cudaLaunchKernel,0,9233,3216692,3216692,20,python
2193036595,4599,cudaLaunchKernel,0,9235,3216692,3216692,20,python
2193041976,7173,cudaLaunchKernel,0,9237,3216692,3216692,20,python
2193049991,4479,cudaLaunchKernel,0,9239,3216692,3216692,20,python
2193055231,4398,cudaLaunchKernel,0,9241,3216692,3216692,20,python
2193060391,4499,cudaLaunchKernel,0,9243,3216692,3216692,20,python
2193065711,5070,cudaLaunchKernel,0,9245,3216692,3216692,20,python
2193071582,4709,cudaLaunchKernel,0,9247,3216692,3216692,20,python
2193077073,4408,cudaLaunchKernel,0,9249,3216692,3216692,20,python
2193082012,4569,cudaLaunchKernel,0,9250,3216692,3216692,20,python
2193087323,4398,cudaLaunchKernel,0,9252,3216692,3216692,20,python
2193092292,3346,cudaMemsetAsync,0,9254,3216692,3216692,20,python
2193095909,2895,cudaMemsetAsync,0,9255,3216692,3216692,20,python
2193100187,5451,cudaLaunchKernel,0,9256,3216692,3216692,20,python
2193106549,5210,cudaLaunchKernel,0,9258,3216692,3216692,20,python
2193112551,5140,cudaLaunchKernel,0,9260,3216692,3216692,20,python
2193118642,5331,cudaLaunchKernel,0,9262,3216692,3216692,20,python
2193124594,5330,cudaLaunchKernel,0,9263,3216692,3216692,20,python
2193130796,5019,cudaLaunchKernel,0,9265,3216692,3216692,20,python
2193137408,3197,cudaMemsetAsync,0,9267,3216692,3216692,20,python
2193140875,2735,cudaMemsetAsync,0,9268,3216692,3216692,20,python
2193144091,4819,cudaLaunchKernel,0,9269,3216692,3216692,20,python
2193149702,4859,cudaLaunchKernel,0,9271,3216692,3216692,20,python
2193155102,2956,cudaMemsetAsync,0,9273,3216692,3216692,20,python
2193158599,4529,cudaLaunchKernel,0,9274,3216692,3216692,20,python
2193165332,4919,cudaLaunchKernel,0,9276,3216692,3216692,20,python
2193171363,4589,cudaLaunchKernel,0,9278,3216692,3216692,20,python
2193176573,7565,cudaMemcpyAsync,0,9280,3216692,3216692,20,python
2193184448,3938,cudaMemcpyAsync,0,9281,3216692,3216692,20,python
2193188707,3556,cudaEventRecord,0,9282,3216692,3216692,20,python
2193192574,5999605,cudaEventSynchronize,0,9283,3216692,3216692,20,python
2199192650,1874,cudaStreamSynchronize,0,9284,3216692,3216692,20,python
2199195926,6453,cudaLaunchKernel,0,9285,3216692,3216692,20,python
2199203030,3417,cudaEventRecord,0,9287,3216692,3216692,20,python
2199206707,932,cudaEventSynchronize,0,9288,3216692,3216692,20,python
2199256613,8626,cudaFree,0,9290,3216692,3216692,20,python
2199289005,2835,cudaDeviceSynchronize,0,9293,3216692,3216692,20,python
2199301438,1353,cudaDeviceSynchronize,0,9297,3216692,3216692,20,python
2199508264,8667,cudaMalloc,0,9300,3216692,3216692,20,python
2199565003,1102,cudaStreamIsCapturing_v10000,0,9303,3216692,3216692,20,python
2199566456,701,cudaStreamGetDevice_v12080,0,9304,3216692,3216692,20,python
2199585161,461,cudaStreamIsCapturing_v10000,0,9337,3216692,3216692,20,python
2199585833,431,cudaStreamGetDevice_v12080,0,9338,3216692,3216692,20,python
2199592065,5751,cudaMemsetAsync,0,9349,3216692,3216692,20,python
2199598347,6542,cudaMemcpyAsync,0,9350,3216692,3216692,20,python
2199605230,4939,cudaMemcpyAsync,0,9351,3216692,3216692,20,python
2199610490,4298,cudaMemcpyAsync,0,9352,3216692,3216692,20,python
2199615119,4028,cudaMemcpyAsync,0,9353,3216692,3216692,20,python
2199619477,4008,cudaMemcpyAsync,0,9354,3216692,3216692,20,python
2199624477,10330,cudaLaunchKernel,0,9355,3216692,3216692,20,python
2199635508,5220,cudaMemcpyAsync,0,9357,3216692,3216692,20,python
2199641109,3967,cudaEventRecord,0,9358,3216692,3216692,20,python
2199645407,1903,cudaEventSynchronize,0,9359,3216692,3216692,20,python
2199649194,521,cudaStreamIsCapturing_v10000,0,9361,3216692,3216692,20,python
2199650116,4038,cudaMemcpyAsync,0,9362,3216692,3216692,20,python
2199654514,3537,cudaMemsetAsync,0,9363,3216692,3216692,20,python
2199658362,3005,cudaEventRecord,0,9364,3216692,3216692,20,python
2199661718,1783,cudaStreamWaitEvent,0,9365,3216692,3216692,20,python
2199663862,12244,cudaLaunchHostFunc_v10000,0,9366,3216692,3216692,20,python
2199676877,6813,cudaLaunchKernel,0,9367,3216692,3216692,20,python
2199690503,3687,cudaMemsetAsync,0,9369,3216692,3216692,20,python
2199694461,2925,cudaMemsetAsync,0,9370,3216692,3216692,20,python
2199697727,2775,cudaMemsetAsync,0,9371,3216692,3216692,20,python
2199700763,6622,cudaMemsetAsync,0,9372,3216692,3216692,20,python
2199707726,2866,cudaMemsetAsync,0,9373,3216692,3216692,20,python
2199710912,3327,cudaMemsetAsync,0,9374,3216692,3216692,20,python
2199714539,4148,cudaMemsetAsync,0,9375,3216692,3216692,20,python
2199718978,2685,cudaMemsetAsync,0,9376,3216692,3216692,20,python
2199721923,3487,cudaMemsetAsync,0,9377,3216692,3216692,20,python
2199725981,5681,cudaLaunchKernel,0,9378,3216692,3216692,20,python
2199732484,5300,cudaLaunchKernel,0,9380,3216692,3216692,20,python
2199738565,4829,cudaLaunchKernel,0,9382,3216692,3216692,20,python
2199744476,4840,cudaLaunchKernel,0,9384,3216692,3216692,20,python
2199750117,4589,cudaLaunchKernel,0,9386,3216692,3216692,20,python
2199755488,4598,cudaLaunchKernel,0,9388,3216692,3216692,20,python
2199760898,4589,cudaLaunchKernel,0,9390,3216692,3216692,20,python
2199766278,4549,cudaLaunchKernel,0,9392,3216692,3216692,20,python
2199772139,5391,cudaLaunchKernel,0,9394,3216692,3216692,20,python
2199778311,5260,cudaLaunchKernel,0,9396,3216692,3216692,20,python
2199784363,5370,cudaLaunchKernel,0,9398,3216692,3216692,20,python
2199790535,5069,cudaLaunchKernel,0,9400,3216692,3216692,20,python
2199796506,5110,cudaLaunchKernel,0,9402,3216692,3216692,20,python
2199802407,4489,cudaLaunchKernel,0,9404,3216692,3216692,20,python
2199808088,4870,cudaLaunchKernel,0,9406,3216692,3216692,20,python
2199813849,4749,cudaLaunchKernel,0,9408,3216692,3216692,20,python
2199819430,4969,cudaLaunchKernel,0,9410,3216692,3216692,20,python
2199825231,4759,cudaLaunchKernel,0,9412,3216692,3216692,20,python
2199830822,4709,cudaLaunchKernel,0,9414,3216692,3216692,20,python
2199836312,4669,cudaLaunchKernel,0,9416,3216692,3216692,20,python
2199842224,4679,cudaLaunchKernel,0,9418,3216692,3216692,20,python
2199847744,4539,cudaLaunchKernel,0,9420,3216692,3216692,20,python
2199853305,4779,cudaLaunchKernel,0,9422,3216692,3216692,20,python
2199858835,4449,cudaLaunchKernel,0,9424,3216692,3216692,20,python
2199864085,4549,cudaLaunchKernel,0,9426,3216692,3216692,20,python
2199869496,4979,cudaLaunchKernel,0,9428,3216692,3216692,20,python
2199875187,3817,cudaMemsetAsync,0,9430,3216692,3216692,20,python
2199879275,2875,cudaMemsetAsync,0,9431,3216692,3216692,20,python
2199883042,4949,cudaLaunchKernel,0,9432,3216692,3216692,20,python
2199888803,4579,cudaLaunchKernel,0,9434,3216692,3216692,20,python
2199894153,4899,cudaLaunchKernel,0,9436,3216692,3216692,20,python
2199899814,4809,cudaLaunchKernel,0,9438,3216692,3216692,20,python
2199905425,4518,cudaLaunchKernel,0,9440,3216692,3216692,20,python
2199910715,4599,cudaLaunchKernel,0,9442,3216692,3216692,20,python
2199916335,4579,cudaLaunchKernel,0,9444,3216692,3216692,20,python
2199926254,4900,cudaLaunchKernel,0,9450,3216692,3216692,20,python
2199931755,3296,cudaMemsetAsync,0,9452,3216692,3216692,20,python
2199935312,2775,cudaMemsetAsync,0,9453,3216692,3216692,20,python
2199940612,4919,cudaLaunchKernel,0,9454,3216692,3216692,20,python
2199946092,3197,cudaMemsetAsync,0,9456,3216692,3216692,20,python
2199949779,4770,cudaLaunchKernel,0,9457,3216692,3216692,20,python
2199955380,5050,cudaLaunchKernel,0,9459,3216692,3216692,20,python
2199962083,4849,cudaLaunchKernel,0,9461,3216692,3216692,20,python
2199967704,3166,cudaMemsetAsync,0,9463,3216692,3216692,20,python
2199972263,4799,cudaLaunchKernel,0,9464,3216692,3216692,20,python
2199977783,4288,cudaLaunchKernel,0,9466,3216692,3216692,20,python
2199982803,4468,cudaLaunchKernel,0,9468,3216692,3216692,20,python
2199988103,4508,cudaLaunchKernel,0,9470,3216692,3216692,20,python
2199993423,4268,cudaLaunchKernel,0,9472,3216692,3216692,20,python
2199998513,4478,cudaLaunchKernel,0,9474,3216692,3216692,20,python
2200003723,4328,cudaLaunchKernel,0,9476,3216692,3216692,20,python
2200008712,2986,cudaMemsetAsync,0,9478,3216692,3216692,20,python
2200012179,4308,cudaLaunchKernel,0,9479,3216692,3216692,20,python
2200017179,4608,cudaLaunchKernel,0,9481,3216692,3216692,20,python
2200022499,4278,cudaLaunchKernel,0,9483,3216692,3216692,20,python
2200027608,4229,cudaLaunchKernel,0,9485,3216692,3216692,20,python
2200032849,4398,cudaLaunchKernel,0,9487,3216692,3216692,20,python
2200037968,4870,cudaLaunchKernel,0,9489,3216692,3216692,20,python
2200043559,4208,cudaLaunchKernel,0,9491,3216692,3216692,20,python
2200048839,5130,cudaLaunchKernel,0,9493,3216692,3216692,20,python
2200055933,4639,cudaLaunchKernel,0,9495,3216692,3216692,20,python
2200062175,3226,cudaMemsetAsync,0,9498,3216692,3216692,20,python
2200066583,641,cudaStreamIsCapturing_v10000,0,9500,3216692,3216692,20,python
2200067485,1703,cudaStreamWaitEvent,0,9501,3216692,3216692,20,python
2200069509,8807,cudaMemcpyAsync,0,9502,3216692,3216692,20,python
2200078646,3807,cudaEventRecord,0,9503,3216692,3216692,20,python
2200082814,481,cudaStreamIsCapturing_v10000,0,9504,3216692,3216692,20,python
2200083596,14157,cudaGraphLaunch_v10000,0,9505,3216692,3216692,20,python
2200098634,3557,cudaMemsetAsync,0,9506,3216692,3216692,20,python
2200102472,3066,cudaMemsetAsync,0,9507,3216692,3216692,20,python
2200105808,2745,cudaMemsetAsync,0,9508,3216692,3216692,20,python
2200108814,2715,cudaMemsetAsync,0,9509,3216692,3216692,20,python
2200111790,2695,cudaMemsetAsync,0,9510,3216692,3216692,20,python
2200114755,2625,cudaMemsetAsync,0,9511,3216692,3216692,20,python
2200117641,2655,cudaMemsetAsync,0,9512,3216692,3216692,20,python
2200120987,9699,cudaLaunchKernel,0,9513,3216692,3216692,20,python
2200131327,3156,cudaMemsetAsync,0,9515,3216692,3216692,20,python
2200135034,4960,cudaLaunchKernel,0,9516,3216692,3216692,20,python
2200141366,4819,cudaLaunchKernel,0,9518,3216692,3216692,20,python
2200147067,4679,cudaLaunchKernel,0,9520,3216692,3216692,20,python
2200152578,4719,cudaLaunchKernel,0,9522,3216692,3216692,20,python
2200158148,4649,cudaLaunchKernel,0,9524,3216692,3216692,20,python
2200163609,4458,cudaLaunchKernel,0,9526,3216692,3216692,20,python
2200168949,4819,cudaLaunchKernel,0,9528,3216692,3216692,20,python
2200174750,4589,cudaLaunchKernel,0,9530,3216692,3216692,20,python
2200180551,3166,cudaMemsetAsync,0,9532,3216692,3216692,20,python
2200183998,2755,cudaMemsetAsync,0,9533,3216692,3216692,20,python
2200187024,2755,cudaMemsetAsync,0,9534,3216692,3216692,20,python
2200190280,4679,cudaLaunchKernel,0,9535,3216692,3216692,20,python
2200195520,2976,cudaMemsetAsync,0,9537,3216692,3216692,20,python
2200198796,2745,cudaMemsetAsync,0,9538,3216692,3216692,20,python
2200202333,4879,cudaLaunchKernel,0,9539,3216692,3216692,20,python
2200207964,4819,cudaLaunchKernel,0,9541,3216692,3216692,20,python
2200213554,4519,cudaLaunchKernel,0,9543,3216692,3216692,20,python
2200218875,4739,cudaLaunchKernel,0,9545,3216692,3216692,20,python
2200224465,4930,cudaLaunchKernel,0,9547,3216692,3216692,20,python
2200231649,3176,cudaMemsetAsync,0,9549,3216692,3216692,20,python
2200235106,2745,cudaMemsetAsync,0,9550,3216692,3216692,20,python
2200238372,4949,cudaLaunchKernel,0,9551,3216692,3216692,20,python
2200243923,2995,cudaMemsetAsync,0,9553,3216692,3216692,20,python
2200247189,2835,cudaMemsetAsync,0,9554,3216692,3216692,20,python
2200251136,4609,cudaLaunchKernel,0,9555,3216692,3216692,20,python
2200256557,4669,cudaLaunchKernel,0,9557,3216692,3216692,20,python
2200261987,4579,cudaLaunchKernel,0,9559,3216692,3216692,20,python
2200267387,4750,cudaLaunchKernel,0,9561,3216692,3216692,20,python
2200272688,3236,cudaMemsetAsync,0,9563,3216692,3216692,20,python
2200276194,2786,cudaMemsetAsync,0,9564,3216692,3216692,20,python
2200279751,4679,cudaLaunchKernel,0,9565,3216692,3216692,20,python
2200285242,4729,cudaLaunchKernel,0,9567,3216692,3216692,20,python
2200290762,4579,cudaLaunchKernel,0,9569,3216692,3216692,20,python
2200295902,3016,cudaMemsetAsync,0,9571,3216692,3216692,20,python
2200299188,2635,cudaMemsetAsync,0,9572,3216692,3216692,20,python
2200302595,2645,cudaMemsetAsync,0,9573,3216692,3216692,20,python
2200305821,4769,cudaLaunchKernel,0,9574,3216692,3216692,20,python
2200311412,4458,cudaLaunchKernel,0,9576,3216692,3216692,20,python
2200316702,4729,cudaLaunchKernel,0,9578,3216692,3216692,20,python
2200322263,4508,cudaLaunchKernel,0,9580,3216692,3216692,20,python
2200327553,12834,cudaLaunchKernel,0,9582,3216692,3216692,20,python
2200341309,4599,cudaLaunchKernel,0,9584,3216692,3216692,20,python
2200346469,3376,cudaMemsetAsync,0,9586,3216692,3216692,20,python
2200350106,2805,cudaMemsetAsync,0,9587,3216692,3216692,20,python
2200353883,4779,cudaLaunchKernel,0,9588,3216692,3216692,20,python
2200359494,4689,cudaLaunchKernel,0,9590,3216692,3216692,20,python
2200364994,4569,cudaLaunchKernel,0,9592,3216692,3216692,20,python
2200370345,4839,cudaLaunchKernel,0,9594,3216692,3216692,20,python
2200375955,4619,cudaLaunchKernel,0,9596,3216692,3216692,20,python
2200381396,4639,cudaLaunchKernel,0,9598,3216692,3216692,20,python
2200386836,4639,cudaLaunchKernel,0,9600,3216692,3216692,20,python
2200392136,3126,cudaMemsetAsync,0,9602,3216692,3216692,20,python
2200395543,2765,cudaMemsetAsync,0,9603,3216692,3216692,20,python
2200399861,4799,cudaLaunchKernel,0,9604,3216692,3216692,20,python
2200405452,4659,cudaLaunchKernel,0,9606,3216692,3216692,20,python
2200410932,4669,cudaLaunchKernel,0,9608,3216692,3216692,20,python
2200416423,4579,cudaLaunchKernel,0,9610,3216692,3216692,20,python
2200421613,2935,cudaMemsetAsync,0,9612,3216692,3216692,20,python
2200424839,2625,cudaMemsetAsync,0,9613,3216692,3216692,20,python
2200427724,2666,cudaMemsetAsync,0,9614,3216692,3216692,20,python
2200431371,4800,cudaLaunchKernel,0,9615,3216692,3216692,20,python
2200436962,4649,cudaLaunchKernel,0,9617,3216692,3216692,20,python
2200442372,7455,cudaLaunchKernel,0,9619,3216692,3216692,20,python
2200450648,4509,cudaLaunchKernel,0,9621,3216692,3216692,20,python
2200455928,4519,cudaLaunchKernel,0,9623,3216692,3216692,20,python
2200461249,4538,cudaLaunchKernel,0,9625,3216692,3216692,20,python
2200466388,4549,cudaLaunchKernel,0,9626,3216692,3216692,20,python
2200471588,3176,cudaMemsetAsync,0,9628,3216692,3216692,20,python
2200475045,2655,cudaMemsetAsync,0,9629,3216692,3216692,20,python
2200478071,2595,cudaMemsetAsync,0,9630,3216692,3216692,20,python
2200480926,2685,cudaMemsetAsync,0,9631,3216692,3216692,20,python
2200483922,2665,cudaMemsetAsync,0,9632,3216692,3216692,20,python
2200487098,2655,cudaMemsetAsync,0,9633,3216692,3216692,20,python
2200490945,4770,cudaLaunchKernel,0,9634,3216692,3216692,20,python
2200496486,4699,cudaLaunchKernel,0,9636,3216692,3216692,20,python
2200501957,4719,cudaLaunchKernel,0,9638,3216692,3216692,20,python
2200507437,4539,cudaLaunchKernel,0,9640,3216692,3216692,20,python
2200512747,4419,cudaLaunchKernel,0,9642,3216692,3216692,20,python
2200518648,4669,cudaLaunchKernel,0,9644,3216692,3216692,20,python
2200524049,4699,cudaLaunchKernel,0,9646,3216692,3216692,20,python
2200529589,4669,cudaLaunchKernel,0,9648,3216692,3216692,20,python
2200534990,4579,cudaLaunchKernel,0,9650,3216692,3216692,20,python
2200540320,4388,cudaLaunchKernel,0,9652,3216692,3216692,20,python
2200545991,4458,cudaLaunchKernel,0,9654,3216692,3216692,20,python
2200551211,4729,cudaLaunchKernel,0,9656,3216692,3216692,20,python
2200556711,4860,cudaLaunchKernel,0,9658,3216692,3216692,20,python
2200562352,4669,cudaLaunchKernel,0,9660,3216692,3216692,20,python
2200567783,4378,cudaLaunchKernel,0,9662,3216692,3216692,20,python
2200572642,4348,cudaLaunchKernel,0,9663,3216692,3216692,20,python
2200577461,4378,cudaLaunchKernel,0,9664,3216692,3216692,20,python
2200582330,4489,cudaLaunchKernel,0,9665,3216692,3216692,20,python
2200587400,3326,cudaMemsetAsync,0,9667,3216692,3216692,20,python
2200591007,2735,cudaMemsetAsync,0,9668,3216692,3216692,20,python
2200594243,4759,cudaLaunchKernel,0,9669,3216692,3216692,20,python
2200600144,4459,cudaLaunchKernel,0,9671,3216692,3216692,20,python
2200605364,4689,cudaLaunchKernel,0,9673,3216692,3216692,20,python
2200610805,4619,cudaLaunchKernel,0,9675,3216692,3216692,20,python
2200616155,4419,cudaLaunchKernel,0,9677,3216692,3216692,20,python
2200621335,4388,cudaLaunchKernel,0,9679,3216692,3216692,20,python
2200626365,4639,cudaLaunchKernel,0,9680,3216692,3216692,20,python
2200631585,3086,cudaMemsetAsync,0,9682,3216692,3216692,20,python
2200634941,2705,cudaMemsetAsync,0,9683,3216692,3216692,20,python
2200641834,4649,cudaLaunchKernel,0,9684,3216692,3216692,20,python
2200647275,4578,cudaLaunchKernel,0,9686,3216692,3216692,20,python
2200652675,4789,cudaLaunchKernel,0,9688,3216692,3216692,20,python
2200658276,4889,cudaLaunchKernel,0,9690,3216692,3216692,20,python
2200663957,4578,cudaLaunchKernel,0,9692,3216692,3216692,20,python
2200669357,4679,cudaLaunchKernel,0,9694,3216692,3216692,20,python
2200674567,3016,cudaMemsetAsync,0,9696,3216692,3216692,20,python
2200678144,4649,cudaLaunchKernel,0,9697,3216692,3216692,20,python
2200684065,4569,cudaLaunchKernel,0,9699,3216692,3216692,20,python
2200689455,4559,cudaLaunchKernel,0,9701,3216692,3216692,20,python
2200694806,4709,cudaLaunchKernel,0,9703,3216692,3216692,20,python
2200700046,3136,cudaMemsetAsync,0,9705,3216692,3216692,20,python
2200703673,4598,cudaLaunchKernel,0,9706,3216692,3216692,20,python
2200709283,4499,cudaLaunchKernel,0,9708,3216692,3216692,20,python
2200714543,4379,cudaLaunchKernel,0,9710,3216692,3216692,20,python
2200719653,4499,cudaLaunchKernel,0,9712,3216692,3216692,20,python
2200724843,4479,cudaLaunchKernel,0,9714,3216692,3216692,20,python
2200730083,4539,cudaLaunchKernel,0,9716,3216692,3216692,20,python
2200735163,3046,cudaMemsetAsync,0,9718,3216692,3216692,20,python
2200738710,4378,cudaLaunchKernel,0,9719,3216692,3216692,20,python
2200744391,4528,cudaLaunchKernel,0,9721,3216692,3216692,20,python
2200749711,4448,cudaLaunchKernel,0,9723,3216692,3216692,20,python
2200754971,4408,cudaLaunchKernel,0,9725,3216692,3216692,20,python
2200760181,4559,cudaLaunchKernel,0,9727,3216692,3216692,20,python
2200765581,8877,cudaLaunchKernel,0,9729,3216692,3216692,20,python
2200775360,4529,cudaLaunchKernel,0,9731,3216692,3216692,20,python
2200780700,4559,cudaLaunchKernel,0,9733,3216692,3216692,20,python
2200786050,4559,cudaLaunchKernel,0,9735,3216692,3216692,20,python
2200791421,4598,cudaLaunchKernel,0,9737,3216692,3216692,20,python
2200796560,3207,cudaMemsetAsync,0,9739,3216692,3216692,20,python
2200800278,4588,cudaLaunchKernel,0,9740,3216692,3216692,20,python
2200806029,4458,cudaLaunchKernel,0,9742,3216692,3216692,20,python
2200811299,4378,cudaLaunchKernel,0,9744,3216692,3216692,20,python
2200816469,4418,cudaLaunchKernel,0,9746,3216692,3216692,20,python
2200821819,4498,cudaLaunchKernel,0,9748,3216692,3216692,20,python
2200827089,4428,cudaLaunchKernel,0,9750,3216692,3216692,20,python
2200832289,4519,cudaLaunchKernel,0,9752,3216692,3216692,20,python
2200837709,4609,cudaLaunchKernel,0,9754,3216692,3216692,20,python
2200843100,4518,cudaLaunchKernel,0,9756,3216692,3216692,20,python
2200848390,4458,cudaLaunchKernel,0,9758,3216692,3216692,20,python
2200853630,4488,cudaLaunchKernel,0,9760,3216692,3216692,20,python
2200858860,4619,cudaLaunchKernel,0,9762,3216692,3216692,20,python
2200864280,4689,cudaLaunchKernel,0,9764,3216692,3216692,20,python
2200869781,5801,cudaLaunchKernel,0,9766,3216692,3216692,20,python
2200876514,4458,cudaLaunchKernel,0,9768,3216692,3216692,20,python
2200881523,4629,cudaLaunchKernel,0,9769,3216692,3216692,20,python
2200886913,4529,cudaLaunchKernel,0,9771,3216692,3216692,20,python
2200892023,3106,cudaMemsetAsync,0,9773,3216692,3216692,20,python
2200895410,2715,cudaMemsetAsync,0,9774,3216692,3216692,20,python
2200899377,4499,cudaLaunchKernel,0,9775,3216692,3216692,20,python
2200904647,4389,cudaLaunchKernel,0,9777,3216692,3216692,20,python
2200909837,4830,cudaLaunchKernel,0,9779,3216692,3216692,20,python
2200915448,4419,cudaLaunchKernel,0,9781,3216692,3216692,20,python
2200920368,4378,cudaLaunchKernel,0,9782,3216692,3216692,20,python
2200925598,5049,cudaLaunchKernel,0,9784,3216692,3216692,20,python
2200932280,3076,cudaMemsetAsync,0,9786,3216692,3216692,20,python
2200935637,2975,cudaMemsetAsync,0,9787,3216692,3216692,20,python
2200939093,4930,cudaLaunchKernel,0,9788,3216692,3216692,20,python
2200944814,5200,cudaLaunchKernel,0,9790,3216692,3216692,20,python
2200950565,3006,cudaMemsetAsync,0,9792,3216692,3216692,20,python
2200954092,4569,cudaLaunchKernel,0,9793,3216692,3216692,20,python
2200960865,4919,cudaLaunchKernel,0,9795,3216692,3216692,20,python
2200966887,4618,cudaLaunchKernel,0,9797,3216692,3216692,20,python
2200972147,8035,cudaMemcpyAsync,0,9799,3216692,3216692,20,python
2200980483,3977,cudaMemcpyAsync,0,9800,3216692,3216692,20,python
2200984751,3496,cudaEventRecord,0,9801,3216692,3216692,20,python
2200988548,5999405,cudaEventSynchronize,0,9802,3216692,3216692,20,python
2206988404,1873,cudaStreamSynchronize,0,9803,3216692,3216692,20,python
2206991620,6242,cudaLaunchKernel,0,9804,3216692,3216692,20,python
2206998493,3366,cudaEventRecord,0,9806,3216692,3216692,20,python
2207002120,1062,cudaEventSynchronize,0,9807,3216692,3216692,20,python
2207052076,8195,cudaFree,0,9809,3216692,3216692,20,python
2207084538,2845,cudaDeviceSynchronize,0,9812,3216692,3216692,20,python
2207097042,1352,cudaDeviceSynchronize,0,9816,3216692,3216692,20,python
2207285993,8497,cudaMalloc,0,9819,3216692,3216692,20,python
2207347581,1022,cudaStreamIsCapturing_v10000,0,9822,3216692,3216692,20,python
2207348964,711,cudaStreamGetDevice_v12080,0,9823,3216692,3216692,20,python
2207367369,471,cudaStreamIsCapturing_v10000,0,9856,3216692,3216692,20,python
2207368050,441,cudaStreamGetDevice_v12080,0,9857,3216692,3216692,20,python
2207374302,5832,cudaMemsetAsync,0,9868,3216692,3216692,20,python
2207380655,6592,cudaMemcpyAsync,0,9869,3216692,3216692,20,python
2207387568,4909,cudaMemcpyAsync,0,9870,3216692,3216692,20,python
2207392808,4128,cudaMemcpyAsync,0,9871,3216692,3216692,20,python
2207397276,4018,cudaMemcpyAsync,0,9872,3216692,3216692,20,python
2207401625,3957,cudaMemcpyAsync,0,9873,3216692,3216692,20,python
2207406534,10180,cudaLaunchKernel,0,9874,3216692,3216692,20,python
2207417435,5160,cudaMemcpyAsync,0,9876,3216692,3216692,20,python
2207422976,3937,cudaEventRecord,0,9877,3216692,3216692,20,python
2207427264,1773,cudaEventSynchronize,0,9878,3216692,3216692,20,python
2207431151,481,cudaStreamIsCapturing_v10000,0,9880,3216692,3216692,20,python
2207432013,3927,cudaMemcpyAsync,0,9881,3216692,3216692,20,python
2207436321,3447,cudaMemsetAsync,0,9882,3216692,3216692,20,python
2207440078,7104,cudaEventRecord,0,9883,3216692,3216692,20,python
2207447543,1823,cudaStreamWaitEvent,0,9884,3216692,3216692,20,python
2207449717,7825,cudaLaunchHostFunc_v10000,0,9885,3216692,3216692,20,python
2207458313,6693,cudaLaunchKernel,0,9886,3216692,3216692,20,python
2207471869,3467,cudaMemsetAsync,0,9888,3216692,3216692,20,python
2207475616,2826,cudaMemsetAsync,0,9889,3216692,3216692,20,python
2207478772,2746,cudaMemsetAsync,0,9890,3216692,3216692,20,python
2207481778,2745,cudaMemsetAsync,0,9891,3216692,3216692,20,python
2207484854,2685,cudaMemsetAsync,0,9892,3216692,3216692,20,python
2207487860,2865,cudaMemsetAsync,0,9893,3216692,3216692,20,python
2207490986,3807,cudaMemsetAsync,0,9894,3216692,3216692,20,python
2207495214,3517,cudaMemsetAsync,0,9895,3216692,3216692,20,python
2207498991,3507,cudaMemsetAsync,0,9896,3216692,3216692,20,python
2207503039,5671,cudaLaunchKernel,0,9897,3216692,3216692,20,python
2207509511,5491,cudaLaunchKernel,0,9899,3216692,3216692,20,python
2207515773,4850,cudaLaunchKernel,0,9901,3216692,3216692,20,python
2207521725,4829,cudaLaunchKernel,0,9903,3216692,3216692,20,python
2207527325,5080,cudaLaunchKernel,0,9905,3216692,3216692,20,python
2207533157,4689,cudaLaunchKernel,0,9907,3216692,3216692,20,python
2207538667,4559,cudaLaunchKernel,0,9909,3216692,3216692,20,python
2207543997,4960,cudaLaunchKernel,0,9911,3216692,3216692,20,python
2207550319,5611,cudaLaunchKernel,0,9913,3216692,3216692,20,python
2207556742,4939,cudaLaunchKernel,0,9915,3216692,3216692,20,python
2207562463,5751,cudaLaunchKernel,0,9917,3216692,3216692,20,python
2207568995,4619,cudaLaunchKernel,0,9919,3216692,3216692,20,python
2207574446,4759,cudaLaunchKernel,0,9921,3216692,3216692,20,python
2207580106,5551,cudaLaunchKernel,0,9923,3216692,3216692,20,python
2207586829,4609,cudaLaunchKernel,0,9925,3216692,3216692,20,python
2207592200,4558,cudaLaunchKernel,0,9927,3216692,3216692,20,python
2207597580,4989,cudaLaunchKernel,0,9929,3216692,3216692,20,python
2207603371,4779,cudaLaunchKernel,0,9931,3216692,3216692,20,python
2207608982,4588,cudaLaunchKernel,0,9933,3216692,3216692,20,python
2207614362,4549,cudaLaunchKernel,0,9935,3216692,3216692,20,python
2207620123,4719,cudaLaunchKernel,0,9937,3216692,3216692,20,python
2207625664,4418,cudaLaunchKernel,0,9939,3216692,3216692,20,python
2207631114,4589,cudaLaunchKernel,0,9941,3216692,3216692,20,python
2207636444,4449,cudaLaunchKernel,0,9943,3216692,3216692,20,python
2207641694,4579,cudaLaunchKernel,0,9945,3216692,3216692,20,python
2207647125,5039,cudaLaunchKernel,0,9947,3216692,3216692,20,python
2207652846,3787,cudaMemsetAsync,0,9949,3216692,3216692,20,python
2207656903,3126,cudaMemsetAsync,0,9950,3216692,3216692,20,python
2207660981,4930,cudaLaunchKernel,0,9951,3216692,3216692,20,python
2207666692,4509,cudaLaunchKernel,0,9953,3216692,3216692,20,python
2207671942,4819,cudaLaunchKernel,0,9955,3216692,3216692,20,python
2207677493,4569,cudaLaunchKernel,0,9957,3216692,3216692,20,python
2207682853,4519,cudaLaunchKernel,0,9959,3216692,3216692,20,python
2207688133,5010,cudaLaunchKernel,0,9961,3216692,3216692,20,python
2207694004,4659,cudaLaunchKernel,0,9963,3216692,3216692,20,python
2207704004,4769,cudaLaunchKernel,0,9969,3216692,3216692,20,python
2207709374,3366,cudaMemsetAsync,0,9971,3216692,3216692,20,python
2207713011,2955,cudaMemsetAsync,0,9972,3216692,3216692,20,python
2207718421,4950,cudaLaunchKernel,0,9973,3216692,3216692,20,python
2207723912,3436,cudaMemsetAsync,0,9975,3216692,3216692,20,python
2207727839,4839,cudaLaunchKernel,0,9976,3216692,3216692,20,python
2207733520,5080,cudaLaunchKernel,0,9978,3216692,3216692,20,python
2207740183,4559,cudaLaunchKernel,0,9980,3216692,3216692,20,python
2207745533,3226,cudaMemsetAsync,0,9982,3216692,3216692,20,python
2207750172,4729,cudaLaunchKernel,0,9983,3216692,3216692,20,python
2207755572,4319,cudaLaunchKernel,0,9985,3216692,3216692,20,python
2207760622,4338,cudaLaunchKernel,0,9987,3216692,3216692,20,python
2207765752,4418,cudaLaunchKernel,0,9989,3216692,3216692,20,python
2207770992,4288,cudaLaunchKernel,0,9991,3216692,3216692,20,python
2207776102,4468,cudaLaunchKernel,0,9993,3216692,3216692,20,python
2207781322,4628,cudaLaunchKernel,0,9995,3216692,3216692,20,python
2207786642,2905,cudaMemsetAsync,0,9997,3216692,3216692,20,python
2207790058,4539,cudaLaunchKernel,0,9998,3216692,3216692,20,python
2207795288,4489,cudaLaunchKernel,0,10000,3216692,3216692,20,python
2207800498,4218,cudaLaunchKernel,0,10002,3216692,3216692,20,python
2207805578,4158,cudaLaunchKernel,0,10004,3216692,3216692,20,python
2207810768,4298,cudaLaunchKernel,0,10006,3216692,3216692,20,python
2207815778,4408,cudaLaunchKernel,0,10008,3216692,3216692,20,python
2207820897,4198,cudaLaunchKernel,0,10010,3216692,3216692,20,python
2207826177,5090,cudaLaunchKernel,0,10012,3216692,3216692,20,python
2207833151,4629,cudaLaunchKernel,0,10014,3216692,3216692,20,python
2207839383,3186,cudaMemsetAsync,0,10017,3216692,3216692,20,python
2207843821,571,cudaStreamIsCapturing_v10000,0,10019,3216692,3216692,20,python
2207844653,1853,cudaStreamWaitEvent,0,10020,3216692,3216692,20,python
2207846817,11943,cudaMemcpyAsync,0,10021,3216692,3216692,20,python
2207859070,3738,cudaEventRecord,0,10022,3216692,3216692,20,python
2207863178,521,cudaStreamIsCapturing_v10000,0,10023,3216692,3216692,20,python
2207863990,14037,cudaGraphLaunch_v10000,0,10024,3216692,3216692,20,python
2207878898,3597,cudaMemsetAsync,0,10025,3216692,3216692,20,python
2207882756,2735,cudaMemsetAsync,0,10026,3216692,3216692,20,python
2207885752,2715,cudaMemsetAsync,0,10027,3216692,3216692,20,python
2207888757,2966,cudaMemsetAsync,0,10028,3216692,3216692,20,python
2207891983,2686,cudaMemsetAsync,0,10029,3216692,3216692,20,python
2207894929,2645,cudaMemsetAsync,0,10030,3216692,3216692,20,python
2207897815,2655,cudaMemsetAsync,0,10031,3216692,3216692,20,python
2207901241,6392,cudaLaunchKernel,0,10032,3216692,3216692,20,python
2207908235,3065,cudaMemsetAsync,0,10034,3216692,3216692,20,python
2207911872,4919,cudaLaunchKernel,0,10035,3216692,3216692,20,python
2207918113,4659,cudaLaunchKernel,0,10037,3216692,3216692,20,python
2207923624,4639,cudaLaunchKernel,0,10039,3216692,3216692,20,python
2207929054,5040,cudaLaunchKernel,0,10041,3216692,3216692,20,python
2207934936,4598,cudaLaunchKernel,0,10043,3216692,3216692,20,python
2207940326,4438,cudaLaunchKernel,0,10045,3216692,3216692,20,python
2207945626,4809,cudaLaunchKernel,0,10047,3216692,3216692,20,python
2207951457,4679,cudaLaunchKernel,0,10049,3216692,3216692,20,python
2207957208,3206,cudaMemsetAsync,0,10051,3216692,3216692,20,python
2207960695,2705,cudaMemsetAsync,0,10052,3216692,3216692,20,python
2207963681,2695,cudaMemsetAsync,0,10053,3216692,3216692,20,python
2207966897,4799,cudaLaunchKernel,0,10054,3216692,3216692,20,python
2207972277,3006,cudaMemsetAsync,0,10056,3216692,3216692,20,python
2207975563,2796,cudaMemsetAsync,0,10057,3216692,3216692,20,python
2207979130,4709,cudaLaunchKernel,0,10058,3216692,3216692,20,python
2207984591,4739,cudaLaunchKernel,0,10060,3216692,3216692,20,python
2207990111,4619,cudaLaunchKernel,0,10062,3216692,3216692,20,python
2207995522,4659,cudaLaunchKernel,0,10064,3216692,3216692,20,python
2208001012,4890,cudaLaunchKernel,0,10066,3216692,3216692,20,python
2208008126,3106,cudaMemsetAsync,0,10068,3216692,3216692,20,python
2208011532,2645,cudaMemsetAsync,0,10069,3216692,3216692,20,python
2208014748,4860,cudaLaunchKernel,0,10070,3216692,3216692,20,python
2208020219,2936,cudaMemsetAsync,0,10072,3216692,3216692,20,python
2208023425,2635,cudaMemsetAsync,0,10073,3216692,3216692,20,python
2208027172,4659,cudaLaunchKernel,0,10074,3216692,3216692,20,python
2208032623,4659,cudaLaunchKernel,0,10076,3216692,3216692,20,python
2208038043,4829,cudaLaunchKernel,0,10078,3216692,3216692,20,python
2208043664,4769,cudaLaunchKernel,0,10080,3216692,3216692,20,python
2208048994,3106,cudaMemsetAsync,0,10082,3216692,3216692,20,python
2208052360,2766,cudaMemsetAsync,0,10083,3216692,3216692,20,python
2208055907,4619,cudaLaunchKernel,0,10084,3216692,3216692,20,python
2208061328,4679,cudaLaunchKernel,0,10086,3216692,3216692,20,python
2208066838,4569,cudaLaunchKernel,0,10088,3216692,3216692,20,python
2208071978,3046,cudaMemsetAsync,0,10090,3216692,3216692,20,python
2208075294,2706,cudaMemsetAsync,0,10091,3216692,3216692,20,python
2208078781,2705,cudaMemsetAsync,0,10092,3216692,3216692,20,python
2208082087,4920,cudaLaunchKernel,0,10093,3216692,3216692,20,python
2208087838,4569,cudaLaunchKernel,0,10095,3216692,3216692,20,python
2208093229,4769,cudaLaunchKernel,0,10097,3216692,3216692,20,python
2208098809,4599,cudaLaunchKernel,0,10099,3216692,3216692,20,python
2208104190,4398,cudaLaunchKernel,0,10101,3216692,3216692,20,python
2208109410,4669,cudaLaunchKernel,0,10103,3216692,3216692,20,python
2208114650,3146,cudaMemsetAsync,0,10105,3216692,3216692,20,python
2208118066,2675,cudaMemsetAsync,0,10106,3216692,3216692,20,python
2208121683,4739,cudaLaunchKernel,0,10107,3216692,3216692,20,python
2208127224,4629,cudaLaunchKernel,0,10109,3216692,3216692,20,python
2208132644,4609,cudaLaunchKernel,0,10111,3216692,3216692,20,python
2208138014,4800,cudaLaunchKernel,0,10113,3216692,3216692,20,python
2208143565,7845,cudaLaunchKernel,0,10115,3216692,3216692,20,python
2208152292,4589,cudaLaunchKernel,0,10117,3216692,3216692,20,python
2208157692,4499,cudaLaunchKernel,0,10119,3216692,3216692,20,python
2208162842,3146,cudaMemsetAsync,0,10121,3216692,3216692,20,python
2208166279,2685,cudaMemsetAsync,0,10122,3216692,3216692,20,python
2208170577,4799,cudaLaunchKernel,0,10123,3216692,3216692,20,python
2208176188,4688,cudaLaunchKernel,0,10125,3216692,3216692,20,python
2208181688,4569,cudaLaunchKernel,0,10127,3216692,3216692,20,python
2208187028,4489,cudaLaunchKernel,0,10129,3216692,3216692,20,python
2208192108,2926,cudaMemsetAsync,0,10131,3216692,3216692,20,python
2208195334,2645,cudaMemsetAsync,0,10132,3216692,3216692,20,python
2208198250,2665,cudaMemsetAsync,0,10133,3216692,3216692,20,python
2208201897,4789,cudaLaunchKernel,0,10134,3216692,3216692,20,python
2208207467,4719,cudaLaunchKernel,0,10136,3216692,3216692,20,python
2208212938,4579,cudaLaunchKernel,0,10138,3216692,3216692,20,python
2208218288,4489,cudaLaunchKernel,0,10140,3216692,3216692,20,python
2208223548,4549,cudaLaunchKernel,0,10142,3216692,3216692,20,python
2208229129,4358,cudaLaunchKernel,0,10144,3216692,3216692,20,python
2208234088,4499,cudaLaunchKernel,0,10145,3216692,3216692,20,python
2208239258,3016,cudaMemsetAsync,0,10147,3216692,3216692,20,python
2208242555,2685,cudaMemsetAsync,0,10148,3216692,3216692,20,python
2208245540,2665,cudaMemsetAsync,0,10149,3216692,3216692,20,python
2208248456,2695,cudaMemsetAsync,0,10150,3216692,3216692,20,python
2208251472,2635,cudaMemsetAsync,0,10151,3216692,3216692,20,python
2208254357,2635,cudaMemsetAsync,0,10152,3216692,3216692,20,python
2208258205,4779,cudaLaunchKernel,0,10153,3216692,3216692,20,python
2208263745,4729,cudaLaunchKernel,0,10155,3216692,3216692,20,python
2208269256,4849,cudaLaunchKernel,0,10157,3216692,3216692,20,python
2208274856,4499,cudaLaunchKernel,0,10159,3216692,3216692,20,python
2208280136,4389,cudaLaunchKernel,0,10161,3216692,3216692,20,python
2208285978,4629,cudaLaunchKernel,0,10163,3216692,3216692,20,python
2208291358,4739,cudaLaunchKernel,0,10165,3216692,3216692,20,python
2208296939,4548,cudaLaunchKernel,0,10167,3216692,3216692,20,python
2208302239,4508,cudaLaunchKernel,0,10169,3216692,3216692,20,python
2208307499,4378,cudaLaunchKernel,0,10171,3216692,3216692,20,python
2208313250,4519,cudaLaunchKernel,0,10173,3216692,3216692,20,python
2208318540,4729,cudaLaunchKernel,0,10175,3216692,3216692,20,python
2208324031,12343,cudaLaunchKernel,0,10177,3216692,3216692,20,python
2208337266,4749,cudaLaunchKernel,0,10179,3216692,3216692,20,python
2208342827,4448,cudaLaunchKernel,0,10181,3216692,3216692,20,python
2208347746,4348,cudaLaunchKernel,0,10182,3216692,3216692,20,python
2208352575,4419,cudaLaunchKernel,0,10183,3216692,3216692,20,python
2208357505,4518,cudaLaunchKernel,0,10184,3216692,3216692,20,python
2208362604,3397,cudaMemsetAsync,0,10186,3216692,3216692,20,python
2208366271,2726,cudaMemsetAsync,0,10187,3216692,3216692,20,python
2208369538,4789,cudaLaunchKernel,0,10188,3216692,3216692,20,python
2208375479,4469,cudaLaunchKernel,0,10190,3216692,3216692,20,python
2208380729,4409,cudaLaunchKernel,0,10192,3216692,3216692,20,python
2208385919,4609,cudaLaunchKernel,0,10194,3216692,3216692,20,python
2208391269,4439,cudaLaunchKernel,0,10196,3216692,3216692,20,python
2208396459,4369,cudaLaunchKernel,0,10198,3216692,3216692,20,python
2208401379,4458,cudaLaunchKernel,0,10199,3216692,3216692,20,python
2208406438,3076,cudaMemsetAsync,0,10201,3216692,3216692,20,python
2208409785,2645,cudaMemsetAsync,0,10202,3216692,3216692,20,python
2208416528,4568,cudaLaunchKernel,0,10203,3216692,3216692,20,python
2208421888,4599,cudaLaunchKernel,0,10205,3216692,3216692,20,python
2208427308,4779,cudaLaunchKernel,0,10207,3216692,3216692,20,python
2208432889,4729,cudaLaunchKernel,0,10209,3216692,3216692,20,python
2208438409,4579,cudaLaunchKernel,0,10211,3216692,3216692,20,python
2208443800,4589,cudaLaunchKernel,0,10213,3216692,3216692,20,python
2208448950,3025,cudaMemsetAsync,0,10215,3216692,3216692,20,python
2208452527,4578,cudaLaunchKernel,0,10216,3216692,3216692,20,python
2208458388,4599,cudaLaunchKernel,0,10218,3216692,3216692,20,python
2208463828,4559,cudaLaunchKernel,0,10220,3216692,3216692,20,python
2208469198,7385,cudaLaunchKernel,0,10222,3216692,3216692,20,python
2208477164,3136,cudaMemsetAsync,0,10224,3216692,3216692,20,python
2208480811,4538,cudaLaunchKernel,0,10225,3216692,3216692,20,python
2208486301,4569,cudaLaunchKernel,0,10227,3216692,3216692,20,python
2208491601,4399,cudaLaunchKernel,0,10229,3216692,3216692,20,python
2208496751,4559,cudaLaunchKernel,0,10231,3216692,3216692,20,python
2208502021,4379,cudaLaunchKernel,0,10233,3216692,3216692,20,python
2208507141,4679,cudaLaunchKernel,0,10235,3216692,3216692,20,python
2208512371,3056,cudaMemsetAsync,0,10237,3216692,3216692,20,python
2208515938,4499,cudaLaunchKernel,0,10238,3216692,3216692,20,python
2208521689,4478,cudaLaunchKernel,0,10240,3216692,3216692,20,python
2208526969,4338,cudaLaunchKernel,0,10242,3216692,3216692,20,python
2208532109,4448,cudaLaunchKernel,0,10244,3216692,3216692,20,python
2208537359,4529,cudaLaunchKernel,0,10246,3216692,3216692,20,python
2208542729,4439,cudaLaunchKernel,0,10248,3216692,3216692,20,python
2208547959,4469,cudaLaunchKernel,0,10250,3216692,3216692,20,python
2208553229,4529,cudaLaunchKernel,0,10252,3216692,3216692,20,python
2208558549,4499,cudaLaunchKernel,0,10254,3216692,3216692,20,python
2208563789,4509,cudaLaunchKernel,0,10256,3216692,3216692,20,python
2208568839,3076,cudaMemsetAsync,0,10258,3216692,3216692,20,python
2208572436,4519,cudaLaunchKernel,0,10259,3216692,3216692,20,python
2208578107,4408,cudaLaunchKernel,0,10261,3216692,3216692,20,python
2208583307,4468,cudaLaunchKernel,0,10263,3216692,3216692,20,python
2208588547,4408,cudaLaunchKernel,0,10265,3216692,3216692,20,python
2208593747,4378,cudaLaunchKernel,0,10267,3216692,3216692,20,python
2208598917,4599,cudaLaunchKernel,0,10269,3216692,3216692,20,python
2208604267,4308,cudaLaunchKernel,0,10271,3216692,3216692,20,python
2208609377,4569,cudaLaunchKernel,0,10273,3216692,3216692,20,python
2208614747,4529,cudaLaunchKernel,0,10275,3216692,3216692,20,python
2208620057,4459,cudaLaunchKernel,0,10277,3216692,3216692,20,python
2208625287,4349,cudaLaunchKernel,0,10279,3216692,3216692,20,python
2208630367,4438,cudaLaunchKernel,0,10281,3216692,3216692,20,python
2208635637,4609,cudaLaunchKernel,0,10283,3216692,3216692,20,python
2208641057,4649,cudaLaunchKernel,0,10285,3216692,3216692,20,python
2208646478,4448,cudaLaunchKernel,0,10287,3216692,3216692,20,python
2208651477,4749,cudaLaunchKernel,0,10288,3216692,3216692,20,python
2208656968,4398,cudaLaunchKernel,0,10290,3216692,3216692,20,python
2208661957,3126,cudaMemsetAsync,0,10292,3216692,3216692,20,python
2208665354,2685,cudaMemsetAsync,0,10293,3216692,3216692,20,python
2208669201,4579,cudaLaunchKernel,0,10294,3216692,3216692,20,python
2208674552,4438,cudaLaunchKernel,0,10296,3216692,3216692,20,python
2208679862,4719,cudaLaunchKernel,0,10298,3216692,3216692,20,python
2208685382,4399,cudaLaunchKernel,0,10300,3216692,3216692,20,python
2208690292,4538,cudaLaunchKernel,0,10301,3216692,3216692,20,python
2208695993,4959,cudaLaunchKernel,0,10303,3216692,3216692,20,python
2208702505,3106,cudaMemsetAsync,0,10305,3216692,3216692,20,python
2208705892,2765,cudaMemsetAsync,0,10306,3216692,3216692,20,python
2208709128,4749,cudaLaunchKernel,0,10307,3216692,3216692,20,python
2208714658,5150,cudaLaunchKernel,0,10309,3216692,3216692,20,python
2208720349,3066,cudaMemsetAsync,0,10311,3216692,3216692,20,python
2208723936,4589,cudaLaunchKernel,0,10312,3216692,3216692,20,python
2208730799,4890,cudaLaunchKernel,0,10314,3216692,3216692,20,python
2208736791,4659,cudaLaunchKernel,0,10316,3216692,3216692,20,python
2208742081,7695,cudaMemcpyAsync,0,10318,3216692,3216692,20,python
2208750086,4018,cudaMemcpyAsync,0,10319,3216692,3216692,20,python
2208754394,3557,cudaEventRecord,0,10320,3216692,3216692,20,python
2208758272,6011858,cudaEventSynchronize,0,10321,3216692,3216692,20,python
2214770581,1954,cudaStreamSynchronize,0,10322,3216692,3216692,20,python
2214773948,6663,cudaLaunchKernel,0,10323,3216692,3216692,20,python
2214781262,3476,cudaEventRecord,0,10325,3216692,3216692,20,python
2214785019,922,cudaEventSynchronize,0,10326,3216692,3216692,20,python
2214834654,11592,cudaFree,0,10328,3216692,3216692,20,python
2214870342,2936,cudaDeviceSynchronize,0,10331,3216692,3216692,20,python
2214883317,1373,cudaDeviceSynchronize,0,10335,3216692,3216692,20,python
2215071287,8516,cudaMalloc,0,10338,3216692,3216692,20,python
2215125270,962,cudaStreamIsCapturing_v10000,0,10341,3216692,3216692,20,python
2215126553,681,cudaStreamGetDevice_v12080,0,10342,3216692,3216692,20,python
2215145188,461,cudaStreamIsCapturing_v10000,0,10375,3216692,3216692,20,python
2215145860,451,cudaStreamGetDevice_v12080,0,10376,3216692,3216692,20,python
2215152052,5721,cudaMemsetAsync,0,10387,3216692,3216692,20,python
2215158253,6874,cudaMemcpyAsync,0,10388,3216692,3216692,20,python
2215165477,4950,cudaMemcpyAsync,0,10389,3216692,3216692,20,python
2215170747,4279,cudaMemcpyAsync,0,10390,3216692,3216692,20,python
2215175366,4058,cudaMemcpyAsync,0,10391,3216692,3216692,20,python
2215179745,3987,cudaMemcpyAsync,0,10392,3216692,3216692,20,python
2215184634,10320,cudaLaunchKernel,0,10393,3216692,3216692,20,python
2215195665,5270,cudaMemcpyAsync,0,10395,3216692,3216692,20,python
2215201326,3978,cudaEventRecord,0,10396,3216692,3216692,20,python
2215205634,1794,cudaEventSynchronize,0,10397,3216692,3216692,20,python
2215209271,531,cudaStreamIsCapturing_v10000,0,10399,3216692,3216692,20,python
2215210223,3867,cudaMemcpyAsync,0,10400,3216692,3216692,20,python
2215214461,3517,cudaMemsetAsync,0,10401,3216692,3216692,20,python
2215218288,2976,cudaEventRecord,0,10402,3216692,3216692,20,python
2215221695,1833,cudaStreamWaitEvent,0,10403,3216692,3216692,20,python
2215223879,7565,cudaLaunchHostFunc_v10000,0,10404,3216692,3216692,20,python
2215232255,6503,cudaLaunchKernel,0,10405,3216692,3216692,20,python
2215245741,3406,cudaMemsetAsync,0,10407,3216692,3216692,20,python
2215249418,2916,cudaMemsetAsync,0,10408,3216692,3216692,20,python
2215252664,2765,cudaMemsetAsync,0,10409,3216692,3216692,20,python
2215255690,2685,cudaMemsetAsync,0,10410,3216692,3216692,20,python
2215258706,2645,cudaMemsetAsync,0,10411,3216692,3216692,20,python
2215261671,2676,cudaMemsetAsync,0,10412,3216692,3216692,20,python
2215264607,2675,cudaMemsetAsync,0,10413,3216692,3216692,20,python
2215267563,2765,cudaMemsetAsync,0,10414,3216692,3216692,20,python
2215270588,2676,cudaMemsetAsync,0,10415,3216692,3216692,20,python
2215273795,5240,cudaLaunchKernel,0,10416,3216692,3216692,20,python
2215279836,4960,cudaLaunchKernel,0,10418,3216692,3216692,20,python
2215285547,4749,cudaLaunchKernel,0,10420,3216692,3216692,20,python
2215291358,4819,cudaLaunchKernel,0,10422,3216692,3216692,20,python
2215296969,5911,cudaLaunchKernel,0,10424,3216692,3216692,20,python
2215303642,4809,cudaLaunchKernel,0,10426,3216692,3216692,20,python
2215309263,4628,cudaLaunchKernel,0,10428,3216692,3216692,20,python
2215314673,4969,cudaLaunchKernel,0,10430,3216692,3216692,20,python
2215320925,4859,cudaLaunchKernel,0,10432,3216692,3216692,20,python
2215326586,11402,cudaLaunchKernel,0,10434,3216692,3216692,20,python
2215338859,5080,cudaLaunchKernel,0,10436,3216692,3216692,20,python
2215344710,4930,cudaLaunchKernel,0,10438,3216692,3216692,20,python
2215350441,4459,cudaLaunchKernel,0,10440,3216692,3216692,20,python
2215355721,4319,cudaLaunchKernel,0,10442,3216692,3216692,20,python
2215361352,5260,cudaLaunchKernel,0,10444,3216692,3216692,20,python
2215367384,4408,cudaLaunchKernel,0,10446,3216692,3216692,20,python
2215372604,5470,cudaLaunchKernel,0,10448,3216692,3216692,20,python
2215378906,4699,cudaLaunchKernel,0,10450,3216692,3216692,20,python
2215384426,4579,cudaLaunchKernel,0,10452,3216692,3216692,20,python
2215389787,4528,cudaLaunchKernel,0,10454,3216692,3216692,20,python
2215395578,4749,cudaLaunchKernel,0,10456,3216692,3216692,20,python
2215401178,4489,cudaLaunchKernel,0,10458,3216692,3216692,20,python
2215406699,4779,cudaLaunchKernel,0,10460,3216692,3216692,20,python
2215412230,4588,cudaLaunchKernel,0,10462,3216692,3216692,20,python
2215417630,4649,cudaLaunchKernel,0,10464,3216692,3216692,20,python
2215423141,5220,cudaLaunchKernel,0,10466,3216692,3216692,20,python
2215429082,3787,cudaMemsetAsync,0,10468,3216692,3216692,20,python
2215433130,3496,cudaMemsetAsync,0,10469,3216692,3216692,20,python
2215437658,5561,cudaLaunchKernel,0,10470,3216692,3216692,20,python
2215444010,4730,cudaLaunchKernel,0,10472,3216692,3216692,20,python
2215449461,4859,cudaLaunchKernel,0,10474,3216692,3216692,20,python
2215455102,4769,cudaLaunchKernel,0,10476,3216692,3216692,20,python
2215460652,4719,cudaLaunchKernel,0,10478,3216692,3216692,20,python
2215466113,4458,cudaLaunchKernel,0,10480,3216692,3216692,20,python
2215471483,4619,cudaLaunchKernel,0,10482,3216692,3216692,20,python
2215481332,4919,cudaLaunchKernel,0,10488,3216692,3216692,20,python
2215486863,3386,cudaMemsetAsync,0,10490,3216692,3216692,20,python
2215490520,2805,cudaMemsetAsync,0,10491,3216692,3216692,20,python
2215495760,4819,cudaLaunchKernel,0,10492,3216692,3216692,20,python
2215501150,3316,cudaMemsetAsync,0,10494,3216692,3216692,20,python
2215504947,4659,cudaLaunchKernel,0,10495,3216692,3216692,20,python
2215510458,4729,cudaLaunchKernel,0,10497,3216692,3216692,20,python
2215516730,4829,cudaLaunchKernel,0,10499,3216692,3216692,20,python
2215522340,3187,cudaMemsetAsync,0,10501,3216692,3216692,20,python
2215526949,5140,cudaLaunchKernel,0,10502,3216692,3216692,20,python
2215532760,4369,cudaLaunchKernel,0,10504,3216692,3216692,20,python
2215537860,4328,cudaLaunchKernel,0,10506,3216692,3216692,20,python
2215542980,4178,cudaLaunchKernel,0,10508,3216692,3216692,20,python
2215547969,8266,cudaLaunchKernel,0,10510,3216692,3216692,20,python
2215557077,4639,cudaLaunchKernel,0,10512,3216692,3216692,20,python
2215562497,4429,cudaLaunchKernel,0,10514,3216692,3216692,20,python
2215567567,3146,cudaMemsetAsync,0,10516,3216692,3216692,20,python
2215571204,4549,cudaLaunchKernel,0,10517,3216692,3216692,20,python
2215576494,4509,cudaLaunchKernel,0,10519,3216692,3216692,20,python
2215581744,4178,cudaLaunchKernel,0,10521,3216692,3216692,20,python
2215586754,4338,cudaLaunchKernel,0,10523,3216692,3216692,20,python
2215592144,4489,cudaLaunchKernel,0,10525,3216692,3216692,20,python
2215597384,4328,cudaLaunchKernel,0,10527,3216692,3216692,20,python
2215602444,4218,cudaLaunchKernel,0,10529,3216692,3216692,20,python
2215607774,5150,cudaLaunchKernel,0,10531,3216692,3216692,20,python
2215614807,4659,cudaLaunchKernel,0,10533,3216692,3216692,20,python
2215621120,3256,cudaMemsetAsync,0,10536,3216692,3216692,20,python
2215625578,611,cudaStreamIsCapturing_v10000,0,10538,3216692,3216692,20,python
2215626460,1653,cudaStreamWaitEvent,0,10539,3216692,3216692,20,python
2215628413,8447,cudaMemcpyAsync,0,10540,3216692,3216692,20,python
2215637210,3748,cudaEventRecord,0,10541,3216692,3216692,20,python
2215641298,501,cudaStreamIsCapturing_v10000,0,10542,3216692,3216692,20,python
2215642130,13856,cudaGraphLaunch_v10000,0,10543,3216692,3216692,20,python
2215656898,3737,cudaMemsetAsync,0,10544,3216692,3216692,20,python
2215660886,2755,cudaMemsetAsync,0,10545,3216692,3216692,20,python
2215663891,2706,cudaMemsetAsync,0,10546,3216692,3216692,20,python
2215666837,2645,cudaMemsetAsync,0,10547,3216692,3216692,20,python
2215669733,2655,cudaMemsetAsync,0,10548,3216692,3216692,20,python
2215672688,2665,cudaMemsetAsync,0,10549,3216692,3216692,20,python
2215675594,2645,cudaMemsetAsync,0,10550,3216692,3216692,20,python
2215678890,6282,cudaLaunchKernel,0,10551,3216692,3216692,20,python
2215685783,3046,cudaMemsetAsync,0,10553,3216692,3216692,20,python
2215689360,5190,cudaLaunchKernel,0,10554,3216692,3216692,20,python
2215695893,4769,cudaLaunchKernel,0,10556,3216692,3216692,20,python
2215701503,4499,cudaLaunchKernel,0,10558,3216692,3216692,20,python
2215706844,4679,cudaLaunchKernel,0,10560,3216692,3216692,20,python
2215712364,4599,cudaLaunchKernel,0,10562,3216692,3216692,20,python
2215717775,4428,cudaLaunchKernel,0,10564,3216692,3216692,20,python
2215723075,4909,cudaLaunchKernel,0,10566,3216692,3216692,20,python
2215728926,4569,cudaLaunchKernel,0,10568,3216692,3216692,20,python
2215734336,3176,cudaMemsetAsync,0,10570,3216692,3216692,20,python
2215737793,2705,cudaMemsetAsync,0,10571,3216692,3216692,20,python
2215740759,2695,cudaMemsetAsync,0,10572,3216692,3216692,20,python
2215743975,4719,cudaLaunchKernel,0,10573,3216692,3216692,20,python
2215749255,3066,cudaMemsetAsync,0,10575,3216692,3216692,20,python
2215752581,2775,cudaMemsetAsync,0,10576,3216692,3216692,20,python
2215756138,4799,cudaLaunchKernel,0,10577,3216692,3216692,20,python
2215761689,4779,cudaLaunchKernel,0,10579,3216692,3216692,20,python
2215767259,4459,cudaLaunchKernel,0,10581,3216692,3216692,20,python
2215772519,4669,cudaLaunchKernel,0,10583,3216692,3216692,20,python
2215778040,4929,cudaLaunchKernel,0,10585,3216692,3216692,20,python
2215785194,3116,cudaMemsetAsync,0,10587,3216692,3216692,20,python
2215788590,2665,cudaMemsetAsync,0,10588,3216692,3216692,20,python
2215791806,4870,cudaLaunchKernel,0,10589,3216692,3216692,20,python
2215797277,3016,cudaMemsetAsync,0,10591,3216692,3216692,20,python
2215800553,2685,cudaMemsetAsync,0,10592,3216692,3216692,20,python
2215804340,4729,cudaLaunchKernel,0,10593,3216692,3216692,20,python
2215809861,4599,cudaLaunchKernel,0,10595,3216692,3216692,20,python
2215815231,4519,cudaLaunchKernel,0,10597,3216692,3216692,20,python
2215820571,4930,cudaLaunchKernel,0,10599,3216692,3216692,20,python
2215826072,3126,cudaMemsetAsync,0,10601,3216692,3216692,20,python
2215829468,3016,cudaMemsetAsync,0,10602,3216692,3216692,20,python
2215833266,4649,cudaLaunchKernel,0,10603,3216692,3216692,20,python
2215838726,4669,cudaLaunchKernel,0,10605,3216692,3216692,20,python
2215844277,4639,cudaLaunchKernel,0,10607,3216692,3216692,20,python
2215849457,3025,cudaMemsetAsync,0,10609,3216692,3216692,20,python
2215852743,5911,cudaMemsetAsync,0,10610,3216692,3216692,20,python
2215859446,2765,cudaMemsetAsync,0,10611,3216692,3216692,20,python
2215862832,4940,cudaLaunchKernel,0,10612,3216692,3216692,20,python
2215868613,4549,cudaLaunchKernel,0,10614,3216692,3216692,20,python
2215873994,4729,cudaLaunchKernel,0,10616,3216692,3216692,20,python
2215879534,4489,cudaLaunchKernel,0,10618,3216692,3216692,20,python
2215884854,4439,cudaLaunchKernel,0,10620,3216692,3216692,20,python
2215890124,4519,cudaLaunchKernel,0,10622,3216692,3216692,20,python
2215895194,3076,cudaMemsetAsync,0,10624,3216692,3216692,20,python
2215898531,2625,cudaMemsetAsync,0,10625,3216692,3216692,20,python
2215902318,4869,cudaLaunchKernel,0,10626,3216692,3216692,20,python
2215908019,4659,cudaLaunchKernel,0,10628,3216692,3216692,20,python
2215913489,4629,cudaLaunchKernel,0,10630,3216692,3216692,20,python
2215918880,4779,cudaLaunchKernel,0,10632,3216692,3216692,20,python
2215924420,4549,cudaLaunchKernel,0,10634,3216692,3216692,20,python
2215929780,4619,cudaLaunchKernel,0,10636,3216692,3216692,20,python
2215935181,4579,cudaLaunchKernel,0,10638,3216692,3216692,20,python
2215940391,3206,cudaMemsetAsync,0,10640,3216692,3216692,20,python
2215943877,2766,cudaMemsetAsync,0,10641,3216692,3216692,20,python
2215948176,4769,cudaLaunchKernel,0,10642,3216692,3216692,20,python
2215953766,4739,cudaLaunchKernel,0,10644,3216692,3216692,20,python
2215959327,4679,cudaLaunchKernel,0,10646,3216692,3216692,20,python
2215964807,4699,cudaLaunchKernel,0,10648,3216692,3216692,20,python
2215970098,3136,cudaMemsetAsync,0,10650,3216692,3216692,20,python
2215973504,2675,cudaMemsetAsync,0,10651,3216692,3216692,20,python
2215976450,2705,cudaMemsetAsync,0,10652,3216692,3216692,20,python
2215980097,4949,cudaLaunchKernel,0,10653,3216692,3216692,20,python
2215985808,4699,cudaLaunchKernel,0,10655,3216692,3216692,20,python
2215991248,4579,cudaLaunchKernel,0,10657,3216692,3216692,20,python
2215996608,4619,cudaLaunchKernel,0,10659,3216692,3216692,20,python
2216001999,4669,cudaLaunchKernel,0,10661,3216692,3216692,20,python
2216007499,4579,cudaLaunchKernel,0,10663,3216692,3216692,20,python
2216012709,4639,cudaLaunchKernel,0,10664,3216692,3216692,20,python
2216018009,3226,cudaMemsetAsync,0,10666,3216692,3216692,20,python
2216021516,2725,cudaMemsetAsync,0,10667,3216692,3216692,20,python
2216024542,2695,cudaMemsetAsync,0,10668,3216692,3216692,20,python
2216027487,2696,cudaMemsetAsync,0,10669,3216692,3216692,20,python
2216030493,2685,cudaMemsetAsync,0,10670,3216692,3216692,20,python
2216033429,2715,cudaMemsetAsync,0,10671,3216692,3216692,20,python
2216037346,4779,cudaLaunchKernel,0,10672,3216692,3216692,20,python
2216042887,4679,cudaLaunchKernel,0,10674,3216692,3216692,20,python
2216048377,4760,cudaLaunchKernel,0,10676,3216692,3216692,20,python
2216053898,4619,cudaLaunchKernel,0,10678,3216692,3216692,20,python
2216059288,4860,cudaLaunchKernel,0,10680,3216692,3216692,20,python
2216065651,4658,cudaLaunchKernel,0,10682,3216692,3216692,20,python
2216071061,4629,cudaLaunchKernel,0,10684,3216692,3216692,20,python
2216076541,4529,cudaLaunchKernel,0,10686,3216692,3216692,20,python
2216081821,4509,cudaLaunchKernel,0,10688,3216692,3216692,20,python
2216087082,4408,cudaLaunchKernel,0,10690,3216692,3216692,20,python
2216092802,4589,cudaLaunchKernel,0,10692,3216692,3216692,20,python
2216098173,4699,cudaLaunchKernel,0,10694,3216692,3216692,20,python
2216103623,4980,cudaLaunchKernel,0,10696,3216692,3216692,20,python
2216109384,4629,cudaLaunchKernel,0,10698,3216692,3216692,20,python
2216114785,4548,cudaLaunchKernel,0,10700,3216692,3216692,20,python
2216119804,4399,cudaLaunchKernel,0,10701,3216692,3216692,20,python
2216124684,4288,cudaLaunchKernel,0,10702,3216692,3216692,20,python
2216129483,4558,cudaLaunchKernel,0,10703,3216692,3216692,20,python
2216134623,3156,cudaMemsetAsync,0,10705,3216692,3216692,20,python
2216138049,2675,cudaMemsetAsync,0,10706,3216692,3216692,20,python
2216141215,4679,cudaLaunchKernel,0,10707,3216692,3216692,20,python
2216147046,4499,cudaLaunchKernel,0,10709,3216692,3216692,20,python
2216152306,4449,cudaLaunchKernel,0,10711,3216692,3216692,20,python
2216157516,4709,cudaLaunchKernel,0,10713,3216692,3216692,20,python
2216162967,4508,cudaLaunchKernel,0,10715,3216692,3216692,20,python
2216168267,7043,cudaLaunchKernel,0,10717,3216692,3216692,20,python
2216175942,4568,cudaLaunchKernel,0,10718,3216692,3216692,20,python
2216181182,3126,cudaMemsetAsync,0,10720,3216692,3216692,20,python
2216184588,2705,cudaMemsetAsync,0,10721,3216692,3216692,20,python
2216191291,4619,cudaLaunchKernel,0,10722,3216692,3216692,20,python
2216196711,4589,cudaLaunchKernel,0,10724,3216692,3216692,20,python
2216202122,4869,cudaLaunchKernel,0,10726,3216692,3216692,20,python
2216207783,4689,cudaLaunchKernel,0,10728,3216692,3216692,20,python
2216213253,4589,cudaLaunchKernel,0,10730,3216692,3216692,20,python
2216218643,4679,cudaLaunchKernel,0,10732,3216692,3216692,20,python
2216223863,3176,cudaMemsetAsync,0,10734,3216692,3216692,20,python
2216227591,4588,cudaLaunchKernel,0,10735,3216692,3216692,20,python
2216233422,4598,cudaLaunchKernel,0,10737,3216692,3216692,20,python
2216238852,4469,cudaLaunchKernel,0,10739,3216692,3216692,20,python
2216244102,4729,cudaLaunchKernel,0,10741,3216692,3216692,20,python
2216249372,3106,cudaMemsetAsync,0,10743,3216692,3216692,20,python
2216252959,4549,cudaLaunchKernel,0,10744,3216692,3216692,20,python
2216258520,4468,cudaLaunchKernel,0,10746,3216692,3216692,20,python
2216263730,4398,cudaLaunchKernel,0,10748,3216692,3216692,20,python
2216269110,4629,cudaLaunchKernel,0,10750,3216692,3216692,20,python
2216274450,4369,cudaLaunchKernel,0,10752,3216692,3216692,20,python
2216279560,4559,cudaLaunchKernel,0,10754,3216692,3216692,20,python
2216284660,3026,cudaMemsetAsync,0,10756,3216692,3216692,20,python
2216288187,4308,cudaLaunchKernel,0,10757,3216692,3216692,20,python
2216293777,4509,cudaLaunchKernel,0,10759,3216692,3216692,20,python
2216299077,4489,cudaLaunchKernel,0,10761,3216692,3216692,20,python
2216304367,4519,cudaLaunchKernel,0,10763,3216692,3216692,20,python
2216309718,4548,cudaLaunchKernel,0,10765,3216692,3216692,20,python
2216315118,4589,cudaLaunchKernel,0,10767,3216692,3216692,20,python
2216320518,4519,cudaLaunchKernel,0,10769,3216692,3216692,20,python
2216325829,10850,cudaLaunchKernel,0,10771,3216692,3216692,20,python
2216337521,4649,cudaLaunchKernel,0,10773,3216692,3216692,20,python
2216342981,4579,cudaLaunchKernel,0,10775,3216692,3216692,20,python
2216348081,3276,cudaMemsetAsync,0,10777,3216692,3216692,20,python
2216351878,4599,cudaLaunchKernel,0,10778,3216692,3216692,20,python
2216357629,4709,cudaLaunchKernel,0,10780,3216692,3216692,20,python
2216363160,4439,cudaLaunchKernel,0,10782,3216692,3216692,20,python
2216368380,4429,cudaLaunchKernel,0,10784,3216692,3216692,20,python
2216373620,4519,cudaLaunchKernel,0,10786,3216692,3216692,20,python
2216378910,4519,cudaLaunchKernel,0,10788,3216692,3216692,20,python
2216384200,4429,cudaLaunchKernel,0,10790,3216692,3216692,20,python
2216389420,4659,cudaLaunchKernel,0,10792,3216692,3216692,20,python
2216394871,4599,cudaLaunchKernel,0,10794,3216692,3216692,20,python
2216400231,4559,cudaLaunchKernel,0,10796,3216692,3216692,20,python
2216405601,4459,cudaLaunchKernel,0,10798,3216692,3216692,20,python
2216410801,4559,cudaLaunchKernel,0,10800,3216692,3216692,20,python
2216416161,4800,cudaLaunchKernel,0,10802,3216692,3216692,20,python
2216421752,4689,cudaLaunchKernel,0,10804,3216692,3216692,20,python
2216427233,4538,cudaLaunchKernel,0,10806,3216692,3216692,20,python
2216432312,4559,cudaLaunchKernel,0,10807,3216692,3216692,20,python
2216437613,4438,cudaLaunchKernel,0,10809,3216692,3216692,20,python
2216442602,3226,cudaMemsetAsync,0,10811,3216692,3216692,20,python
2216446099,2815,cudaMemsetAsync,0,10812,3216692,3216692,20,python
2216450076,4609,cudaLaunchKernel,0,10813,3216692,3216692,20,python
2216455487,4478,cudaLaunchKernel,0,10815,3216692,3216692,20,python
2216460767,4719,cudaLaunchKernel,0,10817,3216692,3216692,20,python
2216466267,4349,cudaLaunchKernel,0,10819,3216692,3216692,20,python
2216471127,4548,cudaLaunchKernel,0,10820,3216692,3216692,20,python
2216476527,5010,cudaLaunchKernel,0,10822,3216692,3216692,20,python
2216483090,3186,cudaMemsetAsync,0,10824,3216692,3216692,20,python
2216486556,2725,cudaMemsetAsync,0,10825,3216692,3216692,20,python
2216489762,4770,cudaLaunchKernel,0,10826,3216692,3216692,20,python
2216495313,4819,cudaLaunchKernel,0,10828,3216692,3216692,20,python
2216500673,2886,cudaMemsetAsync,0,10830,3216692,3216692,20,python
2216504060,7204,cudaLaunchKernel,0,10831,3216692,3216692,20,python
2216513578,4959,cudaLaunchKernel,0,10833,3216692,3216692,20,python
2216519640,4598,cudaLaunchKernel,0,10835,3216692,3216692,20,python
2216524860,7324,cudaMemcpyAsync,0,10837,3216692,3216692,20,python
2216532484,3928,cudaMemcpyAsync,0,10838,3216692,3216692,20,python
2216536732,3697,cudaEventRecord,0,10839,3216692,3216692,20,python
2216540760,6003873,cudaEventSynchronize,0,10840,3216692,3216692,20,python
2222545144,1934,cudaStreamSynchronize,0,10841,3216692,3216692,20,python
2222548441,6562,cudaLaunchKernel,0,10842,3216692,3216692,20,python
2222555624,3237,cudaEventRecord,0,10844,3216692,3216692,20,python
2222559131,942,cudaEventSynchronize,0,10845,3216692,3216692,20,python
2222607935,8305,cudaFree,0,10847,3216692,3216692,20,python
2222639946,2845,cudaDeviceSynchronize,0,10850,3216692,3216692,20,python
2222667418,1804,cudaStreamSynchronize,0,10853,3216692,3216692,20,python
2222669803,23194,cudaGraphExecDestroy_v10000,0,10854,3216692,3216692,20,python
2222693388,2285,cudaGraphDestroy_v10000,0,10855,3216692,3216692,20,python
2222695893,180025,cudaGraphExecDestroy_v10000,0,10856,3216692,3216692,20,python
2222876268,59725,cudaGraphDestroy_v10000,0,10857,3216692,3216692,20,python
2222936313,6583,cudaFree,0,10858,3216692,3216692,20,python
2222943367,1052,cudaEventDestroy,0,10859,3216692,3216692,20,python
2222944719,8096,cudaFreeHost,0,10860,3216692,3216692,20,python
2222953085,4369,cudaFreeHost,0,10861,3216692,3216692,20,python
2222957714,3527,cudaFree,0,10862,3216692,3216692,20,python
2222961501,3487,cudaFree,0,10863,3216692,3216692,20,python
2222965229,2434,cudaFree,0,10864,3216692,3216692,20,python
2222967914,4128,cudaFree,0,10865,3216692,3216692,20,python
2222972282,3757,cudaFree,0,10866,3216692,3216692,20,python
2222976290,661,cudaEventDestroy,0,10867,3216692,3216692,20,python
2222977322,4338,cudaStreamDestroy,0,10868,3216692,3216692,20,python
2222981951,5741,cudaFreeHost,0,10869,3216692,3216692,20,python
2222987952,3918,cudaFree,0,10870,3216692,3216692,20,python
2222992110,4078,cudaFree,0,10871,3216692,3216692,20,python
2222996428,4439,cudaFree,0,10872,3216692,3216692,20,python
2223001117,3547,cudaFree,0,10873,3216692,3216692,20,python
2223005586,1192,cudaEventSynchronize,0,10875,3216692,3216692,20,python
2223006988,552,cudaEventDestroy,0,10876,3216692,3216692,20,python
2223007780,120451,cudaFree,0,10877,3216692,3216692,20,python
2223129052,6903,cudaFreeHost,0,10878,3216692,3216692,20,python
2223136466,4820,cudaFreeHost,0,10879,3216692,3216692,20,python
2223141716,4259,cudaFreeHost,0,10880,3216692,3216692,20,python
2223148239,4158,cudaFreeHost,0,10881,3216692,3216692,20,python
2223152958,3837,cudaFreeHost,0,10882,3216692,3216692,20,python
2223172525,1934,cudaStreamSynchronize,0,10883,3216692,3216692,20,python
2223178246,2315,cudaDeviceSynchronize,0,10884,3216692,3216692,20,python
2223180982,1322,cudaEventDestroy,0,10885,3216692,3216692,20,python
2223182484,582,cudaEventDestroy,0,10886,3216692,3216692,20,python
2223183236,521,cudaEventDestroy,0,10887,3216692,3216692,20,python
2223183917,381,cudaEventDestroy,0,10888,3216692,3216692,20,python
2223184458,381,cudaEventDestroy,0,10889,3216692,3216692,20,python
2223184999,351,cudaEventDestroy,0,10890,3216692,3216692,20,python
2223185510,371,cudaEventDestroy,0,10891,3216692,3216692,20,python
2223186041,361,cudaEventDestroy,0,10892,3216692,3216692,20,python
2223187123,3307,cudaFree,0,10893,3216692,3216692,20,python
2223190800,1173,cudaDeviceSynchronize,0,10894,3216692,3216692,20,python
2223192153,531,cudaEventDestroy,0,10895,3216692,3216692,20,python
2223192854,391,cudaEventDestroy,0,10896,3216692,3216692,20,python
2223193465,351,cudaEventDestroy,0,10897,3216692,3216692,20,python
2223193966,351,cudaEventDestroy,0,10898,3216692,3216692,20,python
2223194467,351,cudaEventDestroy,0,10899,3216692,3216692,20,python
2223194978,431,cudaEventDestroy,0,10900,3216692,3216692,20,python
2223195559,341,cudaEventDestroy,0,10901,3216692,3216692,20,python
2223196060,341,cudaEventDestroy,0,10902,3216692,3216692,20,python
2223196611,3277,cudaFree,0,10903,3216692,3216692,20,python
2223200148,1072,cudaDeviceSynchronize,0,10904,3216692,3216692,20,python
2223201471,521,cudaEventDestroy,0,10905,3216692,3216692,20,python
2223202152,381,cudaEventDestroy,0,10906,3216692,3216692,20,python
2223202974,56608,cudaFree,0,10907,3216692,3216692,20,python
2223262518,2855,cudaDeviceSynchronize,0,10908,3216692,3216692,20,python
2223278568,2034,cudaDeviceSynchronize,0,10909,3216692,3216692,20,python
2223280993,962,cudaEventDestroy,0,10910,3216692,3216692,20,python
2223282145,391,cudaEventDestroy,0,10911,3216692,3216692,20,python
2223282696,451,cudaEventDestroy,0,10912,3216692,3216692,20,python
2223283297,401,cudaEventDestroy,0,10913,3216692,3216692,20,python
2223283858,341,cudaEventDestroy,0,10914,3216692,3216692,20,python
2223284359,351,cudaEventDestroy,0,10915,3216692,3216692,20,python
2223284860,341,cudaEventDestroy,0,10916,3216692,3216692,20,python
2223285361,341,cudaEventDestroy,0,10917,3216692,3216692,20,python
2223286644,9007,cudaFree,0,10918,3216692,3216692,20,python
2223296002,1122,cudaDeviceSynchronize,0,10919,3216692,3216692,20,python
2223297344,551,cudaEventDestroy,0,10920,3216692,3216692,20,python
2223298066,380,cudaEventDestroy,0,10921,3216692,3216692,20,python
2223298607,340,cudaEventDestroy,0,10922,3216692,3216692,20,python
2223299158,340,cudaEventDestroy,0,10923,3216692,3216692,20,python
2223299659,340,cudaEventDestroy,0,10924,3216692,3216692,20,python
2223300150,350,cudaEventDestroy,0,10925,3216692,3216692,20,python
2223300951,341,cudaEventDestroy,0,10926,3216692,3216692,20,python
2223301442,431,cudaEventDestroy,0,10927,3216692,3216692,20,python
2223302083,3477,cudaFree,0,10928,3216692,3216692,20,python
2223305841,1062,cudaDeviceSynchronize,0,10929,3216692,3216692,20,python
2223307143,521,cudaEventDestroy,0,10930,3216692,3216692,20,python
2223307824,441,cudaEventDestroy,0,10931,3216692,3216692,20,python
2223308856,63412,cudaFree,0,10932,3216692,3216692,20,python
2223373069,1704,cudaDeviceSynchronize,0,10933,3216692,3216692,20,python
2223376346,1052,cudaDeviceSynchronize,0,10934,3216692,3216692,20,python
2223377608,561,cudaEventDestroy,0,10935,3216692,3216692,20,python
2223378329,431,cudaEventDestroy,0,10936,3216692,3216692,20,python
2223378910,361,cudaEventDestroy,0,10937,3216692,3216692,20,python
2223379421,351,cudaEventDestroy,0,10938,3216692,3216692,20,python
2223379922,351,cudaEventDestroy,0,10939,3216692,3216692,20,python
2223380423,351,cudaEventDestroy,0,10940,3216692,3216692,20,python
2223380924,341,cudaEventDestroy,0,10941,3216692,3216692,20,python
2223381425,471,cudaEventDestroy,0,10942,3216692,3216692,20,python
2223382117,6302,cudaFree,0,10943,3216692,3216692,20,python
2223388709,1052,cudaDeviceSynchronize,0,10944,3216692,3216692,20,python
2223389962,501,cudaEventDestroy,0,10945,3216692,3216692,20,python
2223390633,361,cudaEventDestroy,0,10946,3216692,3216692,20,python
2223391154,341,cudaEventDestroy,0,10947,3216692,3216692,20,python
2223391655,341,cudaEventDestroy,0,10948,3216692,3216692,20,python
2223392156,340,cudaEventDestroy,0,10949,3216692,3216692,20,python
2223392647,340,cudaEventDestroy,0,10950,3216692,3216692,20,python
2223393148,481,cudaEventDestroy,0,10951,3216692,3216692,20,python
2223393789,421,cudaEventDestroy,0,10952,3216692,3216692,20,python
2223394440,3367,cudaFree,0,10953,3216692,3216692,20,python
2223398077,982,cudaDeviceSynchronize,0,10954,3216692,3216692,20,python
2223399299,521,cudaEventDestroy,0,10955,3216692,3216692,20,python
2223399981,621,cudaEventDestroy,0,10956,3216692,3216692,20,python
2223400923,54664,cudaFree,0,10957,3216692,3216692,20,python
2223456158,1453,cudaDeviceSynchronize,0,10958,3216692,3216692,20,python
2223459274,4910,cudaStreamDestroy,0,10959,3216692,3216692,20,python
2223464584,1062,cudaEventDestroy,0,10960,3216692,3216692,20,python
2223466218,1032,cudaDeviceSynchronize,0,10961,3216692,3216692,20,python
2223467490,491,cudaEventDestroy,0,10962,3216692,3216692,20,python
2223468151,381,cudaEventDestroy,0,10963,3216692,3216692,20,python
2223468692,381,cudaEventDestroy,0,10964,3216692,3216692,20,python
2223469223,351,cudaEventDestroy,0,10965,3216692,3216692,20,python
2223469724,351,cudaEventDestroy,0,10966,3216692,3216692,20,python
2223470225,341,cudaEventDestroy,0,10967,3216692,3216692,20,python
2223470726,341,cudaEventDestroy,0,10968,3216692,3216692,20,python
2223471227,341,cudaEventDestroy,0,10969,3216692,3216692,20,python
2223471858,4900,cudaFree,0,10970,3216692,3216692,20,python
2223477038,1012,cudaDeviceSynchronize,0,10971,3216692,3216692,20,python
2223478251,450,cudaEventDestroy,0,10972,3216692,3216692,20,python
2223478862,411,cudaEventDestroy,0,10973,3216692,3216692,20,python
2223479433,401,cudaEventDestroy,0,10974,3216692,3216692,20,python
2223479994,421,cudaEventDestroy,0,10975,3216692,3216692,20,python
2223480575,351,cudaEventDestroy,0,10976,3216692,3216692,20,python
2223481086,351,cudaEventDestroy,0,10977,3216692,3216692,20,python
2223481597,351,cudaEventDestroy,0,10978,3216692,3216692,20,python
2223482098,351,cudaEventDestroy,0,10979,3216692,3216692,20,python
2223482659,3156,cudaFree,0,10980,3216692,3216692,20,python
2223486126,1012,cudaDeviceSynchronize,0,10981,3216692,3216692,20,python
2223487418,491,cudaEventDestroy,0,10982,3216692,3216692,20,python
2223488079,371,cudaEventDestroy,0,10983,3216692,3216692,20,python
2223488761,51128,cudaFree,0,10984,3216692,3216692,20,python
2223540440,1503,cudaDeviceSynchronize,0,10985,3216692,3216692,20,python
2223543245,3387,cudaStreamDestroy,0,10986,3216692,3216692,20,python
2223546872,611,cudaEventDestroy,0,10987,3216692,3216692,20,python
2223547794,1042,cudaDeviceSynchronize,0,10988,3216692,3216692,20,python
2223549036,451,cudaEventDestroy,0,10989,3216692,3216692,20,python
2223549677,421,cudaEventDestroy,0,10990,3216692,3216692,20,python
2223550248,742,cudaEventDestroy,0,10991,3216692,3216692,20,python
2223551150,421,cudaEventDestroy,0,10992,3216692,3216692,20,python
2223551721,351,cudaEventDestroy,0,10993,3216692,3216692,20,python
2223552232,351,cudaEventDestroy,0,10994,3216692,3216692,20,python
2223552733,351,cudaEventDestroy,0,10995,3216692,3216692,20,python
2223553244,341,cudaEventDestroy,0,10996,3216692,3216692,20,python
2223553805,4469,cudaFree,0,10997,3216692,3216692,20,python
2223558544,1052,cudaDeviceSynchronize,0,10998,3216692,3216692,20,python
2223559777,501,cudaEventDestroy,0,10999,3216692,3216692,20,python
2223560438,451,cudaEventDestroy,0,11000,3216692,3216692,20,python
2223561039,351,cudaEventDestroy,0,11001,3216692,3216692,20,python
2223561540,351,cudaEventDestroy,0,11002,3216692,3216692,20,python
2223562041,351,cudaEventDestroy,0,11003,3216692,3216692,20,python
2223562542,341,cudaEventDestroy,0,11004,3216692,3216692,20,python
2223563043,361,cudaEventDestroy,0,11005,3216692,3216692,20,python
2223563554,351,cudaEventDestroy,0,11006,3216692,3216692,20,python
2223564125,3907,cudaFree,0,11007,3216692,3216692,20,python
2223568293,992,cudaDeviceSynchronize,0,11008,3216692,3216692,20,python
2223569555,441,cudaEventDestroy,0,11009,3216692,3216692,20,python
2223570167,370,cudaEventDestroy,0,11010,3216692,3216692,20,python
2223570868,51969,cudaFree,0,11011,3216692,3216692,20,python
2223623348,1463,cudaDeviceSynchronize,0,11012,3216692,3216692,20,python
2223625983,3708,cudaStreamDestroy,0,11013,3216692,3216692,20,python
2223629951,611,cudaEventDestroy,0,11014,3216692,3216692,20,python
2223630953,65365,cudaFree,0,11015,3216692,3216692,20,python
2223698001,5551,cudaFree,0,11017,3216692,3216692,20,python
2223703812,4198,cudaFree,0,11018,3216692,3216692,20,python
2223708311,5330,cudaFreeHost,0,11019,3216692,3216692,20,python
2223714453,80504,cudaFree,0,11021,3216692,3216692,20,python
2223795408,441966,cudaFreeHost,0,11022,3216692,3216692,20,python
2224238326,1493,cudaEventDestroy,0,11023,3216692,3216692,20,python
