Start (ns),Duration (ns),Name,Result,CorrID,Pid,Tid,T-Pri,Thread Name
529512547,1042,cuModuleGetLoadingMode,0,1,3203630,3203630,20,python
531684963,120738912,cudaMemcpyToSymbol,0,122,3203630,3203630,20,python
652426430,9358,cudaMemcpyToSymbol,0,123,3203630,3203630,20,python
652436158,6884,cudaMemcpyToSymbol,0,124,3203630,3203630,20,python
652449694,6142,cudaStreamIsCapturing_v10000,0,127,3203630,3203630,20,python
652456427,1673,cudaStreamGetDevice_v12080,0,128,3203630,3203630,20,python
652459243,6883,cudaEventCreateWithFlags,0,129,3203630,3203630,20,python
652466707,286769,cudaMalloc,0,130,3203630,3203630,20,python
652754307,921543,cudaMallocHost,0,131,3203630,3203630,20,python
653854192,88228,cudaFree,0,134,3203630,3203630,20,python
653943002,355059,cudaFreeHost,0,135,3203630,3203630,20,python
654299323,2565,cudaEventDestroy,0,136,3203630,3203630,20,python
1679231425,7424,cuGetProcAddress_v2,0,137,3203630,3203630,20,python
1679239981,1122,cuGetProcAddress_v2,0,138,3203630,3203630,20,python
1679241544,571,cuGetProcAddress_v2,0,139,3203630,3203630,20,python
1679242305,211,cuGetProcAddress_v2,0,140,3203630,3203630,20,python
1679242696,421,cuGetProcAddress_v2,0,141,3203630,3203630,20,python
1679243408,450,cuGetProcAddress_v2,0,142,3203630,3203630,20,python
1679244039,340,cuGetProcAddress_v2,0,143,3203630,3203630,20,python
1679244660,441,cuGetProcAddress_v2,0,144,3203630,3203630,20,python
1679245281,511,cuGetProcAddress_v2,0,145,3203630,3203630,20,python
1679245982,551,cuGetProcAddress_v2,0,146,3203630,3203630,20,python
1679246814,631,cuGetProcAddress_v2,0,147,3203630,3203630,20,python
1679247636,581,cuGetProcAddress_v2,0,148,3203630,3203630,20,python
1679248627,381,cuGetProcAddress_v2,0,149,3203630,3203630,20,python
1679249189,350,cuGetProcAddress_v2,0,150,3203630,3203630,20,python
1679249720,350,cuGetProcAddress_v2,0,151,3203630,3203630,20,python
1679250361,361,cuGetProcAddress_v2,0,152,3203630,3203630,20,python
1679250892,421,cuGetProcAddress_v2,0,153,3203630,3203630,20,python
1679251493,371,cuGetProcAddress_v2,0,154,3203630,3203630,20,python
1679252144,331,cuGetProcAddress_v2,0,155,3203630,3203630,20,python
1679252655,311,cuGetProcAddress_v2,0,156,3203630,3203630,20,python
1679253146,371,cuGetProcAddress_v2,0,157,3203630,3203630,20,python
1679253797,321,cuGetProcAddress_v2,0,158,3203630,3203630,20,python
1679254298,391,cuGetProcAddress_v2,0,159,3203630,3203630,20,python
1679254980,350,cuGetProcAddress_v2,0,160,3203630,3203630,20,python
1679255511,270,cuGetProcAddress_v2,0,161,3203630,3203630,20,python
1679255962,480,cuGetProcAddress_v2,0,162,3203630,3203630,20,python
1679256733,341,cuGetProcAddress_v2,0,163,3203630,3203630,20,python
1679257254,361,cuGetProcAddress_v2,0,164,3203630,3203630,20,python
1679257785,541,cuGetProcAddress_v2,0,165,3203630,3203630,20,python
1679258607,521,cuGetProcAddress_v2,0,166,3203630,3203630,20,python
1679259308,311,cuGetProcAddress_v2,0,167,3203630,3203630,20,python
1679259899,301,cuGetProcAddress_v2,0,168,3203630,3203630,20,python
1679260390,240,cuGetProcAddress_v2,0,169,3203630,3203630,20,python
1679260821,140,cuGetProcAddress_v2,0,170,3203630,3203630,20,python
1679261141,311,cuGetProcAddress_v2,0,171,3203630,3203630,20,python
1679261632,531,cuGetProcAddress_v2,0,172,3203630,3203630,20,python
1679262344,240,cuGetProcAddress_v2,0,173,3203630,3203630,20,python
1679262755,310,cuGetProcAddress_v2,0,174,3203630,3203630,20,python
1679263235,271,cuGetProcAddress_v2,0,175,3203630,3203630,20,python
1679263787,180,cuGetProcAddress_v2,0,176,3203630,3203630,20,python
1679264147,241,cuGetProcAddress_v2,0,177,3203630,3203630,20,python
1679264568,301,cuGetProcAddress_v2,0,178,3203630,3203630,20,python
1679265219,161,cuGetProcAddress_v2,0,179,3203630,3203630,20,python
1679265600,471,cuGetProcAddress_v2,0,180,3203630,3203630,20,python
1679266291,311,cuGetProcAddress_v2,0,181,3203630,3203630,20,python
1679266882,241,cuGetProcAddress_v2,0,182,3203630,3203630,20,python
1679267303,301,cuGetProcAddress_v2,0,183,3203630,3203630,20,python
1679267884,341,cuGetProcAddress_v2,0,184,3203630,3203630,20,python
1679268395,381,cuGetProcAddress_v2,0,185,3203630,3203630,20,python
1679268946,201,cuGetProcAddress_v2,0,186,3203630,3203630,20,python
1679269427,201,cuGetProcAddress_v2,0,187,3203630,3203630,20,python
1679269938,201,cuGetProcAddress_v2,0,188,3203630,3203630,20,python
1679270309,301,cuGetProcAddress_v2,0,189,3203630,3203630,20,python
1679270890,251,cuGetProcAddress_v2,0,190,3203630,3203630,20,python
1679271321,220,cuGetProcAddress_v2,0,191,3203630,3203630,20,python
1679271712,260,cuGetProcAddress_v2,0,192,3203630,3203630,20,python
1679272153,230,cuGetProcAddress_v2,0,193,3203630,3203630,20,python
1679272563,321,cuGetProcAddress_v2,0,194,3203630,3203630,20,python
1679273054,371,cuGetProcAddress_v2,0,195,3203630,3203630,20,python
1679273595,221,cuGetProcAddress_v2,0,196,3203630,3203630,20,python
1679273996,371,cuGetProcAddress_v2,0,197,3203630,3203630,20,python
1679274547,190,cuGetProcAddress_v2,0,198,3203630,3203630,20,python
1679274918,320,cuGetProcAddress_v2,0,199,3203630,3203630,20,python
1679275539,250,cuGetProcAddress_v2,0,200,3203630,3203630,20,python
1679275970,190,cuGetProcAddress_v2,0,201,3203630,3203630,20,python
1679276341,200,cuGetProcAddress_v2,0,202,3203630,3203630,20,python
1679276831,251,cuGetProcAddress_v2,0,203,3203630,3203630,20,python
1679277262,241,cuGetProcAddress_v2,0,204,3203630,3203630,20,python
1679277673,231,cuGetProcAddress_v2,0,205,3203630,3203630,20,python
1679278204,361,cuGetProcAddress_v2,0,206,3203630,3203630,20,python
1679278745,140,cuGetProcAddress_v2,0,207,3203630,3203630,20,python
1679279056,350,cuGetProcAddress_v2,0,208,3203630,3203630,20,python
1679279577,150,cuGetProcAddress_v2,0,209,3203630,3203630,20,python
1679279907,341,cuGetProcAddress_v2,0,210,3203630,3203630,20,python
1679280418,341,cuGetProcAddress_v2,0,211,3203630,3203630,20,python
1679280949,161,cuGetProcAddress_v2,0,212,3203630,3203630,20,python
1679281320,381,cuGetProcAddress_v2,0,213,3203630,3203630,20,python
1679282031,371,cuGetProcAddress_v2,0,214,3203630,3203630,20,python
1679282613,380,cuGetProcAddress_v2,0,215,3203630,3203630,20,python
1679283214,240,cuGetProcAddress_v2,0,216,3203630,3203630,20,python
1679283665,370,cuGetProcAddress_v2,0,217,3203630,3203630,20,python
1679284256,220,cuGetProcAddress_v2,0,218,3203630,3203630,20,python
1679284807,240,cuGetProcAddress_v2,0,219,3203630,3203630,20,python
1679285258,170,cuGetProcAddress_v2,0,220,3203630,3203630,20,python
1679285638,421,cuGetProcAddress_v2,0,221,3203630,3203630,20,python
1679286280,370,cuGetProcAddress_v2,0,222,3203630,3203630,20,python
1679286871,681,cuGetProcAddress_v2,0,223,3203630,3203630,20,python
1679287883,290,cuGetProcAddress_v2,0,224,3203630,3203630,20,python
1679288394,210,cuGetProcAddress_v2,0,225,3203630,3203630,20,python
1679288814,221,cuGetProcAddress_v2,0,226,3203630,3203630,20,python
1679289486,170,cuGetProcAddress_v2,0,227,3203630,3203630,20,python
1679289876,171,cuGetProcAddress_v2,0,228,3203630,3203630,20,python
1679290257,381,cuGetProcAddress_v2,0,229,3203630,3203630,20,python
1679290969,170,cuGetProcAddress_v2,0,230,3203630,3203630,20,python
1679291349,161,cuGetProcAddress_v2,0,231,3203630,3203630,20,python
1679291720,160,cuGetProcAddress_v2,0,232,3203630,3203630,20,python
1679292091,491,cuGetProcAddress_v2,0,233,3203630,3203630,20,python
1679292802,611,cuGetProcAddress_v2,0,234,3203630,3203630,20,python
1679293694,140,cuGetProcAddress_v2,0,235,3203630,3203630,20,python
1679294024,221,cuGetProcAddress_v2,0,236,3203630,3203630,20,python
1679294425,251,cuGetProcAddress_v2,0,237,3203630,3203630,20,python
1679294966,130,cuGetProcAddress_v2,0,238,3203630,3203630,20,python
1679295277,200,cuGetProcAddress_v2,0,239,3203630,3203630,20,python
1679295778,280,cuGetProcAddress_v2,0,240,3203630,3203630,20,python
1679296239,260,cuGetProcAddress_v2,0,241,3203630,3203630,20,python
1679296669,221,cuGetProcAddress_v2,0,242,3203630,3203630,20,python
1679297291,370,cuGetProcAddress_v2,0,243,3203630,3203630,20,python
1679297842,150,cuGetProcAddress_v2,0,244,3203630,3203630,20,python
1679298162,221,cuGetProcAddress_v2,0,245,3203630,3203630,20,python
1679298683,120,cuGetProcAddress_v2,0,246,3203630,3203630,20,python
1679298984,110,cuGetProcAddress_v2,0,247,3203630,3203630,20,python
1679299274,101,cuGetProcAddress_v2,0,248,3203630,3203630,20,python
1679299555,290,cuGetProcAddress_v2,0,249,3203630,3203630,20,python
1679300056,200,cuGetProcAddress_v2,0,250,3203630,3203630,20,python
1679300587,260,cuGetProcAddress_v2,0,251,3203630,3203630,20,python
1679301068,150,cuGetProcAddress_v2,0,252,3203630,3203630,20,python
1679301439,300,cuGetProcAddress_v2,0,253,3203630,3203630,20,python
1679302060,190,cuGetProcAddress_v2,0,254,3203630,3203630,20,python
1679302460,261,cuGetProcAddress_v2,0,255,3203630,3203630,20,python
1679303302,140,cuGetProcAddress_v2,0,256,3203630,3203630,20,python
1679303653,160,cuGetProcAddress_v2,0,257,3203630,3203630,20,python
1679304034,210,cuGetProcAddress_v2,0,258,3203630,3203630,20,python
1679304565,220,cuGetProcAddress_v2,0,259,3203630,3203630,20,python
1679305106,150,cuGetProcAddress_v2,0,260,3203630,3203630,20,python
1679305466,130,cuGetProcAddress_v2,0,261,3203630,3203630,20,python
1679305927,130,cuGetProcAddress_v2,0,262,3203630,3203630,20,python
1679306268,150,cuGetProcAddress_v2,0,263,3203630,3203630,20,python
1679306638,151,cuGetProcAddress_v2,0,264,3203630,3203630,20,python
1679306999,140,cuGetProcAddress_v2,0,265,3203630,3203630,20,python
1679307350,180,cuGetProcAddress_v2,0,266,3203630,3203630,20,python
1679307751,250,cuGetProcAddress_v2,0,267,3203630,3203630,20,python
1679308222,140,cuGetProcAddress_v2,0,268,3203630,3203630,20,python
1679308572,160,cuGetProcAddress_v2,0,269,3203630,3203630,20,python
1679309063,150,cuGetProcAddress_v2,0,270,3203630,3203630,20,python
1679309434,220,cuGetProcAddress_v2,0,271,3203630,3203630,20,python
1679309985,140,cuGetProcAddress_v2,0,272,3203630,3203630,20,python
1679310336,350,cuGetProcAddress_v2,0,273,3203630,3203630,20,python
1679310897,230,cuGetProcAddress_v2,0,274,3203630,3203630,20,python
1679311448,300,cuGetProcAddress_v2,0,275,3203630,3203630,20,python
1679311959,120,cuGetProcAddress_v2,0,276,3203630,3203630,20,python
1679312259,221,cuGetProcAddress_v2,0,277,3203630,3203630,20,python
1679312650,140,cuGetProcAddress_v2,0,278,3203630,3203630,20,python
1679312961,170,cuGetProcAddress_v2,0,279,3203630,3203630,20,python
1679313411,131,cuGetProcAddress_v2,0,280,3203630,3203630,20,python
1679313712,240,cuGetProcAddress_v2,0,281,3203630,3203630,20,python
1679314123,190,cuGetProcAddress_v2,0,282,3203630,3203630,20,python
1679314594,160,cuGetProcAddress_v2,0,283,3203630,3203630,20,python
1679314924,121,cuGetProcAddress_v2,0,284,3203630,3203630,20,python
1679315215,150,cuGetProcAddress_v2,0,285,3203630,3203630,20,python
1679315646,130,cuGetProcAddress_v2,0,286,3203630,3203630,20,python
1679315946,241,cuGetProcAddress_v2,0,287,3203630,3203630,20,python
1679316357,180,cuGetProcAddress_v2,0,288,3203630,3203630,20,python
1679316758,150,cuGetProcAddress_v2,0,289,3203630,3203630,20,python
1679317078,211,cuGetProcAddress_v2,0,290,3203630,3203630,20,python
1679317569,121,cuGetProcAddress_v2,0,291,3203630,3203630,20,python
1679317860,130,cuGetProcAddress_v2,0,292,3203630,3203630,20,python
1679318161,180,cuGetProcAddress_v2,0,293,3203630,3203630,20,python
1679318892,130,cuGetProcAddress_v2,0,294,3203630,3203630,20,python
1679319193,210,cuGetProcAddress_v2,0,295,3203630,3203630,20,python
1679319734,180,cuGetProcAddress_v2,0,296,3203630,3203630,20,python
1679320084,151,cuGetProcAddress_v2,0,297,3203630,3203630,20,python
1679320725,221,cuGetProcAddress_v2,0,298,3203630,3203630,20,python
1679321226,191,cuGetProcAddress_v2,0,299,3203630,3203630,20,python
1679321587,321,cuGetProcAddress_v2,0,300,3203630,3203630,20,python
1679322078,251,cuGetProcAddress_v2,0,301,3203630,3203630,20,python
1679322609,190,cuGetProcAddress_v2,0,302,3203630,3203630,20,python
1679322980,230,cuGetProcAddress_v2,0,303,3203630,3203630,20,python
1679323431,200,cuGetProcAddress_v2,0,304,3203630,3203630,20,python
1679323811,151,cuGetProcAddress_v2,0,305,3203630,3203630,20,python
1679324132,501,cuGetProcAddress_v2,0,306,3203630,3203630,20,python
1679324913,151,cuGetProcAddress_v2,0,307,3203630,3203630,20,python
1679325234,231,cuGetProcAddress_v2,0,308,3203630,3203630,20,python
1679325635,140,cuGetProcAddress_v2,0,309,3203630,3203630,20,python
1679326066,330,cuGetProcAddress_v2,0,310,3203630,3203630,20,python
1679326577,210,cuGetProcAddress_v2,0,311,3203630,3203630,20,python
1679327058,170,cuGetProcAddress_v2,0,312,3203630,3203630,20,python
1679327398,241,cuGetProcAddress_v2,0,313,3203630,3203630,20,python
1679327819,170,cuGetProcAddress_v2,0,314,3203630,3203630,20,python
1679328250,230,cuGetProcAddress_v2,0,315,3203630,3203630,20,python
1679328651,170,cuGetProcAddress_v2,0,316,3203630,3203630,20,python
1679329001,301,cuGetProcAddress_v2,0,317,3203630,3203630,20,python
1679329572,191,cuGetProcAddress_v2,0,318,3203630,3203630,20,python
1679329943,221,cuGetProcAddress_v2,0,319,3203630,3203630,20,python
1679330344,290,cuGetProcAddress_v2,0,320,3203630,3203630,20,python
1679330805,160,cuGetProcAddress_v2,0,321,3203630,3203630,20,python
1679331135,221,cuGetProcAddress_v2,0,322,3203630,3203630,20,python
1679331626,221,cuGetProcAddress_v2,0,323,3203630,3203630,20,python
1679332017,210,cuGetProcAddress_v2,0,324,3203630,3203630,20,python
1679332398,220,cuGetProcAddress_v2,0,325,3203630,3203630,20,python
1679332899,140,cuGetProcAddress_v2,0,326,3203630,3203630,20,python
1679333209,281,cuGetProcAddress_v2,0,327,3203630,3203630,20,python
1679333760,161,cuGetProcAddress_v2,0,328,3203630,3203630,20,python
1679334091,431,cuGetProcAddress_v2,0,329,3203630,3203630,20,python
1679334692,181,cuGetProcAddress_v2,0,330,3203630,3203630,20,python
1679335143,230,cuGetProcAddress_v2,0,331,3203630,3203630,20,python
1679335544,250,cuGetProcAddress_v2,0,332,3203630,3203630,20,python
1679335965,180,cuGetProcAddress_v2,0,333,3203630,3203630,20,python
1679336355,141,cuGetProcAddress_v2,0,334,3203630,3203630,20,python
1679336666,260,cuGetProcAddress_v2,0,335,3203630,3203630,20,python
1679337197,150,cuGetProcAddress_v2,0,336,3203630,3203630,20,python
1679337518,130,cuGetProcAddress_v2,0,337,3203630,3203630,20,python
1679337818,120,cuGetProcAddress_v2,0,338,3203630,3203630,20,python
1679338209,130,cuGetProcAddress_v2,0,339,3203630,3203630,20,python
1679338509,121,cuGetProcAddress_v2,0,340,3203630,3203630,20,python
1679338800,120,cuGetProcAddress_v2,0,341,3203630,3203630,20,python
1679339191,120,cuGetProcAddress_v2,0,342,3203630,3203630,20,python
1679339471,221,cuGetProcAddress_v2,0,343,3203630,3203630,20,python
1679339862,241,cuGetProcAddress_v2,0,344,3203630,3203630,20,python
1679340273,140,cuGetProcAddress_v2,0,345,3203630,3203630,20,python
1679340583,171,cuGetProcAddress_v2,0,346,3203630,3203630,20,python
1679341024,211,cuGetProcAddress_v2,0,347,3203630,3203630,20,python
1679341405,140,cuGetProcAddress_v2,0,348,3203630,3203630,20,python
1679341716,160,cuGetProcAddress_v2,0,349,3203630,3203630,20,python
1679342146,161,cuGetProcAddress_v2,0,350,3203630,3203630,20,python
1679342477,170,cuGetProcAddress_v2,0,351,3203630,3203630,20,python
1679342918,150,cuGetProcAddress_v2,0,352,3203630,3203630,20,python
1679343239,200,cuGetProcAddress_v2,0,353,3203630,3203630,20,python
1679343609,161,cuGetProcAddress_v2,0,354,3203630,3203630,20,python
1679344170,211,cuGetProcAddress_v2,0,355,3203630,3203630,20,python
1679344551,140,cuGetProcAddress_v2,0,356,3203630,3203630,20,python
1679344862,140,cuGetProcAddress_v2,0,357,3203630,3203630,20,python
1679345272,121,cuGetProcAddress_v2,0,358,3203630,3203630,20,python
1679345563,150,cuGetProcAddress_v2,0,359,3203630,3203630,20,python
1679345894,120,cuGetProcAddress_v2,0,360,3203630,3203630,20,python
1679346194,181,cuGetProcAddress_v2,0,361,3203630,3203630,20,python
1679346545,290,cuGetProcAddress_v2,0,362,3203630,3203630,20,python
1679347006,200,cuGetProcAddress_v2,0,363,3203630,3203630,20,python
1679347376,121,cuGetProcAddress_v2,0,364,3203630,3203630,20,python
1679347667,180,cuGetProcAddress_v2,0,365,3203630,3203630,20,python
1679348188,180,cuGetProcAddress_v2,0,366,3203630,3203630,20,python
1679348539,140,cuGetProcAddress_v2,0,367,3203630,3203630,20,python
1679348949,161,cuGetProcAddress_v2,0,368,3203630,3203630,20,python
1679349280,160,cuGetProcAddress_v2,0,369,3203630,3203630,20,python
1679349611,120,cuGetProcAddress_v2,0,370,3203630,3203630,20,python
1679350001,121,cuGetProcAddress_v2,0,371,3203630,3203630,20,python
1679350292,130,cuGetProcAddress_v2,0,372,3203630,3203630,20,python
1679350593,150,cuGetProcAddress_v2,0,373,3203630,3203630,20,python
1679350923,120,cuGetProcAddress_v2,0,374,3203630,3203630,20,python
1679351214,150,cuGetProcAddress_v2,0,375,3203630,3203630,20,python
1679351645,120,cuGetProcAddress_v2,0,376,3203630,3203630,20,python
1679351935,160,cuGetProcAddress_v2,0,377,3203630,3203630,20,python
1679352266,130,cuGetProcAddress_v2,0,378,3203630,3203630,20,python
1679352667,190,cuGetProcAddress_v2,0,379,3203630,3203630,20,python
1679353027,120,cuGetProcAddress_v2,0,380,3203630,3203630,20,python
1679353318,150,cuGetProcAddress_v2,0,381,3203630,3203630,20,python
1679353739,130,cuGetProcAddress_v2,0,382,3203630,3203630,20,python
1679354049,161,cuGetProcAddress_v2,0,383,3203630,3203630,20,python
1679354490,140,cuGetProcAddress_v2,0,384,3203630,3203630,20,python
1679354841,180,cuGetProcAddress_v2,0,385,3203630,3203630,20,python
1679355191,171,cuGetProcAddress_v2,0,386,3203630,3203630,20,python
1679355532,140,cuGetProcAddress_v2,0,387,3203630,3203630,20,python
1679355893,120,cuGetProcAddress_v2,0,388,3203630,3203630,20,python
1679356183,151,cuGetProcAddress_v2,0,389,3203630,3203630,20,python
1679356504,220,cuGetProcAddress_v2,0,390,3203630,3203630,20,python
1679356885,200,cuGetProcAddress_v2,0,391,3203630,3203630,20,python
1679357356,130,cuGetProcAddress_v2,0,392,3203630,3203630,20,python
1679357656,211,cuGetProcAddress_v2,0,393,3203630,3203630,20,python
1679358037,240,cuGetProcAddress_v2,0,394,3203630,3203630,20,python
1679358548,140,cuGetProcAddress_v2,0,395,3203630,3203630,20,python
1679358858,141,cuGetProcAddress_v2,0,396,3203630,3203630,20,python
1679359179,160,cuGetProcAddress_v2,0,397,3203630,3203630,20,python
1679359520,130,cuGetProcAddress_v2,0,398,3203630,3203630,20,python
1679359820,141,cuGetProcAddress_v2,0,399,3203630,3203630,20,python
1679360141,190,cuGetProcAddress_v2,0,400,3203630,3203630,20,python
1679360502,130,cuGetProcAddress_v2,0,401,3203630,3203630,20,python
1679360812,160,cuGetProcAddress_v2,0,402,3203630,3203630,20,python
1679361243,160,cuGetProcAddress_v2,0,403,3203630,3203630,20,python
1679361574,220,cuGetProcAddress_v2,0,404,3203630,3203630,20,python
1679361964,151,cuGetProcAddress_v2,0,405,3203630,3203630,20,python
1679362395,191,cuGetProcAddress_v2,0,406,3203630,3203630,20,python
1679362756,180,cuGetProcAddress_v2,0,407,3203630,3203630,20,python
1679363207,220,cuGetProcAddress_v2,0,408,3203630,3203630,20,python
1679363708,150,cuGetProcAddress_v2,0,409,3203630,3203630,20,python
1679364028,141,cuGetProcAddress_v2,0,410,3203630,3203630,20,python
1679364439,140,cuGetProcAddress_v2,0,411,3203630,3203630,20,python
1679364750,150,cuGetProcAddress_v2,0,412,3203630,3203630,20,python
1679365070,151,cuGetProcAddress_v2,0,413,3203630,3203630,20,python
1679365391,130,cuGetProcAddress_v2,0,414,3203630,3203630,20,python
1679365701,201,cuGetProcAddress_v2,0,415,3203630,3203630,20,python
1679366182,221,cuGetProcAddress_v2,0,416,3203630,3203630,20,python
1679366573,140,cuGetProcAddress_v2,0,417,3203630,3203630,20,python
1679366884,140,cuGetProcAddress_v2,0,418,3203630,3203630,20,python
1679367305,190,cuGetProcAddress_v2,0,419,3203630,3203630,20,python
1679367665,151,cuGetProcAddress_v2,0,420,3203630,3203630,20,python
1679367986,170,cuGetProcAddress_v2,0,421,3203630,3203630,20,python
1679368427,180,cuGetProcAddress_v2,0,422,3203630,3203630,20,python
1679368787,141,cuGetProcAddress_v2,0,423,3203630,3203630,20,python
1679369198,140,cuGetProcAddress_v2,0,424,3203630,3203630,20,python
1679369519,130,cuGetProcAddress_v2,0,425,3203630,3203630,20,python
1679369819,211,cuGetProcAddress_v2,0,426,3203630,3203630,20,python
1679370300,121,cuGetProcAddress_v2,0,427,3203630,3203630,20,python
1679370601,190,cuGetProcAddress_v2,0,428,3203630,3203630,20,python
1679370962,160,cuGetProcAddress_v2,0,429,3203630,3203630,20,python
1679371523,270,cuGetProcAddress_v2,0,430,3203630,3203630,20,python
1679371963,271,cuGetProcAddress_v2,0,431,3203630,3203630,20,python
1679372505,140,cuGetProcAddress_v2,0,432,3203630,3203630,20,python
1679372825,120,cuGetProcAddress_v2,0,433,3203630,3203630,20,python
1679373116,140,cuGetProcAddress_v2,0,434,3203630,3203630,20,python
1679373526,131,cuGetProcAddress_v2,0,435,3203630,3203630,20,python
1679373827,120,cuGetProcAddress_v2,0,436,3203630,3203630,20,python
1679374118,260,cuGetProcAddress_v2,0,437,3203630,3203630,20,python
1679374649,260,cuGetProcAddress_v2,0,438,3203630,3203630,20,python
1679375079,131,cuGetProcAddress_v2,0,439,3203630,3203630,20,python
1679375420,311,cuGetProcAddress_v2,0,440,3203630,3203630,20,python
1679375891,301,cuGetProcAddress_v2,0,441,3203630,3203630,20,python
1679376362,130,cuGetProcAddress_v2,0,442,3203630,3203630,20,python
1679376672,141,cuGetProcAddress_v2,0,443,3203630,3203630,20,python
1679376983,120,cuGetProcAddress_v2,0,444,3203630,3203630,20,python
1679377274,170,cuGetProcAddress_v2,0,445,3203630,3203630,20,python
1679377614,151,cuGetProcAddress_v2,0,446,3203630,3203630,20,python
1679377925,130,cuGetProcAddress_v2,0,447,3203630,3203630,20,python
1679378336,150,cuGetProcAddress_v2,0,448,3203630,3203630,20,python
1679378656,151,cuGetProcAddress_v2,0,449,3203630,3203630,20,python
1679378977,150,cuGetProcAddress_v2,0,450,3203630,3203630,20,python
1679379438,140,cuGetProcAddress_v2,0,451,3203630,3203630,20,python
1679379748,141,cuGetProcAddress_v2,0,452,3203630,3203630,20,python
1679380059,140,cuGetProcAddress_v2,0,453,3203630,3203630,20,python
1679380370,200,cuGetProcAddress_v2,0,454,3203630,3203630,20,python
1679380740,161,cuGetProcAddress_v2,0,455,3203630,3203630,20,python
1679381071,140,cuGetProcAddress_v2,0,456,3203630,3203630,20,python
1679381381,181,cuGetProcAddress_v2,0,457,3203630,3203630,20,python
1679381732,130,cuGetProcAddress_v2,0,458,3203630,3203630,20,python
1679382123,130,cuGetProcAddress_v2,0,459,3203630,3203630,20,python
1679382423,171,cuGetProcAddress_v2,0,460,3203630,3203630,20,python
1679382754,190,cuGetProcAddress_v2,0,461,3203630,3203630,20,python
1679383205,150,cuGetProcAddress_v2,0,462,3203630,3203630,20,python
1679383536,140,cuGetProcAddress_v2,0,463,3203630,3203630,20,python
1679383856,141,cuGetProcAddress_v2,0,464,3203630,3203630,20,python
1679384187,160,cuGetProcAddress_v2,0,465,3203630,3203630,20,python
1679384507,161,cuGetProcAddress_v2,0,466,3203630,3203630,20,python
1679384838,130,cuGetProcAddress_v2,0,467,3203630,3203630,20,python
1679385139,210,cuGetProcAddress_v2,0,468,3203630,3203630,20,python
1679385519,151,cuGetProcAddress_v2,0,469,3203630,3203630,20,python
1679385840,130,cuGetProcAddress_v2,0,470,3203630,3203630,20,python
1679386141,140,cuGetProcAddress_v2,0,471,3203630,3203630,20,python
1679386571,121,cuGetProcAddress_v2,0,472,3203630,3203630,20,python
1679387143,250,cuGetProcAddress_v2,0,473,3203630,3203630,20,python
1679387573,161,cuGetProcAddress_v2,0,474,3203630,3203630,20,python
1679387994,120,cuGetProcAddress_v2,0,475,3203630,3203630,20,python
1679388285,140,cuGetProcAddress_v2,0,476,3203630,3203630,20,python
1679388595,501,cuGetProcAddress_v2,0,477,3203630,3203630,20,python
1679389367,160,cuGetProcAddress_v2,0,478,3203630,3203630,20,python
1679389697,171,cuGetProcAddress_v2,0,479,3203630,3203630,20,python
1679390158,231,cuGetProcAddress_v2,0,480,3203630,3203630,20,python
1679390559,130,cuGetProcAddress_v2,0,481,3203630,3203630,20,python
1679390860,160,cuGetProcAddress_v2,0,482,3203630,3203630,20,python
1679391300,271,cuGetProcAddress_v2,0,483,3203630,3203630,20,python
1679391741,291,cuGetProcAddress_v2,0,484,3203630,3203630,20,python
1679392212,181,cuGetProcAddress_v2,0,485,3203630,3203630,20,python
1679392663,200,cuGetProcAddress_v2,0,486,3203630,3203630,20,python
1679393034,170,cuGetProcAddress_v2,0,487,3203630,3203630,20,python
1679393475,170,cuGetProcAddress_v2,0,488,3203630,3203630,20,python
1679393825,221,cuGetProcAddress_v2,0,489,3203630,3203630,20,python
1679394216,180,cuGetProcAddress_v2,0,490,3203630,3203630,20,python
1679394667,240,cuGetProcAddress_v2,0,491,3203630,3203630,20,python
1679395078,140,cuGetProcAddress_v2,0,492,3203630,3203630,20,python
1679395388,221,cuGetProcAddress_v2,0,493,3203630,3203630,20,python
1679395879,141,cuGetProcAddress_v2,0,494,3203630,3203630,20,python
1679396190,200,cuGetProcAddress_v2,0,495,3203630,3203630,20,python
1679396571,140,cuGetProcAddress_v2,0,496,3203630,3203630,20,python
1679396881,150,cuGetProcAddress_v2,0,497,3203630,3203630,20,python
1679397202,200,cuGetProcAddress_v2,0,498,3203630,3203630,20,python
1679397582,131,cuGetProcAddress_v2,0,499,3203630,3203630,20,python
1679397873,130,cuGetProcAddress_v2,0,500,3203630,3203630,20,python
1679398174,130,cuGetProcAddress_v2,0,501,3203630,3203630,20,python
1679398574,131,cuGetProcAddress_v2,0,502,3203630,3203630,20,python
1679398875,130,cuGetProcAddress_v2,0,503,3203630,3203630,20,python
1679399276,180,cuGetProcAddress_v2,0,504,3203630,3203630,20,python
1679399636,141,cuGetProcAddress_v2,0,505,3203630,3203630,20,python
1679399947,150,cuGetProcAddress_v2,0,506,3203630,3203630,20,python
1679400368,140,cuGetProcAddress_v2,0,507,3203630,3203630,20,python
1679400678,151,cuGetProcAddress_v2,0,508,3203630,3203630,20,python
1679401009,140,cuGetProcAddress_v2,0,509,3203630,3203630,20,python
1679401320,170,cuGetProcAddress_v2,0,510,3203630,3203630,20,python
1679401660,161,cuGetProcAddress_v2,0,511,3203630,3203630,20,python
1679402101,160,cuGetProcAddress_v2,0,512,3203630,3203630,20,python
1679402432,150,cuGetProcAddress_v2,0,513,3203630,3203630,20,python
1679402762,131,cuGetProcAddress_v2,0,514,3203630,3203630,20,python
1679403173,171,cuGetProcAddress_v2,0,515,3203630,3203630,20,python
1679403524,120,cuGetProcAddress_v2,0,516,3203630,3203630,20,python
1679403814,111,cuGetProcAddress_v2,0,517,3203630,3203630,20,python
1679404205,150,cuGetProcAddress_v2,0,518,3203630,3203630,20,python
1679404536,140,cuGetProcAddress_v2,0,519,3203630,3203630,20,python
1679404947,160,cuGetProcAddress_v2,0,520,3203630,3203630,20,python
1679405277,140,cuGetProcAddress_v2,0,521,3203630,3203630,20,python
1679405598,200,cuGetProcAddress_v2,0,522,3203630,3203630,20,python
1679405969,170,cuGetProcAddress_v2,0,523,3203630,3203630,20,python
1679406299,181,cuGetProcAddress_v2,0,524,3203630,3203630,20,python
1679406680,170,cuGetProcAddress_v2,0,525,3203630,3203630,20,python
1679407021,180,cuGetProcAddress_v2,0,526,3203630,3203630,20,python
1679407361,150,cuGetProcAddress_v2,0,527,3203630,3203630,20,python
1679407792,140,cuGetProcAddress_v2,0,528,3203630,3203630,20,python
1679408103,130,cuGetProcAddress_v2,0,529,3203630,3203630,20,python
1679408403,161,cuGetProcAddress_v2,0,530,3203630,3203630,20,python
1679408734,170,cuGetProcAddress_v2,0,531,3203630,3203630,20,python
1679409064,151,cuGetProcAddress_v2,0,532,3203630,3203630,20,python
1679409385,130,cuGetProcAddress_v2,0,533,3203630,3203630,20,python
1679409786,130,cuGetProcAddress_v2,0,534,3203630,3203630,20,python
1679410086,131,cuGetProcAddress_v2,0,535,3203630,3203630,20,python
1679410497,130,cuGetProcAddress_v2,0,536,3203630,3203630,20,python
1679410798,130,cuGetProcAddress_v2,0,537,3203630,3203630,20,python
1679411108,171,cuGetProcAddress_v2,0,538,3203630,3203630,20,python
1679411559,161,cuGetProcAddress_v2,0,539,3203630,3203630,20,python
1679411890,160,cuGetProcAddress_v2,0,540,3203630,3203630,20,python
1679412531,140,cuGetProcAddress_v2,0,541,3203630,3203630,20,python
1679412952,160,cuGetProcAddress_v2,0,542,3203630,3203630,20,python
1679413283,210,cuGetProcAddress_v2,0,543,3203630,3203630,20,python
1679413763,231,cuGetProcAddress_v2,0,544,3203630,3203630,20,python
1679414495,290,cuGetProcAddress_v2,0,545,3203630,3203630,20,python
1679414956,250,cuGetProcAddress_v2,0,546,3203630,3203630,20,python
1679415487,340,cuGetProcAddress_v2,0,547,3203630,3203630,20,python
1679416008,200,cuGetProcAddress_v2,0,548,3203630,3203630,20,python
1679416378,181,cuGetProcAddress_v2,0,549,3203630,3203630,20,python
1679416829,141,cuGetProcAddress_v2,0,550,3203630,3203630,20,python
1679417140,170,cuGetProcAddress_v2,0,551,3203630,3203630,20,python
1679417591,190,cuGetProcAddress_v2,0,552,3203630,3203630,20,python
1679417951,151,cuGetProcAddress_v2,0,553,3203630,3203630,20,python
1679418272,190,cuGetProcAddress_v2,0,554,3203630,3203630,20,python
1679418753,190,cuGetProcAddress_v2,0,555,3203630,3203630,20,python
1679419114,160,cuGetProcAddress_v2,0,556,3203630,3203630,20,python
1679419444,311,cuGetProcAddress_v2,0,557,3203630,3203630,20,python
1679419935,181,cuGetProcAddress_v2,0,558,3203630,3203630,20,python
1679420286,210,cuGetProcAddress_v2,0,559,3203630,3203630,20,python
1679420667,190,cuGetProcAddress_v2,0,560,3203630,3203630,20,python
1679421027,171,cuGetProcAddress_v2,0,561,3203630,3203630,20,python
1679421358,170,cuGetProcAddress_v2,0,562,3203630,3203630,20,python
1679421699,150,cuGetProcAddress_v2,0,563,3203630,3203630,20,python
1679422019,141,cuGetProcAddress_v2,0,564,3203630,3203630,20,python
1679422320,160,cuGetProcAddress_v2,0,565,3203630,3203630,20,python
1679422650,131,cuGetProcAddress_v2,0,566,3203630,3203630,20,python
1679422951,140,cuGetProcAddress_v2,0,567,3203630,3203630,20,python
1679423262,180,cuGetProcAddress_v2,0,568,3203630,3203630,20,python
1679423612,191,cuGetProcAddress_v2,0,569,3203630,3203630,20,python
1679423973,130,cuGetProcAddress_v2,0,570,3203630,3203630,20,python
1679424274,170,cuGetProcAddress_v2,0,571,3203630,3203630,20,python
1679424614,171,cuGetProcAddress_v2,0,572,3203630,3203630,20,python
1679424945,130,cuGetProcAddress_v2,0,573,3203630,3203630,20,python
1679425235,121,cuGetProcAddress_v2,0,574,3203630,3203630,20,python
1679425526,120,cuGetProcAddress_v2,0,575,3203630,3203630,20,python
1679425817,130,cuGetProcAddress_v2,0,576,3203630,3203630,20,python
1679429754,3306,cuInit,0,578,3203630,3203630,20,python
1679434132,161,cuModuleGetLoadingMode,0,579,3203630,3203630,20,python
1679641229,210,cudaGetDeviceProperties_v2_v12000,0,697,3203630,3203630,20,python
1679834008,2645,cudaStreamIsCapturing_v10000,0,704,3203630,3203630,20,python
1679839779,360,cudaStreamIsCapturing_v10000,0,708,3203630,3203630,20,python
1679844688,1262,cudaStreamGetCaptureInfo_v3_v12030,0,712,3203630,3203630,20,python
1679891337,241,cudaGetDeviceProperties_v2_v12000,0,713,3203630,3203630,20,python
1680264421,1022,cudaStreamIsCapturing_v10000,0,719,3203630,3203630,20,python
1680270082,186547,cudaMalloc,0,720,3203630,3203630,20,python
1680563092,2876,cudaStreamIsCapturing_v10000,0,765,3203630,3203630,20,python
1680566459,1282,cudaStreamGetDevice_v12080,0,766,3203630,3203630,20,python
1680568453,2695,cudaEventCreateWithFlags,0,767,3203630,3203630,20,python
1680571789,76216,cudaMalloc,0,768,3203630,3203630,20,python
1680648666,1069006,cudaMallocHost,0,769,3203630,3203630,20,python
1684194831,1573,cudaStreamIsCapturing_v10000,0,802,3203630,3203630,20,python
1684196885,802,cudaStreamGetDevice_v12080,0,803,3203630,3203630,20,python
1684314580,471,cuGetProcAddress_v2,0,834,3203630,3203630,20,python
1684315322,511,cuGetProcAddress_v2,0,835,3203630,3203630,20,python
1684316133,341,cuGetProcAddress_v2,0,836,3203630,3203630,20,python
1684316664,141,cuGetProcAddress_v2,0,837,3203630,3203630,20,python
1684316975,140,cuGetProcAddress_v2,0,838,3203630,3203630,20,python
1684317386,240,cuGetProcAddress_v2,0,839,3203630,3203630,20,python
1684317786,321,cuGetProcAddress_v2,0,840,3203630,3203630,20,python
1684318267,331,cuGetProcAddress_v2,0,841,3203630,3203630,20,python
1684318768,211,cuGetProcAddress_v2,0,842,3203630,3203630,20,python
1684319460,200,cuGetProcAddress_v2,0,843,3203630,3203630,20,python
1684319840,341,cuGetProcAddress_v2,0,844,3203630,3203630,20,python
1684320341,211,cuGetProcAddress_v2,0,845,3203630,3203630,20,python
1684320722,220,cuGetProcAddress_v2,0,846,3203630,3203630,20,python
1684321423,141,cuGetProcAddress_v2,0,847,3203630,3203630,20,python
1684321734,391,cuGetProcAddress_v2,0,848,3203630,3203630,20,python
1684322295,301,cuGetProcAddress_v2,0,849,3203630,3203630,20,python
1684322756,240,cuGetProcAddress_v2,0,850,3203630,3203630,20,python
1684323177,310,cuGetProcAddress_v2,0,851,3203630,3203630,20,python
1684323768,180,cuGetProcAddress_v2,0,852,3203630,3203630,20,python
1684324119,220,cuGetProcAddress_v2,0,853,3203630,3203630,20,python
1684324519,291,cuGetProcAddress_v2,0,854,3203630,3203630,20,python
1684324980,150,cuGetProcAddress_v2,0,855,3203630,3203630,20,python
1684325291,160,cuGetProcAddress_v2,0,856,3203630,3203630,20,python
1684325621,231,cuGetProcAddress_v2,0,857,3203630,3203630,20,python
1684326012,191,cuGetProcAddress_v2,0,858,3203630,3203630,20,python
1684326373,210,cuGetProcAddress_v2,0,859,3203630,3203630,20,python
1684326754,130,cuGetProcAddress_v2,0,860,3203630,3203630,20,python
1684327044,361,cuGetProcAddress_v2,0,861,3203630,3203630,20,python
1684327565,211,cuGetProcAddress_v2,0,862,3203630,3203630,20,python
1684327946,230,cuGetProcAddress_v2,0,863,3203630,3203630,20,python
1684328347,170,cuGetProcAddress_v2,0,864,3203630,3203630,20,python
1684328687,191,cuGetProcAddress_v2,0,865,3203630,3203630,20,python
1684329349,200,cuGetProcAddress_v2,0,866,3203630,3203630,20,python
1684329719,151,cuGetProcAddress_v2,0,867,3203630,3203630,20,python
1684330050,130,cuGetProcAddress_v2,0,868,3203630,3203630,20,python
1684330350,251,cuGetProcAddress_v2,0,869,3203630,3203630,20,python
1684330761,281,cuGetProcAddress_v2,0,870,3203630,3203630,20,python
1684331322,291,cuGetProcAddress_v2,0,871,3203630,3203630,20,python
1684331773,160,cuGetProcAddress_v2,0,872,3203630,3203630,20,python
1684332104,360,cuGetProcAddress_v2,0,873,3203630,3203630,20,python
1684332735,411,cuGetProcAddress_v2,0,874,3203630,3203630,20,python
1684333326,130,cuGetProcAddress_v2,0,875,3203630,3203630,20,python
1684333757,311,cuGetProcAddress_v2,0,876,3203630,3203630,20,python
1684334228,230,cuGetProcAddress_v2,0,877,3203630,3203630,20,python
1684334629,621,cuGetProcAddress_v2,0,878,3203630,3203630,20,python
1684335420,120,cuGetProcAddress_v2,0,879,3203630,3203630,20,python
1684335711,140,cuGetProcAddress_v2,0,880,3203630,3203630,20,python
1684336021,131,cuGetProcAddress_v2,0,881,3203630,3203630,20,python
1684336322,170,cuGetProcAddress_v2,0,882,3203630,3203630,20,python
1684336663,170,cuGetProcAddress_v2,0,883,3203630,3203630,20,python
1684337013,171,cuGetProcAddress_v2,0,884,3203630,3203630,20,python
1684337354,170,cuGetProcAddress_v2,0,885,3203630,3203630,20,python
1684337695,150,cuGetProcAddress_v2,0,886,3203630,3203630,20,python
1684338015,281,cuGetProcAddress_v2,0,887,3203630,3203630,20,python
1684338466,240,cuGetProcAddress_v2,0,888,3203630,3203630,20,python
1684338877,190,cuGetProcAddress_v2,0,889,3203630,3203630,20,python
1684339237,341,cuGetProcAddress_v2,0,890,3203630,3203630,20,python
1684339748,191,cuGetProcAddress_v2,0,891,3203630,3203630,20,python
1684340119,211,cuGetProcAddress_v2,0,892,3203630,3203630,20,python
1684340500,290,cuGetProcAddress_v2,0,893,3203630,3203630,20,python
1684340951,170,cuGetProcAddress_v2,0,894,3203630,3203630,20,python
1684341402,170,cuGetProcAddress_v2,0,895,3203630,3203630,20,python
1684341742,211,cuGetProcAddress_v2,0,896,3203630,3203630,20,python
1684342123,200,cuGetProcAddress_v2,0,897,3203630,3203630,20,python
1684342494,541,cuGetProcAddress_v2,0,898,3203630,3203630,20,python
1684343215,220,cuGetProcAddress_v2,0,899,3203630,3203630,20,python
1684343616,180,cuGetProcAddress_v2,0,900,3203630,3203630,20,python
1684343956,161,cuGetProcAddress_v2,0,901,3203630,3203630,20,python
1684344287,150,cuGetProcAddress_v2,0,902,3203630,3203630,20,python
1684344608,360,cuGetProcAddress_v2,0,903,3203630,3203630,20,python
1684345139,220,cuGetProcAddress_v2,0,904,3203630,3203630,20,python
1684345529,141,cuGetProcAddress_v2,0,905,3203630,3203630,20,python
1684345950,181,cuGetProcAddress_v2,0,906,3203630,3203630,20,python
1684346311,170,cuGetProcAddress_v2,0,907,3203630,3203630,20,python
1684346652,140,cuGetProcAddress_v2,0,908,3203630,3203630,20,python
1684346962,141,cuGetProcAddress_v2,0,909,3203630,3203630,20,python
1684347293,210,cuGetProcAddress_v2,0,910,3203630,3203630,20,python
1684347784,160,cuGetProcAddress_v2,0,911,3203630,3203630,20,python
1684348114,181,cuGetProcAddress_v2,0,912,3203630,3203630,20,python
1684348475,170,cuGetProcAddress_v2,0,913,3203630,3203630,20,python
1684348806,210,cuGetProcAddress_v2,0,914,3203630,3203630,20,python
1684349186,151,cuGetProcAddress_v2,0,915,3203630,3203630,20,python
1684349617,131,cuGetProcAddress_v2,0,916,3203630,3203630,20,python
1684349918,210,cuGetProcAddress_v2,0,917,3203630,3203630,20,python
1684350309,410,cuGetProcAddress_v2,0,918,3203630,3203630,20,python
1684350890,190,cuGetProcAddress_v2,0,919,3203630,3203630,20,python
1684351250,181,cuGetProcAddress_v2,0,920,3203630,3203630,20,python
1684351601,211,cuGetProcAddress_v2,0,921,3203630,3203630,20,python
1684351992,200,cuGetProcAddress_v2,0,922,3203630,3203630,20,python
1684352673,140,cuGetProcAddress_v2,0,923,3203630,3203630,20,python
1684352984,160,cuGetProcAddress_v2,0,924,3203630,3203630,20,python
1684353314,121,cuGetProcAddress_v2,0,925,3203630,3203630,20,python
1684353605,210,cuGetProcAddress_v2,0,926,3203630,3203630,20,python
1684354086,170,cuGetProcAddress_v2,0,927,3203630,3203630,20,python
1684354427,200,cuGetProcAddress_v2,0,928,3203630,3203630,20,python
1684354787,211,cuGetProcAddress_v2,0,929,3203630,3203630,20,python
1684355278,191,cuGetProcAddress_v2,0,930,3203630,3203630,20,python
1684355639,220,cuGetProcAddress_v2,0,931,3203630,3203630,20,python
1684356030,150,cuGetProcAddress_v2,0,932,3203630,3203630,20,python
1684356581,240,cuGetProcAddress_v2,0,933,3203630,3203630,20,python
1684356991,311,cuGetProcAddress_v2,0,934,3203630,3203630,20,python
1684357583,180,cuGetProcAddress_v2,0,935,3203630,3203630,20,python
1684357933,171,cuGetProcAddress_v2,0,936,3203630,3203630,20,python
1684358274,120,cuGetProcAddress_v2,0,937,3203630,3203630,20,python
1684358665,180,cuGetProcAddress_v2,0,938,3203630,3203630,20,python
1684359015,151,cuGetProcAddress_v2,0,939,3203630,3203630,20,python
1684359336,110,cuGetProcAddress_v2,0,940,3203630,3203630,20,python
1684359606,141,cuGetProcAddress_v2,0,941,3203630,3203630,20,python
1684359917,130,cuGetProcAddress_v2,0,942,3203630,3203630,20,python
1684360488,140,cuGetProcAddress_v2,0,943,3203630,3203630,20,python
1684360789,130,cuGetProcAddress_v2,0,944,3203630,3203630,20,python
1684361089,131,cuGetProcAddress_v2,0,945,3203630,3203630,20,python
1684361490,180,cuGetProcAddress_v2,0,946,3203630,3203630,20,python
1684361841,210,cuGetProcAddress_v2,0,947,3203630,3203630,20,python
1684362211,131,cuGetProcAddress_v2,0,948,3203630,3203630,20,python
1684362502,200,cuGetProcAddress_v2,0,949,3203630,3203630,20,python
1684362863,130,cuGetProcAddress_v2,0,950,3203630,3203630,20,python
1684363263,161,cuGetProcAddress_v2,0,951,3203630,3203630,20,python
1684363584,160,cuGetProcAddress_v2,0,952,3203630,3203630,20,python
1684363915,130,cuGetProcAddress_v2,0,953,3203630,3203630,20,python
1684364396,190,cuGetProcAddress_v2,0,954,3203630,3203630,20,python
1684364746,110,cuGetProcAddress_v2,0,955,3203630,3203630,20,python
1684365127,110,cuGetProcAddress_v2,0,956,3203630,3203630,20,python
1684365408,210,cuGetProcAddress_v2,0,957,3203630,3203630,20,python
1684365788,131,cuGetProcAddress_v2,0,958,3203630,3203630,20,python
1684366199,160,cuGetProcAddress_v2,0,959,3203630,3203630,20,python
1684366530,140,cuGetProcAddress_v2,0,960,3203630,3203630,20,python
1684366830,120,cuGetProcAddress_v2,0,961,3203630,3203630,20,python
1684367231,180,cuGetProcAddress_v2,0,962,3203630,3203630,20,python
1684367582,220,cuGetProcAddress_v2,0,963,3203630,3203630,20,python
1684368353,130,cuGetProcAddress_v2,0,964,3203630,3203630,20,python
1684368654,150,cuGetProcAddress_v2,0,965,3203630,3203630,20,python
1684368974,141,cuGetProcAddress_v2,0,966,3203630,3203630,20,python
1684369395,160,cuGetProcAddress_v2,0,967,3203630,3203630,20,python
1684369726,150,cuGetProcAddress_v2,0,968,3203630,3203630,20,python
1684370046,181,cuGetProcAddress_v2,0,969,3203630,3203630,20,python
1684370497,191,cuGetProcAddress_v2,0,970,3203630,3203630,20,python
1684370858,190,cuGetProcAddress_v2,0,971,3203630,3203630,20,python
1684371329,150,cuGetProcAddress_v2,0,972,3203630,3203630,20,python
1684371649,221,cuGetProcAddress_v2,0,973,3203630,3203630,20,python
1684372211,110,cuGetProcAddress_v2,0,974,3203630,3203630,20,python
1684372601,161,cuGetProcAddress_v2,0,975,3203630,3203630,20,python
1684372922,130,cuGetProcAddress_v2,0,976,3203630,3203630,20,python
1684373222,141,cuGetProcAddress_v2,0,977,3203630,3203630,20,python
1684373633,181,cuGetProcAddress_v2,0,978,3203630,3203630,20,python
1684374004,170,cuGetProcAddress_v2,0,979,3203630,3203630,20,python
1684374475,120,cuGetProcAddress_v2,0,980,3203630,3203630,20,python
1684374775,191,cuGetProcAddress_v2,0,981,3203630,3203630,20,python
1684375146,120,cuGetProcAddress_v2,0,982,3203630,3203630,20,python
1684375567,200,cuGetProcAddress_v2,0,983,3203630,3203630,20,python
1684375948,190,cuGetProcAddress_v2,0,984,3203630,3203630,20,python
1684376308,181,cuGetProcAddress_v2,0,985,3203630,3203630,20,python
1684376769,231,cuGetProcAddress_v2,0,986,3203630,3203630,20,python
1684377170,120,cuGetProcAddress_v2,0,987,3203630,3203630,20,python
1684377571,140,cuGetProcAddress_v2,0,988,3203630,3203630,20,python
1684377881,151,cuGetProcAddress_v2,0,989,3203630,3203630,20,python
1684378202,130,cuGetProcAddress_v2,0,990,3203630,3203630,20,python
1684378623,130,cuGetProcAddress_v2,0,991,3203630,3203630,20,python
1684378923,241,cuGetProcAddress_v2,0,992,3203630,3203630,20,python
1684379334,150,cuGetProcAddress_v2,0,993,3203630,3203630,20,python
1684379655,370,cuGetProcAddress_v2,0,994,3203630,3203630,20,python
1684380196,120,cuGetProcAddress_v2,0,995,3203630,3203630,20,python
1684380587,260,cuGetProcAddress_v2,0,996,3203630,3203630,20,python
1684381017,131,cuGetProcAddress_v2,0,997,3203630,3203630,20,python
1684381318,160,cuGetProcAddress_v2,0,998,3203630,3203630,20,python
1684381749,330,cuGetProcAddress_v2,0,999,3203630,3203630,20,python
1684382250,110,cuGetProcAddress_v2,0,1000,3203630,3203630,20,python
1684382530,131,cuGetProcAddress_v2,0,1001,3203630,3203630,20,python
1684382831,210,cuGetProcAddress_v2,0,1002,3203630,3203630,20,python
1684383212,140,cuGetProcAddress_v2,0,1003,3203630,3203630,20,python
1684383522,201,cuGetProcAddress_v2,0,1004,3203630,3203630,20,python
1684383883,190,cuGetProcAddress_v2,0,1005,3203630,3203630,20,python
1684384244,140,cuGetProcAddress_v2,0,1006,3203630,3203630,20,python
1684384554,181,cuGetProcAddress_v2,0,1007,3203630,3203630,20,python
1684384895,170,cuGetProcAddress_v2,0,1008,3203630,3203630,20,python
1684385235,311,cuGetProcAddress_v2,0,1009,3203630,3203630,20,python
1684385837,270,cuGetProcAddress_v2,0,1010,3203630,3203630,20,python
1684386277,131,cuGetProcAddress_v2,0,1011,3203630,3203630,20,python
1684386608,130,cuGetProcAddress_v2,0,1012,3203630,3203630,20,python
1684386909,170,cuGetProcAddress_v2,0,1013,3203630,3203630,20,python
1684387269,151,cuGetProcAddress_v2,0,1014,3203630,3203630,20,python
1684387871,160,cuGetProcAddress_v2,0,1015,3203630,3203630,20,python
1684388201,110,cuGetProcAddress_v2,0,1016,3203630,3203630,20,python
1684388482,150,cuGetProcAddress_v2,0,1017,3203630,3203630,20,python
1684388802,161,cuGetProcAddress_v2,0,1018,3203630,3203630,20,python
1684389143,180,cuGetProcAddress_v2,0,1019,3203630,3203630,20,python
1684389604,140,cuGetProcAddress_v2,0,1020,3203630,3203630,20,python
1684389914,161,cuGetProcAddress_v2,0,1021,3203630,3203630,20,python
1684390245,140,cuGetProcAddress_v2,0,1022,3203630,3203630,20,python
1684390556,250,cuGetProcAddress_v2,0,1023,3203630,3203630,20,python
1684390966,191,cuGetProcAddress_v2,0,1024,3203630,3203630,20,python
1684391327,130,cuGetProcAddress_v2,0,1025,3203630,3203630,20,python
1684391858,130,cuGetProcAddress_v2,0,1026,3203630,3203630,20,python
1684392159,120,cuGetProcAddress_v2,0,1027,3203630,3203630,20,python
1684392449,161,cuGetProcAddress_v2,0,1028,3203630,3203630,20,python
1684392780,120,cuGetProcAddress_v2,0,1029,3203630,3203630,20,python
1684393070,121,cuGetProcAddress_v2,0,1030,3203630,3203630,20,python
1684393461,171,cuGetProcAddress_v2,0,1031,3203630,3203630,20,python
1684393802,130,cuGetProcAddress_v2,0,1032,3203630,3203630,20,python
1684394112,121,cuGetProcAddress_v2,0,1033,3203630,3203630,20,python
1684394403,190,cuGetProcAddress_v2,0,1034,3203630,3203630,20,python
1684394774,120,cuGetProcAddress_v2,0,1035,3203630,3203630,20,python
1684395174,151,cuGetProcAddress_v2,0,1036,3203630,3203630,20,python
1684395495,130,cuGetProcAddress_v2,0,1037,3203630,3203630,20,python
1684395796,220,cuGetProcAddress_v2,0,1038,3203630,3203630,20,python
1684396176,181,cuGetProcAddress_v2,0,1039,3203630,3203630,20,python
1684396527,190,cuGetProcAddress_v2,0,1040,3203630,3203630,20,python
1684396888,140,cuGetProcAddress_v2,0,1041,3203630,3203630,20,python
1684397299,180,cuGetProcAddress_v2,0,1042,3203630,3203630,20,python
1684397639,171,cuGetProcAddress_v2,0,1043,3203630,3203630,20,python
1684397990,150,cuGetProcAddress_v2,0,1044,3203630,3203630,20,python
1684398310,141,cuGetProcAddress_v2,0,1045,3203630,3203630,20,python
1684398611,160,cuGetProcAddress_v2,0,1046,3203630,3203630,20,python
1684399062,130,cuGetProcAddress_v2,0,1047,3203630,3203630,20,python
1684399352,131,cuGetProcAddress_v2,0,1048,3203630,3203630,20,python
1684399653,160,cuGetProcAddress_v2,0,1049,3203630,3203630,20,python
1684400084,140,cuGetProcAddress_v2,0,1050,3203630,3203630,20,python
1684400394,131,cuGetProcAddress_v2,0,1051,3203630,3203630,20,python
1684400795,161,cuGetProcAddress_v2,0,1052,3203630,3203630,20,python
1684401126,150,cuGetProcAddress_v2,0,1053,3203630,3203630,20,python
1684401446,151,cuGetProcAddress_v2,0,1054,3203630,3203630,20,python
1684401767,150,cuGetProcAddress_v2,0,1055,3203630,3203630,20,python
1684402078,120,cuGetProcAddress_v2,0,1056,3203630,3203630,20,python
1684402358,120,cuGetProcAddress_v2,0,1057,3203630,3203630,20,python
1684402649,120,cuGetProcAddress_v2,0,1058,3203630,3203630,20,python
1684402939,131,cuGetProcAddress_v2,0,1059,3203630,3203630,20,python
1684403470,151,cuGetProcAddress_v2,0,1060,3203630,3203630,20,python
1684403781,160,cuGetProcAddress_v2,0,1061,3203630,3203630,20,python
1684404102,130,cuGetProcAddress_v2,0,1062,3203630,3203630,20,python
1684404412,120,cuGetProcAddress_v2,0,1063,3203630,3203630,20,python
1684404703,110,cuGetProcAddress_v2,0,1064,3203630,3203630,20,python
1684404993,110,cuGetProcAddress_v2,0,1065,3203630,3203630,20,python
1684405364,120,cuGetProcAddress_v2,0,1066,3203630,3203630,20,python
1684405655,120,cuGetProcAddress_v2,0,1067,3203630,3203630,20,python
1684405945,170,cuGetProcAddress_v2,0,1068,3203630,3203630,20,python
1684406276,170,cuGetProcAddress_v2,0,1069,3203630,3203630,20,python
1684406616,141,cuGetProcAddress_v2,0,1070,3203630,3203630,20,python
1684407017,130,cuGetProcAddress_v2,0,1071,3203630,3203630,20,python
1684407318,170,cuGetProcAddress_v2,0,1072,3203630,3203630,20,python
1684407658,151,cuGetProcAddress_v2,0,1073,3203630,3203630,20,python
1684407979,140,cuGetProcAddress_v2,0,1074,3203630,3203630,20,python
1684408290,150,cuGetProcAddress_v2,0,1075,3203630,3203630,20,python
1684408710,151,cuGetProcAddress_v2,0,1076,3203630,3203630,20,python
1684409031,190,cuGetProcAddress_v2,0,1077,3203630,3203630,20,python
1684409402,130,cuGetProcAddress_v2,0,1078,3203630,3203630,20,python
1684409792,151,cuGetProcAddress_v2,0,1079,3203630,3203630,20,python
1684410113,150,cuGetProcAddress_v2,0,1080,3203630,3203630,20,python
1684410424,150,cuGetProcAddress_v2,0,1081,3203630,3203630,20,python
1684410744,181,cuGetProcAddress_v2,0,1082,3203630,3203630,20,python
1684411095,160,cuGetProcAddress_v2,0,1083,3203630,3203630,20,python
1684411426,120,cuGetProcAddress_v2,0,1084,3203630,3203630,20,python
1684411706,160,cuGetProcAddress_v2,0,1085,3203630,3203630,20,python
1684412047,110,cuGetProcAddress_v2,0,1086,3203630,3203630,20,python
1684412417,161,cuGetProcAddress_v2,0,1087,3203630,3203630,20,python
1684412738,150,cuGetProcAddress_v2,0,1088,3203630,3203630,20,python
1684413059,160,cuGetProcAddress_v2,0,1089,3203630,3203630,20,python
1684413500,140,cuGetProcAddress_v2,0,1090,3203630,3203630,20,python
1684413800,170,cuGetProcAddress_v2,0,1091,3203630,3203630,20,python
1684414141,150,cuGetProcAddress_v2,0,1092,3203630,3203630,20,python
1684414451,161,cuGetProcAddress_v2,0,1093,3203630,3203630,20,python
1684414782,150,cuGetProcAddress_v2,0,1094,3203630,3203630,20,python
1684415303,150,cuGetProcAddress_v2,0,1095,3203630,3203630,20,python
1684415624,140,cuGetProcAddress_v2,0,1096,3203630,3203630,20,python
1684415934,140,cuGetProcAddress_v2,0,1097,3203630,3203630,20,python
1684416245,140,cuGetProcAddress_v2,0,1098,3203630,3203630,20,python
1684416555,131,cuGetProcAddress_v2,0,1099,3203630,3203630,20,python
1684416866,210,cuGetProcAddress_v2,0,1100,3203630,3203630,20,python
1684417247,130,cuGetProcAddress_v2,0,1101,3203630,3203630,20,python
1684417537,151,cuGetProcAddress_v2,0,1102,3203630,3203630,20,python
1684417858,160,cuGetProcAddress_v2,0,1103,3203630,3203630,20,python
1684418178,131,cuGetProcAddress_v2,0,1104,3203630,3203630,20,python
1684418479,140,cuGetProcAddress_v2,0,1105,3203630,3203630,20,python
1684418880,270,cuGetProcAddress_v2,0,1106,3203630,3203630,20,python
1684419311,160,cuGetProcAddress_v2,0,1107,3203630,3203630,20,python
1684419641,201,cuGetProcAddress_v2,0,1108,3203630,3203630,20,python
1684420012,210,cuGetProcAddress_v2,0,1109,3203630,3203630,20,python
1684420393,150,cuGetProcAddress_v2,0,1110,3203630,3203630,20,python
1684420804,140,cuGetProcAddress_v2,0,1111,3203630,3203630,20,python
1684421114,130,cuGetProcAddress_v2,0,1112,3203630,3203630,20,python
1684421415,190,cuGetProcAddress_v2,0,1113,3203630,3203630,20,python
1684421775,131,cuGetProcAddress_v2,0,1114,3203630,3203630,20,python
1684422096,170,cuGetProcAddress_v2,0,1115,3203630,3203630,20,python
1684422527,200,cuGetProcAddress_v2,0,1116,3203630,3203630,20,python
1684422888,190,cuGetProcAddress_v2,0,1117,3203630,3203630,20,python
1684423248,271,cuGetProcAddress_v2,0,1118,3203630,3203630,20,python
1684423699,190,cuGetProcAddress_v2,0,1119,3203630,3203630,20,python
1684424060,190,cuGetProcAddress_v2,0,1120,3203630,3203630,20,python
1684424410,131,cuGetProcAddress_v2,0,1121,3203630,3203630,20,python
1684424711,120,cuGetProcAddress_v2,0,1122,3203630,3203630,20,python
1684425012,120,cuGetProcAddress_v2,0,1123,3203630,3203630,20,python
1684425402,221,cuGetProcAddress_v2,0,1124,3203630,3203630,20,python
1684425793,200,cuGetProcAddress_v2,0,1125,3203630,3203630,20,python
1684426164,130,cuGetProcAddress_v2,0,1126,3203630,3203630,20,python
1684426915,291,cuGetProcAddress_v2,0,1127,3203630,3203630,20,python
1684427366,281,cuGetProcAddress_v2,0,1128,3203630,3203630,20,python
1684427817,190,cuGetProcAddress_v2,0,1129,3203630,3203630,20,python
1684428178,130,cuGetProcAddress_v2,0,1130,3203630,3203630,20,python
1684428478,120,cuGetProcAddress_v2,0,1131,3203630,3203630,20,python
1684428879,150,cuGetProcAddress_v2,0,1132,3203630,3203630,20,python
1684429200,150,cuGetProcAddress_v2,0,1133,3203630,3203630,20,python
1684429520,120,cuGetProcAddress_v2,0,1134,3203630,3203630,20,python
1684429911,130,cuGetProcAddress_v2,0,1135,3203630,3203630,20,python
1684430201,131,cuGetProcAddress_v2,0,1136,3203630,3203630,20,python
1684430803,140,cuGetProcAddress_v2,0,1137,3203630,3203630,20,python
1684431113,151,cuGetProcAddress_v2,0,1138,3203630,3203630,20,python
1684431434,170,cuGetProcAddress_v2,0,1139,3203630,3203630,20,python
1684431775,150,cuGetProcAddress_v2,0,1140,3203630,3203630,20,python
1684432095,170,cuGetProcAddress_v2,0,1141,3203630,3203630,20,python
1684432426,140,cuGetProcAddress_v2,0,1142,3203630,3203630,20,python
1684432736,151,cuGetProcAddress_v2,0,1143,3203630,3203630,20,python
1684433057,120,cuGetProcAddress_v2,0,1144,3203630,3203630,20,python
1684433368,230,cuGetProcAddress_v2,0,1145,3203630,3203630,20,python
1684433858,211,cuGetProcAddress_v2,0,1146,3203630,3203630,20,python
1684434229,181,cuGetProcAddress_v2,0,1147,3203630,3203630,20,python
1684434720,180,cuGetProcAddress_v2,0,1148,3203630,3203630,20,python
1684435061,210,cuGetProcAddress_v2,0,1149,3203630,3203630,20,python
1684435442,140,cuGetProcAddress_v2,0,1150,3203630,3203630,20,python
1684435852,161,cuGetProcAddress_v2,0,1151,3203630,3203630,20,python
1684436183,150,cuGetProcAddress_v2,0,1152,3203630,3203630,20,python
1684436794,120,cuGetProcAddress_v2,0,1153,3203630,3203630,20,python
1684437085,160,cuGetProcAddress_v2,0,1154,3203630,3203630,20,python
1684437415,131,cuGetProcAddress_v2,0,1155,3203630,3203630,20,python
1684437816,180,cuGetProcAddress_v2,0,1156,3203630,3203630,20,python
1684438167,140,cuGetProcAddress_v2,0,1157,3203630,3203630,20,python
1684438618,150,cuGetProcAddress_v2,0,1158,3203630,3203630,20,python
1684438938,191,cuGetProcAddress_v2,0,1159,3203630,3203630,20,python
1684439299,170,cuGetProcAddress_v2,0,1160,3203630,3203630,20,python
1684439640,160,cuGetProcAddress_v2,0,1161,3203630,3203630,20,python
1684440080,121,cuGetProcAddress_v2,0,1162,3203630,3203630,20,python
1684440371,190,cuGetProcAddress_v2,0,1163,3203630,3203630,20,python
1684440832,270,cuGetProcAddress_v2,0,1164,3203630,3203630,20,python
1684441273,230,cuGetProcAddress_v2,0,1165,3203630,3203630,20,python
1684441663,191,cuGetProcAddress_v2,0,1166,3203630,3203630,20,python
1684442124,221,cuGetProcAddress_v2,0,1167,3203630,3203630,20,python
1684442505,180,cuGetProcAddress_v2,0,1168,3203630,3203630,20,python
1684442856,210,cuGetProcAddress_v2,0,1169,3203630,3203630,20,python
1684443337,280,cuGetProcAddress_v2,0,1170,3203630,3203630,20,python
1684443787,131,cuGetProcAddress_v2,0,1171,3203630,3203630,20,python
1684444198,161,cuGetProcAddress_v2,0,1172,3203630,3203630,20,python
1684444529,140,cuGetProcAddress_v2,0,1173,3203630,3203630,20,python
1684444840,150,cuGetProcAddress_v2,0,1174,3203630,3203630,20,python
1684445160,130,cuGetProcAddress_v2,0,1175,3203630,3203630,20,python
1684445461,190,cuGetProcAddress_v2,0,1176,3203630,3203630,20,python
1684445811,151,cuGetProcAddress_v2,0,1177,3203630,3203630,20,python
1684446122,160,cuGetProcAddress_v2,0,1178,3203630,3203630,20,python
1684446443,180,cuGetProcAddress_v2,0,1179,3203630,3203630,20,python
1684446793,130,cuGetProcAddress_v2,0,1180,3203630,3203630,20,python
1684447084,130,cuGetProcAddress_v2,0,1181,3203630,3203630,20,python
1684447384,121,cuGetProcAddress_v2,0,1182,3203630,3203630,20,python
1684447775,160,cuGetProcAddress_v2,0,1183,3203630,3203630,20,python
1684448096,140,cuGetProcAddress_v2,0,1184,3203630,3203630,20,python
1684448396,171,cuGetProcAddress_v2,0,1185,3203630,3203630,20,python
1684448827,170,cuGetProcAddress_v2,0,1186,3203630,3203630,20,python
1684449168,160,cuGetProcAddress_v2,0,1187,3203630,3203630,20,python
1684449498,161,cuGetProcAddress_v2,0,1188,3203630,3203630,20,python
1684449819,150,cuGetProcAddress_v2,0,1189,3203630,3203630,20,python
1684450340,140,cuGetProcAddress_v2,0,1190,3203630,3203630,20,python
1684450751,170,cuGetProcAddress_v2,0,1191,3203630,3203630,20,python
1684451091,171,cuGetProcAddress_v2,0,1192,3203630,3203630,20,python
1684451442,130,cuGetProcAddress_v2,0,1193,3203630,3203630,20,python
1684451843,140,cuGetProcAddress_v2,0,1194,3203630,3203630,20,python
1684452153,141,cuGetProcAddress_v2,0,1195,3203630,3203630,20,python
1684452564,151,cuGetProcAddress_v2,0,1196,3203630,3203630,20,python
1684452875,130,cuGetProcAddress_v2,0,1197,3203630,3203630,20,python
1684453175,121,cuGetProcAddress_v2,0,1198,3203630,3203630,20,python
1684453556,130,cuGetProcAddress_v2,0,1199,3203630,3203630,20,python
1684453857,110,cuGetProcAddress_v2,0,1200,3203630,3203630,20,python
1684454137,131,cuGetProcAddress_v2,0,1201,3203630,3203630,20,python
1684454528,120,cuGetProcAddress_v2,0,1202,3203630,3203630,20,python
1684454819,150,cuGetProcAddress_v2,0,1203,3203630,3203630,20,python
1684455239,131,cuGetProcAddress_v2,0,1204,3203630,3203630,20,python
1684455540,140,cuGetProcAddress_v2,0,1205,3203630,3203630,20,python
1684455851,130,cuGetProcAddress_v2,0,1206,3203630,3203630,20,python
1684456261,151,cuGetProcAddress_v2,0,1207,3203630,3203630,20,python
1684456592,150,cuGetProcAddress_v2,0,1208,3203630,3203630,20,python
1684456923,150,cuGetProcAddress_v2,0,1209,3203630,3203630,20,python
1684457333,141,cuGetProcAddress_v2,0,1210,3203630,3203630,20,python
1684457644,140,cuGetProcAddress_v2,0,1211,3203630,3203630,20,python
1684458155,150,cuGetProcAddress_v2,0,1212,3203630,3203630,20,python
1684458466,160,cuGetProcAddress_v2,0,1213,3203630,3203630,20,python
1684458796,120,cuGetProcAddress_v2,0,1214,3203630,3203630,20,python
1684459087,140,cuGetProcAddress_v2,0,1215,3203630,3203630,20,python
1684459397,131,cuGetProcAddress_v2,0,1216,3203630,3203630,20,python
1684459718,130,cuGetProcAddress_v2,0,1217,3203630,3203630,20,python
1684460019,130,cuGetProcAddress_v2,0,1218,3203630,3203630,20,python
1684460309,180,cuGetProcAddress_v2,0,1219,3203630,3203630,20,python
1684460650,150,cuGetProcAddress_v2,0,1220,3203630,3203630,20,python
1684460980,151,cuGetProcAddress_v2,0,1221,3203630,3203630,20,python
1684461291,120,cuGetProcAddress_v2,0,1222,3203630,3203630,20,python
1684461572,200,cuGetProcAddress_v2,0,1223,3203630,3203630,20,python
1684461942,241,cuGetProcAddress_v2,0,1224,3203630,3203630,20,python
1684462353,150,cuGetProcAddress_v2,0,1225,3203630,3203630,20,python
1684462774,180,cuGetProcAddress_v2,0,1226,3203630,3203630,20,python
1684463135,210,cuGetProcAddress_v2,0,1227,3203630,3203630,20,python
1684463505,171,cuGetProcAddress_v2,0,1228,3203630,3203630,20,python
1684463836,250,cuGetProcAddress_v2,0,1229,3203630,3203630,20,python
1684464257,190,cuGetProcAddress_v2,0,1230,3203630,3203630,20,python
1684464718,130,cuGetProcAddress_v2,0,1231,3203630,3203630,20,python
1684465008,160,cuGetProcAddress_v2,0,1232,3203630,3203630,20,python
1684465329,170,cuGetProcAddress_v2,0,1233,3203630,3203630,20,python
1684466080,160,cuGetProcAddress_v2,0,1234,3203630,3203630,20,python
1684466411,170,cuGetProcAddress_v2,0,1235,3203630,3203630,20,python
1684466741,141,cuGetProcAddress_v2,0,1236,3203630,3203630,20,python
1684467042,160,cuGetProcAddress_v2,0,1237,3203630,3203630,20,python
1684467363,210,cuGetProcAddress_v2,0,1238,3203630,3203630,20,python
1684467743,171,cuGetProcAddress_v2,0,1239,3203630,3203630,20,python
1684468084,150,cuGetProcAddress_v2,0,1240,3203630,3203630,20,python
1684468405,150,cuGetProcAddress_v2,0,1241,3203630,3203630,20,python
1684468725,161,cuGetProcAddress_v2,0,1242,3203630,3203630,20,python
1684469056,220,cuGetProcAddress_v2,0,1243,3203630,3203630,20,python
1684469447,180,cuGetProcAddress_v2,0,1244,3203630,3203630,20,python
1684469797,141,cuGetProcAddress_v2,0,1245,3203630,3203630,20,python
1684470108,130,cuGetProcAddress_v2,0,1246,3203630,3203630,20,python
1684470398,131,cuGetProcAddress_v2,0,1247,3203630,3203630,20,python
1684470689,160,cuGetProcAddress_v2,0,1248,3203630,3203630,20,python
1684471010,180,cuGetProcAddress_v2,0,1249,3203630,3203630,20,python
1684471350,161,cuGetProcAddress_v2,0,1250,3203630,3203630,20,python
1684471671,120,cuGetProcAddress_v2,0,1251,3203630,3203630,20,python
1684471951,171,cuGetProcAddress_v2,0,1252,3203630,3203630,20,python
1684473825,1282,cuInit,0,1254,3203630,3203630,20,python
1684475729,160,cuModuleGetLoadingMode,0,1255,3203630,3203630,20,python
1686072474,400,cuGetProcAddress_v2,0,1383,3203630,3203630,20,python
1686073165,250,cuGetProcAddress_v2,0,1384,3203630,3203630,20,python
1686073706,210,cuGetProcAddress_v2,0,1385,3203630,3203630,20,python
1686074097,150,cuGetProcAddress_v2,0,1386,3203630,3203630,20,python
1686074538,320,cuGetProcAddress_v2,0,1387,3203630,3203630,20,python
1686075029,180,cuGetProcAddress_v2,0,1388,3203630,3203630,20,python
1686075570,220,cuGetProcAddress_v2,0,1389,3203630,3203630,20,python
1686075950,371,cuGetProcAddress_v2,0,1390,3203630,3203630,20,python
1686076491,201,cuGetProcAddress_v2,0,1391,3203630,3203630,20,python
1686076862,130,cuGetProcAddress_v2,0,1392,3203630,3203630,20,python
1686077163,150,cuGetProcAddress_v2,0,1393,3203630,3203630,20,python
1686077473,181,cuGetProcAddress_v2,0,1394,3203630,3203630,20,python
1686077924,150,cuGetProcAddress_v2,0,1395,3203630,3203630,20,python
1686078245,160,cuGetProcAddress_v2,0,1396,3203630,3203630,20,python
1686078565,331,cuGetProcAddress_v2,0,1397,3203630,3203630,20,python
1686079066,161,cuGetProcAddress_v2,0,1398,3203630,3203630,20,python
1686079387,140,cuGetProcAddress_v2,0,1399,3203630,3203630,20,python
1686079808,130,cuGetProcAddress_v2,0,1400,3203630,3203630,20,python
1686080108,151,cuGetProcAddress_v2,0,1401,3203630,3203630,20,python
1686080439,130,cuGetProcAddress_v2,0,1402,3203630,3203630,20,python
1686080740,190,cuGetProcAddress_v2,0,1403,3203630,3203630,20,python
1686081100,160,cuGetProcAddress_v2,0,1404,3203630,3203630,20,python
1686081531,160,cuGetProcAddress_v2,0,1405,3203630,3203630,20,python
1686081862,180,cuGetProcAddress_v2,0,1406,3203630,3203630,20,python
1686082212,171,cuGetProcAddress_v2,0,1407,3203630,3203630,20,python
1686082603,120,cuGetProcAddress_v2,0,1408,3203630,3203630,20,python
1686082904,140,cuGetProcAddress_v2,0,1409,3203630,3203630,20,python
1686083214,110,cuGetProcAddress_v2,0,1410,3203630,3203630,20,python
1686083495,140,cuGetProcAddress_v2,0,1411,3203630,3203630,20,python
1686083805,131,cuGetProcAddress_v2,0,1412,3203630,3203630,20,python
1686084106,160,cuGetProcAddress_v2,0,1413,3203630,3203630,20,python
1686084437,110,cuGetProcAddress_v2,0,1414,3203630,3203630,20,python
1686084717,140,cuGetProcAddress_v2,0,1415,3203630,3203630,20,python
1686085028,140,cuGetProcAddress_v2,0,1416,3203630,3203630,20,python
1686085328,141,cuGetProcAddress_v2,0,1417,3203630,3203630,20,python
1686085639,260,cuGetProcAddress_v2,0,1418,3203630,3203630,20,python
1686086070,150,cuGetProcAddress_v2,0,1419,3203630,3203630,20,python
1686086390,151,cuGetProcAddress_v2,0,1420,3203630,3203630,20,python
1686086711,140,cuGetProcAddress_v2,0,1421,3203630,3203630,20,python
1686087022,140,cuGetProcAddress_v2,0,1422,3203630,3203630,20,python
1686087332,200,cuGetProcAddress_v2,0,1423,3203630,3203630,20,python
1686087703,160,cuGetProcAddress_v2,0,1424,3203630,3203630,20,python
1686088023,131,cuGetProcAddress_v2,0,1425,3203630,3203630,20,python
1686088324,160,cuGetProcAddress_v2,0,1426,3203630,3203630,20,python
1686088655,230,cuGetProcAddress_v2,0,1427,3203630,3203630,20,python
1686089055,121,cuGetProcAddress_v2,0,1428,3203630,3203630,20,python
1686089346,130,cuGetProcAddress_v2,0,1429,3203630,3203630,20,python
1686089637,110,cuGetProcAddress_v2,0,1430,3203630,3203630,20,python
1686089917,200,cuGetProcAddress_v2,0,1431,3203630,3203630,20,python
1686090388,140,cuGetProcAddress_v2,0,1432,3203630,3203630,20,python
1686090699,150,cuGetProcAddress_v2,0,1433,3203630,3203630,20,python
1686091009,231,cuGetProcAddress_v2,0,1434,3203630,3203630,20,python
1686091520,140,cuGetProcAddress_v2,0,1435,3203630,3203630,20,python
1686091831,110,cuGetProcAddress_v2,0,1436,3203630,3203630,20,python
1686092111,141,cuGetProcAddress_v2,0,1437,3203630,3203630,20,python
1686092422,120,cuGetProcAddress_v2,0,1438,3203630,3203630,20,python
1686092712,461,cuGetProcAddress_v2,0,1439,3203630,3203630,20,python
1686093454,120,cuGetProcAddress_v2,0,1440,3203630,3203630,20,python
1686093744,131,cuGetProcAddress_v2,0,1441,3203630,3203630,20,python
1686094035,180,cuGetProcAddress_v2,0,1442,3203630,3203630,20,python
1686094486,220,cuGetProcAddress_v2,0,1443,3203630,3203630,20,python
1686094877,230,cuGetProcAddress_v2,0,1444,3203630,3203630,20,python
1686095388,150,cuGetProcAddress_v2,0,1445,3203630,3203630,20,python
1686095708,140,cuGetProcAddress_v2,0,1446,3203630,3203630,20,python
1686096039,190,cuGetProcAddress_v2,0,1447,3203630,3203630,20,python
1686096510,160,cuGetProcAddress_v2,0,1448,3203630,3203630,20,python
1686096840,201,cuGetProcAddress_v2,0,1449,3203630,3203630,20,python
1686097221,150,cuGetProcAddress_v2,0,1450,3203630,3203630,20,python
1686097542,150,cuGetProcAddress_v2,0,1451,3203630,3203630,20,python
1686097862,161,cuGetProcAddress_v2,0,1452,3203630,3203630,20,python
1686098193,160,cuGetProcAddress_v2,0,1453,3203630,3203630,20,python
1686098524,130,cuGetProcAddress_v2,0,1454,3203630,3203630,20,python
1686099014,181,cuGetProcAddress_v2,0,1455,3203630,3203630,20,python
1686099365,170,cuGetProcAddress_v2,0,1456,3203630,3203630,20,python
1686099696,180,cuGetProcAddress_v2,0,1457,3203630,3203630,20,python
1686100036,121,cuGetProcAddress_v2,0,1458,3203630,3203630,20,python
1686100437,120,cuGetProcAddress_v2,0,1459,3203630,3203630,20,python
1686100738,130,cuGetProcAddress_v2,0,1460,3203630,3203630,20,python
1686101038,131,cuGetProcAddress_v2,0,1461,3203630,3203630,20,python
1686101329,180,cuGetProcAddress_v2,0,1462,3203630,3203630,20,python
1686101670,210,cuGetProcAddress_v2,0,1463,3203630,3203630,20,python
1686102160,161,cuGetProcAddress_v2,0,1464,3203630,3203630,20,python
1686102491,110,cuGetProcAddress_v2,0,1465,3203630,3203630,20,python
1686102922,160,cuGetProcAddress_v2,0,1466,3203630,3203630,20,python
1686103253,170,cuGetProcAddress_v2,0,1467,3203630,3203630,20,python
1686103603,151,cuGetProcAddress_v2,0,1468,3203630,3203630,20,python
1686103924,130,cuGetProcAddress_v2,0,1469,3203630,3203630,20,python
1686104224,131,cuGetProcAddress_v2,0,1470,3203630,3203630,20,python
1686104525,220,cuGetProcAddress_v2,0,1471,3203630,3203630,20,python
1686104916,140,cuGetProcAddress_v2,0,1472,3203630,3203630,20,python
1686105226,141,cuGetProcAddress_v2,0,1473,3203630,3203630,20,python
1686105537,110,cuGetProcAddress_v2,0,1474,3203630,3203630,20,python
1686105928,140,cuGetProcAddress_v2,0,1475,3203630,3203630,20,python
1686106248,151,cuGetProcAddress_v2,0,1476,3203630,3203630,20,python
1686106559,170,cuGetProcAddress_v2,0,1477,3203630,3203630,20,python
1686106890,140,cuGetProcAddress_v2,0,1478,3203630,3203630,20,python
1686107190,190,cuGetProcAddress_v2,0,1479,3203630,3203630,20,python
1686107661,140,cuGetProcAddress_v2,0,1480,3203630,3203630,20,python
1686107972,140,cuGetProcAddress_v2,0,1481,3203630,3203630,20,python
1686108272,191,cuGetProcAddress_v2,0,1482,3203630,3203630,20,python
1686108743,180,cuGetProcAddress_v2,0,1483,3203630,3203630,20,python
1686109104,140,cuGetProcAddress_v2,0,1484,3203630,3203630,20,python
1686109515,210,cuGetProcAddress_v2,0,1485,3203630,3203630,20,python
1686109895,151,cuGetProcAddress_v2,0,1486,3203630,3203630,20,python
1686110216,190,cuGetProcAddress_v2,0,1487,3203630,3203630,20,python
1686110577,130,cuGetProcAddress_v2,0,1488,3203630,3203630,20,python
1686110887,110,cuGetProcAddress_v2,0,1489,3203630,3203630,20,python
1686111168,140,cuGetProcAddress_v2,0,1490,3203630,3203630,20,python
1686111478,131,cuGetProcAddress_v2,0,1491,3203630,3203630,20,python
1686111779,130,cuGetProcAddress_v2,0,1492,3203630,3203630,20,python
1686112180,130,cuGetProcAddress_v2,0,1493,3203630,3203630,20,python
1686112490,120,cuGetProcAddress_v2,0,1494,3203630,3203630,20,python
1686112781,180,cuGetProcAddress_v2,0,1495,3203630,3203630,20,python
1686113121,131,cuGetProcAddress_v2,0,1496,3203630,3203630,20,python
1686113422,120,cuGetProcAddress_v2,0,1497,3203630,3203630,20,python
1686113713,170,cuGetProcAddress_v2,0,1498,3203630,3203630,20,python
1686114063,110,cuGetProcAddress_v2,0,1499,3203630,3203630,20,python
1686114644,111,cuGetProcAddress_v2,0,1500,3203630,3203630,20,python
1686114925,110,cuGetProcAddress_v2,0,1501,3203630,3203630,20,python
1686115195,121,cuGetProcAddress_v2,0,1502,3203630,3203630,20,python
1686115496,180,cuGetProcAddress_v2,0,1503,3203630,3203630,20,python
1686115847,110,cuGetProcAddress_v2,0,1504,3203630,3203630,20,python
1686116127,100,cuGetProcAddress_v2,0,1505,3203630,3203630,20,python
1686116398,130,cuGetProcAddress_v2,0,1506,3203630,3203630,20,python
1686116698,131,cuGetProcAddress_v2,0,1507,3203630,3203630,20,python
1686116999,120,cuGetProcAddress_v2,0,1508,3203630,3203630,20,python
1686117289,121,cuGetProcAddress_v2,0,1509,3203630,3203630,20,python
1686117580,120,cuGetProcAddress_v2,0,1510,3203630,3203630,20,python
1686117871,180,cuGetProcAddress_v2,0,1511,3203630,3203630,20,python
1686118221,201,cuGetProcAddress_v2,0,1512,3203630,3203630,20,python
1686118592,130,cuGetProcAddress_v2,0,1513,3203630,3203630,20,python
1686118892,181,cuGetProcAddress_v2,0,1514,3203630,3203630,20,python
1686119353,161,cuGetProcAddress_v2,0,1515,3203630,3203630,20,python
1686119684,170,cuGetProcAddress_v2,0,1516,3203630,3203630,20,python
1686120025,150,cuGetProcAddress_v2,0,1517,3203630,3203630,20,python
1686120345,191,cuGetProcAddress_v2,0,1518,3203630,3203630,20,python
1686120706,190,cuGetProcAddress_v2,0,1519,3203630,3203630,20,python
1686121167,160,cuGetProcAddress_v2,0,1520,3203630,3203630,20,python
1686121487,161,cuGetProcAddress_v2,0,1521,3203630,3203630,20,python
1686121808,120,cuGetProcAddress_v2,0,1522,3203630,3203630,20,python
1686122209,110,cuGetProcAddress_v2,0,1523,3203630,3203630,20,python
1686122499,121,cuGetProcAddress_v2,0,1524,3203630,3203630,20,python
1686122900,120,cuGetProcAddress_v2,0,1525,3203630,3203630,20,python
1686123191,130,cuGetProcAddress_v2,0,1526,3203630,3203630,20,python
1686123491,191,cuGetProcAddress_v2,0,1527,3203630,3203630,20,python
1686123842,160,cuGetProcAddress_v2,0,1528,3203630,3203630,20,python
1686124403,150,cuGetProcAddress_v2,0,1529,3203630,3203630,20,python
1686124724,160,cuGetProcAddress_v2,0,1530,3203630,3203630,20,python
1686125044,181,cuGetProcAddress_v2,0,1531,3203630,3203630,20,python
1686125385,140,cuGetProcAddress_v2,0,1532,3203630,3203630,20,python
1686125806,130,cuGetProcAddress_v2,0,1533,3203630,3203630,20,python
1686126106,291,cuGetProcAddress_v2,0,1534,3203630,3203630,20,python
1686126557,191,cuGetProcAddress_v2,0,1535,3203630,3203630,20,python
1686126918,110,cuGetProcAddress_v2,0,1536,3203630,3203630,20,python
1686127198,131,cuGetProcAddress_v2,0,1537,3203630,3203630,20,python
1686127509,160,cuGetProcAddress_v2,0,1538,3203630,3203630,20,python
1686127840,130,cuGetProcAddress_v2,0,1539,3203630,3203630,20,python
1686128140,130,cuGetProcAddress_v2,0,1540,3203630,3203630,20,python
1686128431,170,cuGetProcAddress_v2,0,1541,3203630,3203630,20,python
1686128771,111,cuGetProcAddress_v2,0,1542,3203630,3203630,20,python
1686129052,180,cuGetProcAddress_v2,0,1543,3203630,3203630,20,python
1686129413,120,cuGetProcAddress_v2,0,1544,3203630,3203630,20,python
1686129693,191,cuGetProcAddress_v2,0,1545,3203630,3203630,20,python
1686130054,140,cuGetProcAddress_v2,0,1546,3203630,3203630,20,python
1686130364,181,cuGetProcAddress_v2,0,1547,3203630,3203630,20,python
1686130715,170,cuGetProcAddress_v2,0,1548,3203630,3203630,20,python
1686131056,110,cuGetProcAddress_v2,0,1549,3203630,3203630,20,python
1686131356,131,cuGetProcAddress_v2,0,1550,3203630,3203630,20,python
1686131667,551,cuGetProcAddress_v2,0,1551,3203630,3203630,20,python
1686132388,131,cuGetProcAddress_v2,0,1552,3203630,3203630,20,python
1686132689,140,cuGetProcAddress_v2,0,1553,3203630,3203630,20,python
1686133010,190,cuGetProcAddress_v2,0,1554,3203630,3203630,20,python
1686133480,121,cuGetProcAddress_v2,0,1555,3203630,3203630,20,python
1686133771,150,cuGetProcAddress_v2,0,1556,3203630,3203630,20,python
1686134202,160,cuGetProcAddress_v2,0,1557,3203630,3203630,20,python
1686134532,141,cuGetProcAddress_v2,0,1558,3203630,3203630,20,python
1686134843,250,cuGetProcAddress_v2,0,1559,3203630,3203630,20,python
1686135374,170,cuGetProcAddress_v2,0,1560,3203630,3203630,20,python
1686135715,140,cuGetProcAddress_v2,0,1561,3203630,3203630,20,python
1686136025,161,cuGetProcAddress_v2,0,1562,3203630,3203630,20,python
1686136356,150,cuGetProcAddress_v2,0,1563,3203630,3203630,20,python
1686136687,120,cuGetProcAddress_v2,0,1564,3203630,3203630,20,python
1686137087,121,cuGetProcAddress_v2,0,1565,3203630,3203630,20,python
1686137378,150,cuGetProcAddress_v2,0,1566,3203630,3203630,20,python
1686137698,552,cuGetProcAddress_v2,0,1567,3203630,3203630,20,python
1686138420,120,cuGetProcAddress_v2,0,1568,3203630,3203630,20,python
1686138710,121,cuGetProcAddress_v2,0,1569,3203630,3203630,20,python
1686139001,140,cuGetProcAddress_v2,0,1570,3203630,3203630,20,python
1686139312,140,cuGetProcAddress_v2,0,1571,3203630,3203630,20,python
1686139632,201,cuGetProcAddress_v2,0,1572,3203630,3203630,20,python
1686140033,120,cuGetProcAddress_v2,0,1573,3203630,3203630,20,python
1686140313,121,cuGetProcAddress_v2,0,1574,3203630,3203630,20,python
1686140604,190,cuGetProcAddress_v2,0,1575,3203630,3203630,20,python
1686140965,120,cuGetProcAddress_v2,0,1576,3203630,3203630,20,python
1686141255,131,cuGetProcAddress_v2,0,1577,3203630,3203630,20,python
1686141556,120,cuGetProcAddress_v2,0,1578,3203630,3203630,20,python
1686141987,120,cuGetProcAddress_v2,0,1579,3203630,3203630,20,python
1686142277,171,cuGetProcAddress_v2,0,1580,3203630,3203630,20,python
1686142618,130,cuGetProcAddress_v2,0,1581,3203630,3203630,20,python
1686142918,121,cuGetProcAddress_v2,0,1582,3203630,3203630,20,python
1686143209,130,cuGetProcAddress_v2,0,1583,3203630,3203630,20,python
1686143520,120,cuGetProcAddress_v2,0,1584,3203630,3203630,20,python
1686143810,150,cuGetProcAddress_v2,0,1585,3203630,3203630,20,python
1686144131,130,cuGetProcAddress_v2,0,1586,3203630,3203630,20,python
1686144431,211,cuGetProcAddress_v2,0,1587,3203630,3203630,20,python
1686144812,190,cuGetProcAddress_v2,0,1588,3203630,3203630,20,python
1686145183,170,cuGetProcAddress_v2,0,1589,3203630,3203630,20,python
1686145523,131,cuGetProcAddress_v2,0,1590,3203630,3203630,20,python
1686145824,170,cuGetProcAddress_v2,0,1591,3203630,3203630,20,python
1686146265,130,cuGetProcAddress_v2,0,1592,3203630,3203630,20,python
1686146565,161,cuGetProcAddress_v2,0,1593,3203630,3203630,20,python
1686146906,140,cuGetProcAddress_v2,0,1594,3203630,3203630,20,python
1686147317,150,cuGetProcAddress_v2,0,1595,3203630,3203630,20,python
1686147968,140,cuGetProcAddress_v2,0,1596,3203630,3203630,20,python
1686148379,130,cuGetProcAddress_v2,0,1597,3203630,3203630,20,python
1686148669,161,cuGetProcAddress_v2,0,1598,3203630,3203630,20,python
1686149000,140,cuGetProcAddress_v2,0,1599,3203630,3203630,20,python
1686149421,140,cuGetProcAddress_v2,0,1600,3203630,3203630,20,python
1686149802,230,cuGetProcAddress_v2,0,1601,3203630,3203630,20,python
1686150202,151,cuGetProcAddress_v2,0,1602,3203630,3203630,20,python
1686150523,140,cuGetProcAddress_v2,0,1603,3203630,3203630,20,python
1686150834,150,cuGetProcAddress_v2,0,1604,3203630,3203630,20,python
1686151254,161,cuGetProcAddress_v2,0,1605,3203630,3203630,20,python
1686151575,130,cuGetProcAddress_v2,0,1606,3203630,3203630,20,python
1686151876,120,cuGetProcAddress_v2,0,1607,3203630,3203630,20,python
1686152166,120,cuGetProcAddress_v2,0,1608,3203630,3203630,20,python
1686152457,140,cuGetProcAddress_v2,0,1609,3203630,3203630,20,python
1686152777,131,cuGetProcAddress_v2,0,1610,3203630,3203630,20,python
1686153078,120,cuGetProcAddress_v2,0,1611,3203630,3203630,20,python
1686153368,121,cuGetProcAddress_v2,0,1612,3203630,3203630,20,python
1686153659,130,cuGetProcAddress_v2,0,1613,3203630,3203630,20,python
1686153960,130,cuGetProcAddress_v2,0,1614,3203630,3203630,20,python
1686154260,120,cuGetProcAddress_v2,0,1615,3203630,3203630,20,python
1686154551,110,cuGetProcAddress_v2,0,1616,3203630,3203630,20,python
1686154841,191,cuGetProcAddress_v2,0,1617,3203630,3203630,20,python
1686155212,180,cuGetProcAddress_v2,0,1618,3203630,3203630,20,python
1686155903,161,cuGetProcAddress_v2,0,1619,3203630,3203630,20,python
1686156244,130,cuGetProcAddress_v2,0,1620,3203630,3203630,20,python
1686156545,160,cuGetProcAddress_v2,0,1621,3203630,3203630,20,python
1686156875,150,cuGetProcAddress_v2,0,1622,3203630,3203630,20,python
1686157196,150,cuGetProcAddress_v2,0,1623,3203630,3203630,20,python
1686157516,131,cuGetProcAddress_v2,0,1624,3203630,3203630,20,python
1686157817,130,cuGetProcAddress_v2,0,1625,3203630,3203630,20,python
1686158128,140,cuGetProcAddress_v2,0,1626,3203630,3203630,20,python
1686158438,140,cuGetProcAddress_v2,0,1627,3203630,3203630,20,python
1686158749,160,cuGetProcAddress_v2,0,1628,3203630,3203630,20,python
1686159079,201,cuGetProcAddress_v2,0,1629,3203630,3203630,20,python
1686159450,170,cuGetProcAddress_v2,0,1630,3203630,3203630,20,python
1686159791,180,cuGetProcAddress_v2,0,1631,3203630,3203630,20,python
1686160252,200,cuGetProcAddress_v2,0,1632,3203630,3203630,20,python
1686160612,121,cuGetProcAddress_v2,0,1633,3203630,3203630,20,python
1686160903,130,cuGetProcAddress_v2,0,1634,3203630,3203630,20,python
1686161314,120,cuGetProcAddress_v2,0,1635,3203630,3203630,20,python
1686161594,171,cuGetProcAddress_v2,0,1636,3203630,3203630,20,python
1686161935,120,cuGetProcAddress_v2,0,1637,3203630,3203630,20,python
1686162215,161,cuGetProcAddress_v2,0,1638,3203630,3203630,20,python
1686162546,160,cuGetProcAddress_v2,0,1639,3203630,3203630,20,python
1686162987,160,cuGetProcAddress_v2,0,1640,3203630,3203630,20,python
1686163598,140,cuGetProcAddress_v2,0,1641,3203630,3203630,20,python
1686163909,170,cuGetProcAddress_v2,0,1642,3203630,3203630,20,python
1686164249,141,cuGetProcAddress_v2,0,1643,3203630,3203630,20,python
1686164560,160,cuGetProcAddress_v2,0,1644,3203630,3203630,20,python
1686164981,180,cuGetProcAddress_v2,0,1645,3203630,3203630,20,python
1686165331,141,cuGetProcAddress_v2,0,1646,3203630,3203630,20,python
1686165642,160,cuGetProcAddress_v2,0,1647,3203630,3203630,20,python
1686165973,120,cuGetProcAddress_v2,0,1648,3203630,3203630,20,python
1686166263,160,cuGetProcAddress_v2,0,1649,3203630,3203630,20,python
1686166594,140,cuGetProcAddress_v2,0,1650,3203630,3203630,20,python
1686166904,151,cuGetProcAddress_v2,0,1651,3203630,3203630,20,python
1686167245,160,cuGetProcAddress_v2,0,1652,3203630,3203630,20,python
1686167566,140,cuGetProcAddress_v2,0,1653,3203630,3203630,20,python
1686167876,140,cuGetProcAddress_v2,0,1654,3203630,3203630,20,python
1686168187,170,cuGetProcAddress_v2,0,1655,3203630,3203630,20,python
1686168517,161,cuGetProcAddress_v2,0,1656,3203630,3203630,20,python
1686168848,160,cuGetProcAddress_v2,0,1657,3203630,3203630,20,python
1686169329,190,cuGetProcAddress_v2,0,1658,3203630,3203630,20,python
1686169680,130,cuGetProcAddress_v2,0,1659,3203630,3203630,20,python
1686169980,201,cuGetProcAddress_v2,0,1660,3203630,3203630,20,python
1686170341,190,cuGetProcAddress_v2,0,1661,3203630,3203630,20,python
1686170692,170,cuGetProcAddress_v2,0,1662,3203630,3203630,20,python
1686171032,120,cuGetProcAddress_v2,0,1663,3203630,3203630,20,python
1686171323,160,cuGetProcAddress_v2,0,1664,3203630,3203630,20,python
1686171653,261,cuGetProcAddress_v2,0,1665,3203630,3203630,20,python
1686172084,251,cuGetProcAddress_v2,0,1666,3203630,3203630,20,python
1686172495,311,cuGetProcAddress_v2,0,1667,3203630,3203630,20,python
1686172976,170,cuGetProcAddress_v2,0,1668,3203630,3203630,20,python
1686173427,130,cuGetProcAddress_v2,0,1669,3203630,3203630,20,python
1686173717,131,cuGetProcAddress_v2,0,1670,3203630,3203630,20,python
1686174018,130,cuGetProcAddress_v2,0,1671,3203630,3203630,20,python
1686174309,130,cuGetProcAddress_v2,0,1672,3203630,3203630,20,python
1686174599,170,cuGetProcAddress_v2,0,1673,3203630,3203630,20,python
1686174940,220,cuGetProcAddress_v2,0,1674,3203630,3203630,20,python
1686175431,120,cuGetProcAddress_v2,0,1675,3203630,3203630,20,python
1686175721,401,cuGetProcAddress_v2,0,1676,3203630,3203630,20,python
1686176393,190,cuGetProcAddress_v2,0,1677,3203630,3203630,20,python
1686176743,181,cuGetProcAddress_v2,0,1678,3203630,3203630,20,python
1686177094,140,cuGetProcAddress_v2,0,1679,3203630,3203630,20,python
1686177505,140,cuGetProcAddress_v2,0,1680,3203630,3203630,20,python
1686177805,171,cuGetProcAddress_v2,0,1681,3203630,3203630,20,python
1686178146,160,cuGetProcAddress_v2,0,1682,3203630,3203630,20,python
1686178477,120,cuGetProcAddress_v2,0,1683,3203630,3203630,20,python
1686178757,130,cuGetProcAddress_v2,0,1684,3203630,3203630,20,python
1686179338,130,cuGetProcAddress_v2,0,1685,3203630,3203630,20,python
1686179629,170,cuGetProcAddress_v2,0,1686,3203630,3203630,20,python
1686179969,141,cuGetProcAddress_v2,0,1687,3203630,3203630,20,python
1686180270,130,cuGetProcAddress_v2,0,1688,3203630,3203630,20,python
1686180571,130,cuGetProcAddress_v2,0,1689,3203630,3203630,20,python
1686180871,170,cuGetProcAddress_v2,0,1690,3203630,3203630,20,python
1686181202,150,cuGetProcAddress_v2,0,1691,3203630,3203630,20,python
1686181532,161,cuGetProcAddress_v2,0,1692,3203630,3203630,20,python
1686181863,120,cuGetProcAddress_v2,0,1693,3203630,3203630,20,python
1686182144,150,cuGetProcAddress_v2,0,1694,3203630,3203630,20,python
1686182464,160,cuGetProcAddress_v2,0,1695,3203630,3203630,20,python
1686182785,150,cuGetProcAddress_v2,0,1696,3203630,3203630,20,python
1686183105,131,cuGetProcAddress_v2,0,1697,3203630,3203630,20,python
1686183406,180,cuGetProcAddress_v2,0,1698,3203630,3203630,20,python
1686183747,180,cuGetProcAddress_v2,0,1699,3203630,3203630,20,python
1686184097,131,cuGetProcAddress_v2,0,1700,3203630,3203630,20,python
1686184398,150,cuGetProcAddress_v2,0,1701,3203630,3203630,20,python
1686184959,120,cuGetProcAddress_v2,0,1702,3203630,3203630,20,python
1686185249,151,cuGetProcAddress_v2,0,1703,3203630,3203630,20,python
1686185570,130,cuGetProcAddress_v2,0,1704,3203630,3203630,20,python
1686185861,120,cuGetProcAddress_v2,0,1705,3203630,3203630,20,python
1686186151,160,cuGetProcAddress_v2,0,1706,3203630,3203630,20,python
1686186472,150,cuGetProcAddress_v2,0,1707,3203630,3203630,20,python
1686187043,160,cuGetProcAddress_v2,0,1708,3203630,3203630,20,python
1686187374,170,cuGetProcAddress_v2,0,1709,3203630,3203630,20,python
1686187704,181,cuGetProcAddress_v2,0,1710,3203630,3203630,20,python
1686188055,150,cuGetProcAddress_v2,0,1711,3203630,3203630,20,python
1686188486,170,cuGetProcAddress_v2,0,1712,3203630,3203630,20,python
1686188826,221,cuGetProcAddress_v2,0,1713,3203630,3203630,20,python
1686189217,241,cuGetProcAddress_v2,0,1714,3203630,3203630,20,python
1686189728,160,cuGetProcAddress_v2,0,1715,3203630,3203630,20,python
1686190049,320,cuGetProcAddress_v2,0,1716,3203630,3203630,20,python
1686190640,170,cuGetProcAddress_v2,0,1717,3203630,3203630,20,python
1686190980,251,cuGetProcAddress_v2,0,1718,3203630,3203630,20,python
1686191401,211,cuGetProcAddress_v2,0,1719,3203630,3203630,20,python
1686191882,191,cuGetProcAddress_v2,0,1720,3203630,3203630,20,python
1686192243,150,cuGetProcAddress_v2,0,1721,3203630,3203630,20,python
1686192774,140,cuGetProcAddress_v2,0,1722,3203630,3203630,20,python
1686193074,211,cuGetProcAddress_v2,0,1723,3203630,3203630,20,python
1686193445,130,cuGetProcAddress_v2,0,1724,3203630,3203630,20,python
1686193856,180,cuGetProcAddress_v2,0,1725,3203630,3203630,20,python
1686194197,160,cuGetProcAddress_v2,0,1726,3203630,3203630,20,python
1686194517,120,cuGetProcAddress_v2,0,1727,3203630,3203630,20,python
1686194928,140,cuGetProcAddress_v2,0,1728,3203630,3203630,20,python
1686195229,130,cuGetProcAddress_v2,0,1729,3203630,3203630,20,python
1686195529,130,cuGetProcAddress_v2,0,1730,3203630,3203630,20,python
1686195820,120,cuGetProcAddress_v2,0,1731,3203630,3203630,20,python
1686196120,141,cuGetProcAddress_v2,0,1732,3203630,3203630,20,python
1686196681,131,cuGetProcAddress_v2,0,1733,3203630,3203630,20,python
1686196982,170,cuGetProcAddress_v2,0,1734,3203630,3203630,20,python
1686197323,140,cuGetProcAddress_v2,0,1735,3203630,3203630,20,python
1686197633,150,cuGetProcAddress_v2,0,1736,3203630,3203630,20,python
1686197944,140,cuGetProcAddress_v2,0,1737,3203630,3203630,20,python
1686198264,141,cuGetProcAddress_v2,0,1738,3203630,3203630,20,python
1686198585,130,cuGetProcAddress_v2,0,1739,3203630,3203630,20,python
1686198886,180,cuGetProcAddress_v2,0,1740,3203630,3203630,20,python
1686199236,151,cuGetProcAddress_v2,0,1741,3203630,3203630,20,python
1686199547,160,cuGetProcAddress_v2,0,1742,3203630,3203630,20,python
1686199867,141,cuGetProcAddress_v2,0,1743,3203630,3203630,20,python
1686200298,141,cuGetProcAddress_v2,0,1744,3203630,3203630,20,python
1686200599,150,cuGetProcAddress_v2,0,1745,3203630,3203630,20,python
1686200919,131,cuGetProcAddress_v2,0,1746,3203630,3203630,20,python
1686201220,120,cuGetProcAddress_v2,0,1747,3203630,3203630,20,python
1686201511,160,cuGetProcAddress_v2,0,1748,3203630,3203630,20,python
1686201841,150,cuGetProcAddress_v2,0,1749,3203630,3203630,20,python
1686202152,130,cuGetProcAddress_v2,0,1750,3203630,3203630,20,python
1686202452,121,cuGetProcAddress_v2,0,1751,3203630,3203630,20,python
1686202743,190,cuGetProcAddress_v2,0,1752,3203630,3203630,20,python
1686203104,180,cuGetProcAddress_v2,0,1753,3203630,3203630,20,python
1686203454,171,cuGetProcAddress_v2,0,1754,3203630,3203630,20,python
1686203905,170,cuGetProcAddress_v2,0,1755,3203630,3203630,20,python
1686204236,150,cuGetProcAddress_v2,0,1756,3203630,3203630,20,python
1686204667,150,cuGetProcAddress_v2,0,1757,3203630,3203630,20,python
1686204987,130,cuGetProcAddress_v2,0,1758,3203630,3203630,20,python
1686205288,8426,cuGetProcAddress_v2,0,1759,3203630,3203630,20,python
1686214155,160,cuGetProcAddress_v2,0,1760,3203630,3203630,20,python
1686214485,141,cuGetProcAddress_v2,0,1761,3203630,3203630,20,python
1686214806,160,cuGetProcAddress_v2,0,1762,3203630,3203630,20,python
1686215237,160,cuGetProcAddress_v2,0,1763,3203630,3203630,20,python
1686215557,141,cuGetProcAddress_v2,0,1764,3203630,3203630,20,python
1686215988,121,cuGetProcAddress_v2,0,1765,3203630,3203630,20,python
1686216279,130,cuGetProcAddress_v2,0,1766,3203630,3203630,20,python
1686216579,131,cuGetProcAddress_v2,0,1767,3203630,3203630,20,python
1686216980,201,cuGetProcAddress_v2,0,1768,3203630,3203630,20,python
1686217351,150,cuGetProcAddress_v2,0,1769,3203630,3203630,20,python
1686217671,141,cuGetProcAddress_v2,0,1770,3203630,3203630,20,python
1686218082,121,cuGetProcAddress_v2,0,1771,3203630,3203630,20,python
1686218373,160,cuGetProcAddress_v2,0,1772,3203630,3203630,20,python
1686218703,141,cuGetProcAddress_v2,0,1773,3203630,3203630,20,python
1686219014,170,cuGetProcAddress_v2,0,1774,3203630,3203630,20,python
1686219355,170,cuGetProcAddress_v2,0,1775,3203630,3203630,20,python
1686219685,191,cuGetProcAddress_v2,0,1776,3203630,3203630,20,python
1686220166,181,cuGetProcAddress_v2,0,1777,3203630,3203630,20,python
1686220517,200,cuGetProcAddress_v2,0,1778,3203630,3203630,20,python
1686220888,230,cuGetProcAddress_v2,0,1779,3203630,3203630,20,python
1686221288,151,cuGetProcAddress_v2,0,1780,3203630,3203630,20,python
1686221719,221,cuGetProcAddress_v2,0,1781,3203630,3203630,20,python
1686222100,170,cuGetProcAddress_v2,0,1782,3203630,3203630,20,python
1686222431,200,cuGetProcAddress_v2,0,1783,3203630,3203630,20,python
1686222801,141,cuGetProcAddress_v2,0,1784,3203630,3203630,20,python
1686223112,130,cuGetProcAddress_v2,0,1785,3203630,3203630,20,python
1686223412,131,cuGetProcAddress_v2,0,1786,3203630,3203630,20,python
1686223703,150,cuGetProcAddress_v2,0,1787,3203630,3203630,20,python
1686224014,180,cuGetProcAddress_v2,0,1788,3203630,3203630,20,python
1686224364,171,cuGetProcAddress_v2,0,1789,3203630,3203630,20,python
1686224695,150,cuGetProcAddress_v2,0,1790,3203630,3203630,20,python
1686225006,170,cuGetProcAddress_v2,0,1791,3203630,3203630,20,python
1686225336,221,cuGetProcAddress_v2,0,1792,3203630,3203630,20,python
1686225727,200,cuGetProcAddress_v2,0,1793,3203630,3203630,20,python
1686226088,170,cuGetProcAddress_v2,0,1794,3203630,3203630,20,python
1686226418,191,cuGetProcAddress_v2,0,1795,3203630,3203630,20,python
1686226769,160,cuGetProcAddress_v2,0,1796,3203630,3203630,20,python
1686227100,180,cuGetProcAddress_v2,0,1797,3203630,3203630,20,python
1686227440,181,cuGetProcAddress_v2,0,1798,3203630,3203630,20,python
1686227781,200,cuGetProcAddress_v2,0,1799,3203630,3203630,20,python
1686228152,150,cuGetProcAddress_v2,0,1800,3203630,3203630,20,python
1686228462,170,cuGetProcAddress_v2,0,1801,3203630,3203630,20,python
1686229234,721,cuInit,0,1803,3203630,3203630,20,python
1686230606,130,cuModuleGetLoadingMode,0,1804,3203630,3203630,20,python
1687679929,1694182,cudaFree,0,1921,3203630,3203630,20,python
1689448213,330,cuGetProcAddress_v2,0,1922,3203630,3203630,20,python
1689448814,210,cuGetProcAddress_v2,0,1923,3203630,3203630,20,python
1689449345,421,cuGetProcAddress_v2,0,1924,3203630,3203630,20,python
1689449946,200,cuGetProcAddress_v2,0,1925,3203630,3203630,20,python
1689450317,200,cuGetProcAddress_v2,0,1926,3203630,3203630,20,python
1689450697,261,cuGetProcAddress_v2,0,1927,3203630,3203630,20,python
1689451128,221,cuGetProcAddress_v2,0,1928,3203630,3203630,20,python
1689451519,361,cuGetProcAddress_v2,0,1929,3203630,3203630,20,python
1689452050,230,cuGetProcAddress_v2,0,1930,3203630,3203630,20,python
1689452451,140,cuGetProcAddress_v2,0,1931,3203630,3203630,20,python
1689452791,161,cuGetProcAddress_v2,0,1932,3203630,3203630,20,python
1689453122,150,cuGetProcAddress_v2,0,1933,3203630,3203630,20,python
1689453543,220,cuGetProcAddress_v2,0,1934,3203630,3203630,20,python
1689453933,171,cuGetProcAddress_v2,0,1935,3203630,3203630,20,python
1689454274,341,cuGetProcAddress_v2,0,1936,3203630,3203630,20,python
1689454945,281,cuGetProcAddress_v2,0,1937,3203630,3203630,20,python
1689455396,181,cuGetProcAddress_v2,0,1938,3203630,3203630,20,python
1689455847,201,cuGetProcAddress_v2,0,1939,3203630,3203630,20,python
1689456218,190,cuGetProcAddress_v2,0,1940,3203630,3203630,20,python
1689456579,170,cuGetProcAddress_v2,0,1941,3203630,3203630,20,python
1689456949,251,cuGetProcAddress_v2,0,1942,3203630,3203630,20,python
1689457370,180,cuGetProcAddress_v2,0,1943,3203630,3203630,20,python
1689457821,160,cuGetProcAddress_v2,0,1944,3203630,3203630,20,python
1689458182,430,cuGetProcAddress_v2,0,1945,3203630,3203630,20,python
1689458783,180,cuGetProcAddress_v2,0,1946,3203630,3203630,20,python
1689459153,151,cuGetProcAddress_v2,0,1947,3203630,3203630,20,python
1689459504,150,cuGetProcAddress_v2,0,1948,3203630,3203630,20,python
1689459825,120,cuGetProcAddress_v2,0,1949,3203630,3203630,20,python
1689460145,191,cuGetProcAddress_v2,0,1950,3203630,3203630,20,python
1689460516,170,cuGetProcAddress_v2,0,1951,3203630,3203630,20,python
1689460847,150,cuGetProcAddress_v2,0,1952,3203630,3203630,20,python
1689461197,141,cuGetProcAddress_v2,0,1953,3203630,3203630,20,python
1689461508,150,cuGetProcAddress_v2,0,1954,3203630,3203630,20,python
1689461829,130,cuGetProcAddress_v2,0,1955,3203630,3203630,20,python
1689462129,140,cuGetProcAddress_v2,0,1956,3203630,3203630,20,python
1689462440,180,cuGetProcAddress_v2,0,1957,3203630,3203630,20,python
1689462790,251,cuGetProcAddress_v2,0,1958,3203630,3203630,20,python
1689463211,181,cuGetProcAddress_v2,0,1959,3203630,3203630,20,python
1689463572,130,cuGetProcAddress_v2,0,1960,3203630,3203630,20,python
1689463873,160,cuGetProcAddress_v2,0,1961,3203630,3203630,20,python
1689464203,130,cuGetProcAddress_v2,0,1962,3203630,3203630,20,python
1689464504,140,cuGetProcAddress_v2,0,1963,3203630,3203630,20,python
1689464814,121,cuGetProcAddress_v2,0,1964,3203630,3203630,20,python
1689465095,150,cuGetProcAddress_v2,0,1965,3203630,3203630,20,python
1689465536,290,cuGetProcAddress_v2,0,1966,3203630,3203630,20,python
1689465997,130,cuGetProcAddress_v2,0,1967,3203630,3203630,20,python
1689466297,130,cuGetProcAddress_v2,0,1968,3203630,3203630,20,python
1689466598,130,cuGetProcAddress_v2,0,1969,3203630,3203630,20,python
1689466898,100,cuGetProcAddress_v2,0,1970,3203630,3203630,20,python
1689467289,180,cuGetProcAddress_v2,0,1971,3203630,3203630,20,python
1689467640,150,cuGetProcAddress_v2,0,1972,3203630,3203630,20,python
1689467960,191,cuGetProcAddress_v2,0,1973,3203630,3203630,20,python
1689468642,190,cuGetProcAddress_v2,0,1974,3203630,3203630,20,python
1689469002,111,cuGetProcAddress_v2,0,1975,3203630,3203630,20,python
1689469293,170,cuGetProcAddress_v2,0,1976,3203630,3203630,20,python
1689469634,160,cuGetProcAddress_v2,0,1977,3203630,3203630,20,python
1689469964,150,cuGetProcAddress_v2,0,1978,3203630,3203630,20,python
1689470385,140,cuGetProcAddress_v2,0,1979,3203630,3203630,20,python
1689470696,220,cuGetProcAddress_v2,0,1980,3203630,3203630,20,python
1689471086,251,cuGetProcAddress_v2,0,1981,3203630,3203630,20,python
1689471507,190,cuGetProcAddress_v2,0,1982,3203630,3203630,20,python
1689471868,210,cuGetProcAddress_v2,0,1983,3203630,3203630,20,python
1689472349,150,cuGetProcAddress_v2,0,1984,3203630,3203630,20,python
1689472669,141,cuGetProcAddress_v2,0,1985,3203630,3203630,20,python
1689472980,170,cuGetProcAddress_v2,0,1986,3203630,3203630,20,python
1689473321,170,cuGetProcAddress_v2,0,1987,3203630,3203630,20,python
1689473661,191,cuGetProcAddress_v2,0,1988,3203630,3203630,20,python
1689474022,140,cuGetProcAddress_v2,0,1989,3203630,3203630,20,python
1689474333,190,cuGetProcAddress_v2,0,1990,3203630,3203630,20,python
1689474693,130,cuGetProcAddress_v2,0,1991,3203630,3203630,20,python
1689474994,170,cuGetProcAddress_v2,0,1992,3203630,3203630,20,python
1689475334,121,cuGetProcAddress_v2,0,1993,3203630,3203630,20,python
1689475625,130,cuGetProcAddress_v2,0,1994,3203630,3203630,20,python
1689475926,160,cuGetProcAddress_v2,0,1995,3203630,3203630,20,python
1689476256,130,cuGetProcAddress_v2,0,1996,3203630,3203630,20,python
1689476557,140,cuGetProcAddress_v2,0,1997,3203630,3203630,20,python
1689476857,201,cuGetProcAddress_v2,0,1998,3203630,3203630,20,python
1689477228,140,cuGetProcAddress_v2,0,1999,3203630,3203630,20,python
1689477539,120,cuGetProcAddress_v2,0,2000,3203630,3203630,20,python
1689477829,110,cuGetProcAddress_v2,0,2001,3203630,3203630,20,python
1689478110,180,cuGetProcAddress_v2,0,2002,3203630,3203630,20,python
1689478450,211,cuGetProcAddress_v2,0,2003,3203630,3203630,20,python
1689478831,120,cuGetProcAddress_v2,0,2004,3203630,3203630,20,python
1689479122,150,cuGetProcAddress_v2,0,2005,3203630,3203630,20,python
1689479432,171,cuGetProcAddress_v2,0,2006,3203630,3203630,20,python
1689479773,170,cuGetProcAddress_v2,0,2007,3203630,3203630,20,python
1689480224,150,cuGetProcAddress_v2,0,2008,3203630,3203630,20,python
1689480544,151,cuGetProcAddress_v2,0,2009,3203630,3203630,20,python
1689480855,150,cuGetProcAddress_v2,0,2010,3203630,3203630,20,python
1689481176,140,cuGetProcAddress_v2,0,2011,3203630,3203630,20,python
1689481486,161,cuGetProcAddress_v2,0,2012,3203630,3203630,20,python
1689481817,120,cuGetProcAddress_v2,0,2013,3203630,3203630,20,python
1689482208,160,cuGetProcAddress_v2,0,2014,3203630,3203630,20,python
1689482528,150,cuGetProcAddress_v2,0,2015,3203630,3203630,20,python
1689482839,140,cuGetProcAddress_v2,0,2016,3203630,3203630,20,python
1689483149,161,cuGetProcAddress_v2,0,2017,3203630,3203630,20,python
1689483480,140,cuGetProcAddress_v2,0,2018,3203630,3203630,20,python
1689483891,130,cuGetProcAddress_v2,0,2019,3203630,3203630,20,python
1689484252,140,cuGetProcAddress_v2,0,2020,3203630,3203630,20,python
1689484562,170,cuGetProcAddress_v2,0,2021,3203630,3203630,20,python
1689485003,220,cuGetProcAddress_v2,0,2022,3203630,3203630,20,python
1689485394,180,cuGetProcAddress_v2,0,2023,3203630,3203630,20,python
1689485845,170,cuGetProcAddress_v2,0,2024,3203630,3203630,20,python
1689486185,110,cuGetProcAddress_v2,0,2025,3203630,3203630,20,python
1689486466,110,cuGetProcAddress_v2,0,2026,3203630,3203630,20,python
1689486736,151,cuGetProcAddress_v2,0,2027,3203630,3203630,20,python
1689487057,150,cuGetProcAddress_v2,0,2028,3203630,3203630,20,python
1689487377,171,cuGetProcAddress_v2,0,2029,3203630,3203630,20,python
1689487708,190,cuGetProcAddress_v2,0,2030,3203630,3203630,20,python
1689488069,130,cuGetProcAddress_v2,0,2031,3203630,3203630,20,python
1689488460,130,cuGetProcAddress_v2,0,2032,3203630,3203630,20,python
1689488760,120,cuGetProcAddress_v2,0,2033,3203630,3203630,20,python
1689489051,120,cuGetProcAddress_v2,0,2034,3203630,3203630,20,python
1689489341,120,cuGetProcAddress_v2,0,2035,3203630,3203630,20,python
1689489622,120,cuGetProcAddress_v2,0,2036,3203630,3203630,20,python
1689489902,191,cuGetProcAddress_v2,0,2037,3203630,3203630,20,python
1689490253,130,cuGetProcAddress_v2,0,2038,3203630,3203630,20,python
1689490554,160,cuGetProcAddress_v2,0,2039,3203630,3203630,20,python
1689490874,140,cuGetProcAddress_v2,0,2040,3203630,3203630,20,python
1689491185,120,cuGetProcAddress_v2,0,2041,3203630,3203630,20,python
1689491475,121,cuGetProcAddress_v2,0,2042,3203630,3203630,20,python
1689492056,111,cuGetProcAddress_v2,0,2043,3203630,3203630,20,python
1689492337,100,cuGetProcAddress_v2,0,2044,3203630,3203630,20,python
1689492607,131,cuGetProcAddress_v2,0,2045,3203630,3203630,20,python
1689492908,120,cuGetProcAddress_v2,0,2046,3203630,3203630,20,python
1689493189,130,cuGetProcAddress_v2,0,2047,3203630,3203630,20,python
1689493489,110,cuGetProcAddress_v2,0,2048,3203630,3203630,20,python
1689493770,110,cuGetProcAddress_v2,0,2049,3203630,3203630,20,python
1689494050,110,cuGetProcAddress_v2,0,2050,3203630,3203630,20,python
1689494321,140,cuGetProcAddress_v2,0,2051,3203630,3203630,20,python
1689494631,121,cuGetProcAddress_v2,0,2052,3203630,3203630,20,python
1689494922,130,cuGetProcAddress_v2,0,2053,3203630,3203630,20,python
1689495323,170,cuGetProcAddress_v2,0,2054,3203630,3203630,20,python
1689495653,181,cuGetProcAddress_v2,0,2055,3203630,3203630,20,python
1689496004,130,cuGetProcAddress_v2,0,2056,3203630,3203630,20,python
1689496305,180,cuGetProcAddress_v2,0,2057,3203630,3203630,20,python
1689496655,120,cuGetProcAddress_v2,0,2058,3203630,3203630,20,python
1689497046,170,cuGetProcAddress_v2,0,2059,3203630,3203630,20,python
1689497387,130,cuGetProcAddress_v2,0,2060,3203630,3203630,20,python
1689497677,120,cuGetProcAddress_v2,0,2061,3203630,3203630,20,python
1689497968,170,cuGetProcAddress_v2,0,2062,3203630,3203630,20,python
1689498298,131,cuGetProcAddress_v2,0,2063,3203630,3203630,20,python
1689498699,110,cuGetProcAddress_v2,0,2064,3203630,3203630,20,python
1689498970,150,cuGetProcAddress_v2,0,2065,3203630,3203630,20,python
1689499290,131,cuGetProcAddress_v2,0,2066,3203630,3203630,20,python
1689499591,140,cuGetProcAddress_v2,0,2067,3203630,3203630,20,python
1689500002,130,cuGetProcAddress_v2,0,2068,3203630,3203630,20,python
1689500302,161,cuGetProcAddress_v2,0,2069,3203630,3203630,20,python
1689500633,190,cuGetProcAddress_v2,0,2070,3203630,3203630,20,python
1689500984,150,cuGetProcAddress_v2,0,2071,3203630,3203630,20,python
1689501304,160,cuGetProcAddress_v2,0,2072,3203630,3203630,20,python
1689501635,110,cuGetProcAddress_v2,0,2073,3203630,3203630,20,python
1689501905,131,cuGetProcAddress_v2,0,2074,3203630,3203630,20,python
1689502206,120,cuGetProcAddress_v2,0,2075,3203630,3203630,20,python
1689502506,141,cuGetProcAddress_v2,0,2076,3203630,3203630,20,python
1689502807,160,cuGetProcAddress_v2,0,2077,3203630,3203630,20,python
1689503148,150,cuGetProcAddress_v2,0,2078,3203630,3203630,20,python
1689503468,121,cuGetProcAddress_v2,0,2079,3203630,3203630,20,python
1689503759,140,cuGetProcAddress_v2,0,2080,3203630,3203630,20,python
1689504069,171,cuGetProcAddress_v2,0,2081,3203630,3203630,20,python
1689504410,140,cuGetProcAddress_v2,0,2082,3203630,3203630,20,python
1689504721,150,cuGetProcAddress_v2,0,2083,3203630,3203630,20,python
1689505041,241,cuGetProcAddress_v2,0,2084,3203630,3203630,20,python
1689505452,140,cuGetProcAddress_v2,0,2085,3203630,3203630,20,python
1689505763,150,cuGetProcAddress_v2,0,2086,3203630,3203630,20,python
1689506083,171,cuGetProcAddress_v2,0,2087,3203630,3203630,20,python
1689506424,170,cuGetProcAddress_v2,0,2088,3203630,3203630,20,python
1689506765,140,cuGetProcAddress_v2,0,2089,3203630,3203630,20,python
1689507075,160,cuGetProcAddress_v2,0,2090,3203630,3203630,20,python
1689507396,140,cuGetProcAddress_v2,0,2091,3203630,3203630,20,python
1689507827,140,cuGetProcAddress_v2,0,2092,3203630,3203630,20,python
1689508137,140,cuGetProcAddress_v2,0,2093,3203630,3203630,20,python
1689508538,170,cuGetProcAddress_v2,0,2094,3203630,3203630,20,python
1689508879,170,cuGetProcAddress_v2,0,2095,3203630,3203630,20,python
1689509219,151,cuGetProcAddress_v2,0,2096,3203630,3203630,20,python
1689509650,140,cuGetProcAddress_v2,0,2097,3203630,3203630,20,python
1689509971,250,cuGetProcAddress_v2,0,2098,3203630,3203630,20,python
1689510492,130,cuGetProcAddress_v2,0,2099,3203630,3203630,20,python
1689510792,141,cuGetProcAddress_v2,0,2100,3203630,3203630,20,python
1689511113,180,cuGetProcAddress_v2,0,2101,3203630,3203630,20,python
1689511464,160,cuGetProcAddress_v2,0,2102,3203630,3203630,20,python
1689511794,140,cuGetProcAddress_v2,0,2103,3203630,3203630,20,python
1689512215,140,cuGetProcAddress_v2,0,2104,3203630,3203630,20,python
1689512526,180,cuGetProcAddress_v2,0,2105,3203630,3203630,20,python
1689512876,161,cuGetProcAddress_v2,0,2106,3203630,3203630,20,python
1689513207,120,cuGetProcAddress_v2,0,2107,3203630,3203630,20,python
1689513497,131,cuGetProcAddress_v2,0,2108,3203630,3203630,20,python
1689513788,180,cuGetProcAddress_v2,0,2109,3203630,3203630,20,python
1689514139,140,cuGetProcAddress_v2,0,2110,3203630,3203630,20,python
1689514449,211,cuGetProcAddress_v2,0,2111,3203630,3203630,20,python
1689514830,130,cuGetProcAddress_v2,0,2112,3203630,3203630,20,python
1689515141,110,cuGetProcAddress_v2,0,2113,3203630,3203630,20,python
1689515622,120,cuGetProcAddress_v2,0,2114,3203630,3203630,20,python
1689515912,110,cuGetProcAddress_v2,0,2115,3203630,3203630,20,python
1689516203,130,cuGetProcAddress_v2,0,2116,3203630,3203630,20,python
1689516503,110,cuGetProcAddress_v2,0,2117,3203630,3203630,20,python
1689516884,110,cuGetProcAddress_v2,0,2118,3203630,3203630,20,python
1689517164,291,cuGetProcAddress_v2,0,2119,3203630,3203630,20,python
1689517635,181,cuGetProcAddress_v2,0,2120,3203630,3203630,20,python
1689517986,120,cuGetProcAddress_v2,0,2121,3203630,3203630,20,python
1689518277,130,cuGetProcAddress_v2,0,2122,3203630,3203630,20,python
1689518577,160,cuGetProcAddress_v2,0,2123,3203630,3203630,20,python
1689518908,150,cuGetProcAddress_v2,0,2124,3203630,3203630,20,python
1689519228,121,cuGetProcAddress_v2,0,2125,3203630,3203630,20,python
1689519519,210,cuGetProcAddress_v2,0,2126,3203630,3203630,20,python
1689519900,180,cuGetProcAddress_v2,0,2127,3203630,3203630,20,python
1689520250,171,cuGetProcAddress_v2,0,2128,3203630,3203630,20,python
1689520601,130,cuGetProcAddress_v2,0,2129,3203630,3203630,20,python
1689520892,170,cuGetProcAddress_v2,0,2130,3203630,3203630,20,python
1689521332,141,cuGetProcAddress_v2,0,2131,3203630,3203630,20,python
1689521643,140,cuGetProcAddress_v2,0,2132,3203630,3203630,20,python
1689521964,130,cuGetProcAddress_v2,0,2133,3203630,3203630,20,python
1689522354,161,cuGetProcAddress_v2,0,2134,3203630,3203630,20,python
1689522685,170,cuGetProcAddress_v2,0,2135,3203630,3203630,20,python
1689523446,141,cuGetProcAddress_v2,0,2136,3203630,3203630,20,python
1689523757,150,cuGetProcAddress_v2,0,2137,3203630,3203630,20,python
1689524078,130,cuGetProcAddress_v2,0,2138,3203630,3203630,20,python
1689524478,131,cuGetProcAddress_v2,0,2139,3203630,3203630,20,python
1689524779,491,cuGetProcAddress_v2,0,2140,3203630,3203630,20,python
1689525430,151,cuGetProcAddress_v2,0,2141,3203630,3203630,20,python
1689525751,150,cuGetProcAddress_v2,0,2142,3203630,3203630,20,python
1689526072,140,cuGetProcAddress_v2,0,2143,3203630,3203630,20,python
1689526482,121,cuGetProcAddress_v2,0,2144,3203630,3203630,20,python
1689526773,140,cuGetProcAddress_v2,0,2145,3203630,3203630,20,python
1689527083,121,cuGetProcAddress_v2,0,2146,3203630,3203630,20,python
1689527374,120,cuGetProcAddress_v2,0,2147,3203630,3203630,20,python
1689527655,150,cuGetProcAddress_v2,0,2148,3203630,3203630,20,python
1689527975,140,cuGetProcAddress_v2,0,2149,3203630,3203630,20,python
1689528286,110,cuGetProcAddress_v2,0,2150,3203630,3203630,20,python
1689528566,181,cuGetProcAddress_v2,0,2151,3203630,3203630,20,python
1689528917,110,cuGetProcAddress_v2,0,2152,3203630,3203630,20,python
1689529197,101,cuGetProcAddress_v2,0,2153,3203630,3203630,20,python
1689529468,120,cuGetProcAddress_v2,0,2154,3203630,3203630,20,python
1689529749,120,cuGetProcAddress_v2,0,2155,3203630,3203630,20,python
1689530039,130,cuGetProcAddress_v2,0,2156,3203630,3203630,20,python
1689530340,130,cuGetProcAddress_v2,0,2157,3203630,3203630,20,python
1689530740,181,cuGetProcAddress_v2,0,2158,3203630,3203630,20,python
1689531241,141,cuGetProcAddress_v2,0,2159,3203630,3203630,20,python
1689531542,160,cuGetProcAddress_v2,0,2160,3203630,3203630,20,python
1689531873,150,cuGetProcAddress_v2,0,2161,3203630,3203630,20,python
1689532183,150,cuGetProcAddress_v2,0,2162,3203630,3203630,20,python
1689532594,140,cuGetProcAddress_v2,0,2163,3203630,3203630,20,python
1689532895,140,cuGetProcAddress_v2,0,2164,3203630,3203630,20,python
1689533195,201,cuGetProcAddress_v2,0,2165,3203630,3203630,20,python
1689533566,180,cuGetProcAddress_v2,0,2166,3203630,3203630,20,python
1689533917,170,cuGetProcAddress_v2,0,2167,3203630,3203630,20,python
1689534257,140,cuGetProcAddress_v2,0,2168,3203630,3203630,20,python
1689534568,130,cuGetProcAddress_v2,0,2169,3203630,3203630,20,python
1689534868,151,cuGetProcAddress_v2,0,2170,3203630,3203630,20,python
1689535289,130,cuGetProcAddress_v2,0,2171,3203630,3203630,20,python
1689535590,120,cuGetProcAddress_v2,0,2172,3203630,3203630,20,python
1689535880,121,cuGetProcAddress_v2,0,2173,3203630,3203630,20,python
1689536271,150,cuGetProcAddress_v2,0,2174,3203630,3203630,20,python
1689536592,140,cuGetProcAddress_v2,0,2175,3203630,3203630,20,python
1689536902,130,cuGetProcAddress_v2,0,2176,3203630,3203630,20,python
1689537193,160,cuGetProcAddress_v2,0,2177,3203630,3203630,20,python
1689537523,151,cuGetProcAddress_v2,0,2178,3203630,3203630,20,python
1689537964,161,cuGetProcAddress_v2,0,2179,3203630,3203630,20,python
1689538285,150,cuGetProcAddress_v2,0,2180,3203630,3203630,20,python
1689538605,131,cuGetProcAddress_v2,0,2181,3203630,3203630,20,python
1689538906,231,cuGetProcAddress_v2,0,2182,3203630,3203630,20,python
1689539307,150,cuGetProcAddress_v2,0,2183,3203630,3203630,20,python
1689539728,150,cuGetProcAddress_v2,0,2184,3203630,3203630,20,python
1689540048,141,cuGetProcAddress_v2,0,2185,3203630,3203630,20,python
1689540359,140,cuGetProcAddress_v2,0,2186,3203630,3203630,20,python
1689540890,130,cuGetProcAddress_v2,0,2187,3203630,3203630,20,python
1689541190,221,cuGetProcAddress_v2,0,2188,3203630,3203630,20,python
1689541581,130,cuGetProcAddress_v2,0,2189,3203630,3203630,20,python
1689541882,200,cuGetProcAddress_v2,0,2190,3203630,3203630,20,python
1689542252,181,cuGetProcAddress_v2,0,2191,3203630,3203630,20,python
1689542603,130,cuGetProcAddress_v2,0,2192,3203630,3203630,20,python
1689542904,120,cuGetProcAddress_v2,0,2193,3203630,3203630,20,python
1689543194,191,cuGetProcAddress_v2,0,2194,3203630,3203630,20,python
1689543545,160,cuGetProcAddress_v2,0,2195,3203630,3203630,20,python
1689543876,240,cuGetProcAddress_v2,0,2196,3203630,3203630,20,python
1689544286,181,cuGetProcAddress_v2,0,2197,3203630,3203630,20,python
1689544637,140,cuGetProcAddress_v2,0,2198,3203630,3203630,20,python
1689544948,150,cuGetProcAddress_v2,0,2199,3203630,3203630,20,python
1689545268,130,cuGetProcAddress_v2,0,2200,3203630,3203630,20,python
1689545589,120,cuGetProcAddress_v2,0,2201,3203630,3203630,20,python
1689545869,121,cuGetProcAddress_v2,0,2202,3203630,3203630,20,python
1689546160,190,cuGetProcAddress_v2,0,2203,3203630,3203630,20,python
1689546521,310,cuGetProcAddress_v2,0,2204,3203630,3203630,20,python
1689547002,180,cuGetProcAddress_v2,0,2205,3203630,3203630,20,python
1689547352,291,cuGetProcAddress_v2,0,2206,3203630,3203630,20,python
1689547813,160,cuGetProcAddress_v2,0,2207,3203630,3203630,20,python
1689548254,170,cuGetProcAddress_v2,0,2208,3203630,3203630,20,python
1689548715,120,cuGetProcAddress_v2,0,2209,3203630,3203630,20,python
1689549005,121,cuGetProcAddress_v2,0,2210,3203630,3203630,20,python
1689549316,160,cuGetProcAddress_v2,0,2211,3203630,3203630,20,python
1689549637,250,cuGetProcAddress_v2,0,2212,3203630,3203630,20,python
1689550047,211,cuGetProcAddress_v2,0,2213,3203630,3203630,20,python
1689550538,121,cuGetProcAddress_v2,0,2214,3203630,3203630,20,python
1689550829,240,cuGetProcAddress_v2,0,2215,3203630,3203630,20,python
1689551340,210,cuGetProcAddress_v2,0,2216,3203630,3203630,20,python
1689551711,170,cuGetProcAddress_v2,0,2217,3203630,3203630,20,python
1689552041,181,cuGetProcAddress_v2,0,2218,3203630,3203630,20,python
1689552502,160,cuGetProcAddress_v2,0,2219,3203630,3203630,20,python
1689552833,150,cuGetProcAddress_v2,0,2220,3203630,3203630,20,python
1689553153,151,cuGetProcAddress_v2,0,2221,3203630,3203630,20,python
1689553474,130,cuGetProcAddress_v2,0,2222,3203630,3203630,20,python
1689553775,130,cuGetProcAddress_v2,0,2223,3203630,3203630,20,python
1689554175,121,cuGetProcAddress_v2,0,2224,3203630,3203630,20,python
1689554466,140,cuGetProcAddress_v2,0,2225,3203630,3203630,20,python
1689554776,141,cuGetProcAddress_v2,0,2226,3203630,3203630,20,python
1689555087,120,cuGetProcAddress_v2,0,2227,3203630,3203630,20,python
1689555368,140,cuGetProcAddress_v2,0,2228,3203630,3203630,20,python
1689555678,150,cuGetProcAddress_v2,0,2229,3203630,3203630,20,python
1689555999,190,cuGetProcAddress_v2,0,2230,3203630,3203630,20,python
1689556359,161,cuGetProcAddress_v2,0,2231,3203630,3203630,20,python
1689556680,130,cuGetProcAddress_v2,0,2232,3203630,3203630,20,python
1689556981,160,cuGetProcAddress_v2,0,2233,3203630,3203630,20,python
1689557311,151,cuGetProcAddress_v2,0,2234,3203630,3203630,20,python
1689557642,150,cuGetProcAddress_v2,0,2235,3203630,3203630,20,python
1689557963,140,cuGetProcAddress_v2,0,2236,3203630,3203630,20,python
1689558273,180,cuGetProcAddress_v2,0,2237,3203630,3203630,20,python
1689558624,200,cuGetProcAddress_v2,0,2238,3203630,3203630,20,python
1689558995,140,cuGetProcAddress_v2,0,2239,3203630,3203630,20,python
1689559305,150,cuGetProcAddress_v2,0,2240,3203630,3203630,20,python
1689559626,160,cuGetProcAddress_v2,0,2241,3203630,3203630,20,python
1689559956,221,cuGetProcAddress_v2,0,2242,3203630,3203630,20,python
1689560347,150,cuGetProcAddress_v2,0,2243,3203630,3203630,20,python
1689560658,140,cuGetProcAddress_v2,0,2244,3203630,3203630,20,python
1689560968,141,cuGetProcAddress_v2,0,2245,3203630,3203630,20,python
1689561279,180,cuGetProcAddress_v2,0,2246,3203630,3203630,20,python
1689561630,180,cuGetProcAddress_v2,0,2247,3203630,3203630,20,python
1689561980,201,cuGetProcAddress_v2,0,2248,3203630,3203630,20,python
1689562341,210,cuGetProcAddress_v2,0,2249,3203630,3203630,20,python
1689562722,140,cuGetProcAddress_v2,0,2250,3203630,3203630,20,python
1689563142,171,cuGetProcAddress_v2,0,2251,3203630,3203630,20,python
1689563483,221,cuGetProcAddress_v2,0,2252,3203630,3203630,20,python
1689563874,260,cuGetProcAddress_v2,0,2253,3203630,3203630,20,python
1689564405,180,cuGetProcAddress_v2,0,2254,3203630,3203630,20,python
1689564746,250,cuGetProcAddress_v2,0,2255,3203630,3203630,20,python
1689565277,200,cuGetProcAddress_v2,0,2256,3203630,3203630,20,python
1689565647,181,cuGetProcAddress_v2,0,2257,3203630,3203630,20,python
1689565998,140,cuGetProcAddress_v2,0,2258,3203630,3203630,20,python
1689566419,140,cuGetProcAddress_v2,0,2259,3203630,3203630,20,python
1689566729,181,cuGetProcAddress_v2,0,2260,3203630,3203630,20,python
1689567080,150,cuGetProcAddress_v2,0,2261,3203630,3203630,20,python
1689567401,150,cuGetProcAddress_v2,0,2262,3203630,3203630,20,python
1689567721,130,cuGetProcAddress_v2,0,2263,3203630,3203630,20,python
1689568122,190,cuGetProcAddress_v2,0,2264,3203630,3203630,20,python
1689568473,150,cuGetProcAddress_v2,0,2265,3203630,3203630,20,python
1689568793,161,cuGetProcAddress_v2,0,2266,3203630,3203630,20,python
1689569234,150,cuGetProcAddress_v2,0,2267,3203630,3203630,20,python
1689569555,120,cuGetProcAddress_v2,0,2268,3203630,3203630,20,python
1689569845,131,cuGetProcAddress_v2,0,2269,3203630,3203630,20,python
1689570146,110,cuGetProcAddress_v2,0,2270,3203630,3203630,20,python
1689570436,181,cuGetProcAddress_v2,0,2271,3203630,3203630,20,python
1689570787,130,cuGetProcAddress_v2,0,2272,3203630,3203630,20,python
1689571088,180,cuGetProcAddress_v2,0,2273,3203630,3203630,20,python
1689571438,161,cuGetProcAddress_v2,0,2274,3203630,3203630,20,python
1689571769,140,cuGetProcAddress_v2,0,2275,3203630,3203630,20,python
1689572150,140,cuGetProcAddress_v2,0,2276,3203630,3203630,20,python
1689572460,161,cuGetProcAddress_v2,0,2277,3203630,3203630,20,python
1689572791,140,cuGetProcAddress_v2,0,2278,3203630,3203630,20,python
1689573102,180,cuGetProcAddress_v2,0,2279,3203630,3203630,20,python
1689573442,180,cuGetProcAddress_v2,0,2280,3203630,3203630,20,python
1689573803,120,cuGetProcAddress_v2,0,2281,3203630,3203630,20,python
1689574093,151,cuGetProcAddress_v2,0,2282,3203630,3203630,20,python
1689574424,130,cuGetProcAddress_v2,0,2283,3203630,3203630,20,python
1689574725,150,cuGetProcAddress_v2,0,2284,3203630,3203630,20,python
1689575045,110,cuGetProcAddress_v2,0,2285,3203630,3203630,20,python
1689575326,110,cuGetProcAddress_v2,0,2286,3203630,3203630,20,python
1689575616,121,cuGetProcAddress_v2,0,2287,3203630,3203630,20,python
1689575907,110,cuGetProcAddress_v2,0,2288,3203630,3203630,20,python
1689576187,131,cuGetProcAddress_v2,0,2289,3203630,3203630,20,python
1689576488,120,cuGetProcAddress_v2,0,2290,3203630,3203630,20,python
1689576779,140,cuGetProcAddress_v2,0,2291,3203630,3203630,20,python
1689577089,120,cuGetProcAddress_v2,0,2292,3203630,3203630,20,python
1689577380,130,cuGetProcAddress_v2,0,2293,3203630,3203630,20,python
1689577780,131,cuGetProcAddress_v2,0,2294,3203630,3203630,20,python
1689578141,140,cuGetProcAddress_v2,0,2295,3203630,3203630,20,python
1689578452,140,cuGetProcAddress_v2,0,2296,3203630,3203630,20,python
1689578762,131,cuGetProcAddress_v2,0,2297,3203630,3203630,20,python
1689579063,130,cuGetProcAddress_v2,0,2298,3203630,3203630,20,python
1689579464,160,cuGetProcAddress_v2,0,2299,3203630,3203630,20,python
1689579965,160,cuGetProcAddress_v2,0,2300,3203630,3203630,20,python
1689580295,151,cuGetProcAddress_v2,0,2301,3203630,3203630,20,python
1689580716,120,cuGetProcAddress_v2,0,2302,3203630,3203630,20,python
1689581007,130,cuGetProcAddress_v2,0,2303,3203630,3203630,20,python
1689581407,131,cuGetProcAddress_v2,0,2304,3203630,3203630,20,python
1689581718,130,cuGetProcAddress_v2,0,2305,3203630,3203630,20,python
1689582019,130,cuGetProcAddress_v2,0,2306,3203630,3203630,20,python
1689582419,171,cuGetProcAddress_v2,0,2307,3203630,3203630,20,python
1689582770,120,cuGetProcAddress_v2,0,2308,3203630,3203630,20,python
1689583061,140,cuGetProcAddress_v2,0,2309,3203630,3203630,20,python
1689583471,141,cuGetProcAddress_v2,0,2310,3203630,3203630,20,python
1689583792,140,cuGetProcAddress_v2,0,2311,3203630,3203630,20,python
1689584103,120,cuGetProcAddress_v2,0,2312,3203630,3203630,20,python
1689584393,160,cuGetProcAddress_v2,0,2313,3203630,3203630,20,python
1689584724,200,cuGetProcAddress_v2,0,2314,3203630,3203630,20,python
1689585094,171,cuGetProcAddress_v2,0,2315,3203630,3203630,20,python
1689585435,170,cuGetProcAddress_v2,0,2316,3203630,3203630,20,python
1689585946,200,cuGetProcAddress_v2,0,2317,3203630,3203630,20,python
1689586317,200,cuGetProcAddress_v2,0,2318,3203630,3203630,20,python
1689586687,121,cuGetProcAddress_v2,0,2319,3203630,3203630,20,python
1689586978,220,cuGetProcAddress_v2,0,2320,3203630,3203630,20,python
1689587359,190,cuGetProcAddress_v2,0,2321,3203630,3203630,20,python
1689587709,161,cuGetProcAddress_v2,0,2322,3203630,3203630,20,python
1689588040,160,cuGetProcAddress_v2,0,2323,3203630,3203630,20,python
1689588371,160,cuGetProcAddress_v2,0,2324,3203630,3203630,20,python
1689588691,201,cuGetProcAddress_v2,0,2325,3203630,3203630,20,python
1689589052,150,cuGetProcAddress_v2,0,2326,3203630,3203630,20,python
1689589363,140,cuGetProcAddress_v2,0,2327,3203630,3203630,20,python
1689589663,160,cuGetProcAddress_v2,0,2328,3203630,3203630,20,python
1689589984,150,cuGetProcAddress_v2,0,2329,3203630,3203630,20,python
1689590294,171,cuGetProcAddress_v2,0,2330,3203630,3203630,20,python
1689590625,160,cuGetProcAddress_v2,0,2331,3203630,3203630,20,python
1689590946,150,cuGetProcAddress_v2,0,2332,3203630,3203630,20,python
1689591266,161,cuGetProcAddress_v2,0,2333,3203630,3203630,20,python
1689591597,130,cuGetProcAddress_v2,0,2334,3203630,3203630,20,python
1689591897,121,cuGetProcAddress_v2,0,2335,3203630,3203630,20,python
1689592178,150,cuGetProcAddress_v2,0,2336,3203630,3203630,20,python
1689592489,200,cuGetProcAddress_v2,0,2337,3203630,3203630,20,python
1689592859,241,cuGetProcAddress_v2,0,2338,3203630,3203630,20,python
1689593260,170,cuGetProcAddress_v2,0,2339,3203630,3203630,20,python
1689593751,200,cuGetProcAddress_v2,0,2340,3203630,3203630,20,python
1689594543,771,cuInit,0,2342,3203630,3203630,20,python
1689596015,131,cuModuleGetLoadingMode,0,2343,3203630,3203630,20,python
1692977345,641,cudaGetDriverEntryPoint_v11030,0,2483,3203630,3203630,20,python
1692978567,381,cudaGetDriverEntryPoint_v11030,0,2485,3203630,3203630,20,python
1701010355,1613,cuInit,0,2489,3203630,3203630,20,python
1701020925,21751,cudaMalloc,0,2491,3203630,3203630,20,python
1701043498,2214,cudaEventCreateWithFlags,0,2492,3203630,3203630,20,python
1701045913,461,cudaEventCreateWithFlags,0,2493,3203630,3203630,20,python
1701046554,441,cudaEventCreateWithFlags,0,2494,3203630,3203630,20,python
1701047175,431,cudaEventCreateWithFlags,0,2495,3203630,3203630,20,python
1701047776,421,cudaEventCreateWithFlags,0,2496,3203630,3203630,20,python
1701048367,431,cudaEventCreateWithFlags,0,2497,3203630,3203630,20,python
1701048979,1943,cudaEventCreateWithFlags,0,2498,3203630,3203630,20,python
1701051123,440,cudaEventCreateWithFlags,0,2499,3203630,3203630,20,python
1701051814,3837,cudaMalloc,0,2500,3203630,3203630,20,python
1701055962,551,cudaEventCreateWithFlags,0,2501,3203630,3203630,20,python
1701056693,431,cudaEventCreateWithFlags,0,2502,3203630,3203630,20,python
1701057294,411,cudaEventCreateWithFlags,0,2503,3203630,3203630,20,python
1701057866,3396,cudaEventCreateWithFlags,0,2504,3203630,3203630,20,python
1701061462,471,cudaEventCreateWithFlags,0,2505,3203630,3203630,20,python
1701062104,420,cudaEventCreateWithFlags,0,2506,3203630,3203630,20,python
1701062745,411,cudaEventCreateWithFlags,0,2507,3203630,3203630,20,python
1701063316,411,cudaEventCreateWithFlags,0,2508,3203630,3203630,20,python
1701063937,158533,cudaMalloc,0,2509,3203630,3203630,20,python
1701223162,952,cudaEventCreateWithFlags,0,2510,3203630,3203630,20,python
1701224314,441,cudaEventCreateWithFlags,0,2511,3203630,3203630,20,python
1701309667,952,cuInit,0,2512,3203630,3203630,20,python
1701313344,1193,cudaFree,0,2513,3203630,3203630,20,python
1701320859,5871,cudaMalloc,0,2516,3203630,3203630,20,python
1701327171,851,cudaEventCreateWithFlags,0,2517,3203630,3203630,20,python
1701328243,531,cudaEventCreateWithFlags,0,2518,3203630,3203630,20,python
1701329024,511,cudaEventCreateWithFlags,0,2519,3203630,3203630,20,python
1701329756,501,cudaEventCreateWithFlags,0,2520,3203630,3203630,20,python
1701330477,501,cudaEventCreateWithFlags,0,2521,3203630,3203630,20,python
1701331198,2225,cudaEventCreateWithFlags,0,2522,3203630,3203630,20,python
1701333673,541,cudaEventCreateWithFlags,0,2523,3203630,3203630,20,python
1701334425,511,cudaEventCreateWithFlags,0,2524,3203630,3203630,20,python
1701335517,3627,cudaMalloc,0,2525,3203630,3203630,20,python
1701339544,642,cudaEventCreateWithFlags,0,2526,3203630,3203630,20,python
1701340426,531,cudaEventCreateWithFlags,0,2527,3203630,3203630,20,python
1701341188,2003,cudaEventCreateWithFlags,0,2528,3203630,3203630,20,python
1701343442,561,cudaEventCreateWithFlags,0,2529,3203630,3203630,20,python
1701344223,531,cudaEventCreateWithFlags,0,2530,3203630,3203630,20,python
1701345275,511,cudaEventCreateWithFlags,0,2531,3203630,3203630,20,python
1701345997,511,cudaEventCreateWithFlags,0,2532,3203630,3203630,20,python
1701346718,501,cudaEventCreateWithFlags,0,2533,3203630,3203630,20,python
1701347490,84942,cudaMalloc,0,2534,3203630,3203630,20,python
1701433123,972,cudaEventCreateWithFlags,0,2535,3203630,3203630,20,python
1701434286,441,cudaEventCreateWithFlags,0,2536,3203630,3203630,20,python
1701458171,1416651,cudaStreamCreateWithFlags,0,2537,3203630,3203630,20,python
1702875643,1794,cudaEventCreate,0,2538,3203630,3203630,20,python
1702877988,711,cudaFree,0,2539,3203630,3203630,20,python
1702885823,5110,cudaMalloc,0,2542,3203630,3203630,20,python
1702891374,651,cudaEventCreateWithFlags,0,2543,3203630,3203630,20,python
1702892215,1824,cudaEventCreateWithFlags,0,2544,3203630,3203630,20,python
1702894239,471,cudaEventCreateWithFlags,0,2545,3203630,3203630,20,python
1702894880,431,cudaEventCreateWithFlags,0,2546,3203630,3203630,20,python
1702895491,411,cudaEventCreateWithFlags,0,2547,3203630,3203630,20,python
1702896073,410,cudaEventCreateWithFlags,0,2548,3203630,3203630,20,python
1702896654,421,cudaEventCreateWithFlags,0,2549,3203630,3203630,20,python
1702897245,401,cudaEventCreateWithFlags,0,2550,3203630,3203630,20,python
1702897926,6192,cudaMalloc,0,2551,3203630,3203630,20,python
1702904439,551,cudaEventCreateWithFlags,0,2552,3203630,3203630,20,python
1702905180,421,cudaEventCreateWithFlags,0,2553,3203630,3203630,20,python
1702905771,411,cudaEventCreateWithFlags,0,2554,3203630,3203630,20,python
1702906352,411,cudaEventCreateWithFlags,0,2555,3203630,3203630,20,python
1702906933,411,cudaEventCreateWithFlags,0,2556,3203630,3203630,20,python
1702907514,401,cudaEventCreateWithFlags,0,2557,3203630,3203630,20,python
1702908086,410,cudaEventCreateWithFlags,0,2558,3203630,3203630,20,python
1702908667,2124,cudaEventCreateWithFlags,0,2559,3203630,3203630,20,python
1702911071,67970,cudaMalloc,0,2560,3203630,3203630,20,python
1702979612,952,cudaEventCreateWithFlags,0,2561,3203630,3203630,20,python
1702980765,2585,cudaEventCreateWithFlags,0,2562,3203630,3203630,20,python
1703003709,4208,cudaStreamCreateWithFlags,0,2563,3203630,3203630,20,python
1703008157,741,cudaEventCreate,0,2564,3203630,3203630,20,python
1703009159,441,cudaFree,0,2565,3203630,3203630,20,python
1703012856,3707,cudaMalloc,0,2568,3203630,3203630,20,python
1703018186,571,cudaEventCreateWithFlags,0,2569,3203630,3203630,20,python
1703018948,431,cudaEventCreateWithFlags,0,2570,3203630,3203630,20,python
1703019549,421,cudaEventCreateWithFlags,0,2571,3203630,3203630,20,python
1703020140,411,cudaEventCreateWithFlags,0,2572,3203630,3203630,20,python
1703020721,411,cudaEventCreateWithFlags,0,2573,3203630,3203630,20,python
1703021302,411,cudaEventCreateWithFlags,0,2574,3203630,3203630,20,python
1703021883,401,cudaEventCreateWithFlags,0,2575,3203630,3203630,20,python
1703022454,1734,cudaEventCreateWithFlags,0,2576,3203630,3203630,20,python
1703024408,2675,cudaMalloc,0,2577,3203630,3203630,20,python
1703027364,521,cudaEventCreateWithFlags,0,2578,3203630,3203630,20,python
1703028065,401,cudaEventCreateWithFlags,0,2579,3203630,3203630,20,python
1703028646,401,cudaEventCreateWithFlags,0,2580,3203630,3203630,20,python
1703029217,401,cudaEventCreateWithFlags,0,2581,3203630,3203630,20,python
1703029798,401,cudaEventCreateWithFlags,0,2582,3203630,3203630,20,python
1703030370,1643,cudaEventCreateWithFlags,0,2583,3203630,3203630,20,python
1703032233,431,cudaEventCreateWithFlags,0,2584,3203630,3203630,20,python
1703033125,401,cudaEventCreateWithFlags,0,2585,3203630,3203630,20,python
1703033776,60446,cudaMalloc,0,2586,3203630,3203630,20,python
1703094763,871,cudaEventCreateWithFlags,0,2587,3203630,3203630,20,python
1703095825,461,cudaEventCreateWithFlags,0,2588,3203630,3203630,20,python
1703117526,3757,cudaStreamCreateWithFlags,0,2589,3203630,3203630,20,python
1703121514,731,cudaEventCreate,0,2590,3203630,3203630,20,python
1703123728,67169,cudaMalloc,0,2591,3203630,3203630,20,python
1703199353,581,cudaFree,0,2592,3203630,3203630,20,python
1703278204,781,cuGetProcAddress_v2,0,2593,3203630,3203630,20,python
1703279276,801,cuGetProcAddress_v2,0,2594,3203630,3203630,20,python
1703280398,691,cuGetProcAddress_v2,0,2595,3203630,3203630,20,python
1703281290,210,cuGetProcAddress_v2,0,2596,3203630,3203630,20,python
1703281821,350,cuGetProcAddress_v2,0,2597,3203630,3203630,20,python
1703282362,451,cuGetProcAddress_v2,0,2598,3203630,3203630,20,python
1703283153,331,cuGetProcAddress_v2,0,2599,3203630,3203630,20,python
1703283654,461,cuGetProcAddress_v2,0,2600,3203630,3203630,20,python
1703284305,341,cuGetProcAddress_v2,0,2601,3203630,3203630,20,python
1703284836,251,cuGetProcAddress_v2,0,2602,3203630,3203630,20,python
1703285267,361,cuGetProcAddress_v2,0,2603,3203630,3203630,20,python
1703285818,361,cuGetProcAddress_v2,0,2604,3203630,3203630,20,python
1703286470,450,cuGetProcAddress_v2,0,2605,3203630,3203630,20,python
1703287111,250,cuGetProcAddress_v2,0,2606,3203630,3203630,20,python
1703287552,591,cuGetProcAddress_v2,0,2607,3203630,3203630,20,python
1703288323,491,cuGetProcAddress_v2,0,2608,3203630,3203630,20,python
1703288984,251,cuGetProcAddress_v2,0,2609,3203630,3203630,20,python
1703289505,331,cuGetProcAddress_v2,0,2610,3203630,3203630,20,python
1703290016,351,cuGetProcAddress_v2,0,2611,3203630,3203630,20,python
1703290858,421,cuGetProcAddress_v2,0,2612,3203630,3203630,20,python
1703291449,391,cuGetProcAddress_v2,0,2613,3203630,3203630,20,python
1703292010,351,cuGetProcAddress_v2,0,2614,3203630,3203630,20,python
1703292631,271,cuGetProcAddress_v2,0,2615,3203630,3203630,20,python
1703293072,291,cuGetProcAddress_v2,0,2616,3203630,3203630,20,python
1703293533,341,cuGetProcAddress_v2,0,2617,3203630,3203630,20,python
1703294044,220,cuGetProcAddress_v2,0,2618,3203630,3203630,20,python
1703294445,220,cuGetProcAddress_v2,0,2619,3203630,3203630,20,python
1703294836,310,cuGetProcAddress_v2,0,2620,3203630,3203630,20,python
1703295326,291,cuGetProcAddress_v2,0,2621,3203630,3203630,20,python
1703295807,311,cuGetProcAddress_v2,0,2622,3203630,3203630,20,python
1703296288,151,cuGetProcAddress_v2,0,2623,3203630,3203630,20,python
1703296609,321,cuGetProcAddress_v2,0,2624,3203630,3203630,20,python
1703297100,361,cuGetProcAddress_v2,0,2625,3203630,3203630,20,python
1703297631,140,cuGetProcAddress_v2,0,2626,3203630,3203630,20,python
1703297941,211,cuGetProcAddress_v2,0,2627,3203630,3203630,20,python
1703298322,591,cuGetProcAddress_v2,0,2628,3203630,3203630,20,python
1703299084,160,cuGetProcAddress_v2,0,2629,3203630,3203630,20,python
1703299414,231,cuGetProcAddress_v2,0,2630,3203630,3203630,20,python
1703299815,180,cuGetProcAddress_v2,0,2631,3203630,3203630,20,python
1703300156,531,cuGetProcAddress_v2,0,2632,3203630,3203630,20,python
1703300857,311,cuGetProcAddress_v2,0,2633,3203630,3203630,20,python
1703301328,240,cuGetProcAddress_v2,0,2634,3203630,3203630,20,python
1703301749,320,cuGetProcAddress_v2,0,2635,3203630,3203630,20,python
1703302250,210,cuGetProcAddress_v2,0,2636,3203630,3203630,20,python
1703302630,361,cuGetProcAddress_v2,0,2637,3203630,3203630,20,python
1703303171,121,cuGetProcAddress_v2,0,2638,3203630,3203630,20,python
1703303462,210,cuGetProcAddress_v2,0,2639,3203630,3203630,20,python
1703303843,130,cuGetProcAddress_v2,0,2640,3203630,3203630,20,python
1703304143,391,cuGetProcAddress_v2,0,2641,3203630,3203630,20,python
1703304825,160,cuGetProcAddress_v2,0,2642,3203630,3203630,20,python
1703305165,321,cuGetProcAddress_v2,0,2643,3203630,3203630,20,python
1703305656,241,cuGetProcAddress_v2,0,2644,3203630,3203630,20,python
1703306177,631,cuGetProcAddress_v2,0,2645,3203630,3203630,20,python
1703306979,210,cuGetProcAddress_v2,0,2646,3203630,3203630,20,python
1703307349,141,cuGetProcAddress_v2,0,2647,3203630,3203630,20,python
1703307660,130,cuGetProcAddress_v2,0,2648,3203630,3203630,20,python
1703307961,240,cuGetProcAddress_v2,0,2649,3203630,3203630,20,python
1703308492,180,cuGetProcAddress_v2,0,2650,3203630,3203630,20,python
1703308842,311,cuGetProcAddress_v2,0,2651,3203630,3203630,20,python
1703309323,341,cuGetProcAddress_v2,0,2652,3203630,3203630,20,python
1703309834,201,cuGetProcAddress_v2,0,2653,3203630,3203630,20,python
1703310205,220,cuGetProcAddress_v2,0,2654,3203630,3203630,20,python
1703310696,230,cuGetProcAddress_v2,0,2655,3203630,3203630,20,python
1703311097,240,cuGetProcAddress_v2,0,2656,3203630,3203630,20,python
1703311507,251,cuGetProcAddress_v2,0,2657,3203630,3203630,20,python
1703311938,201,cuGetProcAddress_v2,0,2658,3203630,3203630,20,python
1703312309,210,cuGetProcAddress_v2,0,2659,3203630,3203630,20,python
1703312690,250,cuGetProcAddress_v2,0,2660,3203630,3203630,20,python
1703313121,150,cuGetProcAddress_v2,0,2661,3203630,3203630,20,python
1703313441,341,cuGetProcAddress_v2,0,2662,3203630,3203630,20,python
1703313952,471,cuGetProcAddress_v2,0,2663,3203630,3203630,20,python
1703314593,131,cuGetProcAddress_v2,0,2664,3203630,3203630,20,python
1703314894,140,cuGetProcAddress_v2,0,2665,3203630,3203630,20,python
1703315205,190,cuGetProcAddress_v2,0,2666,3203630,3203630,20,python
1703315565,130,cuGetProcAddress_v2,0,2667,3203630,3203630,20,python
1703315866,110,cuGetProcAddress_v2,0,2668,3203630,3203630,20,python
1703316277,130,cuGetProcAddress_v2,0,2669,3203630,3203630,20,python
1703316577,140,cuGetProcAddress_v2,0,2670,3203630,3203630,20,python
1703316888,180,cuGetProcAddress_v2,0,2671,3203630,3203630,20,python
1703317238,261,cuGetProcAddress_v2,0,2672,3203630,3203630,20,python
1703317679,191,cuGetProcAddress_v2,0,2673,3203630,3203630,20,python
1703318040,120,cuGetProcAddress_v2,0,2674,3203630,3203630,20,python
1703318330,121,cuGetProcAddress_v2,0,2675,3203630,3203630,20,python
1703318621,241,cuGetProcAddress_v2,0,2676,3203630,3203630,20,python
1703319032,340,cuGetProcAddress_v2,0,2677,3203630,3203630,20,python
1703319543,190,cuGetProcAddress_v2,0,2678,3203630,3203630,20,python
1703319893,241,cuGetProcAddress_v2,0,2679,3203630,3203630,20,python
1703320304,131,cuGetProcAddress_v2,0,2680,3203630,3203630,20,python
1703320605,341,cuGetProcAddress_v2,0,2681,3203630,3203630,20,python
1703321116,140,cuGetProcAddress_v2,0,2682,3203630,3203630,20,python
1703321426,161,cuGetProcAddress_v2,0,2683,3203630,3203630,20,python
1703321747,120,cuGetProcAddress_v2,0,2684,3203630,3203630,20,python
1703322228,230,cuGetProcAddress_v2,0,2685,3203630,3203630,20,python
1703322639,340,cuGetProcAddress_v2,0,2686,3203630,3203630,20,python
1703323140,170,cuGetProcAddress_v2,0,2687,3203630,3203630,20,python
1703323480,201,cuGetProcAddress_v2,0,2688,3203630,3203630,20,python
1703324061,191,cuGetProcAddress_v2,0,2689,3203630,3203630,20,python
1703324522,131,cuGetProcAddress_v2,0,2690,3203630,3203630,20,python
1703324843,180,cuGetProcAddress_v2,0,2691,3203630,3203630,20,python
1703325204,260,cuGetProcAddress_v2,0,2692,3203630,3203630,20,python
1703325745,240,cuGetProcAddress_v2,0,2693,3203630,3203630,20,python
1703326155,151,cuGetProcAddress_v2,0,2694,3203630,3203630,20,python
1703326586,201,cuGetProcAddress_v2,0,2695,3203630,3203630,20,python
1703326967,261,cuGetProcAddress_v2,0,2696,3203630,3203630,20,python
1703327398,180,cuGetProcAddress_v2,0,2697,3203630,3203630,20,python
1703327749,140,cuGetProcAddress_v2,0,2698,3203630,3203630,20,python
1703328069,110,cuGetProcAddress_v2,0,2699,3203630,3203630,20,python
1703328350,130,cuGetProcAddress_v2,0,2700,3203630,3203630,20,python
1703328660,120,cuGetProcAddress_v2,0,2701,3203630,3203630,20,python
1703328951,170,cuGetProcAddress_v2,0,2702,3203630,3203630,20,python
1703329402,120,cuGetProcAddress_v2,0,2703,3203630,3203630,20,python
1703329692,130,cuGetProcAddress_v2,0,2704,3203630,3203630,20,python
1703330043,180,cuGetProcAddress_v2,0,2705,3203630,3203630,20,python
1703330394,120,cuGetProcAddress_v2,0,2706,3203630,3203630,20,python
1703330684,120,cuGetProcAddress_v2,0,2707,3203630,3203630,20,python
1703330975,210,cuGetProcAddress_v2,0,2708,3203630,3203630,20,python
1703331476,120,cuGetProcAddress_v2,0,2709,3203630,3203630,20,python
1703331766,211,cuGetProcAddress_v2,0,2710,3203630,3203630,20,python
1703332147,100,cuGetProcAddress_v2,0,2711,3203630,3203630,20,python
1703332417,121,cuGetProcAddress_v2,0,2712,3203630,3203630,20,python
1703332708,180,cuGetProcAddress_v2,0,2713,3203630,3203630,20,python
1703333079,200,cuGetProcAddress_v2,0,2714,3203630,3203630,20,python
1703333459,101,cuGetProcAddress_v2,0,2715,3203630,3203630,20,python
1703333730,210,cuGetProcAddress_v2,0,2716,3203630,3203630,20,python
1703334111,120,cuGetProcAddress_v2,0,2717,3203630,3203630,20,python
1703334411,171,cuGetProcAddress_v2,0,2718,3203630,3203630,20,python
1703334772,110,cuGetProcAddress_v2,0,2719,3203630,3203630,20,python
1703335063,120,cuGetProcAddress_v2,0,2720,3203630,3203630,20,python
1703335353,431,cuGetProcAddress_v2,0,2721,3203630,3203630,20,python
1703335954,241,cuGetProcAddress_v2,0,2722,3203630,3203630,20,python
1703336365,130,cuGetProcAddress_v2,0,2723,3203630,3203630,20,python
1703336676,280,cuGetProcAddress_v2,0,2724,3203630,3203630,20,python
1703337237,150,cuGetProcAddress_v2,0,2725,3203630,3203630,20,python
1703337858,190,cuGetProcAddress_v2,0,2726,3203630,3203630,20,python
1703338219,130,cuGetProcAddress_v2,0,2727,3203630,3203630,20,python
1703338539,211,cuGetProcAddress_v2,0,2728,3203630,3203630,20,python
1703338920,190,cuGetProcAddress_v2,0,2729,3203630,3203630,20,python
1703339381,190,cuGetProcAddress_v2,0,2730,3203630,3203630,20,python
1703339741,141,cuGetProcAddress_v2,0,2731,3203630,3203630,20,python
1703340052,291,cuGetProcAddress_v2,0,2732,3203630,3203630,20,python
1703340513,170,cuGetProcAddress_v2,0,2733,3203630,3203630,20,python
1703340874,140,cuGetProcAddress_v2,0,2734,3203630,3203630,20,python
1703341284,131,cuGetProcAddress_v2,0,2735,3203630,3203630,20,python
1703341585,120,cuGetProcAddress_v2,0,2736,3203630,3203630,20,python
1703341876,180,cuGetProcAddress_v2,0,2737,3203630,3203630,20,python
1703342226,231,cuGetProcAddress_v2,0,2738,3203630,3203630,20,python
1703342637,170,cuGetProcAddress_v2,0,2739,3203630,3203630,20,python
1703342978,160,cuGetProcAddress_v2,0,2740,3203630,3203630,20,python
1703343308,181,cuGetProcAddress_v2,0,2741,3203630,3203630,20,python
1703343659,160,cuGetProcAddress_v2,0,2742,3203630,3203630,20,python
1703344100,210,cuGetProcAddress_v2,0,2743,3203630,3203630,20,python
1703344501,170,cuGetProcAddress_v2,0,2744,3203630,3203630,20,python
1703344841,181,cuGetProcAddress_v2,0,2745,3203630,3203630,20,python
1703345192,120,cuGetProcAddress_v2,0,2746,3203630,3203630,20,python
1703345492,131,cuGetProcAddress_v2,0,2747,3203630,3203630,20,python
1703345813,251,cuGetProcAddress_v2,0,2748,3203630,3203630,20,python
1703346264,130,cuGetProcAddress_v2,0,2749,3203630,3203630,20,python
1703346565,130,cuGetProcAddress_v2,0,2750,3203630,3203630,20,python
1703346865,140,cuGetProcAddress_v2,0,2751,3203630,3203630,20,python
1703347506,231,cuGetProcAddress_v2,0,2752,3203630,3203630,20,python
1703347907,231,cuGetProcAddress_v2,0,2753,3203630,3203630,20,python
1703348338,240,cuGetProcAddress_v2,0,2754,3203630,3203630,20,python
1703348759,411,cuGetProcAddress_v2,0,2755,3203630,3203630,20,python
1703349340,140,cuGetProcAddress_v2,0,2756,3203630,3203630,20,python
1703349650,361,cuGetProcAddress_v2,0,2757,3203630,3203630,20,python
1703350181,251,cuGetProcAddress_v2,0,2758,3203630,3203630,20,python
1703350722,111,cuGetProcAddress_v2,0,2759,3203630,3203630,20,python
1703351003,130,cuGetProcAddress_v2,0,2760,3203630,3203630,20,python
1703351304,160,cuGetProcAddress_v2,0,2761,3203630,3203630,20,python
1703351634,231,cuGetProcAddress_v2,0,2762,3203630,3203630,20,python
1703352035,230,cuGetProcAddress_v2,0,2763,3203630,3203630,20,python
1703352446,200,cuGetProcAddress_v2,0,2764,3203630,3203630,20,python
1703352927,441,cuGetProcAddress_v2,0,2765,3203630,3203630,20,python
1703353538,150,cuGetProcAddress_v2,0,2766,3203630,3203630,20,python
1703353989,220,cuGetProcAddress_v2,0,2767,3203630,3203630,20,python
1703354379,241,cuGetProcAddress_v2,0,2768,3203630,3203630,20,python
1703354790,551,cuGetProcAddress_v2,0,2769,3203630,3203630,20,python
1703355622,170,cuGetProcAddress_v2,0,2770,3203630,3203630,20,python
1703355962,231,cuGetProcAddress_v2,0,2771,3203630,3203630,20,python
1703356363,171,cuGetProcAddress_v2,0,2772,3203630,3203630,20,python
1703356704,160,cuGetProcAddress_v2,0,2773,3203630,3203630,20,python
1703357035,200,cuGetProcAddress_v2,0,2774,3203630,3203630,20,python
1703357515,141,cuGetProcAddress_v2,0,2775,3203630,3203630,20,python
1703357816,150,cuGetProcAddress_v2,0,2776,3203630,3203630,20,python
1703358147,260,cuGetProcAddress_v2,0,2777,3203630,3203630,20,python
1703358578,230,cuGetProcAddress_v2,0,2778,3203630,3203630,20,python
1703358988,121,cuGetProcAddress_v2,0,2779,3203630,3203630,20,python
1703359279,220,cuGetProcAddress_v2,0,2780,3203630,3203630,20,python
1703359670,140,cuGetProcAddress_v2,0,2781,3203630,3203630,20,python
1703359990,201,cuGetProcAddress_v2,0,2782,3203630,3203630,20,python
1703360361,120,cuGetProcAddress_v2,0,2783,3203630,3203630,20,python
1703360651,121,cuGetProcAddress_v2,0,2784,3203630,3203630,20,python
1703360942,120,cuGetProcAddress_v2,0,2785,3203630,3203630,20,python
1703361233,120,cuGetProcAddress_v2,0,2786,3203630,3203630,20,python
1703361533,130,cuGetProcAddress_v2,0,2787,3203630,3203630,20,python
1703361834,120,cuGetProcAddress_v2,0,2788,3203630,3203630,20,python
1703362224,121,cuGetProcAddress_v2,0,2789,3203630,3203630,20,python
1703362515,170,cuGetProcAddress_v2,0,2790,3203630,3203630,20,python
1703362856,130,cuGetProcAddress_v2,0,2791,3203630,3203630,20,python
1703363176,121,cuGetProcAddress_v2,0,2792,3203630,3203630,20,python
1703363467,130,cuGetProcAddress_v2,0,2793,3203630,3203630,20,python
1703363777,121,cuGetProcAddress_v2,0,2794,3203630,3203630,20,python
1703364068,160,cuGetProcAddress_v2,0,2795,3203630,3203630,20,python
1703364399,150,cuGetProcAddress_v2,0,2796,3203630,3203630,20,python
1703364719,201,cuGetProcAddress_v2,0,2797,3203630,3203630,20,python
1703365100,200,cuGetProcAddress_v2,0,2798,3203630,3203630,20,python
1703365471,160,cuGetProcAddress_v2,0,2799,3203630,3203630,20,python
1703365801,141,cuGetProcAddress_v2,0,2800,3203630,3203630,20,python
1703366102,180,cuGetProcAddress_v2,0,2801,3203630,3203630,20,python
1703366553,140,cuGetProcAddress_v2,0,2802,3203630,3203630,20,python
1703366863,161,cuGetProcAddress_v2,0,2803,3203630,3203630,20,python
1703367194,130,cuGetProcAddress_v2,0,2804,3203630,3203630,20,python
1703367605,150,cuGetProcAddress_v2,0,2805,3203630,3203630,20,python
1703367925,141,cuGetProcAddress_v2,0,2806,3203630,3203630,20,python
1703368346,150,cuGetProcAddress_v2,0,2807,3203630,3203630,20,python
1703368667,330,cuGetProcAddress_v2,0,2808,3203630,3203630,20,python
1703369168,140,cuGetProcAddress_v2,0,2809,3203630,3203630,20,python
1703369589,140,cuGetProcAddress_v2,0,2810,3203630,3203630,20,python
1703369909,181,cuGetProcAddress_v2,0,2811,3203630,3203630,20,python
1703370250,170,cuGetProcAddress_v2,0,2812,3203630,3203630,20,python
1703370590,141,cuGetProcAddress_v2,0,2813,3203630,3203630,20,python
1703370901,150,cuGetProcAddress_v2,0,2814,3203630,3203630,20,python
1703371322,180,cuGetProcAddress_v2,0,2815,3203630,3203630,20,python
1703371663,220,cuGetProcAddress_v2,0,2816,3203630,3203630,20,python
1703372063,121,cuGetProcAddress_v2,0,2817,3203630,3203630,20,python
1703372354,120,cuGetProcAddress_v2,0,2818,3203630,3203630,20,python
1703372654,141,cuGetProcAddress_v2,0,2819,3203630,3203630,20,python
1703372975,130,cuGetProcAddress_v2,0,2820,3203630,3203630,20,python
1703373276,120,cuGetProcAddress_v2,0,2821,3203630,3203630,20,python
1703373576,120,cuGetProcAddress_v2,0,2822,3203630,3203630,20,python
1703373867,130,cuGetProcAddress_v2,0,2823,3203630,3203630,20,python
1703374167,111,cuGetProcAddress_v2,0,2824,3203630,3203630,20,python
1703374448,401,cuGetProcAddress_v2,0,2825,3203630,3203630,20,python
1703375019,110,cuGetProcAddress_v2,0,2826,3203630,3203630,20,python
1703375310,210,cuGetProcAddress_v2,0,2827,3203630,3203630,20,python
1703375690,171,cuGetProcAddress_v2,0,2828,3203630,3203630,20,python
1703376141,160,cuGetProcAddress_v2,0,2829,3203630,3203630,20,python
1703376472,140,cuGetProcAddress_v2,0,2830,3203630,3203630,20,python
1703376923,160,cuGetProcAddress_v2,0,2831,3203630,3203630,20,python
1703377253,161,cuGetProcAddress_v2,0,2832,3203630,3203630,20,python
1703377584,240,cuGetProcAddress_v2,0,2833,3203630,3203630,20,python
1703378115,130,cuGetProcAddress_v2,0,2834,3203630,3203630,20,python
1703378766,201,cuGetProcAddress_v2,0,2835,3203630,3203630,20,python
1703379147,140,cuGetProcAddress_v2,0,2836,3203630,3203630,20,python
1703379457,131,cuGetProcAddress_v2,0,2837,3203630,3203630,20,python
1703379758,130,cuGetProcAddress_v2,0,2838,3203630,3203630,20,python
1703380069,210,cuGetProcAddress_v2,0,2839,3203630,3203630,20,python
1703380449,151,cuGetProcAddress_v2,0,2840,3203630,3203630,20,python
1703380780,190,cuGetProcAddress_v2,0,2841,3203630,3203630,20,python
1703381251,130,cuGetProcAddress_v2,0,2842,3203630,3203630,20,python
1703381561,131,cuGetProcAddress_v2,0,2843,3203630,3203630,20,python
1703381862,130,cuGetProcAddress_v2,0,2844,3203630,3203630,20,python
1703382273,110,cuGetProcAddress_v2,0,2845,3203630,3203630,20,python
1703382553,171,cuGetProcAddress_v2,0,2846,3203630,3203630,20,python
1703382894,120,cuGetProcAddress_v2,0,2847,3203630,3203630,20,python
1703383185,160,cuGetProcAddress_v2,0,2848,3203630,3203630,20,python
1703383515,171,cuGetProcAddress_v2,0,2849,3203630,3203630,20,python
1703383966,160,cuGetProcAddress_v2,0,2850,3203630,3203630,20,python
1703384617,161,cuGetProcAddress_v2,0,2851,3203630,3203630,20,python
1703384948,230,cuGetProcAddress_v2,0,2852,3203630,3203630,20,python
1703385359,140,cuGetProcAddress_v2,0,2853,3203630,3203630,20,python
1703385679,161,cuGetProcAddress_v2,0,2854,3203630,3203630,20,python
1703386110,181,cuGetProcAddress_v2,0,2855,3203630,3203630,20,python
1703386461,130,cuGetProcAddress_v2,0,2856,3203630,3203630,20,python
1703386771,191,cuGetProcAddress_v2,0,2857,3203630,3203630,20,python
1703387142,120,cuGetProcAddress_v2,0,2858,3203630,3203630,20,python
1703387433,160,cuGetProcAddress_v2,0,2859,3203630,3203630,20,python
1703387763,151,cuGetProcAddress_v2,0,2860,3203630,3203630,20,python
1703388084,150,cuGetProcAddress_v2,0,2861,3203630,3203630,20,python
1703388405,150,cuGetProcAddress_v2,0,2862,3203630,3203630,20,python
1703388725,140,cuGetProcAddress_v2,0,2863,3203630,3203630,20,python
1703389036,140,cuGetProcAddress_v2,0,2864,3203630,3203630,20,python
1703389346,271,cuGetProcAddress_v2,0,2865,3203630,3203630,20,python
1703389787,151,cuGetProcAddress_v2,0,2866,3203630,3203630,20,python
1703390118,160,cuGetProcAddress_v2,0,2867,3203630,3203630,20,python
1703390448,181,cuGetProcAddress_v2,0,2868,3203630,3203630,20,python
1703390799,140,cuGetProcAddress_v2,0,2869,3203630,3203630,20,python
1703391110,210,cuGetProcAddress_v2,0,2870,3203630,3203630,20,python
1703391490,191,cuGetProcAddress_v2,0,2871,3203630,3203630,20,python
1703391841,201,cuGetProcAddress_v2,0,2872,3203630,3203630,20,python
1703392553,170,cuGetProcAddress_v2,0,2873,3203630,3203630,20,python
1703392893,241,cuGetProcAddress_v2,0,2874,3203630,3203630,20,python
1703393314,160,cuGetProcAddress_v2,0,2875,3203630,3203630,20,python
1703393645,220,cuGetProcAddress_v2,0,2876,3203630,3203630,20,python
1703394035,301,cuGetProcAddress_v2,0,2877,3203630,3203630,20,python
1703394506,201,cuGetProcAddress_v2,0,2878,3203630,3203630,20,python
1703394987,130,cuGetProcAddress_v2,0,2879,3203630,3203630,20,python
1703395288,120,cuGetProcAddress_v2,0,2880,3203630,3203630,20,python
1703395578,241,cuGetProcAddress_v2,0,2881,3203630,3203630,20,python
1703395989,150,cuGetProcAddress_v2,0,2882,3203630,3203630,20,python
1703396310,170,cuGetProcAddress_v2,0,2883,3203630,3203630,20,python
1703396650,221,cuGetProcAddress_v2,0,2884,3203630,3203630,20,python
1703397141,131,cuGetProcAddress_v2,0,2885,3203630,3203630,20,python
1703397432,411,cuGetProcAddress_v2,0,2886,3203630,3203630,20,python
1703398113,271,cuGetProcAddress_v2,0,2887,3203630,3203630,20,python
1703398554,190,cuGetProcAddress_v2,0,2888,3203630,3203630,20,python
1703398915,200,cuGetProcAddress_v2,0,2889,3203630,3203630,20,python
1703399396,130,cuGetProcAddress_v2,0,2890,3203630,3203630,20,python
1703399696,171,cuGetProcAddress_v2,0,2891,3203630,3203630,20,python
1703400037,130,cuGetProcAddress_v2,0,2892,3203630,3203630,20,python
1703400367,121,cuGetProcAddress_v2,0,2893,3203630,3203630,20,python
1703400658,160,cuGetProcAddress_v2,0,2894,3203630,3203630,20,python
1703401089,150,cuGetProcAddress_v2,0,2895,3203630,3203630,20,python
1703401409,171,cuGetProcAddress_v2,0,2896,3203630,3203630,20,python
1703401750,160,cuGetProcAddress_v2,0,2897,3203630,3203630,20,python
1703402081,150,cuGetProcAddress_v2,0,2898,3203630,3203630,20,python
1703402401,201,cuGetProcAddress_v2,0,2899,3203630,3203630,20,python
1703402772,170,cuGetProcAddress_v2,0,2900,3203630,3203630,20,python
1703403113,160,cuGetProcAddress_v2,0,2901,3203630,3203630,20,python
1703403443,161,cuGetProcAddress_v2,0,2902,3203630,3203630,20,python
1703403774,130,cuGetProcAddress_v2,0,2903,3203630,3203630,20,python
1703404075,140,cuGetProcAddress_v2,0,2904,3203630,3203630,20,python
1703404385,160,cuGetProcAddress_v2,0,2905,3203630,3203630,20,python
1703404716,220,cuGetProcAddress_v2,0,2906,3203630,3203630,20,python
1703405107,140,cuGetProcAddress_v2,0,2907,3203630,3203630,20,python
1703405417,180,cuGetProcAddress_v2,0,2908,3203630,3203630,20,python
1703405768,150,cuGetProcAddress_v2,0,2909,3203630,3203630,20,python
1703406088,131,cuGetProcAddress_v2,0,2910,3203630,3203630,20,python
1703406389,150,cuGetProcAddress_v2,0,2911,3203630,3203630,20,python
1703406700,220,cuGetProcAddress_v2,0,2912,3203630,3203630,20,python
1703407090,151,cuGetProcAddress_v2,0,2913,3203630,3203630,20,python
1703407411,130,cuGetProcAddress_v2,0,2914,3203630,3203630,20,python
1703407712,110,cuGetProcAddress_v2,0,2915,3203630,3203630,20,python
1703408002,140,cuGetProcAddress_v2,0,2916,3203630,3203630,20,python
1703408313,150,cuGetProcAddress_v2,0,2917,3203630,3203630,20,python
1703408633,171,cuGetProcAddress_v2,0,2918,3203630,3203630,20,python
1703408974,160,cuGetProcAddress_v2,0,2919,3203630,3203630,20,python
1703409345,160,cuGetProcAddress_v2,0,2920,3203630,3203630,20,python
1703409675,141,cuGetProcAddress_v2,0,2921,3203630,3203630,20,python
1703410146,181,cuGetProcAddress_v2,0,2922,3203630,3203630,20,python
1703410497,230,cuGetProcAddress_v2,0,2923,3203630,3203630,20,python
1703410898,190,cuGetProcAddress_v2,0,2924,3203630,3203630,20,python
1703411358,161,cuGetProcAddress_v2,0,2925,3203630,3203630,20,python
1703411689,241,cuGetProcAddress_v2,0,2926,3203630,3203630,20,python
1703412200,281,cuGetProcAddress_v2,0,2927,3203630,3203630,20,python
1703412651,230,cuGetProcAddress_v2,0,2928,3203630,3203630,20,python
1703413062,280,cuGetProcAddress_v2,0,2929,3203630,3203630,20,python
1703413613,180,cuGetProcAddress_v2,0,2930,3203630,3203630,20,python
1703413963,161,cuGetProcAddress_v2,0,2931,3203630,3203630,20,python
1703414294,150,cuGetProcAddress_v2,0,2932,3203630,3203630,20,python
1703414615,220,cuGetProcAddress_v2,0,2933,3203630,3203630,20,python
1703415005,141,cuGetProcAddress_v2,0,2934,3203630,3203630,20,python
1703415426,181,cuGetProcAddress_v2,0,2935,3203630,3203630,20,python
1703415877,150,cuGetProcAddress_v2,0,2936,3203630,3203630,20,python
1703416198,110,cuGetProcAddress_v2,0,2937,3203630,3203630,20,python
1703416588,131,cuGetProcAddress_v2,0,2938,3203630,3203630,20,python
1703416889,150,cuGetProcAddress_v2,0,2939,3203630,3203630,20,python
1703417210,120,cuGetProcAddress_v2,0,2940,3203630,3203630,20,python
1703417500,110,cuGetProcAddress_v2,0,2941,3203630,3203630,20,python
1703417821,140,cuGetProcAddress_v2,0,2942,3203630,3203630,20,python
1703418131,131,cuGetProcAddress_v2,0,2943,3203630,3203630,20,python
1703418442,170,cuGetProcAddress_v2,0,2944,3203630,3203630,20,python
1703418773,150,cuGetProcAddress_v2,0,2945,3203630,3203630,20,python
1703419103,151,cuGetProcAddress_v2,0,2946,3203630,3203630,20,python
1703419424,130,cuGetProcAddress_v2,0,2947,3203630,3203630,20,python
1703419735,150,cuGetProcAddress_v2,0,2948,3203630,3203630,20,python
1703420055,130,cuGetProcAddress_v2,0,2949,3203630,3203630,20,python
1703420356,180,cuGetProcAddress_v2,0,2950,3203630,3203630,20,python
1703420706,131,cuGetProcAddress_v2,0,2951,3203630,3203630,20,python
1703421007,160,cuGetProcAddress_v2,0,2952,3203630,3203630,20,python
1703421328,150,cuGetProcAddress_v2,0,2953,3203630,3203630,20,python
1703421638,140,cuGetProcAddress_v2,0,2954,3203630,3203630,20,python
1703421949,170,cuGetProcAddress_v2,0,2955,3203630,3203630,20,python
1703422289,131,cuGetProcAddress_v2,0,2956,3203630,3203630,20,python
1703422580,120,cuGetProcAddress_v2,0,2957,3203630,3203630,20,python
1703422871,160,cuGetProcAddress_v2,0,2958,3203630,3203630,20,python
1703423191,150,cuGetProcAddress_v2,0,2959,3203630,3203630,20,python
1703423502,140,cuGetProcAddress_v2,0,2960,3203630,3203630,20,python
1703423802,111,cuGetProcAddress_v2,0,2961,3203630,3203630,20,python
1703424083,190,cuGetProcAddress_v2,0,2962,3203630,3203630,20,python
1703424444,170,cuGetProcAddress_v2,0,2963,3203630,3203630,20,python
1703424784,160,cuGetProcAddress_v2,0,2964,3203630,3203630,20,python
1703425215,140,cuGetProcAddress_v2,0,2965,3203630,3203630,20,python
1703425526,170,cuGetProcAddress_v2,0,2966,3203630,3203630,20,python
1703425966,151,cuGetProcAddress_v2,0,2967,3203630,3203630,20,python
1703426287,180,cuGetProcAddress_v2,0,2968,3203630,3203630,20,python
1703426638,130,cuGetProcAddress_v2,0,2969,3203630,3203630,20,python
1703427038,141,cuGetProcAddress_v2,0,2970,3203630,3203630,20,python
1703427349,130,cuGetProcAddress_v2,0,2971,3203630,3203630,20,python
1703427650,140,cuGetProcAddress_v2,0,2972,3203630,3203630,20,python
1703428060,131,cuGetProcAddress_v2,0,2973,3203630,3203630,20,python
1703428381,130,cuGetProcAddress_v2,0,2974,3203630,3203630,20,python
1703428782,130,cuGetProcAddress_v2,0,2975,3203630,3203630,20,python
1703429072,131,cuGetProcAddress_v2,0,2976,3203630,3203630,20,python
1703429373,130,cuGetProcAddress_v2,0,2977,3203630,3203630,20,python
1703429764,160,cuGetProcAddress_v2,0,2978,3203630,3203630,20,python
1703430094,131,cuGetProcAddress_v2,0,2979,3203630,3203630,20,python
1703430395,140,cuGetProcAddress_v2,0,2980,3203630,3203630,20,python
1703430806,140,cuGetProcAddress_v2,0,2981,3203630,3203630,20,python
1703431116,151,cuGetProcAddress_v2,0,2982,3203630,3203630,20,python
1703431527,170,cuGetProcAddress_v2,0,2983,3203630,3203630,20,python
1703431858,270,cuGetProcAddress_v2,0,2984,3203630,3203630,20,python
1703432299,190,cuGetProcAddress_v2,0,2985,3203630,3203630,20,python
1703432669,201,cuGetProcAddress_v2,0,2986,3203630,3203630,20,python
1703433040,210,cuGetProcAddress_v2,0,2987,3203630,3203630,20,python
1703433421,190,cuGetProcAddress_v2,0,2988,3203630,3203630,20,python
1703433882,240,cuGetProcAddress_v2,0,2989,3203630,3203630,20,python
1703434292,181,cuGetProcAddress_v2,0,2990,3203630,3203630,20,python
1703434743,241,cuGetProcAddress_v2,0,2991,3203630,3203630,20,python
1703435154,160,cuGetProcAddress_v2,0,2992,3203630,3203630,20,python
1703435485,190,cuGetProcAddress_v2,0,2993,3203630,3203630,20,python
1703435845,151,cuGetProcAddress_v2,0,2994,3203630,3203630,20,python
1703436166,120,cuGetProcAddress_v2,0,2995,3203630,3203630,20,python
1703436446,141,cuGetProcAddress_v2,0,2996,3203630,3203630,20,python
1703436757,130,cuGetProcAddress_v2,0,2997,3203630,3203630,20,python
1703437058,180,cuGetProcAddress_v2,0,2998,3203630,3203630,20,python
1703437408,161,cuGetProcAddress_v2,0,2999,3203630,3203630,20,python
1703437729,140,cuGetProcAddress_v2,0,3000,3203630,3203630,20,python
1703438040,160,cuGetProcAddress_v2,0,3001,3203630,3203630,20,python
1703438360,241,cuGetProcAddress_v2,0,3002,3203630,3203630,20,python
1703438761,180,cuGetProcAddress_v2,0,3003,3203630,3203630,20,python
1703439112,170,cuGetProcAddress_v2,0,3004,3203630,3203630,20,python
1703439442,181,cuGetProcAddress_v2,0,3005,3203630,3203630,20,python
1703439793,150,cuGetProcAddress_v2,0,3006,3203630,3203630,20,python
1703440114,190,cuGetProcAddress_v2,0,3007,3203630,3203630,20,python
1703440464,181,cuGetProcAddress_v2,0,3008,3203630,3203630,20,python
1703440815,180,cuGetProcAddress_v2,0,3009,3203630,3203630,20,python
1703441156,150,cuGetProcAddress_v2,0,3010,3203630,3203630,20,python
1703441476,200,cuGetProcAddress_v2,0,3011,3203630,3203630,20,python
1703442438,912,cuInit,0,3013,3203630,3203630,20,python
1703445263,151,cuModuleGetLoadingMode,0,3014,3203630,3203630,20,python
1704902221,1698770,cudaFree,0,3131,3203630,3203630,20,python
1706621130,10991,cudaMalloc,0,3134,3203630,3203630,20,python
1706632692,1312,cudaEventCreateWithFlags,0,3135,3203630,3203630,20,python
1706634245,491,cudaEventCreateWithFlags,0,3136,3203630,3203630,20,python
1706634906,471,cudaEventCreateWithFlags,0,3137,3203630,3203630,20,python
1706635547,431,cudaEventCreateWithFlags,0,3138,3203630,3203630,20,python
1706636149,430,cudaEventCreateWithFlags,0,3139,3203630,3203630,20,python
1706636750,1923,cudaEventCreateWithFlags,0,3140,3203630,3203630,20,python
1706638874,441,cudaEventCreateWithFlags,0,3141,3203630,3203630,20,python
1706639485,401,cudaEventCreateWithFlags,0,3142,3203630,3203630,20,python
1706640136,3317,cudaMalloc,0,3143,3203630,3203630,20,python
1706643773,501,cudaEventCreateWithFlags,0,3144,3203630,3203630,20,python
1706644454,411,cudaEventCreateWithFlags,0,3145,3203630,3203630,20,python
1706645046,1843,cudaEventCreateWithFlags,0,3146,3203630,3203630,20,python
1706647079,451,cudaEventCreateWithFlags,0,3147,3203630,3203630,20,python
1706647711,410,cudaEventCreateWithFlags,0,3148,3203630,3203630,20,python
1706648302,401,cudaEventCreateWithFlags,0,3149,3203630,3203630,20,python
1706648873,401,cudaEventCreateWithFlags,0,3150,3203630,3203630,20,python
1706649504,401,cudaEventCreateWithFlags,0,3151,3203630,3203630,20,python
1706650125,78150,cudaMalloc,0,3152,3203630,3203630,20,python
1706728856,832,cudaEventCreateWithFlags,0,3153,3203630,3203630,20,python
1706729888,421,cudaEventCreateWithFlags,0,3154,3203630,3203630,20,python
1706812686,902,cuInit,0,3155,3203630,3203630,20,python
1706823397,3456,cudaStreamIsCapturing_v10000,0,3158,3203630,3203630,20,python
1706827445,1332,cudaStreamGetDevice_v12080,0,3159,3203630,3203630,20,python
1706841431,5821,cudaMalloc,0,3170,3203630,3203630,20,python
1706847543,6072,cudaMalloc,0,3171,3203630,3203630,20,python
1706853935,8677,cudaMallocHost,0,3172,3203630,3203630,20,python
1706863173,13846,cudaMemsetAsync,0,3173,3203630,3203630,20,python
1706877871,13486,cudaMemcpyAsync,0,3174,3203630,3203630,20,python
1706892008,4178,cudaMemcpyAsync,0,3175,3203630,3203630,20,python
1706896667,6382,cudaMemcpyAsync,0,3176,3203630,3203630,20,python
1706903520,4218,cudaMemcpyAsync,0,3177,3203630,3203630,20,python
1706908229,3978,cudaMemcpyAsync,0,3178,3203630,3203630,20,python
1706914461,128806,cudaLaunchKernel,0,3179,3203630,3203630,20,python
1707044700,7384,cudaMemcpyAsync,0,3181,3203630,3203630,20,python
1707052595,8376,cudaEventRecord,0,3182,3203630,3203630,20,python
1707061442,4489,cudaEventSynchronize,0,3183,3203630,3203630,20,python
1707066342,3907,cudaMemcpyAsync,0,3184,3203630,3203630,20,python
1707070700,2865,cudaEventRecord,0,3185,3203630,3203630,20,python
1707073816,1022,cudaEventSynchronize,0,3186,3203630,3203630,20,python
1707214886,9428,cudaMallocHost,0,3187,3203630,3203630,20,python
1707233702,5290,cudaMallocHost,0,3188,3203630,3203630,20,python
1707249612,6352,cudaMallocHost,0,3189,3203630,3203630,20,python
1707256776,4799,cudaMalloc,0,3190,3203630,3203630,20,python
1707264962,6432,cudaMemcpyAsync,0,3192,3203630,3203630,20,python
1707277756,6973,cudaMallocHost,0,3193,3203630,3203630,20,python
1707372177,5300,cudaMalloc,0,3194,3203630,3203630,20,python
1707380934,5801,cudaMemcpyAsync,0,3196,3203630,3203630,20,python
1707398337,4609,cudaMalloc,0,3198,3203630,3203630,20,python
1707447150,9278,cudaFree,0,3199,3203630,3203630,20,python
1707457891,7043,cudaMallocHost,0,3200,3203630,3203630,20,python
1707476897,4038,cudaMalloc,0,3201,3203630,3203630,20,python
1707487377,2956,cudaMalloc,0,3202,3203630,3203630,20,python
1707490684,6913,cudaMallocHost,0,3203,3203630,3203630,20,python
1707498148,7534,cudaStreamCreateWithFlags,0,3204,3203630,3203630,20,python
1707506133,1393,cudaEventCreateWithFlags,0,3205,3203630,3203630,20,python
1707507876,12585,cudaMemsetAsync,0,3206,3203630,3203630,20,python
1707520791,5831,cudaMemcpyAsync,0,3207,3203630,3203630,20,python
1707526923,4318,cudaMemcpyAsync,0,3208,3203630,3203630,20,python
1707531552,3787,cudaMemcpyAsync,0,3209,3203630,3203630,20,python
1707535640,3847,cudaMemcpyAsync,0,3210,3203630,3203630,20,python
1707539777,3577,cudaMemcpyAsync,0,3211,3203630,3203630,20,python
1707543635,3587,cudaMemcpyAsync,0,3212,3203630,3203630,20,python
1707547512,3677,cudaMemcpyAsync,0,3213,3203630,3203630,20,python
1707551470,3647,cudaMemcpyAsync,0,3214,3203630,3203630,20,python
1707555407,3627,cudaMemcpyAsync,0,3215,3203630,3203630,20,python
1707559315,3617,cudaMemcpyAsync,0,3216,3203630,3203630,20,python
1707563212,3707,cudaMemcpyAsync,0,3217,3203630,3203630,20,python
1707567200,3607,cudaMemcpyAsync,0,3218,3203630,3203630,20,python
1707571127,3427,cudaMemcpyAsync,0,3219,3203630,3203630,20,python
1707574845,3887,cudaMemcpyAsync,0,3220,3203630,3203630,20,python
1707579423,3457,cudaMemcpyAsync,0,3221,3203630,3203630,20,python
1707583170,3577,cudaMemcpyAsync,0,3222,3203630,3203630,20,python
1707587058,3306,cudaMemsetAsync,0,3223,3203630,3203630,20,python
1707590625,2855,cudaMemsetAsync,0,3224,3203630,3203630,20,python
1707593741,2855,cudaMemsetAsync,0,3225,3203630,3203630,20,python
1707606886,3887,cudaMemcpyAsync,0,3226,3203630,3203630,20,python
1707611405,4488,cudaMalloc,0,3227,3203630,3203630,20,python
1707622546,3957,cudaMemcpyAsync,0,3230,3203630,3203630,20,python
1707626784,2865,cudaMemsetAsync,0,3231,3203630,3203630,20,python
1707629950,2916,cudaMemsetAsync,0,3232,3203630,3203630,20,python
1707633116,2825,cudaMemsetAsync,0,3233,3203630,3203630,20,python
1707640650,32984,cudaLaunchKernel,0,3234,3203630,3203630,20,python
1707674425,3797,cudaMemsetAsync,0,3236,3203630,3203630,20,python
1707678884,26150,cudaLaunchKernel,0,3237,3203630,3203630,20,python
1707706336,64704,cudaLaunchKernel,0,3239,3203630,3203630,20,python
1707778354,113176,cudaLaunchKernel,0,3241,3203630,3203630,20,python
1707893424,4679,cudaMemsetAsync,0,3243,3203630,3203630,20,python
1707899676,537338,cudaLaunchKernel,0,3244,3203630,3203630,20,python
1708438397,20229,cudaLaunchKernel,0,3246,3203630,3203630,20,python
1708459457,17373,cudaLaunchKernel,0,3248,3203630,3203630,20,python
1708478213,5260,cudaLaunchKernel,0,3250,3203630,3203630,20,python
1708489194,12599597,cudaLaunchKernel,0,3252,3203630,3203630,20,python
1721094843,30077,cudaLaunchKernel,0,3254,3203630,3203630,20,python
1721126914,22884,cudaLaunchKernel,0,3256,3203630,3203630,20,python
1721152162,9819,cudaMemsetAsync,0,3258,3203630,3203630,20,python
1721170367,11738750,cudaLaunchKernel,0,3259,3203630,3203630,20,python
1732915259,39766,cudaLaunchKernel,0,3261,3203630,3203630,20,python
1732956518,17173,cudaLaunchKernel,0,3263,3203630,3203630,20,python
1732983560,144576,cudaLaunchKernel,0,3265,3203630,3203630,20,python
1733136192,958664,cudaLaunchKernel,0,3267,3203630,3203630,20,python
1734096870,23745,cudaLaunchKernel,0,3269,3203630,3203630,20,python
1734121677,14889,cudaLaunchKernel,0,3271,3203630,3203630,20,python
1734143669,101464,cudaLaunchKernel,0,3273,3203630,3203630,20,python
1734266895,18505,cudaMallocHost,0,3276,3203630,3203630,20,python
1734323824,201024,cudaMalloc,0,3277,3203630,3203630,20,python
1734525740,51849,cudaMemcpy,0,3278,3203630,3203630,20,python
1734578421,2485,cudaEventCreateWithFlags,0,3279,3203630,3203630,20,python
1734581587,9638,cudaFreeHost,0,3280,3203630,3203630,20,python
1734595363,1493,cudaStreamIsCapturing_v10000,0,3282,3203630,3203630,20,python
1734597297,15199,cudaMemcpyAsync,0,3283,3203630,3203630,20,python
1734613037,8006,cudaEventRecord,0,3284,3203630,3203630,20,python
1734676689,7334,cudaMalloc,0,3285,3203630,3203630,20,python
1734684304,6592,cudaMemcpyAsync,0,3286,3203630,3203630,20,python
1734691347,4068,cudaMemcpyAsync,0,3287,3203630,3203630,20,python
1734695705,3948,cudaMemcpyAsync,0,3288,3203630,3203630,20,python
1734699964,3526,cudaMemcpyAsync,0,3289,3203630,3203630,20,python
1734703791,3577,cudaMemcpyAsync,0,3290,3203630,3203630,20,python
1734707668,3597,cudaMemcpyAsync,0,3291,3203630,3203630,20,python
1734711556,3516,cudaMemcpyAsync,0,3292,3203630,3203630,20,python
1734715363,3537,cudaMemcpyAsync,0,3293,3203630,3203630,20,python
1734719210,3587,cudaMemcpyAsync,0,3294,3203630,3203630,20,python
1734723088,3486,cudaMemcpyAsync,0,3295,3203630,3203630,20,python
1734726865,3577,cudaMemcpyAsync,0,3296,3203630,3203630,20,python
1734730722,3437,cudaMemcpyAsync,0,3297,3203630,3203630,20,python
1734734440,3747,cudaMemcpyAsync,0,3298,3203630,3203630,20,python
1734739549,4539,cudaMalloc,0,3299,3203630,3203630,20,python
1734744599,12173,cudaMemsetAsync,0,3300,3203630,3203630,20,python
1734757484,3927,cudaMemsetAsync,0,3301,3203630,3203630,20,python
1734763605,2986,cudaMemsetAsync,0,3302,3203630,3203630,20,python
1734766852,2695,cudaMemsetAsync,0,3303,3203630,3203630,20,python
1734771881,50948,cudaLaunchKernel,0,3304,3203630,3203630,20,python
1734824151,21922,cudaLaunchKernel,0,3306,3203630,3203630,20,python
1734847205,68020,cudaLaunchKernel,0,3308,3203630,3203630,20,python
1734916608,23245,cudaLaunchKernel,0,3310,3203630,3203630,20,python
1734940854,21341,cudaLaunchKernel,0,3312,3203630,3203630,20,python
1734963077,4328,cudaMemsetAsync,0,3314,3203630,3203630,20,python
1734967666,2995,cudaMemsetAsync,0,3315,3203630,3203630,20,python
1734972004,85123,cudaLaunchKernel,0,3316,3203630,3203630,20,python
1735058550,23845,cudaLaunchKernel,0,3318,3203630,3203630,20,python
1735083026,3978,cudaMemsetAsync,0,3320,3203630,3203630,20,python
1735087295,2765,cudaMemsetAsync,0,3321,3203630,3203630,20,python
1735090350,2776,cudaMemsetAsync,0,3322,3203630,3203630,20,python
1735093376,2796,cudaMemsetAsync,0,3323,3203630,3203630,20,python
1735096432,2775,cudaMemsetAsync,0,3324,3203630,3203630,20,python
1735100109,33454,cudaLaunchKernel,0,3325,3203630,3203630,20,python
1735135317,3526,cudaMemsetAsync,0,3327,3203630,3203630,20,python
1735139194,3016,cudaMemsetAsync,0,3328,3203630,3203630,20,python
1735142470,2876,cudaMemsetAsync,0,3329,3203630,3203630,20,python
1735145977,2795,cudaMemsetAsync,0,3330,3203630,3203630,20,python
1735149033,2645,cudaMemsetAsync,0,3331,3203630,3203630,20,python
1735152730,21441,cudaLaunchKernel,0,3332,3203630,3203630,20,python
1735175123,20820,cudaLaunchKernel,0,3334,3203630,3203630,20,python
1735197355,28324,cudaLaunchKernel,0,3336,3203630,3203630,20,python
1735227904,22272,cudaLaunchKernel,0,3338,3203630,3203630,20,python
1735251519,39806,cudaLaunchKernel,0,3340,3203630,3203630,20,python
1735296836,3847,cudaMemsetAsync,0,3342,3203630,3203630,20,python
1735301164,3296,cudaMemsetAsync,0,3343,3203630,3203630,20,python
1735305492,36801,cudaLaunchKernel,0,3344,3203630,3203630,20,python
1735343094,3577,cudaMemsetAsync,0,3346,3203630,3203630,20,python
1735346941,2746,cudaMemsetAsync,0,3347,3203630,3203630,20,python
1735351831,40237,cudaLaunchKernel,0,3348,3203630,3203630,20,python
1735393320,20850,cudaLaunchKernel,0,3350,3203630,3203630,20,python
1735415212,22844,cudaLaunchKernel,0,3352,3203630,3203630,20,python
1735439098,21140,cudaLaunchKernel,0,3354,3203630,3203630,20,python
1735460950,3907,cudaMemsetAsync,0,3356,3203630,3203630,20,python
1735465148,2845,cudaMemsetAsync,0,3357,3203630,3203630,20,python
1735469366,35347,cudaLaunchKernel,0,3358,3203630,3203630,20,python
1735505675,24537,cudaLaunchKernel,0,3360,3203630,3203630,20,python
1735531124,5240,cudaLaunchKernel,0,3362,3203630,3203630,20,python
1735537005,3707,cudaMemsetAsync,0,3364,3203630,3203630,20,python
1735540993,2745,cudaMemsetAsync,0,3365,3203630,3203630,20,python
1735544910,2976,cudaMemsetAsync,0,3366,3203630,3203630,20,python
1735548948,32232,cudaLaunchKernel,0,3367,3203630,3203630,20,python
1735582642,19828,cudaLaunchKernel,0,3369,3203630,3203630,20,python
1735603613,44785,cudaLaunchKernel,0,3371,3203630,3203630,20,python
1735649510,22173,cudaLaunchKernel,0,3373,3203630,3203630,20,python
1735672504,19117,cudaLaunchKernel,0,3375,3203630,3203630,20,python
1735692503,6632,cudaLaunchKernel,0,3377,3203630,3203630,20,python
1735700207,6553,cudaMemsetAsync,0,3379,3203630,3203630,20,python
1735707040,3537,cudaMemsetAsync,0,3380,3203630,3203630,20,python
1735713272,29807,cudaLaunchKernel,0,3381,3203630,3203630,20,python
1735744181,29868,cudaLaunchKernel,0,3383,3203630,3203630,20,python
1735775662,23394,cudaLaunchKernel,0,3385,3203630,3203630,20,python
1735800489,163273,cudaLaunchKernel,0,3387,3203630,3203630,20,python
1735965545,40908,cudaLaunchKernel,0,3389,3203630,3203630,20,python
1736007616,22312,cudaLaunchKernel,0,3391,3203630,3203630,20,python
1736030880,5180,cudaLaunchKernel,0,3393,3203630,3203630,20,python
1736036972,4719,cudaMemsetAsync,0,3395,3203630,3203630,20,python
1736041951,2906,cudaMemsetAsync,0,3396,3203630,3203630,20,python
1736048424,32041,cudaLaunchKernel,0,3397,3203630,3203630,20,python
1736081577,65676,cudaLaunchKernel,0,3399,3203630,3203630,20,python
1736148305,24256,cudaLaunchKernel,0,3401,3203630,3203630,20,python
1736173473,4909,cudaLaunchKernel,0,3403,3203630,3203630,20,python
1736179084,4067,cudaMemsetAsync,0,3405,3203630,3203630,20,python
1736183422,2795,cudaMemsetAsync,0,3406,3203630,3203630,20,python
1736186478,2765,cudaMemsetAsync,0,3407,3203630,3203630,20,python
1736191598,38193,cudaLaunchKernel,0,3408,3203630,3203630,20,python
1736230823,23785,cudaLaunchKernel,0,3410,3203630,3203630,20,python
1736255450,21270,cudaLaunchKernel,0,3412,3203630,3203630,20,python
1736277582,4960,cudaLaunchKernel,0,3414,3203630,3203630,20,python
1736283624,23364,cudaLaunchKernel,0,3416,3203630,3203630,20,python
1736308120,4780,cudaLaunchKernel,0,3418,3203630,3203630,20,python
1736313731,19668,cudaLaunchKernel,0,3419,3203630,3203630,20,python
1736334471,3998,cudaMemsetAsync,0,3421,3203630,3203630,20,python
1736338759,2866,cudaMemsetAsync,0,3422,3203630,3203630,20,python
1736342025,2716,cudaMemsetAsync,0,3423,3203630,3203630,20,python
1736345001,2715,cudaMemsetAsync,0,3424,3203630,3203630,20,python
1736348418,2695,cudaMemsetAsync,0,3425,3203630,3203630,20,python
1736351363,2645,cudaMemsetAsync,0,3426,3203630,3203630,20,python
1736356894,21902,cudaLaunchKernel,0,3427,3203630,3203630,20,python
1736379908,53913,cudaLaunchKernel,0,3429,3203630,3203630,20,python
1736435123,52962,cudaLaunchKernel,0,3431,3203630,3203630,20,python
1736489247,23435,cudaLaunchKernel,0,3433,3203630,3203630,20,python
1736513654,19637,cudaLaunchKernel,0,3435,3203630,3203630,20,python
1736536417,19818,cudaLaunchKernel,0,3437,3203630,3203630,20,python
1736557287,62810,cudaLaunchKernel,0,3439,3203630,3203630,20,python
1736622692,30278,cudaLaunchKernel,0,3441,3203630,3203630,20,python
1736653932,21631,cudaLaunchKernel,0,3443,3203630,3203630,20,python
1736676545,5120,cudaLaunchKernel,0,3445,3203630,3203630,20,python
1736684861,19778,cudaLaunchKernel,0,3447,3203630,3203630,20,python
1736705651,40017,cudaLaunchKernel,0,3449,3203630,3203630,20,python
1736746720,121913,cudaLaunchKernel,0,3451,3203630,3203630,20,python
1736869965,24016,cudaLaunchKernel,0,3453,3203630,3203630,20,python
1736894993,4790,cudaLaunchKernel,0,3455,3203630,3203630,20,python
1736900263,4629,cudaLaunchKernel,0,3456,3203630,3203630,20,python
1736905383,4409,cudaLaunchKernel,0,3457,3203630,3203630,20,python
1736910333,21381,cudaLaunchKernel,0,3458,3203630,3203630,20,python
1736932525,4659,cudaMemsetAsync,0,3460,3203630,3203630,20,python
1736937455,2825,cudaMemsetAsync,0,3461,3203630,3203630,20,python
1736941021,20149,cudaLaunchKernel,0,3462,3203630,3203630,20,python
1736962903,4900,cudaLaunchKernel,0,3464,3203630,3203630,20,python
1736968554,4909,cudaLaunchKernel,0,3466,3203630,3203630,20,python
1736974305,28855,cudaLaunchKernel,0,3468,3203630,3203630,20,python
1737004192,22093,cudaLaunchKernel,0,3470,3203630,3203630,20,python
1737027226,4950,cudaLaunchKernel,0,3472,3203630,3203630,20,python
1737032827,4919,cudaLaunchKernel,0,3473,3203630,3203630,20,python
1737038468,3877,cudaMemsetAsync,0,3475,3203630,3203630,20,python
1737042656,2885,cudaMemsetAsync,0,3476,3203630,3203630,20,python
1737051663,21712,cudaLaunchKernel,0,3477,3203630,3203630,20,python
1737074306,31090,cudaLaunchKernel,0,3479,3203630,3203630,20,python
1737106468,24196,cudaLaunchKernel,0,3481,3203630,3203630,20,python
1737131897,38914,cudaLaunchKernel,0,3483,3203630,3203630,20,python
1737171743,29005,cudaLaunchKernel,0,3485,3203630,3203630,20,python
1737201750,36460,cudaLaunchKernel,0,3487,3203630,3203630,20,python
1737238992,4618,cudaMemsetAsync,0,3489,3203630,3203630,20,python
1737244282,21922,cudaLaunchKernel,0,3490,3203630,3203630,20,python
1737268358,89010,cudaLaunchKernel,0,3492,3203630,3203630,20,python
1737358630,24117,cudaLaunchKernel,0,3494,3203630,3203630,20,python
1737383799,24056,cudaLaunchKernel,0,3496,3203630,3203630,20,python
1737408496,3857,cudaMemsetAsync,0,3498,3203630,3203630,20,python
1737412914,5010,cudaLaunchKernel,0,3499,3203630,3203630,20,python
1737419076,4829,cudaLaunchKernel,0,3501,3203630,3203630,20,python
1737424647,4959,cudaLaunchKernel,0,3503,3203630,3203630,20,python
1737430358,4949,cudaLaunchKernel,0,3505,3203630,3203630,20,python
1737436069,4669,cudaLaunchKernel,0,3507,3203630,3203630,20,python
1737441539,4719,cudaLaunchKernel,0,3509,3203630,3203630,20,python
1737446809,3477,cudaMemsetAsync,0,3511,3203630,3203630,20,python
1737450767,4649,cudaLaunchKernel,0,3512,3203630,3203630,20,python
1737457550,27492,cudaLaunchKernel,0,3514,3203630,3203630,20,python
1737486194,23796,cudaLaunchKernel,0,3516,3203630,3203630,20,python
1737511112,20539,cudaLaunchKernel,0,3518,3203630,3203630,20,python
1737532633,44215,cudaLaunchKernel,0,3520,3203630,3203630,20,python
1737578221,23454,cudaLaunchKernel,0,3522,3203630,3203630,20,python
1737602567,33344,cudaLaunchKernel,0,3524,3203630,3203630,20,python
1737637203,29146,cudaLaunchKernel,0,3526,3203630,3203630,20,python
1737667321,20389,cudaLaunchKernel,0,3528,3203630,3203630,20,python
1737688652,5110,cudaLaunchKernel,0,3530,3203630,3203630,20,python
1737694633,4068,cudaMemsetAsync,0,3532,3203630,3203630,20,python
1737699252,4930,cudaLaunchKernel,0,3533,3203630,3203630,20,python
1737705835,4929,cudaLaunchKernel,0,3535,3203630,3203630,20,python
1737711606,4749,cudaLaunchKernel,0,3537,3203630,3203630,20,python
1737717146,4770,cudaLaunchKernel,0,3539,3203630,3203630,20,python
1737722727,4729,cudaLaunchKernel,0,3541,3203630,3203630,20,python
1737728498,23144,cudaLaunchKernel,0,3543,3203630,3203630,20,python
1737752574,4629,cudaLaunchKernel,0,3545,3203630,3203630,20,python
1737758075,81526,cudaLaunchKernel,0,3547,3203630,3203630,20,python
1737840863,25940,cudaLaunchKernel,0,3549,3203630,3203630,20,python
1737867825,4959,cudaLaunchKernel,0,3551,3203630,3203630,20,python
1737873606,4789,cudaLaunchKernel,0,3553,3203630,3203630,20,python
1737879277,4829,cudaLaunchKernel,0,3555,3203630,3203630,20,python
1737884937,55026,cudaLaunchKernel,0,3557,3203630,3203630,20,python
1737941075,23495,cudaLaunchKernel,0,3559,3203630,3203630,20,python
1737965602,5220,cudaLaunchKernel,0,3561,3203630,3203630,20,python
1737971383,5080,cudaLaunchKernel,0,3562,3203630,3203630,20,python
1737977234,20489,cudaLaunchKernel,0,3564,3203630,3203630,20,python
1737998485,4098,cudaMemsetAsync,0,3566,3203630,3203630,20,python
1738002853,2775,cudaMemsetAsync,0,3567,3203630,3203630,20,python
1738007221,29557,cudaLaunchKernel,0,3568,3203630,3203630,20,python
1738037690,19417,cudaLaunchKernel,0,3570,3203630,3203630,20,python
1738058039,56668,cudaLaunchKernel,0,3572,3203630,3203630,20,python
1738116190,20479,cudaLaunchKernel,0,3574,3203630,3203630,20,python
1738137260,18486,cudaLaunchKernel,0,3575,3203630,3203630,20,python
1738156908,23204,cudaLaunchKernel,0,3577,3203630,3203630,20,python
1738182356,822,cudaStreamIsCapturing_v10000,0,3580,3203630,3203630,20,python
1738183499,3887,cudaStreamWaitEvent,0,3581,3203630,3203630,20,python
1738187757,9117,cudaMemcpyAsync,0,3582,3203630,3203630,20,python
1738197225,4649,cudaEventRecord,0,3583,3203630,3203630,20,python
1738203277,11491,cudaMalloc,0,3584,3203630,3203630,20,python
1738215089,4308,cudaMemsetAsync,0,3585,3203630,3203630,20,python
1738220690,7013,cudaMallocHost,0,3586,3203630,3203630,20,python
1738227974,3607,cudaMalloc,0,3587,3203630,3203630,20,python
1738231921,1243,cudaEventCreateWithFlags,0,3588,3203630,3203630,20,python
1738233414,2956,cudaMemsetAsync,0,3589,3203630,3203630,20,python
1738237572,5070,cudaMallocHost,0,3590,3203630,3203630,20,python
1738242952,6182,cudaMemcpyAsync,0,3591,3203630,3203630,20,python
1738249405,4088,cudaMemcpyAsync,0,3592,3203630,3203630,20,python
1738253883,3998,cudaMemcpyAsync,0,3593,3203630,3203630,20,python
1738258162,4027,cudaMemcpyAsync,0,3594,3203630,3203630,20,python
1738262460,3747,cudaMemcpyAsync,0,3595,3203630,3203630,20,python
1738266477,3687,cudaMemcpyAsync,0,3596,3203630,3203630,20,python
1738270515,3717,cudaMemcpyAsync,0,3597,3203630,3203630,20,python
1738274513,3787,cudaMemcpyAsync,0,3598,3203630,3203630,20,python
1738278581,3737,cudaMemcpyAsync,0,3599,3203630,3203630,20,python
1738282598,3517,cudaEventRecord,0,3600,3203630,3203630,20,python
1738286546,2374,cudaEventSynchronize,0,3601,3203630,3203630,20,python
1738333446,5751,cudaMalloc,0,3602,3203630,3203630,20,python
1738339818,91785,cudaStreamCreateWithFlags,0,3603,3203630,3203630,20,python
1738432625,6583,cudaStreamBeginCapture_v10000,0,3604,3203630,3203630,20,python
1738440470,50467,cudaLaunchKernel,0,3605,3203630,3203630,20,python
1738492450,19026,cudaLaunchKernel,0,3607,3203630,3203630,20,python
1738512178,1402,cudaMemsetAsync,0,3609,3203630,3203630,20,python
1738513821,681,cudaMemsetAsync,0,3610,3203630,3203630,20,python
1738516826,14448,cudaLaunchKernel,0,3611,3203630,3203630,20,python
1738532276,15820,cudaLaunchKernel,0,3613,3203630,3203630,20,python
1738549098,36610,cudaLaunchKernel,0,3615,3203630,3203630,20,python
1738586800,23485,cudaLaunchKernel,0,3617,3203630,3203630,20,python
1738611868,42321,cudaLaunchKernel,0,3619,3203630,3203630,20,python
1738655261,1102,cudaLaunchKernel,0,3621,3203630,3203630,20,python
1738657045,821,cudaMemsetAsync,0,3623,3203630,3203630,20,python
1738658107,621,cudaMemsetAsync,0,3624,3203630,3203630,20,python
1738660171,15339,cudaLaunchKernel,0,3625,3203630,3203630,20,python
1738676412,23675,cudaLaunchKernel,0,3627,3203630,3203630,20,python
1738701039,28154,cudaLaunchKernel,0,3629,3203630,3203630,20,python
1738730355,16051,cudaLaunchKernel,0,3631,3203630,3203630,20,python
1738747438,1092,cudaLaunchKernel,0,3633,3203630,3203630,20,python
1738749291,1032,cudaLaunchKernel,0,3635,3203630,3203630,20,python
1738750924,802,cudaMemsetAsync,0,3637,3203630,3203630,20,python
1738751966,622,cudaMemsetAsync,0,3638,3203630,3203630,20,python
1738753760,1242,cudaLaunchKernel,0,3639,3203630,3203630,20,python
1738755794,1492,cudaLaunchKernel,0,3641,3203630,3203630,20,python
1738758028,1032,cudaLaunchKernel,0,3643,3203630,3203630,20,python
1738759891,972,cudaLaunchKernel,0,3645,3203630,3203630,20,python
1738761565,962,cudaLaunchKernel,0,3647,3203630,3203630,20,python
1738763058,651,cudaMemsetAsync,0,3649,3203630,3203630,20,python
1738763979,611,cudaMemsetAsync,0,3650,3203630,3203630,20,python
1738765322,1042,cudaLaunchKernel,0,3651,3203630,3203630,20,python
1738767135,2635,cudaLaunchKernel,0,3653,3203630,3203630,20,python
1738770652,1022,cudaLaunchKernel,0,3655,3203630,3203630,20,python
1738772466,2214,cudaLaunchKernel,0,3657,3203630,3203630,20,python
1738775271,681,cudaMemsetAsync,0,3659,3203630,3203630,20,python
1738776183,621,cudaMemsetAsync,0,3660,3203630,3203630,20,python
1738777535,1884,cudaMemsetAsync,0,3661,3203630,3203630,20,python
1738779960,1182,cudaLaunchKernel,0,3662,3203630,3203630,20,python
1738781874,2304,cudaLaunchKernel,0,3664,3203630,3203630,20,python
1738784969,1333,cudaLaunchKernel,0,3666,3203630,3203630,20,python
1738787033,3647,cudaLaunchKernel,0,3668,3203630,3203630,20,python
1738791442,992,cudaLaunchKernel,0,3670,3203630,3203630,20,python
1738793275,2185,cudaLaunchKernel,0,3672,3203630,3203630,20,python
1738796221,972,cudaLaunchKernel,0,3674,3203630,3203630,20,python
1738797744,1984,cudaMemsetAsync,0,3676,3203630,3203630,20,python
1738799998,641,cudaMemsetAsync,0,3677,3203630,3203630,20,python
1738801661,2285,cudaLaunchKernel,0,3678,3203630,3203630,20,python
1738804727,1032,cudaLaunchKernel,0,3680,3203630,3203630,20,python
1738806551,1142,cudaLaunchKernel,0,3682,3203630,3203630,20,python
1738808424,2425,cudaLaunchKernel,0,3684,3203630,3203630,20,python
1738811590,1072,cudaLaunchKernel,0,3686,3203630,3203630,20,python
1738813404,2224,cudaLaunchKernel,0,3688,3203630,3203630,20,python
1738816480,1002,cudaLaunchKernel,0,3690,3203630,3203630,20,python
1738818183,2084,cudaLaunchKernel,0,3692,3203630,3203630,20,python
1738820788,701,cudaMemsetAsync,0,3694,3203630,3203630,20,python
1738821720,1843,cudaMemsetAsync,0,3695,3203630,3203630,20,python
1738825046,1122,cudaLaunchKernel,0,3696,3203630,3203630,20,python
1738826920,2525,cudaLaunchKernel,0,3698,3203630,3203630,20,python
1738830216,1092,cudaLaunchKernel,0,3700,3203630,3203630,20,python
1738832120,2244,cudaLaunchKernel,0,3702,3203630,3203630,20,python
1738835115,962,cudaLaunchKernel,0,3704,3203630,3203630,20,python
1738836809,1943,cudaMemsetAsync,0,3706,3203630,3203630,20,python
1738839033,641,cudaMemsetAsync,0,3707,3203630,3203630,20,python
1738839905,601,cudaMemsetAsync,0,3708,3203630,3203630,20,python
1738841387,2245,cudaLaunchKernel,0,3709,3203630,3203630,20,python
1738844383,1132,cudaLaunchKernel,0,3711,3203630,3203630,20,python
1738846287,2394,cudaLaunchKernel,0,3713,3203630,3203630,20,python
1738849523,982,cudaLaunchKernel,0,3715,3203630,3203630,20,python
1738851186,2295,cudaLaunchKernel,0,3717,3203630,3203630,20,python
1738854162,691,cudaMemsetAsync,0,3719,3203630,3203630,20,python
1738855084,1723,cudaMemsetAsync,0,3720,3203630,3203630,20,python
1738858610,19117,cudaLaunchKernel,0,3721,3203630,3203630,20,python
1738878599,42802,cudaLaunchKernel,0,3723,3203630,3203630,20,python
1738922763,25719,cudaLaunchKernel,0,3725,3203630,3203630,20,python
1738949645,17463,cudaLaunchKernel,0,3727,3203630,3203630,20,python
1738968160,1142,cudaLaunchKernel,0,3729,3203630,3203630,20,python
1738970044,1012,cudaLaunchKernel,0,3731,3203630,3203630,20,python
1738971727,2034,cudaMemsetAsync,0,3733,3203630,3203630,20,python
1738974021,641,cudaMemsetAsync,0,3734,3203630,3203630,20,python
1738980944,2746,cudaLaunchKernel,0,3735,3203630,3203630,20,python
1738984291,701,cudaMemsetAsync,0,3737,3203630,3203630,20,python
1738985583,2655,cudaLaunchKernel,0,3738,3203630,3203630,20,python
1738988779,672,cudaMemsetAsync,0,3740,3203630,3203630,20,python
1738992797,20950,cudaLaunchKernel,0,3741,3203630,3203630,20,python
1739014939,43203,cudaLaunchKernel,0,3743,3203630,3203630,20,python
1739093460,13397774,cudaLaunchKernel,0,3746,3203630,3203630,20,python
1752502886,22163,cudaLaunchKernel,0,3749,3203630,3203630,20,python
1752531160,82829,cudaLaunchKernel,0,3751,3203630,3203630,20,python
1752620932,2154,cudaLaunchKernel,0,3753,3203630,3203630,20,python
1752625120,2846,cudaMemsetAsync,0,3755,3203630,3203630,20,python
1752633376,3266,cudaLaunchKernel,0,3756,3203630,3203630,20,python
1752638075,1302,cudaLaunchKernel,0,3758,3203630,3203630,20,python
1752640309,4108,cudaLaunchKernel,0,3760,3203630,3203630,20,python
1752645419,902,cudaLaunchKernel,0,3762,3203630,3203630,20,python
1752648375,2995,cudaLaunchKernel,0,3764,3203630,3203630,20,python
1752653094,1623,cudaLaunchKernel,0,3766,3203630,3203630,20,python
1752656240,3035,cudaLaunchKernel,0,3768,3203630,3203630,20,python
1752660317,582,cudaMemsetAsync,0,3770,3203630,3203630,20,python
1752661790,2866,cudaLaunchKernel,0,3771,3203630,3203630,20,python
1752665778,1403,cudaLaunchKernel,0,3773,3203630,3203630,20,python
1752668493,2525,cudaLaunchKernel,0,3775,3203630,3203630,20,python
1752672230,832,cudaLaunchKernel,0,3777,3203630,3203630,20,python
1752675637,947152,cudaLaunchKernel,0,3779,3203630,3203630,20,python
1753629211,264536,cudaLaunchKernel,0,3781,3203630,3203630,20,python
1753895581,1593,cudaLaunchKernel,0,3783,3203630,3203630,20,python
1753900430,22463,cudaLaunchKernel,0,3786,3203630,3203630,20,python
1753925167,25279,cudaLaunchKernel,0,3788,3203630,3203630,20,python
1753952199,31150,cudaLaunchKernel,0,3790,3203630,3203630,20,python
1753985753,1684,cudaLaunchKernel,0,3792,3203630,3203630,20,python
1753988829,2605,cudaLaunchKernel,0,3794,3203630,3203630,20,python
1753992516,1684,cudaMemsetAsync,0,3796,3203630,3203630,20,python
1753994450,2084,cudaMemsetAsync,0,3797,3203630,3203630,20,python
1753998929,19397,cudaLaunchKernel,0,3798,3203630,3203630,20,python
1754019247,1609680,cudaLaunchKernel,0,3800,3203630,3203630,20,python
1755631362,20660,cudaLaunchKernel,0,3802,3203630,3203630,20,python
1755652853,26721,cudaLaunchKernel,0,3804,3203630,3203630,20,python
1755681077,1132,cudaLaunchKernel,0,3806,3203630,3203630,20,python
1755683231,1112,cudaLaunchKernel,0,3808,3203630,3203630,20,python
1755685205,2765,cudaMemsetAsync,0,3810,3203630,3203630,20,python
1755688301,651,cudaMemsetAsync,0,3811,3203630,3203630,20,python
1755691908,19116,cudaLaunchKernel,0,3812,3203630,3203630,20,python
1755712397,35598,cudaLaunchKernel,0,3814,3203630,3203630,20,python
1755749037,26310,cudaLaunchKernel,0,3816,3203630,3203630,20,python
1755776480,18355,cudaLaunchKernel,0,3818,3203630,3203630,20,python
1755795656,17143,cudaLaunchKernel,0,3820,3203630,3203630,20,python
1755814102,14718,cudaLaunchKernel,0,3822,3203630,3203630,20,python
1755829872,20008,cudaLaunchKernel,0,3824,3203630,3203630,20,python
1755851012,1152,cudaLaunchKernel,0,3826,3203630,3203630,20,python
1755853066,2465,cudaLaunchKernel,0,3828,3203630,3203630,20,python
1755856242,792,cudaMemsetAsync,0,3830,3203630,3203630,20,python
1755857274,672,cudaMemsetAsync,0,3831,3203630,3203630,20,python
1755860190,20188,cudaLaunchKernel,0,3832,3203630,3203630,20,python
1755881491,28574,cudaLaunchKernel,0,3834,3203630,3203630,20,python
1755911258,26350,cudaLaunchKernel,0,3836,3203630,3203630,20,python
1755938570,19237,cudaLaunchKernel,0,3838,3203630,3203630,20,python
1755958648,18185,cudaLaunchKernel,0,3840,3203630,3203630,20,python
1755977685,16571,cudaLaunchKernel,0,3842,3203630,3203630,20,python
1755995509,16521,cudaLaunchKernel,0,3844,3203630,3203630,20,python
1756013072,1173,cudaLaunchKernel,0,3846,3203630,3203630,20,python
1756015026,1012,cudaLaunchKernel,0,3848,3203630,3203630,20,python
1756017140,772,cudaMemsetAsync,0,3850,3203630,3203630,20,python
1756018142,621,cudaMemsetAsync,0,3851,3203630,3203630,20,python
1756020727,1373,cudaLaunchKernel,0,3852,3203630,3203630,20,python
1756023021,1473,cudaLaunchKernel,0,3854,3203630,3203630,20,python
1756025676,1403,cudaLaunchKernel,0,3856,3203630,3203630,20,python
1756027921,1613,cudaLaunchKernel,0,3858,3203630,3203630,20,python
1756030365,1012,cudaLaunchKernel,0,3860,3203630,3203630,20,python
1756032099,972,cudaLaunchKernel,0,3862,3203630,3203630,20,python
1756033812,651,cudaMemsetAsync,0,3864,3203630,3203630,20,python
1756034694,601,cudaMemsetAsync,0,3865,3203630,3203630,20,python
1756036938,1232,cudaLaunchKernel,0,3866,3203630,3203630,20,python
1756039032,1353,cudaLaunchKernel,0,3868,3203630,3203630,20,python
1756041256,1213,cudaLaunchKernel,0,3870,3203630,3203630,20,python
1756043300,1323,cudaLaunchKernel,0,3872,3203630,3203630,20,python
1756045464,1002,cudaLaunchKernel,0,3874,3203630,3203630,20,python
1756047248,962,cudaLaunchKernel,0,3876,3203630,3203630,20,python
1756048861,651,cudaMemsetAsync,0,3878,3203630,3203630,20,python
1756049742,602,cudaMemsetAsync,0,3879,3203630,3203630,20,python
1756052177,1283,cudaLaunchKernel,0,3880,3203630,3203630,20,python
1756054662,17974,cudaLaunchKernel,0,3882,3203630,3203630,20,python
1756073508,14598,cudaLaunchKernel,0,3884,3203630,3203630,20,python
1756089078,1002,cudaLaunchKernel,0,3886,3203630,3203630,20,python
1756090821,962,cudaLaunchKernel,0,3888,3203630,3203630,20,python
1756092424,701,cudaMemsetAsync,0,3890,3203630,3203630,20,python
1756093356,601,cudaMemsetAsync,0,3891,3203630,3203630,20,python
1756095680,1383,cudaLaunchKernel,0,3892,3203630,3203630,20,python
1756098025,24397,cudaLaunchKernel,0,3894,3203630,3203630,20,python
1756123343,1152,cudaLaunchKernel,0,3896,3203630,3203630,20,python
1756125227,962,cudaLaunchKernel,0,3898,3203630,3203630,20,python
1756126940,691,cudaMemsetAsync,0,3900,3203630,3203630,20,python
1756127862,611,cudaMemsetAsync,0,3901,3203630,3203630,20,python
1756129655,622,cudaMemsetAsync,0,3902,3203630,3203630,20,python
1756130507,601,cudaMemsetAsync,0,3903,3203630,3203630,20,python
1756131679,1333,cudaLaunchKernel,0,3904,3203630,3203630,20,python
1756134154,1262,cudaLaunchKernel,0,3906,3203630,3203630,20,python
1756136759,22663,cudaLaunchKernel,0,3908,3203630,3203630,20,python
1756160394,14728,cudaLaunchKernel,0,3910,3203630,3203630,20,python
1756175934,1332,cudaLaunchKernel,0,3912,3203630,3203630,20,python
1756178178,1002,cudaLaunchKernel,0,3914,3203630,3203630,20,python
1756179932,971,cudaLaunchKernel,0,3916,3203630,3203630,20,python
1756181555,681,cudaMemsetAsync,0,3918,3203630,3203630,20,python
1756182466,602,cudaMemsetAsync,0,3919,3203630,3203630,20,python
1756185502,1162,cudaLaunchKernel,0,3920,3203630,3203630,20,python
1756187506,1323,cudaLaunchKernel,0,3922,3203630,3203630,20,python
1756189710,1313,cudaLaunchKernel,0,3924,3203630,3203630,20,python
1756191804,1563,cudaLaunchKernel,0,3926,3203630,3203630,20,python
1756194349,24798,cudaLaunchKernel,0,3928,3203630,3203630,20,python
1756220319,15620,cudaLaunchKernel,0,3930,3203630,3203630,20,python
1756236911,981,cudaLaunchKernel,0,3932,3203630,3203630,20,python
1756238664,952,cudaLaunchKernel,0,3934,3203630,3203630,20,python
1756240387,682,cudaMemsetAsync,0,3936,3203630,3203630,20,python
1756241289,591,cudaMemsetAsync,0,3937,3203630,3203630,20,python
1756243974,18445,cudaLaunchKernel,0,3938,3203630,3203630,20,python
1756263441,15570,cudaLaunchKernel,0,3940,3203630,3203630,20,python
1756279923,14828,cudaLaunchKernel,0,3942,3203630,3203630,20,python
1756295703,1012,cudaLaunchKernel,0,3944,3203630,3203630,20,python
1756297476,962,cudaLaunchKernel,0,3946,3203630,3203630,20,python
1756299711,22393,cudaLaunchKernel,0,3948,3203630,3203630,20,python
1756324358,17694,cudaLaunchKernel,0,3950,3203630,3203630,20,python
1756342943,23686,cudaLaunchKernel,0,3952,3203630,3203630,20,python
1756367520,14518,cudaLaunchKernel,0,3954,3203630,3203630,20,python
1756382970,982,cudaLaunchKernel,0,3956,3203630,3203630,20,python
1756384733,1012,cudaLaunchKernel,0,3958,3203630,3203630,20,python
1756386427,781,cudaMemsetAsync,0,3960,3203630,3203630,20,python
1756387449,621,cudaMemsetAsync,0,3961,3203630,3203630,20,python
1756390895,14698,cudaLaunchKernel,0,3962,3203630,3203630,20,python
1756406445,15880,cudaLaunchKernel,0,3964,3203630,3203630,20,python
1756423528,14057,cudaLaunchKernel,0,3966,3203630,3203630,20,python
1756438506,992,cudaLaunchKernel,0,3968,3203630,3203630,20,python
1756440270,951,cudaLaunchKernel,0,3970,3203630,3203630,20,python
1756442394,24577,cudaLaunchKernel,0,3972,3203630,3203630,20,python
1756467582,741,cudaMemsetAsync,0,3974,3203630,3203630,20,python
1756472261,15049,cudaLaunchKernel,0,3975,3203630,3203630,20,python
1756488282,14387,cudaLaunchKernel,0,3977,3203630,3203630,20,python
1756503541,14998,cudaLaunchKernel,0,3979,3203630,3203630,20,python
1756519501,67239,cudaLaunchKernel,0,3981,3203630,3203630,20,python
1756588002,1153,cudaLaunchKernel,0,3983,3203630,3203630,20,python
1756589916,1002,cudaLaunchKernel,0,3985,3203630,3203630,20,python
1756591890,751,cudaMemsetAsync,0,3987,3203630,3203630,20,python
1756592872,631,cudaMemsetAsync,0,3988,3203630,3203630,20,python
1756593773,612,cudaMemsetAsync,0,3989,3203630,3203630,20,python
1756606959,32973,cudaLaunchKernel,0,3990,3203630,3203630,20,python
1756641044,20780,cudaLaunchKernel,0,3992,3203630,3203630,20,python
1756662755,1072,cudaLaunchKernel,0,3994,3203630,3203630,20,python
1756673466,25739,cudaLaunchKernel,0,3996,3203630,3203630,20,python
1756701079,14808,cudaLaunchKernel,0,3998,3203630,3203630,20,python
1756717610,20860,cudaLaunchKernel,0,4000,3203630,3203630,20,python
1756739683,23925,cudaLaunchKernel,0,4002,3203630,3203630,20,python
1756764490,11292,cudaStreamEndCapture_v10000,0,4004,3203630,3203630,20,python
1756776513,2375,cudaGraphGetNodes_v10000,0,4005,3203630,3203630,20,python
1756781372,1042,cudaGraphGetNodes_v10000,0,4006,3203630,3203630,20,python
1756782985,1223,cudaGraphNodeGetType_v10000,0,4007,3203630,3203630,20,python
1756784418,441,cudaGraphNodeGetType_v10000,0,4008,3203630,3203630,20,python
1756785049,451,cudaGraphNodeGetType_v10000,0,4009,3203630,3203630,20,python
1756785751,441,cudaGraphNodeGetType_v10000,0,4010,3203630,3203630,20,python
1756786382,361,cudaGraphNodeGetType_v10000,0,4011,3203630,3203630,20,python
1756786933,431,cudaGraphNodeGetType_v10000,0,4012,3203630,3203630,20,python
1756787554,371,cudaGraphNodeGetType_v10000,0,4013,3203630,3203630,20,python
1756788115,361,cudaGraphNodeGetType_v10000,0,4014,3203630,3203630,20,python
1756788666,371,cudaGraphNodeGetType_v10000,0,4015,3203630,3203630,20,python
1756789227,361,cudaGraphNodeGetType_v10000,0,4016,3203630,3203630,20,python
1756789778,371,cudaGraphNodeGetType_v10000,0,4017,3203630,3203630,20,python
1756790339,361,cudaGraphNodeGetType_v10000,0,4018,3203630,3203630,20,python
1756790891,370,cudaGraphNodeGetType_v10000,0,4019,3203630,3203630,20,python
1756791452,360,cudaGraphNodeGetType_v10000,0,4020,3203630,3203630,20,python
1756792003,440,cudaGraphNodeGetType_v10000,0,4021,3203630,3203630,20,python
1756792634,351,cudaGraphNodeGetType_v10000,0,4022,3203630,3203630,20,python
1756793185,371,cudaGraphNodeGetType_v10000,0,4023,3203630,3203630,20,python
1756793746,361,cudaGraphNodeGetType_v10000,0,4024,3203630,3203630,20,python
1756794297,361,cudaGraphNodeGetType_v10000,0,4025,3203630,3203630,20,python
1756794848,371,cudaGraphNodeGetType_v10000,0,4026,3203630,3203630,20,python
1756795409,361,cudaGraphNodeGetType_v10000,0,4027,3203630,3203630,20,python
1756795960,391,cudaGraphNodeGetType_v10000,0,4028,3203630,3203630,20,python
1756796541,351,cudaGraphNodeGetType_v10000,0,4029,3203630,3203630,20,python
1756797082,371,cudaGraphNodeGetType_v10000,0,4030,3203630,3203630,20,python
1756797643,361,cudaGraphNodeGetType_v10000,0,4031,3203630,3203630,20,python
1756798194,361,cudaGraphNodeGetType_v10000,0,4032,3203630,3203630,20,python
1756798746,360,cudaGraphNodeGetType_v10000,0,4033,3203630,3203630,20,python
1756799297,370,cudaGraphNodeGetType_v10000,0,4034,3203630,3203630,20,python
1756799858,350,cudaGraphNodeGetType_v10000,0,4035,3203630,3203630,20,python
1756800399,360,cudaGraphNodeGetType_v10000,0,4036,3203630,3203630,20,python
1756800950,360,cudaGraphNodeGetType_v10000,0,4037,3203630,3203630,20,python
1756801501,371,cudaGraphNodeGetType_v10000,0,4038,3203630,3203630,20,python
1756802062,361,cudaGraphNodeGetType_v10000,0,4039,3203630,3203630,20,python
1756802613,351,cudaGraphNodeGetType_v10000,0,4040,3203630,3203630,20,python
1756803164,361,cudaGraphNodeGetType_v10000,0,4041,3203630,3203630,20,python
1756803715,361,cudaGraphNodeGetType_v10000,0,4042,3203630,3203630,20,python
1756804266,381,cudaGraphNodeGetType_v10000,0,4043,3203630,3203630,20,python
1756804837,361,cudaGraphNodeGetType_v10000,0,4044,3203630,3203630,20,python
1756805388,371,cudaGraphNodeGetType_v10000,0,4045,3203630,3203630,20,python
1756805949,351,cudaGraphNodeGetType_v10000,0,4046,3203630,3203630,20,python
1756806490,361,cudaGraphNodeGetType_v10000,0,4047,3203630,3203630,20,python
1756807041,381,cudaGraphNodeGetType_v10000,0,4048,3203630,3203630,20,python
1756807613,370,cudaGraphNodeGetType_v10000,0,4049,3203630,3203630,20,python
1756808214,370,cudaGraphNodeGetType_v10000,0,4050,3203630,3203630,20,python
1756808765,360,cudaGraphNodeGetType_v10000,0,4051,3203630,3203630,20,python
1756809316,360,cudaGraphNodeGetType_v10000,0,4052,3203630,3203630,20,python
1756809867,361,cudaGraphNodeGetType_v10000,0,4053,3203630,3203630,20,python
1756810408,371,cudaGraphNodeGetType_v10000,0,4054,3203630,3203630,20,python
1756810959,361,cudaGraphNodeGetType_v10000,0,4055,3203630,3203630,20,python
1756811510,361,cudaGraphNodeGetType_v10000,0,4056,3203630,3203630,20,python
1756812061,361,cudaGraphNodeGetType_v10000,0,4057,3203630,3203630,20,python
1756812602,371,cudaGraphNodeGetType_v10000,0,4058,3203630,3203630,20,python
1756813163,351,cudaGraphNodeGetType_v10000,0,4059,3203630,3203630,20,python
1756813915,370,cudaGraphNodeGetType_v10000,0,4060,3203630,3203630,20,python
1756814476,360,cudaGraphNodeGetType_v10000,0,4061,3203630,3203630,20,python
1756815027,360,cudaGraphNodeGetType_v10000,0,4062,3203630,3203630,20,python
1756815578,350,cudaGraphNodeGetType_v10000,0,4063,3203630,3203630,20,python
1756816119,360,cudaGraphNodeGetType_v10000,0,4064,3203630,3203630,20,python
1756816670,371,cudaGraphNodeGetType_v10000,0,4065,3203630,3203630,20,python
1756817231,351,cudaGraphNodeGetType_v10000,0,4066,3203630,3203630,20,python
1756817772,371,cudaGraphNodeGetType_v10000,0,4067,3203630,3203630,20,python
1756818333,361,cudaGraphNodeGetType_v10000,0,4068,3203630,3203630,20,python
1756818884,371,cudaGraphNodeGetType_v10000,0,4069,3203630,3203630,20,python
1756819445,351,cudaGraphNodeGetType_v10000,0,4070,3203630,3203630,20,python
1756819986,371,cudaGraphNodeGetType_v10000,0,4071,3203630,3203630,20,python
1756820547,361,cudaGraphNodeGetType_v10000,0,4072,3203630,3203630,20,python
1756821098,642,cudaGraphNodeGetType_v10000,0,4073,3203630,3203630,20,python
1756821930,361,cudaGraphNodeGetType_v10000,0,4074,3203630,3203630,20,python
1756822481,361,cudaGraphNodeGetType_v10000,0,4075,3203630,3203630,20,python
1756823032,361,cudaGraphNodeGetType_v10000,0,4076,3203630,3203630,20,python
1756823583,371,cudaGraphNodeGetType_v10000,0,4077,3203630,3203630,20,python
1756824134,361,cudaGraphNodeGetType_v10000,0,4078,3203630,3203630,20,python
1756824685,361,cudaGraphNodeGetType_v10000,0,4079,3203630,3203630,20,python
1756825236,361,cudaGraphNodeGetType_v10000,0,4080,3203630,3203630,20,python
1756825787,361,cudaGraphNodeGetType_v10000,0,4081,3203630,3203630,20,python
1756826338,361,cudaGraphNodeGetType_v10000,0,4082,3203630,3203630,20,python
1756826889,361,cudaGraphNodeGetType_v10000,0,4083,3203630,3203630,20,python
1756827440,371,cudaGraphNodeGetType_v10000,0,4084,3203630,3203630,20,python
1756828002,360,cudaGraphNodeGetType_v10000,0,4085,3203630,3203630,20,python
1756828553,370,cudaGraphNodeGetType_v10000,0,4086,3203630,3203630,20,python
1756829104,370,cudaGraphNodeGetType_v10000,0,4087,3203630,3203630,20,python
1756829665,360,cudaGraphNodeGetType_v10000,0,4088,3203630,3203630,20,python
1756830216,360,cudaGraphNodeGetType_v10000,0,4089,3203630,3203630,20,python
1756830757,371,cudaGraphNodeGetType_v10000,0,4090,3203630,3203630,20,python
1756831318,351,cudaGraphNodeGetType_v10000,0,4091,3203630,3203630,20,python
1756831859,361,cudaGraphNodeGetType_v10000,0,4092,3203630,3203630,20,python
1756832410,361,cudaGraphNodeGetType_v10000,0,4093,3203630,3203630,20,python
1756832961,361,cudaGraphNodeGetType_v10000,0,4094,3203630,3203630,20,python
1756833512,361,cudaGraphNodeGetType_v10000,0,4095,3203630,3203630,20,python
1756834063,361,cudaGraphNodeGetType_v10000,0,4096,3203630,3203630,20,python
1756834614,361,cudaGraphNodeGetType_v10000,0,4097,3203630,3203630,20,python
1756835165,351,cudaGraphNodeGetType_v10000,0,4098,3203630,3203630,20,python
1756835706,371,cudaGraphNodeGetType_v10000,0,4099,3203630,3203630,20,python
1756836267,361,cudaGraphNodeGetType_v10000,0,4100,3203630,3203630,20,python
1756836808,551,cudaGraphNodeGetType_v10000,0,4101,3203630,3203630,20,python
1756837550,360,cudaGraphNodeGetType_v10000,0,4102,3203630,3203630,20,python
1756838101,351,cudaGraphNodeGetType_v10000,0,4103,3203630,3203630,20,python
1756838642,361,cudaGraphNodeGetType_v10000,0,4104,3203630,3203630,20,python
1756839193,361,cudaGraphNodeGetType_v10000,0,4105,3203630,3203630,20,python
1756839734,361,cudaGraphNodeGetType_v10000,0,4106,3203630,3203630,20,python
1756840285,361,cudaGraphNodeGetType_v10000,0,4107,3203630,3203630,20,python
1756840836,351,cudaGraphNodeGetType_v10000,0,4108,3203630,3203630,20,python
1756841377,361,cudaGraphNodeGetType_v10000,0,4109,3203630,3203630,20,python
1756841928,361,cudaGraphNodeGetType_v10000,0,4110,3203630,3203630,20,python
1756842479,351,cudaGraphNodeGetType_v10000,0,4111,3203630,3203630,20,python
1756843020,361,cudaGraphNodeGetType_v10000,0,4112,3203630,3203630,20,python
1756843571,351,cudaGraphNodeGetType_v10000,0,4113,3203630,3203630,20,python
1756844112,371,cudaGraphNodeGetType_v10000,0,4114,3203630,3203630,20,python
1756844663,361,cudaGraphNodeGetType_v10000,0,4115,3203630,3203630,20,python
1756845214,361,cudaGraphNodeGetType_v10000,0,4116,3203630,3203630,20,python
1756845766,360,cudaGraphNodeGetType_v10000,0,4117,3203630,3203630,20,python
1756846317,360,cudaGraphNodeGetType_v10000,0,4118,3203630,3203630,20,python
1756846858,360,cudaGraphNodeGetType_v10000,0,4119,3203630,3203630,20,python
1756847409,360,cudaGraphNodeGetType_v10000,0,4120,3203630,3203630,20,python
1756847960,350,cudaGraphNodeGetType_v10000,0,4121,3203630,3203630,20,python
1756848501,360,cudaGraphNodeGetType_v10000,0,4122,3203630,3203630,20,python
1756849052,360,cudaGraphNodeGetType_v10000,0,4123,3203630,3203630,20,python
1756849603,361,cudaGraphNodeGetType_v10000,0,4124,3203630,3203630,20,python
1756850154,361,cudaGraphNodeGetType_v10000,0,4125,3203630,3203630,20,python
1756850705,351,cudaGraphNodeGetType_v10000,0,4126,3203630,3203630,20,python
1756851246,361,cudaGraphNodeGetType_v10000,0,4127,3203630,3203630,20,python
1756851797,361,cudaGraphNodeGetType_v10000,0,4128,3203630,3203630,20,python
1756852338,361,cudaGraphNodeGetType_v10000,0,4129,3203630,3203630,20,python
1756852889,361,cudaGraphNodeGetType_v10000,0,4130,3203630,3203630,20,python
1756853440,351,cudaGraphNodeGetType_v10000,0,4131,3203630,3203630,20,python
1756853981,361,cudaGraphNodeGetType_v10000,0,4132,3203630,3203630,20,python
1756854532,361,cudaGraphNodeGetType_v10000,0,4133,3203630,3203630,20,python
1756855083,371,cudaGraphNodeGetType_v10000,0,4134,3203630,3203630,20,python
1756855644,361,cudaGraphNodeGetType_v10000,0,4135,3203630,3203630,20,python
1756856195,361,cudaGraphNodeGetType_v10000,0,4136,3203630,3203630,20,python
1756856737,360,cudaGraphNodeGetType_v10000,0,4137,3203630,3203630,20,python
1756857288,360,cudaGraphNodeGetType_v10000,0,4138,3203630,3203630,20,python
1756857839,350,cudaGraphNodeGetType_v10000,0,4139,3203630,3203630,20,python
1756858380,360,cudaGraphNodeGetType_v10000,0,4140,3203630,3203630,20,python
1756858931,360,cudaGraphNodeGetType_v10000,0,4141,3203630,3203630,20,python
1756859472,360,cudaGraphNodeGetType_v10000,0,4142,3203630,3203630,20,python
1756860023,360,cudaGraphNodeGetType_v10000,0,4143,3203630,3203630,20,python
1756860574,361,cudaGraphNodeGetType_v10000,0,4144,3203630,3203630,20,python
1756861125,351,cudaGraphNodeGetType_v10000,0,4145,3203630,3203630,20,python
1756861666,371,cudaGraphNodeGetType_v10000,0,4146,3203630,3203630,20,python
1756862217,361,cudaGraphNodeGetType_v10000,0,4147,3203630,3203630,20,python
1756862768,361,cudaGraphNodeGetType_v10000,0,4148,3203630,3203630,20,python
1756863319,351,cudaGraphNodeGetType_v10000,0,4149,3203630,3203630,20,python
1756863860,361,cudaGraphNodeGetType_v10000,0,4150,3203630,3203630,20,python
1756864411,361,cudaGraphNodeGetType_v10000,0,4151,3203630,3203630,20,python
1756864952,371,cudaGraphNodeGetType_v10000,0,4152,3203630,3203630,20,python
1756865513,351,cudaGraphNodeGetType_v10000,0,4153,3203630,3203630,20,python
1756866054,361,cudaGraphNodeGetType_v10000,0,4154,3203630,3203630,20,python
1756866605,361,cudaGraphNodeGetType_v10000,0,4155,3203630,3203630,20,python
1756867156,361,cudaGraphNodeGetType_v10000,0,4156,3203630,3203630,20,python
1756867697,361,cudaGraphNodeGetType_v10000,0,4157,3203630,3203630,20,python
1756868249,360,cudaGraphNodeGetType_v10000,0,4158,3203630,3203630,20,python
1756868800,350,cudaGraphNodeGetType_v10000,0,4159,3203630,3203630,20,python
1756869351,360,cudaGraphNodeGetType_v10000,0,4160,3203630,3203630,20,python
1756869902,360,cudaGraphNodeGetType_v10000,0,4161,3203630,3203630,20,python
1756870573,361,cudaGraphNodeGetType_v10000,0,4162,3203630,3203630,20,python
1756871124,351,cudaGraphNodeGetType_v10000,0,4163,3203630,3203630,20,python
1756871665,361,cudaGraphNodeGetType_v10000,0,4164,3203630,3203630,20,python
1756872216,361,cudaGraphNodeGetType_v10000,0,4165,3203630,3203630,20,python
1756872767,351,cudaGraphNodeGetType_v10000,0,4166,3203630,3203630,20,python
1756873308,361,cudaGraphNodeGetType_v10000,0,4167,3203630,3203630,20,python
1756873859,361,cudaGraphNodeGetType_v10000,0,4168,3203630,3203630,20,python
1756874410,361,cudaGraphNodeGetType_v10000,0,4169,3203630,3203630,20,python
1756874961,361,cudaGraphNodeGetType_v10000,0,4170,3203630,3203630,20,python
1756875502,361,cudaGraphNodeGetType_v10000,0,4171,3203630,3203630,20,python
1756876053,361,cudaGraphNodeGetType_v10000,0,4172,3203630,3203630,20,python
1756876605,360,cudaGraphNodeGetType_v10000,0,4173,3203630,3203630,20,python
1756877156,350,cudaGraphNodeGetType_v10000,0,4174,3203630,3203630,20,python
1756877697,360,cudaGraphNodeGetType_v10000,0,4175,3203630,3203630,20,python
1756878248,360,cudaGraphNodeGetType_v10000,0,4176,3203630,3203630,20,python
1756878799,360,cudaGraphNodeGetType_v10000,0,4177,3203630,3203630,20,python
1756879350,350,cudaGraphNodeGetType_v10000,0,4178,3203630,3203630,20,python
1756879891,360,cudaGraphNodeGetType_v10000,0,4179,3203630,3203630,20,python
1756880442,361,cudaGraphNodeGetType_v10000,0,4180,3203630,3203630,20,python
1756880983,361,cudaGraphNodeGetType_v10000,0,4181,3203630,3203630,20,python
1756881534,361,cudaGraphNodeGetType_v10000,0,4182,3203630,3203630,20,python
1756882085,351,cudaGraphNodeGetType_v10000,0,4183,3203630,3203630,20,python
1756882626,371,cudaGraphNodeGetType_v10000,0,4184,3203630,3203630,20,python
1756883177,361,cudaGraphNodeGetType_v10000,0,4185,3203630,3203630,20,python
1756883728,361,cudaGraphNodeGetType_v10000,0,4186,3203630,3203630,20,python
1756884279,361,cudaGraphNodeGetType_v10000,0,4187,3203630,3203630,20,python
1756884830,351,cudaGraphNodeGetType_v10000,0,4188,3203630,3203630,20,python
1756885371,361,cudaGraphNodeGetType_v10000,0,4189,3203630,3203630,20,python
1756885922,361,cudaGraphNodeGetType_v10000,0,4190,3203630,3203630,20,python
1756886463,361,cudaGraphNodeGetType_v10000,0,4191,3203630,3203630,20,python
1756887014,361,cudaGraphNodeGetType_v10000,0,4192,3203630,3203630,20,python
1756887565,351,cudaGraphNodeGetType_v10000,0,4193,3203630,3203630,20,python
1756888107,360,cudaGraphNodeGetType_v10000,0,4194,3203630,3203630,20,python
1756888658,360,cudaGraphNodeGetType_v10000,0,4195,3203630,3203630,20,python
1756889209,360,cudaGraphNodeGetType_v10000,0,4196,3203630,3203630,20,python
1756889760,360,cudaGraphNodeGetType_v10000,0,4197,3203630,3203630,20,python
1756890311,350,cudaGraphNodeGetType_v10000,0,4198,3203630,3203630,20,python
1756890852,360,cudaGraphNodeGetType_v10000,0,4199,3203630,3203630,20,python
1756891403,361,cudaGraphNodeGetType_v10000,0,4200,3203630,3203630,20,python
1756891944,361,cudaGraphNodeGetType_v10000,0,4201,3203630,3203630,20,python
1756892495,361,cudaGraphNodeGetType_v10000,0,4202,3203630,3203630,20,python
1756893046,351,cudaGraphNodeGetType_v10000,0,4203,3203630,3203630,20,python
1756893587,361,cudaGraphNodeGetType_v10000,0,4204,3203630,3203630,20,python
1756894138,361,cudaGraphNodeGetType_v10000,0,4205,3203630,3203630,20,python
1756894679,361,cudaGraphNodeGetType_v10000,0,4206,3203630,3203630,20,python
1756895230,361,cudaGraphNodeGetType_v10000,0,4207,3203630,3203630,20,python
1756895781,361,cudaGraphNodeGetType_v10000,0,4208,3203630,3203630,20,python
1756896332,361,cudaGraphNodeGetType_v10000,0,4209,3203630,3203630,20,python
1756896883,361,cudaGraphNodeGetType_v10000,0,4210,3203630,3203630,20,python
1756897434,351,cudaGraphNodeGetType_v10000,0,4211,3203630,3203630,20,python
1756897975,361,cudaGraphNodeGetType_v10000,0,4212,3203630,3203630,20,python
1756898526,361,cudaGraphNodeGetType_v10000,0,4213,3203630,3203630,20,python
1756899067,361,cudaGraphNodeGetType_v10000,0,4214,3203630,3203630,20,python
1756899619,360,cudaGraphNodeGetType_v10000,0,4215,3203630,3203630,20,python
1756900170,370,cudaGraphNodeGetType_v10000,0,4216,3203630,3203630,20,python
1756900721,360,cudaGraphNodeGetType_v10000,0,4217,3203630,3203630,20,python
1756901272,360,cudaGraphNodeGetType_v10000,0,4218,3203630,3203630,20,python
1756901823,350,cudaGraphNodeGetType_v10000,0,4219,3203630,3203630,20,python
1756902364,360,cudaGraphNodeGetType_v10000,0,4220,3203630,3203630,20,python
1756902915,361,cudaGraphNodeGetType_v10000,0,4221,3203630,3203630,20,python
1756903456,371,cudaGraphNodeGetType_v10000,0,4222,3203630,3203630,20,python
1756904007,361,cudaGraphNodeGetType_v10000,0,4223,3203630,3203630,20,python
1756904558,361,cudaGraphNodeGetType_v10000,0,4224,3203630,3203630,20,python
1756905109,361,cudaGraphNodeGetType_v10000,0,4225,3203630,3203630,20,python
1756905660,351,cudaGraphNodeGetType_v10000,0,4226,3203630,3203630,20,python
1756906201,361,cudaGraphNodeGetType_v10000,0,4227,3203630,3203630,20,python
1756906752,361,cudaGraphNodeGetType_v10000,0,4228,3203630,3203630,20,python
1756907303,351,cudaGraphNodeGetType_v10000,0,4229,3203630,3203630,20,python
1756907844,361,cudaGraphNodeGetType_v10000,0,4230,3203630,3203630,20,python
1756908395,361,cudaGraphNodeGetType_v10000,0,4231,3203630,3203630,20,python
1756910309,877459,cudaGraphInstantiate_v12000,0,4232,3203630,3203630,20,python
1757788670,124899,cudaGraphUpload_v10000,0,4233,3203630,3203630,20,python
1757914250,37983,cudaStreamSynchronize,0,4234,3203630,3203630,20,python
1757952563,3096,cudaStreamBeginCapture_v10000,0,4235,3203630,3203630,20,python
1757956631,24316,cudaLaunchKernel,0,4236,3203630,3203630,20,python
1757982701,1483,cudaLaunchKernel,0,4238,3203630,3203630,20,python
1757985015,26691,cudaLaunchKernel,0,4240,3203630,3203630,20,python
1758012468,1102,cudaStreamEndCapture_v10000,0,4242,3203630,3203630,20,python
1758013911,49925,cudaGraphInstantiate_v12000,0,4243,3203630,3203630,20,python
1758064457,6513,cudaStreamDestroy,0,4244,3203630,3203630,20,python
1758076180,1042,cudaStreamIsCapturing_v10000,0,4246,3203630,3203630,20,python
1758078905,11302,cudaMemcpyAsync,0,4247,3203630,3203630,20,python
1758090718,6171,cudaMemsetAsync,0,4248,3203630,3203630,20,python
1758097651,6522,cudaEventRecord,0,4249,3203630,3203630,20,python
1758104704,2595,cudaStreamWaitEvent,0,4250,3203630,3203630,20,python
1758107760,327166,cudaLaunchHostFunc_v10000,0,4251,3203630,3203630,20,python
1758436870,57810,cudaLaunchKernel,0,4252,3203630,3203630,20,python
1758504289,6352,cudaMemsetAsync,0,4254,3203630,3203630,20,python
1758510911,2736,cudaMemsetAsync,0,4255,3203630,3203630,20,python
1758514178,2735,cudaMemsetAsync,0,4256,3203630,3203630,20,python
1758517183,2766,cudaMemsetAsync,0,4257,3203630,3203630,20,python
1758520370,2675,cudaMemsetAsync,0,4258,3203630,3203630,20,python
1758523375,2615,cudaMemsetAsync,0,4259,3203630,3203630,20,python
1758526251,2645,cudaMemsetAsync,0,4260,3203630,3203630,20,python
1758529176,2645,cudaMemsetAsync,0,4261,3203630,3203630,20,python
1758532092,2635,cudaMemsetAsync,0,4262,3203630,3203630,20,python
1758535659,26290,cudaLaunchKernel,0,4263,3203630,3203630,20,python
1758563141,35498,cudaLaunchKernel,0,4265,3203630,3203630,20,python
1758599581,20600,cudaLaunchKernel,0,4267,3203630,3203630,20,python
1758621964,5781,cudaLaunchKernel,0,4269,3203630,3203630,20,python
1758628587,5660,cudaLaunchKernel,0,4271,3203630,3203630,20,python
1758635209,5391,cudaLaunchKernel,0,4273,3203630,3203630,20,python
1758641531,4990,cudaLaunchKernel,0,4275,3203630,3203630,20,python
1758647343,5660,cudaLaunchKernel,0,4277,3203630,3203630,20,python
1758655087,21772,cudaLaunchKernel,0,4279,3203630,3203630,20,python
1758677801,42100,cudaLaunchKernel,0,4281,3203630,3203630,20,python
1758721094,73170,cudaLaunchKernel,0,4283,3203630,3203630,20,python
1758795576,23535,cudaLaunchKernel,0,4285,3203630,3203630,20,python
1758820163,19668,cudaLaunchKernel,0,4287,3203630,3203630,20,python
1758840843,18485,cudaLaunchKernel,0,4289,3203630,3203630,20,python
1758861362,4799,cudaLaunchKernel,0,4291,3203630,3203630,20,python
1758866963,4909,cudaLaunchKernel,0,4293,3203630,3203630,20,python
1758872834,28895,cudaLaunchKernel,0,4295,3203630,3203630,20,python
1758902992,38403,cudaLaunchKernel,0,4297,3203630,3203630,20,python
1758942567,22864,cudaLaunchKernel,0,4299,3203630,3203630,20,python
1758966503,22824,cudaLaunchKernel,0,4301,3203630,3203630,20,python
1758991251,57780,cudaLaunchKernel,0,4303,3203630,3203630,20,python
1759050133,23124,cudaLaunchKernel,0,4305,3203630,3203630,20,python
1759074540,5781,cudaLaunchKernel,0,4307,3203630,3203630,20,python
1759081163,5660,cudaLaunchKernel,0,4309,3203630,3203630,20,python
1759087685,20098,cudaLaunchKernel,0,4311,3203630,3203630,20,python
1759108745,24577,cudaLaunchKernel,0,4313,3203630,3203630,20,python
1759135356,9308,cudaMemsetAsync,0,4315,3203630,3203630,20,python
1759145205,3807,cudaMemsetAsync,0,4316,3203630,3203630,20,python
1759151738,5781,cudaLaunchKernel,0,4317,3203630,3203630,20,python
1759158410,22614,cudaLaunchKernel,0,4319,3203630,3203630,20,python
1759181915,34857,cudaLaunchKernel,0,4321,3203630,3203630,20,python
1759217704,35858,cudaLaunchKernel,0,4323,3203630,3203630,20,python
1759254514,23445,cudaLaunchKernel,0,4325,3203630,3203630,20,python
1759278811,20078,cudaLaunchKernel,0,4327,3203630,3203630,20,python
1759299961,20630,cudaLaunchKernel,0,4329,3203630,3203630,20,python
1759330870,19938,cudaLaunchKernel,0,4335,3203630,3203630,20,python
1759351610,4298,cudaMemsetAsync,0,4337,3203630,3203630,20,python
1759356189,2815,cudaMemsetAsync,0,4338,3203630,3203630,20,python
1759365306,6082,cudaLaunchKernel,0,4339,3203630,3203630,20,python
1759372029,3106,cudaMemsetAsync,0,4341,3203630,3203630,20,python
1759375756,5421,cudaLaunchKernel,0,4342,3203630,3203630,20,python
1759382168,6363,cudaLaunchKernel,0,4344,3203630,3203630,20,python
1759391566,5291,cudaLaunchKernel,0,4346,3203630,3203630,20,python
1759398269,3457,cudaMemsetAsync,0,4348,3203630,3203630,20,python
1759406625,5501,cudaLaunchKernel,0,4349,3203630,3203630,20,python
1759413098,4578,cudaLaunchKernel,0,4351,3203630,3203630,20,python
1759418508,5070,cudaLaunchKernel,0,4353,3203630,3203630,20,python
1759424680,4518,cudaLaunchKernel,0,4355,3203630,3203630,20,python
1759430511,5360,cudaLaunchKernel,0,4357,3203630,3203630,20,python
1759437534,5631,cudaLaunchKernel,0,4359,3203630,3203630,20,python
1759444097,4939,cudaLaunchKernel,0,4361,3203630,3203630,20,python
1759449858,3026,cudaMemsetAsync,0,4363,3203630,3203630,20,python
1759453765,5250,cudaLaunchKernel,0,4364,3203630,3203630,20,python
1759459887,5180,cudaLaunchKernel,0,4366,3203630,3203630,20,python
1759466239,4840,cudaLaunchKernel,0,4368,3203630,3203630,20,python
1759471970,5170,cudaLaunchKernel,0,4370,3203630,3203630,20,python
1759478914,5731,cudaLaunchKernel,0,4372,3203630,3203630,20,python
1759485656,5421,cudaLaunchKernel,0,4374,3203630,3203630,20,python
1759492159,4939,cudaLaunchKernel,0,4376,3203630,3203630,20,python
1759498271,6442,cudaLaunchKernel,0,4378,3203630,3203630,20,python
1759506697,56237,cudaLaunchKernel,0,4380,3203630,3203630,20,python
1759565149,4007,cudaMemsetAsync,0,4383,3203630,3203630,20,python
1759571010,721,cudaStreamIsCapturing_v10000,0,4385,3203630,3203630,20,python
1759572052,2064,cudaStreamWaitEvent,0,4386,3203630,3203630,20,python
1759574476,11573,cudaMemcpyAsync,0,4387,3203630,3203630,20,python
1759586429,4609,cudaEventRecord,0,4388,3203630,3203630,20,python
1759591539,531,cudaStreamIsCapturing_v10000,0,4389,3203630,3203630,20,python
1759592391,20499,cudaGraphLaunch_v10000,0,4390,3203630,3203630,20,python
1759614994,3747,cudaMemsetAsync,0,4391,3203630,3203630,20,python
1759619012,2795,cudaMemsetAsync,0,4392,3203630,3203630,20,python
1759622077,2816,cudaMemsetAsync,0,4393,3203630,3203630,20,python
1759625163,2836,cudaMemsetAsync,0,4394,3203630,3203630,20,python
1759628259,2675,cudaMemsetAsync,0,4395,3203630,3203630,20,python
1759631215,2825,cudaMemsetAsync,0,4396,3203630,3203630,20,python
1759634301,2645,cudaMemsetAsync,0,4397,3203630,3203630,20,python
1759637737,28695,cudaLaunchKernel,0,4398,3203630,3203630,20,python
1759667314,3276,cudaMemsetAsync,0,4400,3203630,3203630,20,python
1759671232,61658,cudaLaunchKernel,0,4401,3203630,3203630,20,python
1759735104,5210,cudaLaunchKernel,0,4403,3203630,3203630,20,python
1759741296,5380,cudaLaunchKernel,0,4405,3203630,3203630,20,python
1759747497,5802,cudaLaunchKernel,0,4407,3203630,3203630,20,python
1759754260,41430,cudaLaunchKernel,0,4409,3203630,3203630,20,python
1759796962,25168,cudaLaunchKernel,0,4411,3203630,3203630,20,python
1759823182,22714,cudaLaunchKernel,0,4413,3203630,3203630,20,python
1759846858,6041,cudaLaunchKernel,0,4415,3203630,3203630,20,python
1759854773,4067,cudaMemsetAsync,0,4417,3203630,3203630,20,python
1759859121,2785,cudaMemsetAsync,0,4418,3203630,3203630,20,python
1759862187,2685,cudaMemsetAsync,0,4419,3203630,3203630,20,python
1759865593,24247,cudaLaunchKernel,0,4420,3203630,3203630,20,python
1759890581,3276,cudaMemsetAsync,0,4422,3203630,3203630,20,python
1759894128,2765,cudaMemsetAsync,0,4423,3203630,3203630,20,python
1759897885,5451,cudaLaunchKernel,0,4424,3203630,3203630,20,python
1759904167,5471,cudaLaunchKernel,0,4426,3203630,3203630,20,python
1759910660,5681,cudaLaunchKernel,0,4428,3203630,3203630,20,python
1759917382,5751,cudaLaunchKernel,0,4430,3203630,3203630,20,python
1759924246,5510,cudaLaunchKernel,0,4432,3203630,3203630,20,python
1759934515,3116,cudaMemsetAsync,0,4434,3203630,3203630,20,python
1759937902,2815,cudaMemsetAsync,0,4435,3203630,3203630,20,python
1759941529,5390,cudaLaunchKernel,0,4436,3203630,3203630,20,python
1759947510,2996,cudaMemsetAsync,0,4438,3203630,3203630,20,python
1759950766,2746,cudaMemsetAsync,0,4439,3203630,3203630,20,python
1759955275,4819,cudaLaunchKernel,0,4440,3203630,3203630,20,python
1759960896,5079,cudaLaunchKernel,0,4442,3203630,3203630,20,python
1759966757,4639,cudaLaunchKernel,0,4444,3203630,3203630,20,python
1759972628,5531,cudaLaunchKernel,0,4446,3203630,3203630,20,python
1759978740,3016,cudaMemsetAsync,0,4448,3203630,3203630,20,python
1759982016,2645,cudaMemsetAsync,0,4449,3203630,3203630,20,python
1759985433,4799,cudaLaunchKernel,0,4450,3203630,3203630,20,python
1759991033,5611,cudaLaunchKernel,0,4452,3203630,3203630,20,python
1759997426,4528,cudaLaunchKernel,0,4454,3203630,3203630,20,python
1760002525,3056,cudaMemsetAsync,0,4456,3203630,3203630,20,python
1760005842,2675,cudaMemsetAsync,0,4457,3203630,3203630,20,python
1760009419,2815,cudaMemsetAsync,0,4458,3203630,3203630,20,python
1760012765,5551,cudaLaunchKernel,0,4459,3203630,3203630,20,python
1760019097,5080,cudaLaunchKernel,0,4461,3203630,3203630,20,python
1760025369,4879,cudaLaunchKernel,0,4463,3203630,3203630,20,python
1760031120,4759,cudaLaunchKernel,0,4465,3203630,3203630,20,python
1760036631,4709,cudaLaunchKernel,0,4467,3203630,3203630,20,python
1760042121,4719,cudaLaunchKernel,0,4469,3203630,3203630,20,python
1760047471,3156,cudaMemsetAsync,0,4471,3203630,3203630,20,python
1760050878,2755,cudaMemsetAsync,0,4472,3203630,3203630,20,python
1760055797,5150,cudaLaunchKernel,0,4473,3203630,3203630,20,python
1760061719,5210,cudaLaunchKernel,0,4475,3203630,3203630,20,python
1760067981,5180,cudaLaunchKernel,0,4477,3203630,3203630,20,python
1760074453,5020,cudaLaunchKernel,0,4479,3203630,3203630,20,python
1760080324,4739,cudaLaunchKernel,0,4481,3203630,3203630,20,python
1760085875,5190,cudaLaunchKernel,0,4483,3203630,3203630,20,python
1760091856,4619,cudaLaunchKernel,0,4485,3203630,3203630,20,python
1760097086,3116,cudaMemsetAsync,0,4487,3203630,3203630,20,python
1760100473,2735,cudaMemsetAsync,0,4488,3203630,3203630,20,python
1760106074,4999,cudaLaunchKernel,0,4489,3203630,3203630,20,python
1760112225,5391,cudaLaunchKernel,0,4491,3203630,3203630,20,python
1760118497,4830,cudaLaunchKernel,0,4493,3203630,3203630,20,python
1760124078,4739,cudaLaunchKernel,0,4495,3203630,3203630,20,python
1760129498,3146,cudaMemsetAsync,0,4497,3203630,3203630,20,python
1760132905,2835,cudaMemsetAsync,0,4498,3203630,3203630,20,python
1760136001,2865,cudaMemsetAsync,0,4499,3203630,3203630,20,python
1760141151,5220,cudaLaunchKernel,0,4500,3203630,3203630,20,python
1760147272,5501,cudaLaunchKernel,0,4502,3203630,3203630,20,python
1760153655,5440,cudaLaunchKernel,0,4504,3203630,3203630,20,python
1760160097,4529,cudaLaunchKernel,0,4506,3203630,3203630,20,python
1760165627,5130,cudaLaunchKernel,0,4508,3203630,3203630,20,python
1760171719,4659,cudaLaunchKernel,0,4510,3203630,3203630,20,python
1760177129,5431,cudaLaunchKernel,0,4511,3203630,3203630,20,python
1760183832,3176,cudaMemsetAsync,0,4513,3203630,3203630,20,python
1760187299,2835,cudaMemsetAsync,0,4514,3203630,3203630,20,python
1760190545,2735,cudaMemsetAsync,0,4515,3203630,3203630,20,python
1760193541,2805,cudaMemsetAsync,0,4516,3203630,3203630,20,python
1760196777,2675,cudaMemsetAsync,0,4517,3203630,3203630,20,python
1760199713,2655,cudaMemsetAsync,0,4518,3203630,3203630,20,python
1760204582,13346,cudaLaunchKernel,0,4519,3203630,3203630,20,python
1760219030,5731,cudaLaunchKernel,0,4521,3203630,3203630,20,python
1760225622,5681,cudaLaunchKernel,0,4523,3203630,3203630,20,python
1760232075,5109,cudaLaunchKernel,0,4525,3203630,3203630,20,python
1760238046,5170,cudaLaunchKernel,0,4527,3203630,3203630,20,python
1760246152,5199,cudaLaunchKernel,0,4529,3203630,3203630,20,python
1760252203,5150,cudaLaunchKernel,0,4531,3203630,3203630,20,python
1760259397,5180,cudaLaunchKernel,0,4533,3203630,3203630,20,python
1760265519,5180,cudaLaunchKernel,0,4535,3203630,3203630,20,python
1760271510,4439,cudaLaunchKernel,0,4537,3203630,3203630,20,python
1760277972,5040,cudaLaunchKernel,0,4539,3203630,3203630,20,python
1760283824,5691,cudaLaunchKernel,0,4541,3203630,3203630,20,python
1760290286,5841,cudaLaunchKernel,0,4543,3203630,3203630,20,python
1760296939,5029,cudaLaunchKernel,0,4545,3203630,3203630,20,python
1760302810,4448,cudaLaunchKernel,0,4547,3203630,3203630,20,python
1760307810,4719,cudaLaunchKernel,0,4548,3203630,3203630,20,python
1760313019,4389,cudaLaunchKernel,0,4549,3203630,3203630,20,python
1760317919,5240,cudaLaunchKernel,0,4550,3203630,3203630,20,python
1760323760,3326,cudaMemsetAsync,0,4552,3203630,3203630,20,python
1760327367,2685,cudaMemsetAsync,0,4553,3203630,3203630,20,python
1760330743,5010,cudaLaunchKernel,0,4554,3203630,3203630,20,python
1760337496,4759,cudaLaunchKernel,0,4556,3203630,3203630,20,python
1760343007,4458,cudaLaunchKernel,0,4558,3203630,3203630,20,python
1760348347,5260,cudaLaunchKernel,0,4560,3203630,3203630,20,python
1760354479,5230,cudaLaunchKernel,0,4562,3203630,3203630,20,python
1760360510,4629,cudaLaunchKernel,0,4564,3203630,3203630,20,python
1760365720,4689,cudaLaunchKernel,0,4565,3203630,3203630,20,python
1760371111,3206,cudaMemsetAsync,0,4567,3203630,3203630,20,python
1760374577,2886,cudaMemsetAsync,0,4568,3203630,3203630,20,python
1760383434,5401,cudaLaunchKernel,0,4569,3203630,3203630,20,python
1760389706,5330,cudaLaunchKernel,0,4571,3203630,3203630,20,python
1760396068,5381,cudaLaunchKernel,0,4573,3203630,3203630,20,python
1760402380,5230,cudaLaunchKernel,0,4575,3203630,3203630,20,python
1760408402,5230,cudaLaunchKernel,0,4577,3203630,3203630,20,python
1760414444,5280,cudaLaunchKernel,0,4579,3203630,3203630,20,python
1760420265,3116,cudaMemsetAsync,0,4581,3203630,3203630,20,python
1760424072,5490,cudaLaunchKernel,0,4582,3203630,3203630,20,python
1760431296,5120,cudaLaunchKernel,0,4584,3203630,3203630,20,python
1760437538,5069,cudaLaunchKernel,0,4586,3203630,3203630,20,python
1760443439,5230,cudaLaunchKernel,0,4588,3203630,3203630,20,python
1760449210,3026,cudaMemsetAsync,0,4590,3203630,3203630,20,python
1760452757,4498,cudaLaunchKernel,0,4591,3203630,3203630,20,python
1760458267,4659,cudaLaunchKernel,0,4593,3203630,3203630,20,python
1760463638,4729,cudaLaunchKernel,0,4595,3203630,3203630,20,python
1760469118,4759,cudaLaunchKernel,0,4597,3203630,3203630,20,python
1760474609,4518,cudaLaunchKernel,0,4599,3203630,3203630,20,python
1760479879,4709,cudaLaunchKernel,0,4601,3203630,3203630,20,python
1760485129,3166,cudaMemsetAsync,0,4603,3203630,3203630,20,python
1760488776,4679,cudaLaunchKernel,0,4604,3203630,3203630,20,python
1760495489,4558,cudaLaunchKernel,0,4606,3203630,3203630,20,python
1760500899,4579,cudaLaunchKernel,0,4608,3203630,3203630,20,python
1760506420,4929,cudaLaunchKernel,0,4610,3203630,3203630,20,python
1760512211,4719,cudaLaunchKernel,0,4612,3203630,3203630,20,python
1760517841,5100,cudaLaunchKernel,0,4614,3203630,3203630,20,python
1760523763,5270,cudaLaunchKernel,0,4616,3203630,3203630,20,python
1760530035,5089,cudaLaunchKernel,0,4618,3203630,3203630,20,python
1760535896,5390,cudaLaunchKernel,0,4620,3203630,3203630,20,python
1760542088,4789,cudaLaunchKernel,0,4622,3203630,3203630,20,python
1760547418,3116,cudaMemsetAsync,0,4624,3203630,3203630,20,python
1760551025,4549,cudaLaunchKernel,0,4625,3203630,3203630,20,python
1760557076,4770,cudaLaunchKernel,0,4627,3203630,3203630,20,python
1760562647,4479,cudaLaunchKernel,0,4629,3203630,3203630,20,python
1760567907,4639,cudaLaunchKernel,0,4631,3203630,3203630,20,python
1760573348,4568,cudaLaunchKernel,0,4633,3203630,3203630,20,python
1760578758,5150,cudaLaunchKernel,0,4635,3203630,3203630,20,python
1760584719,4599,cudaLaunchKernel,0,4637,3203630,3203630,20,python
1760590230,5009,cudaLaunchKernel,0,4639,3203630,3203630,20,python
1760596091,5030,cudaLaunchKernel,0,4641,3203630,3203630,20,python
1760601952,4639,cudaLaunchKernel,0,4643,3203630,3203630,20,python
1760607403,4749,cudaLaunchKernel,0,4645,3203630,3203630,20,python
1760612943,4519,cudaLaunchKernel,0,4647,3203630,3203630,20,python
1760618364,5380,cudaLaunchKernel,0,4649,3203630,3203630,20,python
1760624646,5480,cudaLaunchKernel,0,4651,3203630,3203630,20,python
1760630928,4659,cudaLaunchKernel,0,4653,3203630,3203630,20,python
1760636128,4879,cudaLaunchKernel,0,4654,3203630,3203630,20,python
1760641799,5109,cudaLaunchKernel,0,4656,3203630,3203630,20,python
1760647590,3136,cudaMemsetAsync,0,4658,3203630,3203630,20,python
1760650996,2795,cudaMemsetAsync,0,4659,3203630,3203630,20,python
1760655595,5510,cudaLaunchKernel,0,4660,3203630,3203630,20,python
1760661997,5070,cudaLaunchKernel,0,4662,3203630,3203630,20,python
1760668049,5480,cudaLaunchKernel,0,4664,3203630,3203630,20,python
1760674301,4899,cudaLaunchKernel,0,4666,3203630,3203630,20,python
1760679711,5060,cudaLaunchKernel,0,4667,3203630,3203630,20,python
1760685612,6052,cudaLaunchKernel,0,4669,3203630,3203630,20,python
1760693978,3146,cudaMemsetAsync,0,4671,3203630,3203630,20,python
1760697395,2665,cudaMemsetAsync,0,4672,3203630,3203630,20,python
1760700581,45227,cudaLaunchKernel,0,4673,3203630,3203630,20,python
1760747100,44255,cudaLaunchKernel,0,4675,3203630,3203630,20,python
1760792056,3777,cudaMemsetAsync,0,4677,3203630,3203630,20,python
1760796394,21712,cudaLaunchKernel,0,4678,3203630,3203630,20,python
1760821713,25739,cudaLaunchKernel,0,4680,3203630,3203630,20,python
1760849135,30168,cudaLaunchKernel,0,4682,3203630,3203630,20,python
1760880074,8968,cudaMemcpyAsync,0,4684,3203630,3203630,20,python
1760889362,4098,cudaMemcpyAsync,0,4685,3203630,3203630,20,python
1760893811,4148,cudaEventRecord,0,4686,3203630,3203630,20,python
1760898720,5630934,cudaEventSynchronize,0,4687,3203630,3203630,20,python
1766530275,2214,cudaStreamSynchronize,0,4688,3203630,3203630,20,python
1766534774,751,cudaStreamIsCapturing_v10000,0,4691,3203630,3203630,20,python
1766536046,1172,cudaStreamGetDevice_v12080,0,4692,3203630,3203630,20,python
1766537709,9278,cudaMemcpyAsync,0,4693,3203630,3203630,20,python
1766547348,4268,cudaEventRecord,0,4694,3203630,3203630,20,python
1766551926,1143,cudaEventSynchronize,0,4695,3203630,3203630,20,python
1766555083,36890,cudaLaunchKernel,0,4696,3203630,3203630,20,python
1766592935,3346,cudaEventRecord,0,4698,3203630,3203630,20,python
1766596562,1232,cudaEventSynchronize,0,4699,3203630,3203630,20,python
1766934178,6502,cudaDeviceSynchronize,0,4702,3203630,3203630,20,python
1767716695,1653,cudaStreamIsCapturing_v10000,0,4736,3203630,3203630,20,python
1767718779,691,cudaStreamGetDevice_v12080,0,4737,3203630,3203630,20,python
1767740982,480,cudaStreamIsCapturing_v10000,0,4770,3203630,3203630,20,python
1767741693,441,cudaStreamGetDevice_v12080,0,4771,3203630,3203630,20,python
1767748486,7224,cudaMemsetAsync,0,4782,3203630,3203630,20,python
1767756391,7104,cudaMemcpyAsync,0,4783,3203630,3203630,20,python
1767763935,4429,cudaMemcpyAsync,0,4784,3203630,3203630,20,python
1767768835,5270,cudaMemcpyAsync,0,4785,3203630,3203630,20,python
1767774456,4248,cudaMemcpyAsync,0,4786,3203630,3203630,20,python
1767779044,3978,cudaMemcpyAsync,0,4787,3203630,3203630,20,python
1767783994,12093,cudaLaunchKernel,0,4788,3203630,3203630,20,python
1767796828,5421,cudaMemcpyAsync,0,4790,3203630,3203630,20,python
1767802619,4198,cudaEventRecord,0,4791,3203630,3203630,20,python
1767807188,2044,cudaEventSynchronize,0,4792,3203630,3203630,20,python
1767812378,501,cudaStreamIsCapturing_v10000,0,4794,3203630,3203630,20,python
1767813330,4028,cudaMemcpyAsync,0,4795,3203630,3203630,20,python
1767817718,3677,cudaMemsetAsync,0,4796,3203630,3203630,20,python
1767821716,3196,cudaEventRecord,0,4797,3203630,3203630,20,python
1767825273,1934,cudaStreamWaitEvent,0,4798,3203630,3203630,20,python
1767827537,7885,cudaLaunchHostFunc_v10000,0,4799,3203630,3203630,20,python
1767836174,6943,cudaLaunchKernel,0,4800,3203630,3203630,20,python
1767850211,3416,cudaMemsetAsync,0,4802,3203630,3203630,20,python
1767853888,2755,cudaMemsetAsync,0,4803,3203630,3203630,20,python
1767856973,2816,cudaMemsetAsync,0,4804,3203630,3203630,20,python
1767860049,2736,cudaMemsetAsync,0,4805,3203630,3203630,20,python
1767863105,3146,cudaMemsetAsync,0,4806,3203630,3203630,20,python
1767866572,2725,cudaMemsetAsync,0,4807,3203630,3203630,20,python
1767869568,2715,cudaMemsetAsync,0,4808,3203630,3203630,20,python
1767872553,2695,cudaMemsetAsync,0,4809,3203630,3203630,20,python
1767875509,2715,cudaMemsetAsync,0,4810,3203630,3203630,20,python
1767878815,5350,cudaLaunchKernel,0,4811,3203630,3203630,20,python
1767884997,5541,cudaLaunchKernel,0,4813,3203630,3203630,20,python
1767891309,5080,cudaLaunchKernel,0,4815,3203630,3203630,20,python
1767897481,6042,cudaLaunchKernel,0,4817,3203630,3203630,20,python
1767904374,5811,cudaLaunchKernel,0,4819,3203630,3203630,20,python
1767910937,5250,cudaLaunchKernel,0,4821,3203630,3203630,20,python
1767916928,4539,cudaLaunchKernel,0,4823,3203630,3203630,20,python
1767922208,4910,cudaLaunchKernel,0,4825,3203630,3203630,20,python
1767928410,4829,cudaLaunchKernel,0,4827,3203630,3203630,20,python
1767934011,5601,cudaLaunchKernel,0,4829,3203630,3203630,20,python
1767940433,4920,cudaLaunchKernel,0,4831,3203630,3203630,20,python
1767946134,5410,cudaLaunchKernel,0,4833,3203630,3203630,20,python
1767952356,4959,cudaLaunchKernel,0,4835,3203630,3203630,20,python
1767958077,4829,cudaLaunchKernel,0,4837,3203630,3203630,20,python
1767964038,4499,cudaLaunchKernel,0,4839,3203630,3203630,20,python
1767969308,4599,cudaLaunchKernel,0,4841,3203630,3203630,20,python
1767974729,4939,cudaLaunchKernel,0,4843,3203630,3203630,20,python
1767980500,4899,cudaLaunchKernel,0,4845,3203630,3203630,20,python
1767986241,4699,cudaLaunchKernel,0,4847,3203630,3203630,20,python
1767991831,4740,cudaLaunchKernel,0,4849,3203630,3203630,20,python
1767998073,4790,cudaLaunchKernel,0,4851,3203630,3203630,20,python
1768003654,4609,cudaLaunchKernel,0,4853,3203630,3203630,20,python
1768009305,4759,cudaLaunchKernel,0,4855,3203630,3203630,20,python
1768014795,4529,cudaLaunchKernel,0,4857,3203630,3203630,20,python
1768020066,4849,cudaLaunchKernel,0,4859,3203630,3203630,20,python
1768025847,5610,cudaLaunchKernel,0,4861,3203630,3203630,20,python
1768032149,3707,cudaMemsetAsync,0,4863,3203630,3203630,20,python
1768036136,2926,cudaMemsetAsync,0,4864,3203630,3203630,20,python
1768040084,5049,cudaLaunchKernel,0,4865,3203630,3203630,20,python
1768045905,4729,cudaLaunchKernel,0,4867,3203630,3203630,20,python
1768051415,4810,cudaLaunchKernel,0,4869,3203630,3203630,20,python
1768056966,4839,cudaLaunchKernel,0,4871,3203630,3203630,20,python
1768062577,4719,cudaLaunchKernel,0,4873,3203630,3203630,20,python
1768068037,4599,cudaLaunchKernel,0,4875,3203630,3203630,20,python
1768073538,4769,cudaLaunchKernel,0,4877,3203630,3203630,20,python
1768084098,5160,cudaLaunchKernel,0,4883,3203630,3203630,20,python
1768089849,3467,cudaMemsetAsync,0,4885,3203630,3203630,20,python
1768093576,2775,cudaMemsetAsync,0,4886,3203630,3203630,20,python
1768099277,4950,cudaLaunchKernel,0,4887,3203630,3203630,20,python
1768104758,3146,cudaMemsetAsync,0,4889,3203630,3203630,20,python
1768108395,4789,cudaLaunchKernel,0,4890,3203630,3203630,20,python
1768114035,5120,cudaLaunchKernel,0,4892,3203630,3203630,20,python
1768120928,4569,cudaLaunchKernel,0,4894,3203630,3203630,20,python
1768126319,3627,cudaMemsetAsync,0,4896,3203630,3203630,20,python
1768131368,5080,cudaLaunchKernel,0,4897,3203630,3203630,20,python
1768137200,4158,cudaLaunchKernel,0,4899,3203630,3203630,20,python
1768142109,4699,cudaLaunchKernel,0,4901,3203630,3203630,20,python
1768147579,4249,cudaLaunchKernel,0,4903,3203630,3203630,20,python
1768152659,4529,cudaLaunchKernel,0,4905,3203630,3203630,20,python
1768158019,4820,cudaLaunchKernel,0,4907,3203630,3203630,20,python
1768163550,4619,cudaLaunchKernel,0,4909,3203630,3203630,20,python
1768168790,3126,cudaMemsetAsync,0,4911,3203630,3203630,20,python
1768172397,4589,cudaLaunchKernel,0,4912,3203630,3203630,20,python
1768177737,4769,cudaLaunchKernel,0,4914,3203630,3203630,20,python
1768183418,4419,cudaLaunchKernel,0,4916,3203630,3203630,20,python
1768188638,4439,cudaLaunchKernel,0,4918,3203630,3203630,20,python
1768194109,4478,cudaLaunchKernel,0,4920,3203630,3203630,20,python
1768199318,4469,cudaLaunchKernel,0,4922,3203630,3203630,20,python
1768204528,11512,cudaLaunchKernel,0,4924,3203630,3203630,20,python
1768217173,5460,cudaLaunchKernel,0,4926,3203630,3203630,20,python
1768224617,5230,cudaLaunchKernel,0,4928,3203630,3203630,20,python
1768231560,3537,cudaMemsetAsync,0,4931,3203630,3203630,20,python
1768236349,611,cudaStreamIsCapturing_v10000,0,4933,3203630,3203630,20,python
1768237221,1633,cudaStreamWaitEvent,0,4934,3203630,3203630,20,python
1768239215,9167,cudaMemcpyAsync,0,4935,3203630,3203630,20,python
1768248743,3817,cudaEventRecord,0,4936,3203630,3203630,20,python
1768252911,531,cudaStreamIsCapturing_v10000,0,4937,3203630,3203630,20,python
1768253763,14277,cudaGraphLaunch_v10000,0,4938,3203630,3203630,20,python
1768269002,3687,cudaMemsetAsync,0,4939,3203630,3203630,20,python
1768272949,2856,cudaMemsetAsync,0,4940,3203630,3203630,20,python
1768276065,2665,cudaMemsetAsync,0,4941,3203630,3203630,20,python
1768278991,2665,cudaMemsetAsync,0,4942,3203630,3203630,20,python
1768281917,2715,cudaMemsetAsync,0,4943,3203630,3203630,20,python
1768284892,2695,cudaMemsetAsync,0,4944,3203630,3203630,20,python
1768287838,2675,cudaMemsetAsync,0,4945,3203630,3203630,20,python
1768291184,6944,cudaLaunchKernel,0,4946,3203630,3203630,20,python
1768298709,2995,cudaMemsetAsync,0,4948,3203630,3203630,20,python
1768302185,5070,cudaLaunchKernel,0,4949,3203630,3203630,20,python
1768308568,4879,cudaLaunchKernel,0,4951,3203630,3203630,20,python
1768314288,4800,cudaLaunchKernel,0,4953,3203630,3203630,20,python
1768319909,4729,cudaLaunchKernel,0,4955,3203630,3203630,20,python
1768325480,4949,cudaLaunchKernel,0,4957,3203630,3203630,20,python
1768331271,4799,cudaLaunchKernel,0,4959,3203630,3203630,20,python
1768336892,5170,cudaLaunchKernel,0,4961,3203630,3203630,20,python
1768342903,4779,cudaLaunchKernel,0,4963,3203630,3203630,20,python
1768348524,3346,cudaMemsetAsync,0,4965,3203630,3203630,20,python
1768352151,2725,cudaMemsetAsync,0,4966,3203630,3203630,20,python
1768355157,2765,cudaMemsetAsync,0,4967,3203630,3203630,20,python
1768358453,4779,cudaLaunchKernel,0,4968,3203630,3203630,20,python
1768363823,2986,cudaMemsetAsync,0,4970,3203630,3203630,20,python
1768367089,2726,cudaMemsetAsync,0,4971,3203630,3203630,20,python
1768370546,4899,cudaLaunchKernel,0,4972,3203630,3203630,20,python
1768376167,4769,cudaLaunchKernel,0,4974,3203630,3203630,20,python
1768381758,4678,cudaLaunchKernel,0,4976,3203630,3203630,20,python
1768387218,4859,cudaLaunchKernel,0,4978,3203630,3203630,20,python
1768392939,5050,cudaLaunchKernel,0,4980,3203630,3203630,20,python
1768400353,3146,cudaMemsetAsync,0,4982,3203630,3203630,20,python
1768403780,2845,cudaMemsetAsync,0,4983,3203630,3203630,20,python
1768407186,5090,cudaLaunchKernel,0,4984,3203630,3203630,20,python
1768412867,2986,cudaMemsetAsync,0,4986,3203630,3203630,20,python
1768416123,2786,cudaMemsetAsync,0,4987,3203630,3203630,20,python
1768420071,4829,cudaLaunchKernel,0,4988,3203630,3203630,20,python
1768425742,4779,cudaLaunchKernel,0,4990,3203630,3203630,20,python
1768431272,4459,cudaLaunchKernel,0,4992,3203630,3203630,20,python
1768436512,5200,cudaLaunchKernel,0,4994,3203630,3203630,20,python
1768442303,3076,cudaMemsetAsync,0,4996,3203630,3203630,20,python
1768445640,2745,cudaMemsetAsync,0,4997,3203630,3203630,20,python
1768449156,5220,cudaLaunchKernel,0,4998,3203630,3203630,20,python
1768455408,5922,cudaLaunchKernel,0,5000,3203630,3203630,20,python
1768462282,4669,cudaLaunchKernel,0,5002,3203630,3203630,20,python
1768467512,3186,cudaMemsetAsync,0,5004,3203630,3203630,20,python
1768471038,3196,cudaMemsetAsync,0,5005,3203630,3203630,20,python
1768475307,3276,cudaMemsetAsync,0,5006,3203630,3203630,20,python
1768479234,5380,cudaLaunchKernel,0,5007,3203630,3203630,20,python
1768485386,4779,cudaLaunchKernel,0,5009,3203630,3203630,20,python
1768490977,4749,cudaLaunchKernel,0,5011,3203630,3203630,20,python
1768496507,4599,cudaLaunchKernel,0,5013,3203630,3203630,20,python
1768501867,4860,cudaLaunchKernel,0,5015,3203630,3203630,20,python
1768507498,4509,cudaLaunchKernel,0,5017,3203630,3203630,20,python
1768512548,3376,cudaMemsetAsync,0,5019,3203630,3203630,20,python
1768516195,2795,cudaMemsetAsync,0,5020,3203630,3203630,20,python
1768520012,4919,cudaLaunchKernel,0,5021,3203630,3203630,20,python
1768525703,4529,cudaLaunchKernel,0,5023,3203630,3203630,20,python
1768531093,4799,cudaLaunchKernel,0,5025,3203630,3203630,20,python
1768536634,5019,cudaLaunchKernel,0,5027,3203630,3203630,20,python
1768542726,4688,cudaLaunchKernel,0,5029,3203630,3203630,20,python
1768548216,4699,cudaLaunchKernel,0,5031,3203630,3203630,20,python
1768553697,4668,cudaLaunchKernel,0,5033,3203630,3203630,20,python
1768558997,3256,cudaMemsetAsync,0,5035,3203630,3203630,20,python
1768562533,2716,cudaMemsetAsync,0,5036,3203630,3203630,20,python
1768566992,5080,cudaLaunchKernel,0,5037,3203630,3203630,20,python
1768572893,4779,cudaLaunchKernel,0,5039,3203630,3203630,20,python
1768578434,4929,cudaLaunchKernel,0,5041,3203630,3203630,20,python
1768584105,4609,cudaLaunchKernel,0,5043,3203630,3203630,20,python
1768589565,3126,cudaMemsetAsync,0,5045,3203630,3203630,20,python
1768592972,2905,cudaMemsetAsync,0,5046,3203630,3203630,20,python
1768596128,2835,cudaMemsetAsync,0,5047,3203630,3203630,20,python
1768599965,4819,cudaLaunchKernel,0,5048,3203630,3203630,20,python
1768605606,4879,cudaLaunchKernel,0,5050,3203630,3203630,20,python
1768611247,4618,cudaLaunchKernel,0,5052,3203630,3203630,20,python
1768616637,4669,cudaLaunchKernel,0,5054,3203630,3203630,20,python
1768622127,4549,cudaLaunchKernel,0,5056,3203630,3203630,20,python
1768627528,4709,cudaLaunchKernel,0,5058,3203630,3203630,20,python
1768632838,4819,cudaLaunchKernel,0,5059,3203630,3203630,20,python
1768638348,3237,cudaMemsetAsync,0,5061,3203630,3203630,20,python
1768641855,2765,cudaMemsetAsync,0,5062,3203630,3203630,20,python
1768644921,2705,cudaMemsetAsync,0,5063,3203630,3203630,20,python
1768647877,2875,cudaMemsetAsync,0,5064,3203630,3203630,20,python
1768651063,2895,cudaMemsetAsync,0,5065,3203630,3203630,20,python
1768654209,2835,cudaMemsetAsync,0,5066,3203630,3203630,20,python
1768658297,5069,cudaLaunchKernel,0,5067,3203630,3203630,20,python
1768664198,5190,cudaLaunchKernel,0,5069,3203630,3203630,20,python
1768670199,5050,cudaLaunchKernel,0,5071,3203630,3203630,20,python
1768676041,4739,cudaLaunchKernel,0,5073,3203630,3203630,20,python
1768681571,4669,cudaLaunchKernel,0,5075,3203630,3203630,20,python
1768687753,5080,cudaLaunchKernel,0,5077,3203630,3203630,20,python
1768693594,4980,cudaLaunchKernel,0,5079,3203630,3203630,20,python
1768699475,4529,cudaLaunchKernel,0,5081,3203630,3203630,20,python
1768704856,4829,cudaLaunchKernel,0,5083,3203630,3203630,20,python
1768710436,4479,cudaLaunchKernel,0,5085,3203630,3203630,20,python
1768716418,4599,cudaLaunchKernel,0,5087,3203630,3203630,20,python
1768721818,4930,cudaLaunchKernel,0,5089,3203630,3203630,20,python
1768727509,5140,cudaLaunchKernel,0,5091,3203630,3203630,20,python
1768733420,4679,cudaLaunchKernel,0,5093,3203630,3203630,20,python
1768738921,4749,cudaLaunchKernel,0,5095,3203630,3203630,20,python
1768744191,4408,cudaLaunchKernel,0,5096,3203630,3203630,20,python
1768749090,4639,cudaLaunchKernel,0,5097,3203630,3203630,20,python
1768754240,4629,cudaLaunchKernel,0,5098,3203630,3203630,20,python
1768759460,3327,cudaMemsetAsync,0,5100,3203630,3203630,20,python
1768763057,2795,cudaMemsetAsync,0,5101,3203630,3203630,20,python
1768766353,4780,cudaLaunchKernel,0,5102,3203630,3203630,20,python
1768772315,4508,cudaLaunchKernel,0,5104,3203630,3203630,20,python
1768777565,4819,cudaLaunchKernel,0,5106,3203630,3203630,20,python
1768783156,4568,cudaLaunchKernel,0,5108,3203630,3203630,20,python
1768788506,4799,cudaLaunchKernel,0,5110,3203630,3203630,20,python
1768794076,4429,cudaLaunchKernel,0,5112,3203630,3203630,20,python
1768799056,4839,cudaLaunchKernel,0,5113,3203630,3203630,20,python
1768804496,3166,cudaMemsetAsync,0,5115,3203630,3203630,20,python
1768807933,2675,cudaMemsetAsync,0,5116,3203630,3203630,20,python
1768815067,4799,cudaLaunchKernel,0,5117,3203630,3203630,20,python
1768820657,5030,cudaLaunchKernel,0,5119,3203630,3203630,20,python
1768826529,5019,cudaLaunchKernel,0,5121,3203630,3203630,20,python
1768832380,4829,cudaLaunchKernel,0,5123,3203630,3203630,20,python
1768838031,4709,cudaLaunchKernel,0,5125,3203630,3203630,20,python
1768843531,4980,cudaLaunchKernel,0,5127,3203630,3203630,20,python
1768849062,3186,cudaMemsetAsync,0,5129,3203630,3203630,20,python
1768852829,4809,cudaLaunchKernel,0,5130,3203630,3203630,20,python
1768858941,4668,cudaLaunchKernel,0,5132,3203630,3203630,20,python
1768864441,4799,cudaLaunchKernel,0,5134,3203630,3203630,20,python
1768870072,4539,cudaLaunchKernel,0,5136,3203630,3203630,20,python
1768875162,3005,cudaMemsetAsync,0,5138,3203630,3203630,20,python
1768878678,4749,cudaLaunchKernel,0,5139,3203630,3203630,20,python
1768884419,4619,cudaLaunchKernel,0,5141,3203630,3203630,20,python
1768889760,4568,cudaLaunchKernel,0,5143,3203630,3203630,20,python
1768895080,4749,cudaLaunchKernel,0,5145,3203630,3203630,20,python
1768900550,4509,cudaLaunchKernel,0,5147,3203630,3203630,20,python
1768905820,4679,cudaLaunchKernel,0,5149,3203630,3203630,20,python
1768911040,3036,cudaMemsetAsync,0,5151,3203630,3203630,20,python
1768914557,4599,cudaLaunchKernel,0,5152,3203630,3203630,20,python
1768920418,4739,cudaLaunchKernel,0,5154,3203630,3203630,20,python
1768926009,4589,cudaLaunchKernel,0,5156,3203630,3203630,20,python
1768931399,4649,cudaLaunchKernel,0,5158,3203630,3203630,20,python
1768936880,4568,cudaLaunchKernel,0,5160,3203630,3203630,20,python
1768942350,4619,cudaLaunchKernel,0,5162,3203630,3203630,20,python
1768947811,4598,cudaLaunchKernel,0,5164,3203630,3203630,20,python
1768953251,4599,cudaLaunchKernel,0,5166,3203630,3203630,20,python
1768958621,4629,cudaLaunchKernel,0,5168,3203630,3203630,20,python
1768964022,4598,cudaLaunchKernel,0,5170,3203630,3203630,20,python
1768969171,3217,cudaMemsetAsync,0,5172,3203630,3203630,20,python
1768972869,4628,cudaLaunchKernel,0,5173,3203630,3203630,20,python
1768978790,4789,cudaLaunchKernel,0,5175,3203630,3203630,20,python
1768984411,4638,cudaLaunchKernel,0,5177,3203630,3203630,20,python
1768989821,4729,cudaLaunchKernel,0,5179,3203630,3203630,20,python
1768995332,4588,cudaLaunchKernel,0,5181,3203630,3203630,20,python
1769000772,4779,cudaLaunchKernel,0,5183,3203630,3203630,20,python
1769006353,4528,cudaLaunchKernel,0,5185,3203630,3203630,20,python
1769011713,4619,cudaLaunchKernel,0,5187,3203630,3203630,20,python
1769017394,4578,cudaLaunchKernel,0,5189,3203630,3203630,20,python
1769022794,4829,cudaLaunchKernel,0,5191,3203630,3203630,20,python
1769028395,4438,cudaLaunchKernel,0,5193,3203630,3203630,20,python
1769033615,4669,cudaLaunchKernel,0,5195,3203630,3203630,20,python
1769039095,5260,cudaLaunchKernel,0,5197,3203630,3203630,20,python
1769045167,5080,cudaLaunchKernel,0,5199,3203630,3203630,20,python
1769051058,4499,cudaLaunchKernel,0,5201,3203630,3203630,20,python
1769056258,4809,cudaLaunchKernel,0,5202,3203630,3203630,20,python
1769061839,4538,cudaLaunchKernel,0,5204,3203630,3203630,20,python
1769066969,3246,cudaMemsetAsync,0,5206,3203630,3203630,20,python
1769070495,2826,cudaMemsetAsync,0,5207,3203630,3203630,20,python
1769074503,4849,cudaLaunchKernel,0,5208,3203630,3203630,20,python
1769080094,4538,cudaLaunchKernel,0,5210,3203630,3203630,20,python
1769085394,4949,cudaLaunchKernel,0,5212,3203630,3203630,20,python
1769091105,4478,cudaLaunchKernel,0,5214,3203630,3203630,20,python
1769096084,4980,cudaLaunchKernel,0,5215,3203630,3203630,20,python
1769101915,5260,cudaLaunchKernel,0,5217,3203630,3203630,20,python
1769108789,3226,cudaMemsetAsync,0,5219,3203630,3203630,20,python
1769112295,2746,cudaMemsetAsync,0,5220,3203630,3203630,20,python
1769115552,4969,cudaLaunchKernel,0,5221,3203630,3203630,20,python
1769121303,5089,cudaLaunchKernel,0,5223,3203630,3203630,20,python
1769126943,3066,cudaMemsetAsync,0,5225,3203630,3203630,20,python
1769130570,4509,cudaLaunchKernel,0,5226,3203630,3203630,20,python
1769137453,5371,cudaLaunchKernel,0,5228,3203630,3203630,20,python
1769143976,4719,cudaLaunchKernel,0,5230,3203630,3203630,20,python
1769149346,7535,cudaMemcpyAsync,0,5232,3203630,3203630,20,python
1769157171,4318,cudaMemcpyAsync,0,5233,3203630,3203630,20,python
1769161780,3567,cudaEventRecord,0,5234,3203630,3203630,20,python
1769165667,5985983,cudaEventSynchronize,0,5235,3203630,3203630,20,python
1775152161,1854,cudaStreamSynchronize,0,5236,3203630,3203630,20,python
1775155678,6853,cudaLaunchKernel,0,5237,3203630,3203630,20,python
1775163193,3446,cudaEventRecord,0,5239,3203630,3203630,20,python
1775166890,1002,cudaEventSynchronize,0,5240,3203630,3203630,20,python
1775256321,3847,cudaDeviceSynchronize,0,5243,3203630,3203630,20,python
1775859465,1553,cudaStreamIsCapturing_v10000,0,5277,3203630,3203630,20,python
1775861489,731,cudaStreamGetDevice_v12080,0,5278,3203630,3203630,20,python
1775880766,470,cudaStreamIsCapturing_v10000,0,5311,3203630,3203630,20,python
1775881447,461,cudaStreamGetDevice_v12080,0,5312,3203630,3203630,20,python
1775887649,6733,cudaMemsetAsync,0,5323,3203630,3203630,20,python
1775894873,6793,cudaMemcpyAsync,0,5324,3203630,3203630,20,python
1775901986,5090,cudaMemcpyAsync,0,5325,3203630,3203630,20,python
1775907366,4379,cudaMemcpyAsync,0,5326,3203630,3203630,20,python
1775912065,4038,cudaMemcpyAsync,0,5327,3203630,3203630,20,python
1775916414,3987,cudaMemcpyAsync,0,5328,3203630,3203630,20,python
1775921273,11201,cudaLaunchKernel,0,5329,3203630,3203630,20,python
1775933226,5400,cudaMemcpyAsync,0,5331,3203630,3203630,20,python
1775938977,4258,cudaEventRecord,0,5332,3203630,3203630,20,python
1775943596,2014,cudaEventSynchronize,0,5333,3203630,3203630,20,python
1775947533,501,cudaStreamIsCapturing_v10000,0,5335,3203630,3203630,20,python
1775948415,3988,cudaMemcpyAsync,0,5336,3203630,3203630,20,python
1775952843,3587,cudaMemsetAsync,0,5337,3203630,3203630,20,python
1775956751,3106,cudaEventRecord,0,5338,3203630,3203630,20,python
1775960198,1893,cudaStreamWaitEvent,0,5339,3203630,3203630,20,python
1775962442,11151,cudaLaunchHostFunc_v10000,0,5340,3203630,3203630,20,python
1775974495,6933,cudaLaunchKernel,0,5341,3203630,3203630,20,python
1775988291,3557,cudaMemsetAsync,0,5343,3203630,3203630,20,python
1775992109,2965,cudaMemsetAsync,0,5344,3203630,3203630,20,python
1775995395,2875,cudaMemsetAsync,0,5345,3203630,3203630,20,python
1775998531,2725,cudaMemsetAsync,0,5346,3203630,3203630,20,python
1776001577,2935,cudaMemsetAsync,0,5347,3203630,3203630,20,python
1776004833,3216,cudaMemsetAsync,0,5348,3203630,3203630,20,python
1776008310,2835,cudaMemsetAsync,0,5349,3203630,3203630,20,python
1776011416,2715,cudaMemsetAsync,0,5350,3203630,3203630,20,python
1776014391,2675,cudaMemsetAsync,0,5351,3203630,3203630,20,python
1776017637,5461,cudaLaunchKernel,0,5352,3203630,3203630,20,python
1776023909,6453,cudaLaunchKernel,0,5354,3203630,3203630,20,python
1776031103,5260,cudaLaunchKernel,0,5356,3203630,3203630,20,python
1776037445,5120,cudaLaunchKernel,0,5358,3203630,3203630,20,python
1776043307,4628,cudaLaunchKernel,0,5360,3203630,3203630,20,python
1776048667,5079,cudaLaunchKernel,0,5362,3203630,3203630,20,python
1776054468,4889,cudaLaunchKernel,0,5364,3203630,3203630,20,python
1776060089,4929,cudaLaunchKernel,0,5366,3203630,3203630,20,python
1776066270,4589,cudaLaunchKernel,0,5368,3203630,3203630,20,python
1776071631,4969,cudaLaunchKernel,0,5370,3203630,3203630,20,python
1776077432,4809,cudaLaunchKernel,0,5372,3203630,3203630,20,python
1776083002,5451,cudaLaunchKernel,0,5374,3203630,3203630,20,python
1776089234,4649,cudaLaunchKernel,0,5376,3203630,3203630,20,python
1776094665,4949,cudaLaunchKernel,0,5378,3203630,3203630,20,python
1776100746,4489,cudaLaunchKernel,0,5380,3203630,3203630,20,python
1776106187,5320,cudaLaunchKernel,0,5382,3203630,3203630,20,python
1776112349,4819,cudaLaunchKernel,0,5384,3203630,3203630,20,python
1776117999,4810,cudaLaunchKernel,0,5386,3203630,3203630,20,python
1776123640,4679,cudaLaunchKernel,0,5388,3203630,3203630,20,python
1776129171,4699,cudaLaunchKernel,0,5390,3203630,3203630,20,python
1776135182,5000,cudaLaunchKernel,0,5392,3203630,3203630,20,python
1776141003,4629,cudaLaunchKernel,0,5394,3203630,3203630,20,python
1776146644,4729,cudaLaunchKernel,0,5396,3203630,3203630,20,python
1776152105,4438,cudaLaunchKernel,0,5398,3203630,3203630,20,python
1776157305,4999,cudaLaunchKernel,0,5400,3203630,3203630,20,python
1776163156,5300,cudaLaunchKernel,0,5402,3203630,3203630,20,python
1776169167,3647,cudaMemsetAsync,0,5404,3203630,3203630,20,python
1776173075,2905,cudaMemsetAsync,0,5405,3203630,3203630,20,python
1776176922,5050,cudaLaunchKernel,0,5406,3203630,3203630,20,python
1776182743,4639,cudaLaunchKernel,0,5408,3203630,3203630,20,python
1776188154,4939,cudaLaunchKernel,0,5410,3203630,3203630,20,python
1776193835,4999,cudaLaunchKernel,0,5412,3203630,3203630,20,python
1776199606,4518,cudaLaunchKernel,0,5414,3203630,3203630,20,python
1776204866,28294,cudaLaunchKernel,0,5416,3203630,3203630,20,python
1776234192,4939,cudaLaunchKernel,0,5418,3203630,3203630,20,python
1776244782,5080,cudaLaunchKernel,0,5424,3203630,3203630,20,python
1776250473,3717,cudaMemsetAsync,0,5426,3203630,3203630,20,python
1776254451,2795,cudaMemsetAsync,0,5427,3203630,3203630,20,python
1776259791,5300,cudaLaunchKernel,0,5428,3203630,3203630,20,python
1776265632,3176,cudaMemsetAsync,0,5430,3203630,3203630,20,python
1776269299,4799,cudaLaunchKernel,0,5431,3203630,3203630,20,python
1776274960,4939,cudaLaunchKernel,0,5433,3203630,3203630,20,python
1776281552,4689,cudaLaunchKernel,0,5435,3203630,3203630,20,python
1776287033,3236,cudaMemsetAsync,0,5437,3203630,3203630,20,python
1776291672,4999,cudaLaunchKernel,0,5438,3203630,3203630,20,python
1776297383,4328,cudaLaunchKernel,0,5440,3203630,3203630,20,python
1776302442,4519,cudaLaunchKernel,0,5442,3203630,3203630,20,python
1776307722,4599,cudaLaunchKernel,0,5444,3203630,3203630,20,python
1776313153,4919,cudaLaunchKernel,0,5446,3203630,3203630,20,python
1776318904,4539,cudaLaunchKernel,0,5448,3203630,3203630,20,python
1776324144,7735,cudaLaunchKernel,0,5450,3203630,3203630,20,python
1776332520,3376,cudaMemsetAsync,0,5452,3203630,3203630,20,python
1776336377,4619,cudaLaunchKernel,0,5453,3203630,3203630,20,python
1776341738,4688,cudaLaunchKernel,0,5455,3203630,3203630,20,python
1776347218,4509,cudaLaunchKernel,0,5457,3203630,3203630,20,python
1776352558,4559,cudaLaunchKernel,0,5459,3203630,3203630,20,python
1776358109,4589,cudaLaunchKernel,0,5461,3203630,3203630,20,python
1776363439,4649,cudaLaunchKernel,0,5463,3203630,3203630,20,python
1776368829,4198,cudaLaunchKernel,0,5465,3203630,3203630,20,python
1776374059,5351,cudaLaunchKernel,0,5467,3203630,3203630,20,python
1776381423,4770,cudaLaunchKernel,0,5469,3203630,3203630,20,python
1776387856,3356,cudaMemsetAsync,0,5472,3203630,3203630,20,python
1776392394,592,cudaStreamIsCapturing_v10000,0,5474,3203630,3203630,20,python
1776393256,1663,cudaStreamWaitEvent,0,5475,3203630,3203630,20,python
1776395250,8867,cudaMemcpyAsync,0,5476,3203630,3203630,20,python
1776404478,3827,cudaEventRecord,0,5477,3203630,3203630,20,python
1776408646,480,cudaStreamIsCapturing_v10000,0,5478,3203630,3203630,20,python
1776409447,14057,cudaGraphLaunch_v10000,0,5479,3203630,3203630,20,python
1776424406,3526,cudaMemsetAsync,0,5480,3203630,3203630,20,python
1776428193,2765,cudaMemsetAsync,0,5481,3203630,3203630,20,python
1776431219,2675,cudaMemsetAsync,0,5482,3203630,3203630,20,python
1776434144,2665,cudaMemsetAsync,0,5483,3203630,3203630,20,python
1776437060,2655,cudaMemsetAsync,0,5484,3203630,3203630,20,python
1776439975,2636,cudaMemsetAsync,0,5485,3203630,3203630,20,python
1776442861,2635,cudaMemsetAsync,0,5486,3203630,3203630,20,python
1776446147,6493,cudaLaunchKernel,0,5487,3203630,3203630,20,python
1776453221,3086,cudaMemsetAsync,0,5489,3203630,3203630,20,python
1776456788,5069,cudaLaunchKernel,0,5490,3203630,3203630,20,python
1776463170,5039,cudaLaunchKernel,0,5492,3203630,3203630,20,python
1776469051,4909,cudaLaunchKernel,0,5494,3203630,3203630,20,python
1776474862,4669,cudaLaunchKernel,0,5496,3203630,3203630,20,python
1776480363,4879,cudaLaunchKernel,0,5498,3203630,3203630,20,python
1776486084,4819,cudaLaunchKernel,0,5500,3203630,3203630,20,python
1776491745,5099,cudaLaunchKernel,0,5502,3203630,3203630,20,python
1776497696,4659,cudaLaunchKernel,0,5504,3203630,3203630,20,python
1776503186,3146,cudaMemsetAsync,0,5506,3203630,3203630,20,python
1776506613,2725,cudaMemsetAsync,0,5507,3203630,3203630,20,python
1776509609,2725,cudaMemsetAsync,0,5508,3203630,3203630,20,python
1776512835,4909,cudaLaunchKernel,0,5509,3203630,3203630,20,python
1776518325,3006,cudaMemsetAsync,0,5511,3203630,3203630,20,python
1776521672,2835,cudaMemsetAsync,0,5512,3203630,3203630,20,python
1776525639,4770,cudaLaunchKernel,0,5513,3203630,3203630,20,python
1776531160,5020,cudaLaunchKernel,0,5515,3203630,3203630,20,python
1776537001,4659,cudaLaunchKernel,0,5517,3203630,3203630,20,python
1776542482,4899,cudaLaunchKernel,0,5519,3203630,3203630,20,python
1776548233,5310,cudaLaunchKernel,0,5521,3203630,3203630,20,python
1776555837,3186,cudaMemsetAsync,0,5523,3203630,3203630,20,python
1776559294,2905,cudaMemsetAsync,0,5524,3203630,3203630,20,python
1776562770,5040,cudaLaunchKernel,0,5525,3203630,3203630,20,python
1776568451,2996,cudaMemsetAsync,0,5527,3203630,3203630,20,python
1776571708,2895,cudaMemsetAsync,0,5528,3203630,3203630,20,python
1776575805,4810,cudaLaunchKernel,0,5529,3203630,3203630,20,python
1776581426,4579,cudaLaunchKernel,0,5531,3203630,3203630,20,python
1776586746,4639,cudaLaunchKernel,0,5533,3203630,3203630,20,python
1776592147,4739,cudaLaunchKernel,0,5535,3203630,3203630,20,python
1776597457,3206,cudaMemsetAsync,0,5537,3203630,3203630,20,python
1776600953,2866,cudaMemsetAsync,0,5538,3203630,3203630,20,python
1776604580,4589,cudaLaunchKernel,0,5539,3203630,3203630,20,python
1776609971,4829,cudaLaunchKernel,0,5541,3203630,3203630,20,python
1776615561,4569,cudaLaunchKernel,0,5543,3203630,3203630,20,python
1776620721,2996,cudaMemsetAsync,0,5545,3203630,3203630,20,python
1776623978,2745,cudaMemsetAsync,0,5546,3203630,3203630,20,python
1776627564,2746,cudaMemsetAsync,0,5547,3203630,3203630,20,python
1776630831,7935,cudaLaunchKernel,0,5548,3203630,3203630,20,python
1776639567,4739,cudaLaunchKernel,0,5550,3203630,3203630,20,python
1776645108,4909,cudaLaunchKernel,0,5552,3203630,3203630,20,python
1776650799,4579,cudaLaunchKernel,0,5554,3203630,3203630,20,python
1776656149,4579,cudaLaunchKernel,0,5556,3203630,3203630,20,python
1776661489,4389,cudaLaunchKernel,0,5558,3203630,3203630,20,python
1776666419,3466,cudaMemsetAsync,0,5560,3203630,3203630,20,python
1776670136,2825,cudaMemsetAsync,0,5561,3203630,3203630,20,python
1776673953,4859,cudaLaunchKernel,0,5562,3203630,3203630,20,python
1776679594,4599,cudaLaunchKernel,0,5564,3203630,3203630,20,python
1776685044,4810,cudaLaunchKernel,0,5566,3203630,3203630,20,python
1776690585,4819,cudaLaunchKernel,0,5568,3203630,3203630,20,python
1776696146,4638,cudaLaunchKernel,0,5570,3203630,3203630,20,python
1776701586,4739,cudaLaunchKernel,0,5572,3203630,3203630,20,python
1776707097,4598,cudaLaunchKernel,0,5574,3203630,3203630,20,python
1776712327,3106,cudaMemsetAsync,0,5576,3203630,3203630,20,python
1776715703,2866,cudaMemsetAsync,0,5577,3203630,3203630,20,python
1776720292,4959,cudaLaunchKernel,0,5578,3203630,3203630,20,python
1776726063,4789,cudaLaunchKernel,0,5580,3203630,3203630,20,python
1776731603,4900,cudaLaunchKernel,0,5582,3203630,3203630,20,python
1776737254,4419,cudaLaunchKernel,0,5584,3203630,3203630,20,python
1776742274,3086,cudaMemsetAsync,0,5586,3203630,3203630,20,python
1776745620,2826,cudaMemsetAsync,0,5587,3203630,3203630,20,python
1776748696,2806,cudaMemsetAsync,0,5588,3203630,3203630,20,python
1776752433,5070,cudaLaunchKernel,0,5589,3203630,3203630,20,python
1776758315,4739,cudaLaunchKernel,0,5591,3203630,3203630,20,python
1776763795,4669,cudaLaunchKernel,0,5593,3203630,3203630,20,python
1776769255,4689,cudaLaunchKernel,0,5595,3203630,3203630,20,python
1776774716,4989,cudaLaunchKernel,0,5597,3203630,3203630,20,python
1776780537,4729,cudaLaunchKernel,0,5599,3203630,3203630,20,python
1776785827,4789,cudaLaunchKernel,0,5600,3203630,3203630,20,python
1776791298,3236,cudaMemsetAsync,0,5602,3203630,3203630,20,python
1776794804,2706,cudaMemsetAsync,0,5603,3203630,3203630,20,python
1776797800,2856,cudaMemsetAsync,0,5604,3203630,3203630,20,python
1776800896,2815,cudaMemsetAsync,0,5605,3203630,3203630,20,python
1776804032,2725,cudaMemsetAsync,0,5606,3203630,3203630,20,python
1776806998,2675,cudaMemsetAsync,0,5607,3203630,3203630,20,python
1776810885,5000,cudaLaunchKernel,0,5608,3203630,3203630,20,python
1776816696,4980,cudaLaunchKernel,0,5610,3203630,3203630,20,python
1776822487,5040,cudaLaunchKernel,0,5612,3203630,3203630,20,python
1776828318,4780,cudaLaunchKernel,0,5614,3203630,3203630,20,python
1776833859,4539,cudaLaunchKernel,0,5616,3203630,3203630,20,python
1776839891,4719,cudaLaunchKernel,0,5618,3203630,3203630,20,python
1776845351,5060,cudaLaunchKernel,0,5620,3203630,3203630,20,python
1776851262,4840,cudaLaunchKernel,0,5622,3203630,3203630,20,python
1776856923,4819,cudaLaunchKernel,0,5624,3203630,3203630,20,python
1776862494,4519,cudaLaunchKernel,0,5626,3203630,3203630,20,python
1776868345,4799,cudaLaunchKernel,0,5628,3203630,3203630,20,python
1776873896,4949,cudaLaunchKernel,0,5630,3203630,3203630,20,python
1776879597,5139,cudaLaunchKernel,0,5632,3203630,3203630,20,python
1776885688,4669,cudaLaunchKernel,0,5634,3203630,3203630,20,python
1776891189,4689,cudaLaunchKernel,0,5636,3203630,3203630,20,python
1776896399,4368,cudaLaunchKernel,0,5637,3203630,3203630,20,python
1776901278,4619,cudaLaunchKernel,0,5638,3203630,3203630,20,python
1776906438,4639,cudaLaunchKernel,0,5639,3203630,3203630,20,python
1776911638,3126,cudaMemsetAsync,0,5641,3203630,3203630,20,python
1776915024,2716,cudaMemsetAsync,0,5642,3203630,3203630,20,python
1776918241,4689,cudaLaunchKernel,0,5643,3203630,3203630,20,python
1776924082,4458,cudaLaunchKernel,0,5645,3203630,3203630,20,python
1776929272,4769,cudaLaunchKernel,0,5647,3203630,3203630,20,python
1776934822,4729,cudaLaunchKernel,0,5649,3203630,3203630,20,python
1776940313,4669,cudaLaunchKernel,0,5651,3203630,3203630,20,python
1776945753,4579,cudaLaunchKernel,0,5653,3203630,3203630,20,python
1776950883,4769,cudaLaunchKernel,0,5654,3203630,3203630,20,python
1776956233,5992,cudaMemsetAsync,0,5656,3203630,3203630,20,python
1776962495,2866,cudaMemsetAsync,0,5657,3203630,3203630,20,python
1776969789,4809,cudaLaunchKernel,0,5658,3203630,3203630,20,python
1776975380,5070,cudaLaunchKernel,0,5660,3203630,3203630,20,python
1776981562,5029,cudaLaunchKernel,0,5662,3203630,3203630,20,python
1776987393,4949,cudaLaunchKernel,0,5664,3203630,3203630,20,python
1776993144,4549,cudaLaunchKernel,0,5666,3203630,3203630,20,python
1776998504,4970,cudaLaunchKernel,0,5668,3203630,3203630,20,python
1777004015,3196,cudaMemsetAsync,0,5670,3203630,3203630,20,python
1777007792,4719,cudaLaunchKernel,0,5671,3203630,3203630,20,python
1777013833,4539,cudaLaunchKernel,0,5673,3203630,3203630,20,python
1777019204,4899,cudaLaunchKernel,0,5675,3203630,3203630,20,python
1777024935,4719,cudaLaunchKernel,0,5677,3203630,3203630,20,python
1777030195,3046,cudaMemsetAsync,0,5679,3203630,3203630,20,python
1777033721,4659,cudaLaunchKernel,0,5680,3203630,3203630,20,python
1777039402,4469,cudaLaunchKernel,0,5682,3203630,3203630,20,python
1777044572,4779,cudaLaunchKernel,0,5684,3203630,3203630,20,python
1777050073,4649,cudaLaunchKernel,0,5686,3203630,3203630,20,python
1777055443,4679,cudaLaunchKernel,0,5688,3203630,3203630,20,python
1777060843,4780,cudaLaunchKernel,0,5690,3203630,3203630,20,python
1777066154,3176,cudaMemsetAsync,0,5692,3203630,3203630,20,python
1777069811,4468,cudaLaunchKernel,0,5693,3203630,3203630,20,python
1777075521,4850,cudaLaunchKernel,0,5695,3203630,3203630,20,python
1777081242,4599,cudaLaunchKernel,0,5697,3203630,3203630,20,python
1777086633,4568,cudaLaunchKernel,0,5699,3203630,3203630,20,python
1777092033,4599,cudaLaunchKernel,0,5701,3203630,3203630,20,python
1777097453,4629,cudaLaunchKernel,0,5703,3203630,3203630,20,python
1777102924,4609,cudaLaunchKernel,0,5705,3203630,3203630,20,python
1777108384,4689,cudaLaunchKernel,0,5707,3203630,3203630,20,python
1777113835,4769,cudaLaunchKernel,0,5709,3203630,3203630,20,python
1777119385,4609,cudaLaunchKernel,0,5711,3203630,3203630,20,python
1777124535,3166,cudaMemsetAsync,0,5713,3203630,3203630,20,python
1777128182,4659,cudaLaunchKernel,0,5714,3203630,3203630,20,python
1777134003,4439,cudaLaunchKernel,0,5716,3203630,3203630,20,python
1777139253,4589,cudaLaunchKernel,0,5718,3203630,3203630,20,python
1777144614,4578,cudaLaunchKernel,0,5720,3203630,3203630,20,python
1777149984,4709,cudaLaunchKernel,0,5722,3203630,3203630,20,python
1777155515,4799,cudaLaunchKernel,0,5724,3203630,3203630,20,python
1777161125,4429,cudaLaunchKernel,0,5726,3203630,3203630,20,python
1777166355,4669,cudaLaunchKernel,0,5728,3203630,3203630,20,python
1777171856,4528,cudaLaunchKernel,0,5730,3203630,3203630,20,python
1777177206,4809,cudaLaunchKernel,0,5732,3203630,3203630,20,python
1777182777,4568,cudaLaunchKernel,0,5734,3203630,3203630,20,python
1777188107,4719,cudaLaunchKernel,0,5736,3203630,3203630,20,python
1777193627,4950,cudaLaunchKernel,0,5738,3203630,3203630,20,python
1777199368,4810,cudaLaunchKernel,0,5740,3203630,3203630,20,python
1777205009,10921,cudaLaunchKernel,0,5742,3203630,3203630,20,python
1777216511,4709,cudaLaunchKernel,0,5743,3203630,3203630,20,python
1777222002,4939,cudaLaunchKernel,0,5745,3203630,3203630,20,python
1777227522,3427,cudaMemsetAsync,0,5747,3203630,3203630,20,python
1777231219,2846,cudaMemsetAsync,0,5748,3203630,3203630,20,python
1777235267,4930,cudaLaunchKernel,0,5749,3203630,3203630,20,python
1777240978,4549,cudaLaunchKernel,0,5751,3203630,3203630,20,python
1777246288,4839,cudaLaunchKernel,0,5753,3203630,3203630,20,python
1777251899,4519,cudaLaunchKernel,0,5755,3203630,3203630,20,python
1777256939,4829,cudaLaunchKernel,0,5756,3203630,3203630,20,python
1777262629,5200,cudaLaunchKernel,0,5758,3203630,3203630,20,python
1777269432,3207,cudaMemsetAsync,0,5760,3203630,3203630,20,python
1777272899,2685,cudaMemsetAsync,0,5761,3203630,3203630,20,python
1777276085,5220,cudaLaunchKernel,0,5762,3203630,3203630,20,python
1777282087,4959,cudaLaunchKernel,0,5764,3203630,3203630,20,python
1777287587,2976,cudaMemsetAsync,0,5766,3203630,3203630,20,python
1777291104,4629,cudaLaunchKernel,0,5767,3203630,3203630,20,python
1777298117,5321,cudaLaunchKernel,0,5769,3203630,3203630,20,python
1777304580,7624,cudaLaunchKernel,0,5771,3203630,3203630,20,python
1777312866,7744,cudaMemcpyAsync,0,5773,3203630,3203630,20,python
1777320921,3978,cudaMemcpyAsync,0,5774,3203630,3203630,20,python
1777325189,3767,cudaEventRecord,0,5775,3203630,3203630,20,python
1777329257,5975934,cudaEventSynchronize,0,5776,3203630,3203630,20,python
1783305642,1913,cudaStreamSynchronize,0,5777,3203630,3203630,20,python
1783308978,6673,cudaLaunchKernel,0,5778,3203630,3203630,20,python
1783316352,3587,cudaEventRecord,0,5780,3203630,3203630,20,python
1783320210,941,cudaEventSynchronize,0,5781,3203630,3203630,20,python
1783397648,3667,cudaDeviceSynchronize,0,5784,3203630,3203630,20,python
1783410983,1363,cudaDeviceSynchronize,0,5788,3203630,3203630,20,python
1783988338,1342,cudaStreamIsCapturing_v10000,0,5822,3203630,3203630,20,python
1783990091,722,cudaStreamGetDevice_v12080,0,5823,3203630,3203630,20,python
1784008977,471,cudaStreamIsCapturing_v10000,0,5856,3203630,3203630,20,python
1784009659,451,cudaStreamGetDevice_v12080,0,5857,3203630,3203630,20,python
1784015861,6582,cudaMemsetAsync,0,5868,3203630,3203630,20,python
1784022964,6693,cudaMemcpyAsync,0,5869,3203630,3203630,20,python
1784030018,4879,cudaMemcpyAsync,0,5870,3203630,3203630,20,python
1784035198,4408,cudaMemcpyAsync,0,5871,3203630,3203630,20,python
1784039927,4478,cudaMemcpyAsync,0,5872,3203630,3203630,20,python
1784044716,4138,cudaMemcpyAsync,0,5873,3203630,3203630,20,python
1784049785,10981,cudaLaunchKernel,0,5874,3203630,3203630,20,python
1784061518,5270,cudaMemcpyAsync,0,5876,3203630,3203630,20,python
1784067139,4057,cudaEventRecord,0,5877,3203630,3203630,20,python
1784071517,1934,cudaEventSynchronize,0,5878,3203630,3203630,20,python
1784075394,511,cudaStreamIsCapturing_v10000,0,5880,3203630,3203630,20,python
1784076296,3988,cudaMemcpyAsync,0,5881,3203630,3203630,20,python
1784080655,3596,cudaMemsetAsync,0,5882,3203630,3203630,20,python
1784084562,3086,cudaEventRecord,0,5883,3203630,3203630,20,python
1784087958,1874,cudaStreamWaitEvent,0,5884,3203630,3203630,20,python
1784090173,7574,cudaLaunchHostFunc_v10000,0,5885,3203630,3203630,20,python
1784098479,6482,cudaLaunchKernel,0,5886,3203630,3203630,20,python
1784111824,3357,cudaMemsetAsync,0,5888,3203630,3203630,20,python
1784115431,3026,cudaMemsetAsync,0,5889,3203630,3203630,20,python
1784118787,2906,cudaMemsetAsync,0,5890,3203630,3203630,20,python
1784121954,2965,cudaMemsetAsync,0,5891,3203630,3203630,20,python
1784125240,2815,cudaMemsetAsync,0,5892,3203630,3203630,20,python
1784128376,2725,cudaMemsetAsync,0,5893,3203630,3203630,20,python
1784131362,2875,cudaMemsetAsync,0,5894,3203630,3203630,20,python
1784134518,2745,cudaMemsetAsync,0,5895,3203630,3203630,20,python
1784137513,2726,cudaMemsetAsync,0,5896,3203630,3203630,20,python
1784140810,5450,cudaLaunchKernel,0,5897,3203630,3203630,20,python
1784147062,5620,cudaLaunchKernel,0,5899,3203630,3203630,20,python
1784153564,6102,cudaLaunchKernel,0,5901,3203630,3203630,20,python
1784160758,5390,cudaLaunchKernel,0,5903,3203630,3203630,20,python
1784166879,6663,cudaLaunchKernel,0,5905,3203630,3203630,20,python
1784174284,4969,cudaLaunchKernel,0,5907,3203630,3203630,20,python
1784179975,4789,cudaLaunchKernel,0,5909,3203630,3203630,20,python
1784185505,4910,cudaLaunchKernel,0,5911,3203630,3203630,20,python
1784191687,4849,cudaLaunchKernel,0,5913,3203630,3203630,20,python
1784197308,4799,cudaLaunchKernel,0,5915,3203630,3203630,20,python
1784202928,12064,cudaLaunchKernel,0,5917,3203630,3203630,20,python
1784215873,5922,cudaLaunchKernel,0,5919,3203630,3203630,20,python
1784222636,4619,cudaLaunchKernel,0,5921,3203630,3203630,20,python
1784228016,4770,cudaLaunchKernel,0,5923,3203630,3203630,20,python
1784233928,4428,cudaLaunchKernel,0,5925,3203630,3203630,20,python
1784239108,5099,cudaLaunchKernel,0,5927,3203630,3203630,20,python
1784245049,4769,cudaLaunchKernel,0,5929,3203630,3203630,20,python
1784250640,4759,cudaLaunchKernel,0,5931,3203630,3203630,20,python
1784256210,4709,cudaLaunchKernel,0,5933,3203630,3203630,20,python
1784261771,4769,cudaLaunchKernel,0,5935,3203630,3203630,20,python
1784267893,4799,cudaLaunchKernel,0,5937,3203630,3203630,20,python
1784273524,4418,cudaLaunchKernel,0,5939,3203630,3203630,20,python
1784278944,4509,cudaLaunchKernel,0,5941,3203630,3203630,20,python
1784284204,5050,cudaLaunchKernel,0,5943,3203630,3203630,20,python
1784290005,15860,cudaLaunchKernel,0,5945,3203630,3203630,20,python
1784306757,4940,cudaLaunchKernel,0,5947,3203630,3203630,20,python
1784312428,3857,cudaMemsetAsync,0,5949,3203630,3203630,20,python
1784316546,3116,cudaMemsetAsync,0,5950,3203630,3203630,20,python
1784320734,5019,cudaLaunchKernel,0,5951,3203630,3203630,20,python
1784326535,4398,cudaLaunchKernel,0,5953,3203630,3203630,20,python
1784331705,4689,cudaLaunchKernel,0,5955,3203630,3203630,20,python
1784337125,4749,cudaLaunchKernel,0,5957,3203630,3203630,20,python
1784342666,4599,cudaLaunchKernel,0,5959,3203630,3203630,20,python
1784348026,4779,cudaLaunchKernel,0,5961,3203630,3203630,20,python
1784353717,4939,cudaLaunchKernel,0,5963,3203630,3203630,20,python
1784364077,4849,cudaLaunchKernel,0,5969,3203630,3203630,20,python
1784369527,3427,cudaMemsetAsync,0,5971,3203630,3203630,20,python
1784373214,3106,cudaMemsetAsync,0,5972,3203630,3203630,20,python
1784378815,4909,cudaLaunchKernel,0,5973,3203630,3203630,20,python
1784384275,3106,cudaMemsetAsync,0,5975,3203630,3203630,20,python
1784387872,4820,cudaLaunchKernel,0,5976,3203630,3203630,20,python
1784393573,4749,cudaLaunchKernel,0,5978,3203630,3203630,20,python
1784399915,4739,cudaLaunchKernel,0,5980,3203630,3203630,20,python
1784405476,3096,cudaMemsetAsync,0,5982,3203630,3203630,20,python
1784409975,4829,cudaLaunchKernel,0,5983,3203630,3203630,20,python
1784415515,4328,cudaLaunchKernel,0,5985,3203630,3203630,20,python
1784420575,4609,cudaLaunchKernel,0,5987,3203630,3203630,20,python
1784425975,4218,cudaLaunchKernel,0,5989,3203630,3203630,20,python
1784431055,4489,cudaLaunchKernel,0,5991,3203630,3203630,20,python
1784436355,4609,cudaLaunchKernel,0,5993,3203630,3203630,20,python
1784441705,4469,cudaLaunchKernel,0,5995,3203630,3203630,20,python
1784446785,3196,cudaMemsetAsync,0,5997,3203630,3203630,20,python
1784450452,4859,cudaLaunchKernel,0,5998,3203630,3203630,20,python
1784456063,4589,cudaLaunchKernel,0,6000,3203630,3203630,20,python
1784461383,4438,cudaLaunchKernel,0,6002,3203630,3203630,20,python
1784466603,4368,cudaLaunchKernel,0,6004,3203630,3203630,20,python
1784471903,4399,cudaLaunchKernel,0,6006,3203630,3203630,20,python
1784477023,4438,cudaLaunchKernel,0,6008,3203630,3203630,20,python
1784482193,4218,cudaLaunchKernel,0,6010,3203630,3203630,20,python
1784487493,5210,cudaLaunchKernel,0,6012,3203630,3203630,20,python
1784494576,4579,cudaLaunchKernel,0,6014,3203630,3203630,20,python
1784500768,3307,cudaMemsetAsync,0,6017,3203630,3203630,20,python
1784505267,621,cudaStreamIsCapturing_v10000,0,6019,3203630,3203630,20,python
1784506139,2054,cudaStreamWaitEvent,0,6020,3203630,3203630,20,python
1784508533,8707,cudaMemcpyAsync,0,6021,3203630,3203630,20,python
1784517560,3748,cudaEventRecord,0,6022,3203630,3203630,20,python
1784521648,481,cudaStreamIsCapturing_v10000,0,6023,3203630,3203630,20,python
1784522460,13987,cudaGraphLaunch_v10000,0,6024,3203630,3203630,20,python
1784537268,3647,cudaMemsetAsync,0,6025,3203630,3203630,20,python
1784541176,2805,cudaMemsetAsync,0,6026,3203630,3203630,20,python
1784544472,2735,cudaMemsetAsync,0,6027,3203630,3203630,20,python
1784547468,2655,cudaMemsetAsync,0,6028,3203630,3203630,20,python
1784550383,2715,cudaMemsetAsync,0,6029,3203630,3203630,20,python
1784553359,2936,cudaMemsetAsync,0,6030,3203630,3203630,20,python
1784556545,2685,cudaMemsetAsync,0,6031,3203630,3203630,20,python
1784559992,6502,cudaLaunchKernel,0,6032,3203630,3203630,20,python
1784567095,3056,cudaMemsetAsync,0,6034,3203630,3203630,20,python
1784570632,5360,cudaLaunchKernel,0,6035,3203630,3203630,20,python
1784577305,4989,cudaLaunchKernel,0,6037,3203630,3203630,20,python
1784583126,4599,cudaLaunchKernel,0,6039,3203630,3203630,20,python
1784588536,4699,cudaLaunchKernel,0,6041,3203630,3203630,20,python
1784594097,4799,cudaLaunchKernel,0,6043,3203630,3203630,20,python
1784599728,4568,cudaLaunchKernel,0,6045,3203630,3203630,20,python
1784605118,4849,cudaLaunchKernel,0,6047,3203630,3203630,20,python
1784610809,4779,cudaLaunchKernel,0,6049,3203630,3203630,20,python
1784616410,3236,cudaMemsetAsync,0,6051,3203630,3203630,20,python
1784619926,2716,cudaMemsetAsync,0,6052,3203630,3203630,20,python
1784622912,6212,cudaMemsetAsync,0,6053,3203630,3203630,20,python
1784629665,4990,cudaLaunchKernel,0,6054,3203630,3203630,20,python
1784635256,3126,cudaMemsetAsync,0,6056,3203630,3203630,20,python
1784638662,2906,cudaMemsetAsync,0,6057,3203630,3203630,20,python
1784642309,4890,cudaLaunchKernel,0,6058,3203630,3203630,20,python
1784647970,4869,cudaLaunchKernel,0,6060,3203630,3203630,20,python
1784653731,4659,cudaLaunchKernel,0,6062,3203630,3203630,20,python
1784659181,4820,cudaLaunchKernel,0,6064,3203630,3203630,20,python
1784664862,4920,cudaLaunchKernel,0,6066,3203630,3203630,20,python
1784671996,3216,cudaMemsetAsync,0,6068,3203630,3203630,20,python
1784675503,2885,cudaMemsetAsync,0,6069,3203630,3203630,20,python
1784679029,4830,cudaLaunchKernel,0,6070,3203630,3203630,20,python
1784684450,3066,cudaMemsetAsync,0,6072,3203630,3203630,20,python
1784687786,2806,cudaMemsetAsync,0,6073,3203630,3203630,20,python
1784691824,4709,cudaLaunchKernel,0,6074,3203630,3203630,20,python
1784697324,4549,cudaLaunchKernel,0,6076,3203630,3203630,20,python
1784702625,4528,cudaLaunchKernel,0,6078,3203630,3203630,20,python
1784707915,4689,cudaLaunchKernel,0,6080,3203630,3203630,20,python
1784713225,3106,cudaMemsetAsync,0,6082,3203630,3203630,20,python
1784716591,2736,cudaMemsetAsync,0,6083,3203630,3203630,20,python
1784720118,4679,cudaLaunchKernel,0,6084,3203630,3203630,20,python
1784725649,4739,cudaLaunchKernel,0,6086,3203630,3203630,20,python
1784731159,4689,cudaLaunchKernel,0,6088,3203630,3203630,20,python
1784736399,3126,cudaMemsetAsync,0,6090,3203630,3203630,20,python
1784739796,2745,cudaMemsetAsync,0,6091,3203630,3203630,20,python
1784743393,2815,cudaMemsetAsync,0,6092,3203630,3203630,20,python
1784746729,4779,cudaLaunchKernel,0,6093,3203630,3203630,20,python
1784752280,4709,cudaLaunchKernel,0,6095,3203630,3203630,20,python
1784757780,4539,cudaLaunchKernel,0,6097,3203630,3203630,20,python
1784763120,4619,cudaLaunchKernel,0,6099,3203630,3203630,20,python
1784768491,4488,cudaLaunchKernel,0,6101,3203630,3203630,20,python
1784773751,4548,cudaLaunchKernel,0,6103,3203630,3203630,20,python
1784779071,3266,cudaMemsetAsync,0,6105,3203630,3203630,20,python
1784782638,2725,cudaMemsetAsync,0,6106,3203630,3203630,20,python
1784786365,4819,cudaLaunchKernel,0,6107,3203630,3203630,20,python
1784791955,4679,cudaLaunchKernel,0,6109,3203630,3203630,20,python
1784797496,4789,cudaLaunchKernel,0,6111,3203630,3203630,20,python
1784803037,4979,cudaLaunchKernel,0,6113,3203630,3203630,20,python
1784808758,4528,cudaLaunchKernel,0,6115,3203630,3203630,20,python
1784814078,4589,cudaLaunchKernel,0,6117,3203630,3203630,20,python
1784819448,4569,cudaLaunchKernel,0,6119,3203630,3203630,20,python
1784824678,3136,cudaMemsetAsync,0,6121,3203630,3203630,20,python
1784828085,2815,cudaMemsetAsync,0,6122,3203630,3203630,20,python
1784832603,4729,cudaLaunchKernel,0,6123,3203630,3203630,20,python
1784838124,4839,cudaLaunchKernel,0,6125,3203630,3203630,20,python
1784843715,4648,cudaLaunchKernel,0,6127,3203630,3203630,20,python
1784849335,4469,cudaLaunchKernel,0,6129,3203630,3203630,20,python
1784854375,3156,cudaMemsetAsync,0,6131,3203630,3203630,20,python
1784857791,2746,cudaMemsetAsync,0,6132,3203630,3203630,20,python
1784860797,2826,cudaMemsetAsync,0,6133,3203630,3203630,20,python
1784864514,4880,cudaLaunchKernel,0,6134,3203630,3203630,20,python
1784870215,4719,cudaLaunchKernel,0,6136,3203630,3203630,20,python
1784875676,4598,cudaLaunchKernel,0,6138,3203630,3203630,20,python
1784881046,4589,cudaLaunchKernel,0,6140,3203630,3203630,20,python
1784886366,4669,cudaLaunchKernel,0,6142,3203630,3203630,20,python
1784891887,4598,cudaLaunchKernel,0,6144,3203630,3203630,20,python
1784897067,4669,cudaLaunchKernel,0,6145,3203630,3203630,20,python
1784902407,3116,cudaMemsetAsync,0,6147,3203630,3203630,20,python
1784905793,2725,cudaMemsetAsync,0,6148,3203630,3203630,20,python
1784908829,2635,cudaMemsetAsync,0,6149,3203630,3203630,20,python
1784911715,2745,cudaMemsetAsync,0,6150,3203630,3203630,20,python
1784914780,2696,cudaMemsetAsync,0,6151,3203630,3203630,20,python
1784917746,2685,cudaMemsetAsync,0,6152,3203630,3203630,20,python
1784921614,4869,cudaLaunchKernel,0,6153,3203630,3203630,20,python
1784927304,7825,cudaLaunchKernel,0,6155,3203630,3203630,20,python
1784936011,4970,cudaLaunchKernel,0,6157,3203630,3203630,20,python
1784941832,4739,cudaLaunchKernel,0,6159,3203630,3203630,20,python
1784947363,4609,cudaLaunchKernel,0,6161,3203630,3203630,20,python
1784953485,4678,cudaLaunchKernel,0,6163,3203630,3203630,20,python
1784959065,4920,cudaLaunchKernel,0,6165,3203630,3203630,20,python
1784964836,4629,cudaLaunchKernel,0,6167,3203630,3203630,20,python
1784970237,4679,cudaLaunchKernel,0,6169,3203630,3203630,20,python
1784975667,4549,cudaLaunchKernel,0,6171,3203630,3203630,20,python
1784981618,4589,cudaLaunchKernel,0,6173,3203630,3203630,20,python
1784986969,5019,cudaLaunchKernel,0,6175,3203630,3203630,20,python
1784992730,4949,cudaLaunchKernel,0,6177,3203630,3203630,20,python
1784998441,4638,cudaLaunchKernel,0,6179,3203630,3203630,20,python
1785003991,4599,cudaLaunchKernel,0,6181,3203630,3203630,20,python
1785009111,4378,cudaLaunchKernel,0,6182,3203630,3203630,20,python
1785014010,4449,cudaLaunchKernel,0,6183,3203630,3203630,20,python
1785018970,4629,cudaLaunchKernel,0,6184,3203630,3203630,20,python
1785024180,3266,cudaMemsetAsync,0,6186,3203630,3203630,20,python
1785027717,2865,cudaMemsetAsync,0,6187,3203630,3203630,20,python
1785031073,4729,cudaLaunchKernel,0,6188,3203630,3203630,20,python
1785036944,4639,cudaLaunchKernel,0,6190,3203630,3203630,20,python
1785042325,4709,cudaLaunchKernel,0,6192,3203630,3203630,20,python
1785047815,4679,cudaLaunchKernel,0,6194,3203630,3203630,20,python
1785053255,4830,cudaLaunchKernel,0,6196,3203630,3203630,20,python
1785058846,4429,cudaLaunchKernel,0,6198,3203630,3203630,20,python
1785063816,4769,cudaLaunchKernel,0,6199,3203630,3203630,20,python
1785069186,3166,cudaMemsetAsync,0,6201,3203630,3203630,20,python
1785072612,2696,cudaMemsetAsync,0,6202,3203630,3203630,20,python
1785079546,4869,cudaLaunchKernel,0,6203,3203630,3203630,20,python
1785085197,4919,cudaLaunchKernel,0,6205,3203630,3203630,20,python
1785090927,4920,cudaLaunchKernel,0,6207,3203630,3203630,20,python
1785096648,4810,cudaLaunchKernel,0,6209,3203630,3203630,20,python
1785102279,4629,cudaLaunchKernel,0,6211,3203630,3203630,20,python
1785107720,4809,cudaLaunchKernel,0,6213,3203630,3203630,20,python
1785113070,3176,cudaMemsetAsync,0,6215,3203630,3203630,20,python
1785116827,4599,cudaLaunchKernel,0,6216,3203630,3203630,20,python
1785122698,4699,cudaLaunchKernel,0,6218,3203630,3203630,20,python
1785128239,4739,cudaLaunchKernel,0,6220,3203630,3203630,20,python
1785133790,4688,cudaLaunchKernel,0,6222,3203630,3203630,20,python
1785139009,3126,cudaMemsetAsync,0,6224,3203630,3203630,20,python
1785142646,4619,cudaLaunchKernel,0,6225,3203630,3203630,20,python
1785148257,4479,cudaLaunchKernel,0,6227,3203630,3203630,20,python
1785153447,4489,cudaLaunchKernel,0,6229,3203630,3203630,20,python
1785158677,4519,cudaLaunchKernel,0,6231,3203630,3203630,20,python
1785163917,4519,cudaLaunchKernel,0,6233,3203630,3203630,20,python
1785169167,4469,cudaLaunchKernel,0,6235,3203630,3203630,20,python
1785174167,3036,cudaMemsetAsync,0,6237,3203630,3203630,20,python
1785177734,4408,cudaLaunchKernel,0,6238,3203630,3203630,20,python
1785183384,4579,cudaLaunchKernel,0,6240,3203630,3203630,20,python
1785188805,4468,cudaLaunchKernel,0,6242,3203630,3203630,20,python
1785194075,4599,cudaLaunchKernel,0,6244,3203630,3203630,20,python
1785199485,4599,cudaLaunchKernel,0,6246,3203630,3203630,20,python
1785204916,10790,cudaLaunchKernel,0,6248,3203630,3203630,20,python
1785216588,4649,cudaLaunchKernel,0,6250,3203630,3203630,20,python
1785222078,4800,cudaLaunchKernel,0,6252,3203630,3203630,20,python
1785227669,4679,cudaLaunchKernel,0,6254,3203630,3203630,20,python
1785233130,4628,cudaLaunchKernel,0,6256,3203630,3203630,20,python
1785238289,3457,cudaMemsetAsync,0,6258,3203630,3203630,20,python
1785242247,4499,cudaLaunchKernel,0,6259,3203630,3203630,20,python
1785247908,4609,cudaLaunchKernel,0,6261,3203630,3203630,20,python
1785253318,4439,cudaLaunchKernel,0,6263,3203630,3203630,20,python
1785258548,4559,cudaLaunchKernel,0,6265,3203630,3203630,20,python
1785263908,4579,cudaLaunchKernel,0,6267,3203630,3203630,20,python
1785269389,4589,cudaLaunchKernel,0,6269,3203630,3203630,20,python
1785274779,7374,cudaLaunchKernel,0,6271,3203630,3203630,20,python
1785282975,4609,cudaLaunchKernel,0,6273,3203630,3203630,20,python
1785288415,4639,cudaLaunchKernel,0,6275,3203630,3203630,20,python
1785293866,4829,cudaLaunchKernel,0,6277,3203630,3203630,20,python
1785299446,4639,cudaLaunchKernel,0,6279,3203630,3203630,20,python
1785304897,4549,cudaLaunchKernel,0,6281,3203630,3203630,20,python
1785310267,4669,cudaLaunchKernel,0,6283,3203630,3203630,20,python
1785315728,4769,cudaLaunchKernel,0,6285,3203630,3203630,20,python
1785321328,4609,cudaLaunchKernel,0,6287,3203630,3203630,20,python
1785326488,4659,cudaLaunchKernel,0,6288,3203630,3203630,20,python
1785331919,4498,cudaLaunchKernel,0,6290,3203630,3203630,20,python
1785336998,3347,cudaMemsetAsync,0,6292,3203630,3203630,20,python
1785340615,2766,cudaMemsetAsync,0,6293,3203630,3203630,20,python
1785344543,4799,cudaLaunchKernel,0,6294,3203630,3203630,20,python
1785350163,4549,cudaLaunchKernel,0,6296,3203630,3203630,20,python
1785355464,4749,cudaLaunchKernel,0,6298,3203630,3203630,20,python
1785360974,4529,cudaLaunchKernel,0,6300,3203630,3203630,20,python
1785366034,4939,cudaLaunchKernel,0,6301,3203630,3203630,20,python
1785371815,5090,cudaLaunchKernel,0,6303,3203630,3203630,20,python
1785378498,3607,cudaMemsetAsync,0,6305,3203630,3203630,20,python
1785382375,2816,cudaMemsetAsync,0,6306,3203630,3203630,20,python
1785385691,5050,cudaLaunchKernel,0,6307,3203630,3203630,20,python
1785391533,4939,cudaLaunchKernel,0,6309,3203630,3203630,20,python
1785397013,3096,cudaMemsetAsync,0,6311,3203630,3203630,20,python
1785400650,4719,cudaLaunchKernel,0,6312,3203630,3203630,20,python
1785407694,5099,cudaLaunchKernel,0,6314,3203630,3203630,20,python
1785413915,4720,cudaLaunchKernel,0,6316,3203630,3203630,20,python
1785419276,7845,cudaMemcpyAsync,0,6318,3203630,3203630,20,python
1785427421,4138,cudaMemcpyAsync,0,6319,3203630,3203630,20,python
1785431850,3757,cudaEventRecord,0,6320,3203630,3203630,20,python
1785435928,5973920,cudaEventSynchronize,0,6321,3203630,3203630,20,python
1791410298,1834,cudaStreamSynchronize,0,6322,3203630,3203630,20,python
1791413515,6262,cudaLaunchKernel,0,6323,3203630,3203630,20,python
1791420408,3276,cudaEventRecord,0,6325,3203630,3203630,20,python
1791423975,941,cudaEventSynchronize,0,6326,3203630,3203630,20,python
1791500431,3497,cudaDeviceSynchronize,0,6329,3203630,3203630,20,python
1791515339,1333,cudaDeviceSynchronize,0,6333,3203630,3203630,20,python
1792105879,1473,cudaStreamIsCapturing_v10000,0,6367,3203630,3203630,20,python
1792107823,701,cudaStreamGetDevice_v12080,0,6368,3203630,3203630,20,python
1792126509,461,cudaStreamIsCapturing_v10000,0,6401,3203630,3203630,20,python
1792127190,451,cudaStreamGetDevice_v12080,0,6402,3203630,3203630,20,python
1792133392,6593,cudaMemsetAsync,0,6413,3203630,3203630,20,python
1792140445,6633,cudaMemcpyAsync,0,6414,3203630,3203630,20,python
1792147419,4979,cudaMemcpyAsync,0,6415,3203630,3203630,20,python
1792152689,4208,cudaMemcpyAsync,0,6416,3203630,3203630,20,python
1792157218,4127,cudaMemcpyAsync,0,6417,3203630,3203630,20,python
1792161636,4118,cudaMemcpyAsync,0,6418,3203630,3203630,20,python
1792166706,10800,cudaLaunchKernel,0,6419,3203630,3203630,20,python
1792178218,5240,cudaMemcpyAsync,0,6421,3203630,3203630,20,python
1792183818,4108,cudaEventRecord,0,6422,3203630,3203630,20,python
1792188267,1984,cudaEventSynchronize,0,6423,3203630,3203630,20,python
1792192174,501,cudaStreamIsCapturing_v10000,0,6425,3203630,3203630,20,python
1792193056,3968,cudaMemcpyAsync,0,6426,3203630,3203630,20,python
1792197445,3636,cudaMemsetAsync,0,6427,3203630,3203630,20,python
1792201392,3036,cudaEventRecord,0,6428,3203630,3203630,20,python
1792204769,8907,cudaStreamWaitEvent,0,6429,3203630,3203630,20,python
1792214046,7064,cudaLaunchHostFunc_v10000,0,6430,3203630,3203630,20,python
1792221891,6964,cudaLaunchKernel,0,6431,3203630,3203630,20,python
1792235888,3266,cudaMemsetAsync,0,6433,3203630,3203630,20,python
1792239415,3056,cudaMemsetAsync,0,6434,3203630,3203630,20,python
1792242801,2836,cudaMemsetAsync,0,6435,3203630,3203630,20,python
1792245907,2836,cudaMemsetAsync,0,6436,3203630,3203630,20,python
1792249063,2846,cudaMemsetAsync,0,6437,3203630,3203630,20,python
1792252229,2706,cudaMemsetAsync,0,6438,3203630,3203630,20,python
1792255195,2735,cudaMemsetAsync,0,6439,3203630,3203630,20,python
1792258201,2725,cudaMemsetAsync,0,6440,3203630,3203630,20,python
1792261186,6994,cudaMemsetAsync,0,6441,3203630,3203630,20,python
1792268801,5661,cudaLaunchKernel,0,6442,3203630,3203630,20,python
1792275303,5401,cudaLaunchKernel,0,6444,3203630,3203630,20,python
1792281495,5150,cudaLaunchKernel,0,6446,3203630,3203630,20,python
1792287837,6112,cudaLaunchKernel,0,6448,3203630,3203630,20,python
1792294681,5039,cudaLaunchKernel,0,6450,3203630,3203630,20,python
1792300452,4769,cudaLaunchKernel,0,6452,3203630,3203630,20,python
1792305982,4679,cudaLaunchKernel,0,6454,3203630,3203630,20,python
1792311393,4789,cudaLaunchKernel,0,6456,3203630,3203630,20,python
1792317454,4689,cudaLaunchKernel,0,6458,3203630,3203630,20,python
1792322915,4969,cudaLaunchKernel,0,6460,3203630,3203630,20,python
1792328716,4859,cudaLaunchKernel,0,6462,3203630,3203630,20,python
1792334356,4940,cudaLaunchKernel,0,6464,3203630,3203630,20,python
1792340057,4479,cudaLaunchKernel,0,6466,3203630,3203630,20,python
1792345297,4449,cudaLaunchKernel,0,6468,3203630,3203630,20,python
1792351018,5481,cudaLaunchKernel,0,6470,3203630,3203630,20,python
1792357240,4549,cudaLaunchKernel,0,6472,3203630,3203630,20,python
1792362621,4989,cudaLaunchKernel,0,6474,3203630,3203630,20,python
1792368422,4869,cudaLaunchKernel,0,6476,3203630,3203630,20,python
1792374333,5150,cudaLaunchKernel,0,6478,3203630,3203630,20,python
1792380344,4880,cudaLaunchKernel,0,6480,3203630,3203630,20,python
1792386536,4639,cudaLaunchKernel,0,6482,3203630,3203630,20,python
1792391997,4569,cudaLaunchKernel,0,6484,3203630,3203630,20,python
1792397557,4709,cudaLaunchKernel,0,6486,3203630,3203630,20,python
1792402998,4408,cudaLaunchKernel,0,6488,3203630,3203630,20,python
1792408148,4568,cudaLaunchKernel,0,6490,3203630,3203630,20,python
1792413548,5050,cudaLaunchKernel,0,6492,3203630,3203630,20,python
1792419339,3567,cudaMemsetAsync,0,6494,3203630,3203630,20,python
1792423186,2786,cudaMemsetAsync,0,6495,3203630,3203630,20,python
1792426964,5360,cudaLaunchKernel,0,6496,3203630,3203630,20,python
1792433095,4559,cudaLaunchKernel,0,6498,3203630,3203630,20,python
1792438496,4749,cudaLaunchKernel,0,6500,3203630,3203630,20,python
1792443966,4669,cudaLaunchKernel,0,6502,3203630,3203630,20,python
1792449407,4669,cudaLaunchKernel,0,6504,3203630,3203630,20,python
1792454827,4729,cudaLaunchKernel,0,6506,3203630,3203630,20,python
1792460458,4739,cudaLaunchKernel,0,6508,3203630,3203630,20,python
1792470637,4819,cudaLaunchKernel,0,6514,3203630,3203630,20,python
1792476088,3216,cudaMemsetAsync,0,6516,3203630,3203630,20,python
1792479574,3016,cudaMemsetAsync,0,6517,3203630,3203630,20,python
1792485075,4849,cudaLaunchKernel,0,6518,3203630,3203630,20,python
1792490475,3126,cudaMemsetAsync,0,6520,3203630,3203630,20,python
1792494082,4709,cudaLaunchKernel,0,6521,3203630,3203630,20,python
1792499653,4909,cudaLaunchKernel,0,6523,3203630,3203630,20,python
1792506155,4970,cudaLaunchKernel,0,6525,3203630,3203630,20,python
1792511926,3337,cudaMemsetAsync,0,6527,3203630,3203630,20,python
1792516645,4639,cudaLaunchKernel,0,6528,3203630,3203630,20,python
1792522146,4448,cudaLaunchKernel,0,6530,3203630,3203630,20,python
1792527306,4408,cudaLaunchKernel,0,6532,3203630,3203630,20,python
1792532526,4338,cudaLaunchKernel,0,6534,3203630,3203630,20,python
1792537665,4579,cudaLaunchKernel,0,6536,3203630,3203630,20,python
1792543086,4669,cudaLaunchKernel,0,6538,3203630,3203630,20,python
1792548456,4539,cudaLaunchKernel,0,6540,3203630,3203630,20,python
1792553606,2956,cudaMemsetAsync,0,6542,3203630,3203630,20,python
1792557023,4538,cudaLaunchKernel,0,6543,3203630,3203630,20,python
1792562253,4729,cudaLaunchKernel,0,6545,3203630,3203630,20,python
1792567723,4368,cudaLaunchKernel,0,6547,3203630,3203630,20,python
1792572893,4408,cudaLaunchKernel,0,6549,3203630,3203630,20,python
1792578263,4399,cudaLaunchKernel,0,6551,3203630,3203630,20,python
1792583403,4368,cudaLaunchKernel,0,6553,3203630,3203630,20,python
1792588513,4158,cudaLaunchKernel,0,6555,3203630,3203630,20,python
1792593693,5129,cudaLaunchKernel,0,6557,3203630,3203630,20,python
1792600576,4679,cudaLaunchKernel,0,6559,3203630,3203630,20,python
1792606828,3206,cudaMemsetAsync,0,6562,3203630,3203630,20,python
1792611286,612,cudaStreamIsCapturing_v10000,0,6564,3203630,3203630,20,python
1792612198,1603,cudaStreamWaitEvent,0,6565,3203630,3203630,20,python
1792614102,12023,cudaMemcpyAsync,0,6566,3203630,3203630,20,python
1792626455,4078,cudaEventRecord,0,6567,3203630,3203630,20,python
1792630884,471,cudaStreamIsCapturing_v10000,0,6568,3203630,3203630,20,python
1792631705,14157,cudaGraphLaunch_v10000,0,6569,3203630,3203630,20,python
1792646724,3747,cudaMemsetAsync,0,6570,3203630,3203630,20,python
1792650732,2865,cudaMemsetAsync,0,6571,3203630,3203630,20,python
1792653858,2745,cudaMemsetAsync,0,6572,3203630,3203630,20,python
1792656894,2795,cudaMemsetAsync,0,6573,3203630,3203630,20,python
1792659949,2756,cudaMemsetAsync,0,6574,3203630,3203630,20,python
1792662975,3096,cudaMemsetAsync,0,6575,3203630,3203630,20,python
1792666322,2715,cudaMemsetAsync,0,6576,3203630,3203630,20,python
1792669728,6773,cudaLaunchKernel,0,6577,3203630,3203630,20,python
1792677112,3026,cudaMemsetAsync,0,6579,3203630,3203630,20,python
1792680629,5160,cudaLaunchKernel,0,6580,3203630,3203630,20,python
1792687101,4980,cudaLaunchKernel,0,6582,3203630,3203630,20,python
1792692933,4608,cudaLaunchKernel,0,6584,3203630,3203630,20,python
1792698383,4719,cudaLaunchKernel,0,6586,3203630,3203630,20,python
1792703944,4809,cudaLaunchKernel,0,6588,3203630,3203630,20,python
1792709564,4739,cudaLaunchKernel,0,6590,3203630,3203630,20,python
1792715135,5020,cudaLaunchKernel,0,6592,3203630,3203630,20,python
1792720986,4809,cudaLaunchKernel,0,6594,3203630,3203630,20,python
1792726627,3366,cudaMemsetAsync,0,6596,3203630,3203630,20,python
1792730274,2765,cudaMemsetAsync,0,6597,3203630,3203630,20,python
1792733300,2815,cudaMemsetAsync,0,6598,3203630,3203630,20,python
1792736606,4769,cudaLaunchKernel,0,6599,3203630,3203630,20,python
1792741956,3046,cudaMemsetAsync,0,6601,3203630,3203630,20,python
1792745283,2705,cudaMemsetAsync,0,6602,3203630,3203630,20,python
1792748719,4860,cudaLaunchKernel,0,6603,3203630,3203630,20,python
1792754310,4799,cudaLaunchKernel,0,6605,3203630,3203630,20,python
1792759941,4739,cudaLaunchKernel,0,6607,3203630,3203630,20,python
1792765541,4820,cudaLaunchKernel,0,6609,3203630,3203630,20,python
1792771242,4880,cudaLaunchKernel,0,6611,3203630,3203630,20,python
1792778326,3246,cudaMemsetAsync,0,6613,3203630,3203630,20,python
1792781853,2915,cudaMemsetAsync,0,6614,3203630,3203630,20,python
1792785349,4890,cudaLaunchKernel,0,6615,3203630,3203630,20,python
1792790830,2915,cudaMemsetAsync,0,6617,3203630,3203630,20,python
1792794006,2725,cudaMemsetAsync,0,6618,3203630,3203630,20,python
1792798014,4638,cudaLaunchKernel,0,6619,3203630,3203630,20,python
1792803454,4669,cudaLaunchKernel,0,6621,3203630,3203630,20,python
1792808874,4609,cudaLaunchKernel,0,6623,3203630,3203630,20,python
1792814265,4769,cudaLaunchKernel,0,6625,3203630,3203630,20,python
1792819625,3146,cudaMemsetAsync,0,6627,3203630,3203630,20,python
1792823052,2705,cudaMemsetAsync,0,6628,3203630,3203630,20,python
1792826558,4749,cudaLaunchKernel,0,6629,3203630,3203630,20,python
1792832099,4739,cudaLaunchKernel,0,6631,3203630,3203630,20,python
1792837599,4479,cudaLaunchKernel,0,6633,3203630,3203630,20,python
1792842639,3066,cudaMemsetAsync,0,6635,3203630,3203630,20,python
1792845975,2706,cudaMemsetAsync,0,6636,3203630,3203630,20,python
1792849462,2695,cudaMemsetAsync,0,6637,3203630,3203630,20,python
1792852678,4779,cudaLaunchKernel,0,6638,3203630,3203630,20,python
1792858239,4729,cudaLaunchKernel,0,6640,3203630,3203630,20,python
1792863789,4659,cudaLaunchKernel,0,6642,3203630,3203630,20,python
1792869230,4669,cudaLaunchKernel,0,6644,3203630,3203630,20,python
1792874650,4519,cudaLaunchKernel,0,6646,3203630,3203630,20,python
1792879940,4609,cudaLaunchKernel,0,6648,3203630,3203630,20,python
1792885090,3166,cudaMemsetAsync,0,6650,3203630,3203630,20,python
1792888527,2745,cudaMemsetAsync,0,6651,3203630,3203630,20,python
1792892244,4879,cudaLaunchKernel,0,6652,3203630,3203630,20,python
1792897915,4528,cudaLaunchKernel,0,6654,3203630,3203630,20,python
1792903285,4659,cudaLaunchKernel,0,6656,3203630,3203630,20,python
1792908685,4950,cudaLaunchKernel,0,6658,3203630,3203630,20,python
1792914386,4599,cudaLaunchKernel,0,6660,3203630,3203630,20,python
1792919777,9598,cudaLaunchKernel,0,6662,3203630,3203630,20,python
1792930227,4658,cudaLaunchKernel,0,6664,3203630,3203630,20,python
1792935497,3336,cudaMemsetAsync,0,6666,3203630,3203630,20,python
1792939114,2685,cudaMemsetAsync,0,6667,3203630,3203630,20,python
1792943472,4939,cudaLaunchKernel,0,6668,3203630,3203630,20,python
1792949203,4759,cudaLaunchKernel,0,6670,3203630,3203630,20,python
1792954733,4750,cudaLaunchKernel,0,6672,3203630,3203630,20,python
1792960234,4569,cudaLaunchKernel,0,6674,3203630,3203630,20,python
1792965374,3326,cudaMemsetAsync,0,6676,3203630,3203630,20,python
1792968981,2865,cudaMemsetAsync,0,6677,3203630,3203630,20,python
1792972107,2755,cudaMemsetAsync,0,6678,3203630,3203630,20,python
1792975814,4829,cudaLaunchKernel,0,6679,3203630,3203630,20,python
1792981735,4589,cudaLaunchKernel,0,6681,3203630,3203630,20,python
1792987075,4489,cudaLaunchKernel,0,6683,3203630,3203630,20,python
1792992305,4439,cudaLaunchKernel,0,6685,3203630,3203630,20,python
1792997535,4619,cudaLaunchKernel,0,6687,3203630,3203630,20,python
1793003066,4589,cudaLaunchKernel,0,6689,3203630,3203630,20,python
1793008236,4779,cudaLaunchKernel,0,6690,3203630,3203630,20,python
1793013706,3206,cudaMemsetAsync,0,6692,3203630,3203630,20,python
1793017183,2865,cudaMemsetAsync,0,6693,3203630,3203630,20,python
1793020349,2705,cudaMemsetAsync,0,6694,3203630,3203630,20,python
1793023305,2835,cudaMemsetAsync,0,6695,3203630,3203630,20,python
1793026461,2745,cudaMemsetAsync,0,6696,3203630,3203630,20,python
1793029456,2816,cudaMemsetAsync,0,6697,3203630,3203630,20,python
1793033444,4940,cudaLaunchKernel,0,6698,3203630,3203630,20,python
1793039185,4950,cudaLaunchKernel,0,6700,3203630,3203630,20,python
1793044956,4930,cudaLaunchKernel,0,6702,3203630,3203630,20,python
1793050647,4779,cudaLaunchKernel,0,6704,3203630,3203630,20,python
1793056228,4548,cudaLaunchKernel,0,6706,3203630,3203630,20,python
1793062590,4629,cudaLaunchKernel,0,6708,3203630,3203630,20,python
1793067960,4990,cudaLaunchKernel,0,6710,3203630,3203630,20,python
1793073801,4699,cudaLaunchKernel,0,6712,3203630,3203630,20,python
1793079272,4568,cudaLaunchKernel,0,6714,3203630,3203630,20,python
1793084592,4509,cudaLaunchKernel,0,6716,3203630,3203630,20,python
1793090493,4459,cudaLaunchKernel,0,6718,3203630,3203630,20,python
1793095733,4719,cudaLaunchKernel,0,6720,3203630,3203630,20,python
1793101214,4839,cudaLaunchKernel,0,6722,3203630,3203630,20,python
1793106824,4659,cudaLaunchKernel,0,6724,3203630,3203630,20,python
1793112305,4609,cudaLaunchKernel,0,6726,3203630,3203630,20,python
1793117435,4569,cudaLaunchKernel,0,6727,3203630,3203630,20,python
1793122535,4398,cudaLaunchKernel,0,6728,3203630,3203630,20,python
1793127444,4639,cudaLaunchKernel,0,6729,3203630,3203630,20,python
1793132654,3386,cudaMemsetAsync,0,6731,3203630,3203630,20,python
1793136301,2935,cudaMemsetAsync,0,6732,3203630,3203630,20,python
1793139737,4629,cudaLaunchKernel,0,6733,3203630,3203630,20,python
1793145529,4488,cudaLaunchKernel,0,6735,3203630,3203630,20,python
1793150759,4498,cudaLaunchKernel,0,6737,3203630,3203630,20,python
1793156029,4648,cudaLaunchKernel,0,6739,3203630,3203630,20,python
1793161449,4619,cudaLaunchKernel,0,6741,3203630,3203630,20,python
1793166839,4539,cudaLaunchKernel,0,6743,3203630,3203630,20,python
1793171919,4649,cudaLaunchKernel,0,6744,3203630,3203630,20,python
1793177149,3046,cudaMemsetAsync,0,6746,3203630,3203630,20,python
1793180465,2766,cudaMemsetAsync,0,6747,3203630,3203630,20,python
1793187509,5080,cudaLaunchKernel,0,6748,3203630,3203630,20,python
1793193360,4929,cudaLaunchKernel,0,6750,3203630,3203630,20,python
1793199111,4909,cudaLaunchKernel,0,6752,3203630,3203630,20,python
1793204842,11742,cudaLaunchKernel,0,6754,3203630,3203630,20,python
1793217476,4799,cudaLaunchKernel,0,6756,3203630,3203630,20,python
1793223087,4799,cudaLaunchKernel,0,6758,3203630,3203630,20,python
1793228437,3427,cudaMemsetAsync,0,6760,3203630,3203630,20,python
1793232465,4649,cudaLaunchKernel,0,6761,3203630,3203630,20,python
1793238386,4769,cudaLaunchKernel,0,6763,3203630,3203630,20,python
1793243977,4739,cudaLaunchKernel,0,6765,3203630,3203630,20,python
1793249548,4769,cudaLaunchKernel,0,6767,3203630,3203630,20,python
1793254848,6432,cudaMemsetAsync,0,6769,3203630,3203630,20,python
1793261831,4709,cudaLaunchKernel,0,6770,3203630,3203630,20,python
1793267572,4619,cudaLaunchKernel,0,6772,3203630,3203630,20,python
1793272932,4619,cudaLaunchKernel,0,6774,3203630,3203630,20,python
1793278303,4658,cudaLaunchKernel,0,6776,3203630,3203630,20,python
1793283713,4539,cudaLaunchKernel,0,6778,3203630,3203630,20,python
1793288983,4779,cudaLaunchKernel,0,6780,3203630,3203630,20,python
1793294313,3236,cudaMemsetAsync,0,6782,3203630,3203630,20,python
1793298050,4469,cudaLaunchKernel,0,6783,3203630,3203630,20,python
1793303811,4759,cudaLaunchKernel,0,6785,3203630,3203630,20,python
1793309432,4549,cudaLaunchKernel,0,6787,3203630,3203630,20,python
1793314792,4499,cudaLaunchKernel,0,6789,3203630,3203630,20,python
1793320133,4648,cudaLaunchKernel,0,6791,3203630,3203630,20,python
1793325593,4549,cudaLaunchKernel,0,6793,3203630,3203630,20,python
1793330943,4489,cudaLaunchKernel,0,6795,3203630,3203630,20,python
1793336263,4750,cudaLaunchKernel,0,6797,3203630,3203630,20,python
1793341784,4489,cudaLaunchKernel,0,6799,3203630,3203630,20,python
1793347074,4629,cudaLaunchKernel,0,6801,3203630,3203630,20,python
1793352244,3276,cudaMemsetAsync,0,6803,3203630,3203630,20,python
1793356021,4389,cudaLaunchKernel,0,6804,3203630,3203630,20,python
1793361542,4599,cudaLaunchKernel,0,6806,3203630,3203630,20,python
1793366952,4509,cudaLaunchKernel,0,6808,3203630,3203630,20,python
1793372232,4509,cudaLaunchKernel,0,6810,3203630,3203630,20,python
1793377532,4649,cudaLaunchKernel,0,6812,3203630,3203630,20,python
1793383023,4629,cudaLaunchKernel,0,6814,3203630,3203630,20,python
1793388463,4579,cudaLaunchKernel,0,6816,3203630,3203630,20,python
1793393854,4659,cudaLaunchKernel,0,6818,3203630,3203630,20,python
1793399354,4699,cudaLaunchKernel,0,6820,3203630,3203630,20,python
1793404875,4639,cudaLaunchKernel,0,6822,3203630,3203630,20,python
1793410275,4479,cudaLaunchKernel,0,6824,3203630,3203630,20,python
1793415515,4509,cudaLaunchKernel,0,6826,3203630,3203630,20,python
1793420825,4619,cudaLaunchKernel,0,6828,3203630,3203630,20,python
1793426216,4668,cudaLaunchKernel,0,6830,3203630,3203630,20,python
1793431726,4719,cudaLaunchKernel,0,6832,3203630,3203630,20,python
1793437006,4619,cudaLaunchKernel,0,6833,3203630,3203630,20,python
1793442397,4478,cudaLaunchKernel,0,6835,3203630,3203630,20,python
1793447456,3246,cudaMemsetAsync,0,6837,3203630,3203630,20,python
1793451013,2765,cudaMemsetAsync,0,6838,3203630,3203630,20,python
1793455021,4689,cudaLaunchKernel,0,6839,3203630,3203630,20,python
1793460481,4609,cudaLaunchKernel,0,6841,3203630,3203630,20,python
1793465851,4800,cudaLaunchKernel,0,6843,3203630,3203630,20,python
1793471412,4519,cudaLaunchKernel,0,6845,3203630,3203630,20,python
1793476442,4699,cudaLaunchKernel,0,6846,3203630,3203630,20,python
1793481972,5220,cudaLaunchKernel,0,6848,3203630,3203630,20,python
1793488765,3176,cudaMemsetAsync,0,6850,3203630,3203630,20,python
1793492212,2875,cudaMemsetAsync,0,6851,3203630,3203630,20,python
1793495598,5080,cudaLaunchKernel,0,6852,3203630,3203630,20,python
1793501480,4889,cudaLaunchKernel,0,6854,3203630,3203630,20,python
1793506920,2956,cudaMemsetAsync,0,6856,3203630,3203630,20,python
1793510417,4789,cudaLaunchKernel,0,6857,3203630,3203630,20,python
1793517510,5250,cudaLaunchKernel,0,6859,3203630,3203630,20,python
1793523882,4960,cudaLaunchKernel,0,6861,3203630,3203630,20,python
1793529473,7685,cudaMemcpyAsync,0,6863,3203630,3203630,20,python
1793537458,4118,cudaMemcpyAsync,0,6864,3203630,3203630,20,python
1793541887,3707,cudaEventRecord,0,6865,3203630,3203630,20,python
1793545895,5975493,cudaEventSynchronize,0,6866,3203630,3203630,20,python
1799521929,2274,cudaStreamSynchronize,0,6867,3203630,3203630,20,python
1799525896,7284,cudaLaunchKernel,0,6868,3203630,3203630,20,python
1799533781,3367,cudaEventRecord,0,6870,3203630,3203630,20,python
1799537418,932,cudaEventSynchronize,0,6871,3203630,3203630,20,python
1799614135,3507,cudaDeviceSynchronize,0,6874,3203630,3203630,20,python
1799627891,1333,cudaDeviceSynchronize,0,6878,3203630,3203630,20,python
1800200116,1423,cudaStreamIsCapturing_v10000,0,6912,3203630,3203630,20,python
1800201980,701,cudaStreamGetDevice_v12080,0,6913,3203630,3203630,20,python
1800226647,491,cudaStreamIsCapturing_v10000,0,6946,3203630,3203630,20,python
1800227378,451,cudaStreamGetDevice_v12080,0,6947,3203630,3203630,20,python
1800233550,6553,cudaMemsetAsync,0,6958,3203630,3203630,20,python
1800240584,6803,cudaMemcpyAsync,0,6959,3203630,3203630,20,python
1800247737,4880,cudaMemcpyAsync,0,6960,3203630,3203630,20,python
1800252907,4419,cudaMemcpyAsync,0,6961,3203630,3203630,20,python
1800257656,4439,cudaMemcpyAsync,0,6962,3203630,3203630,20,python
1800262395,4018,cudaMemcpyAsync,0,6963,3203630,3203630,20,python
1800267355,10700,cudaLaunchKernel,0,6964,3203630,3203630,20,python
1800278777,9408,cudaMemcpyAsync,0,6966,3203630,3203630,20,python
1800288585,4188,cudaEventRecord,0,6967,3203630,3203630,20,python
1800293144,2004,cudaEventSynchronize,0,6968,3203630,3203630,20,python
1800297082,531,cudaStreamIsCapturing_v10000,0,6970,3203630,3203630,20,python
1800298003,4018,cudaMemcpyAsync,0,6971,3203630,3203630,20,python
1800302412,3657,cudaMemsetAsync,0,6972,3203630,3203630,20,python
1800306379,3026,cudaEventRecord,0,6973,3203630,3203630,20,python
1800309736,1843,cudaStreamWaitEvent,0,6974,3203630,3203630,20,python
1800311910,10129,cudaLaunchHostFunc_v10000,0,6975,3203630,3203630,20,python
1800322811,6803,cudaLaunchKernel,0,6976,3203630,3203630,20,python
1800336647,3247,cudaMemsetAsync,0,6978,3203630,3203630,20,python
1800340164,2956,cudaMemsetAsync,0,6979,3203630,3203630,20,python
1800343440,2796,cudaMemsetAsync,0,6980,3203630,3203630,20,python
1800346496,2846,cudaMemsetAsync,0,6981,3203630,3203630,20,python
1800349652,2715,cudaMemsetAsync,0,6982,3203630,3203630,20,python
1800352688,2775,cudaMemsetAsync,0,6983,3203630,3203630,20,python
1800355724,2745,cudaMemsetAsync,0,6984,3203630,3203630,20,python
1800358740,2725,cudaMemsetAsync,0,6985,3203630,3203630,20,python
1800361715,2766,cudaMemsetAsync,0,6986,3203630,3203630,20,python
1800365052,5460,cudaLaunchKernel,0,6987,3203630,3203630,20,python
1800371354,5410,cudaLaunchKernel,0,6989,3203630,3203630,20,python
1800377516,4829,cudaLaunchKernel,0,6991,3203630,3203630,20,python
1800383567,5781,cudaLaunchKernel,0,6993,3203630,3203630,20,python
1800390100,4999,cudaLaunchKernel,0,6995,3203630,3203630,20,python
1800395851,4799,cudaLaunchKernel,0,6997,3203630,3203630,20,python
1800401401,4619,cudaLaunchKernel,0,6999,3203630,3203630,20,python
1800406762,5019,cudaLaunchKernel,0,7001,3203630,3203630,20,python
1800413074,4649,cudaLaunchKernel,0,7003,3203630,3203630,20,python
1800418494,4769,cudaLaunchKernel,0,7005,3203630,3203630,20,python
1800424095,4949,cudaLaunchKernel,0,7007,3203630,3203630,20,python
1800429826,4689,cudaLaunchKernel,0,7009,3203630,3203630,20,python
1800435286,4549,cudaLaunchKernel,0,7011,3203630,3203630,20,python
1800440606,4539,cudaLaunchKernel,0,7013,3203630,3203630,20,python
1800446247,5671,cudaLaunchKernel,0,7015,3203630,3203630,20,python
1800452679,4509,cudaLaunchKernel,0,7017,3203630,3203630,20,python
1800458020,4989,cudaLaunchKernel,0,7019,3203630,3203630,20,python
1800463831,4799,cudaLaunchKernel,0,7021,3203630,3203630,20,python
1800469462,5009,cudaLaunchKernel,0,7023,3203630,3203630,20,python
1800475303,4649,cudaLaunchKernel,0,7025,3203630,3203630,20,python
1800481284,4749,cudaLaunchKernel,0,7027,3203630,3203630,20,python
1800486855,4368,cudaLaunchKernel,0,7029,3203630,3203630,20,python
1800492215,4489,cudaLaunchKernel,0,7031,3203630,3203630,20,python
1800497435,4459,cudaLaunchKernel,0,7033,3203630,3203630,20,python
1800502635,4669,cudaLaunchKernel,0,7035,3203630,3203630,20,python
1800508146,5039,cudaLaunchKernel,0,7037,3203630,3203630,20,python
1800513897,3456,cudaMemsetAsync,0,7039,3203630,3203630,20,python
1800517644,2855,cudaMemsetAsync,0,7040,3203630,3203630,20,python
1800521401,5090,cudaLaunchKernel,0,7041,3203630,3203630,20,python
1800527282,4559,cudaLaunchKernel,0,7043,3203630,3203630,20,python
1800532582,5020,cudaLaunchKernel,0,7045,3203630,3203630,20,python
1800538353,4619,cudaLaunchKernel,0,7047,3203630,3203630,20,python
1800543744,4588,cudaLaunchKernel,0,7049,3203630,3203630,20,python
1800549094,4689,cudaLaunchKernel,0,7051,3203630,3203630,20,python
1800554665,4709,cudaLaunchKernel,0,7053,3203630,3203630,20,python
1800566046,6723,cudaLaunchKernel,0,7059,3203630,3203630,20,python
1800573571,5029,cudaMemsetAsync,0,7061,3203630,3203630,20,python
1800578871,9127,cudaMemsetAsync,0,7062,3203630,3203630,20,python
1800590613,5170,cudaLaunchKernel,0,7063,3203630,3203630,20,python
1800596304,3327,cudaMemsetAsync,0,7065,3203630,3203630,20,python
1800600132,4929,cudaLaunchKernel,0,7066,3203630,3203630,20,python
1800605913,5260,cudaLaunchKernel,0,7068,3203630,3203630,20,python
1800612806,4528,cudaLaunchKernel,0,7070,3203630,3203630,20,python
1800618146,3206,cudaMemsetAsync,0,7072,3203630,3203630,20,python
1800622805,4899,cudaLaunchKernel,0,7073,3203630,3203630,20,python
1800628446,4518,cudaLaunchKernel,0,7075,3203630,3203630,20,python
1800633696,4338,cudaLaunchKernel,0,7077,3203630,3203630,20,python
1800638826,4578,cudaLaunchKernel,0,7079,3203630,3203630,20,python
1800644256,4479,cudaLaunchKernel,0,7081,3203630,3203630,20,python
1800649576,4739,cudaLaunchKernel,0,7083,3203630,3203630,20,python
1800655037,4498,cudaLaunchKernel,0,7085,3203630,3203630,20,python
1800660176,3327,cudaMemsetAsync,0,7087,3203630,3203630,20,python
1800663984,4639,cudaLaunchKernel,0,7088,3203630,3203630,20,python
1800669344,4729,cudaLaunchKernel,0,7090,3203630,3203630,20,python
1800674855,4448,cudaLaunchKernel,0,7092,3203630,3203630,20,python
1800680095,4308,cudaLaunchKernel,0,7094,3203630,3203630,20,python
1800685325,4358,cudaLaunchKernel,0,7096,3203630,3203630,20,python
1800690444,4569,cudaLaunchKernel,0,7098,3203630,3203630,20,python
1800695734,4249,cudaLaunchKernel,0,7100,3203630,3203630,20,python
1800701005,5199,cudaLaunchKernel,0,7102,3203630,3203630,20,python
1800708088,4759,cudaLaunchKernel,0,7104,3203630,3203630,20,python
1800714520,3367,cudaMemsetAsync,0,7107,3203630,3203630,20,python
1800719159,601,cudaStreamIsCapturing_v10000,0,7109,3203630,3203630,20,python
1800720031,1593,cudaStreamWaitEvent,0,7110,3203630,3203630,20,python
1800721945,8716,cudaMemcpyAsync,0,7111,3203630,3203630,20,python
1800730992,3767,cudaEventRecord,0,7112,3203630,3203630,20,python
1800735110,491,cudaStreamIsCapturing_v10000,0,7113,3203630,3203630,20,python
1800735931,14398,cudaGraphLaunch_v10000,0,7114,3203630,3203630,20,python
1800751150,3537,cudaMemsetAsync,0,7115,3203630,3203630,20,python
1800754948,2935,cudaMemsetAsync,0,7116,3203630,3203630,20,python
1800758144,2745,cudaMemsetAsync,0,7117,3203630,3203630,20,python
1800761140,2715,cudaMemsetAsync,0,7118,3203630,3203630,20,python
1800764115,2746,cudaMemsetAsync,0,7119,3203630,3203630,20,python
1800767131,2715,cudaMemsetAsync,0,7120,3203630,3203630,20,python
1800770097,2685,cudaMemsetAsync,0,7121,3203630,3203630,20,python
1800773493,6453,cudaLaunchKernel,0,7122,3203630,3203630,20,python
1800780527,3156,cudaMemsetAsync,0,7124,3203630,3203630,20,python
1800784184,5009,cudaLaunchKernel,0,7125,3203630,3203630,20,python
1800790436,4969,cudaLaunchKernel,0,7127,3203630,3203630,20,python
1800796257,4729,cudaLaunchKernel,0,7129,3203630,3203630,20,python
1800801817,4760,cudaLaunchKernel,0,7131,3203630,3203630,20,python
1800807428,4749,cudaLaunchKernel,0,7133,3203630,3203630,20,python
1800813029,4799,cudaLaunchKernel,0,7135,3203630,3203630,20,python
1800818650,4999,cudaLaunchKernel,0,7137,3203630,3203630,20,python
1800824491,4779,cudaLaunchKernel,0,7139,3203630,3203630,20,python
1800830112,3226,cudaMemsetAsync,0,7141,3203630,3203630,20,python
1800833628,2756,cudaMemsetAsync,0,7142,3203630,3203630,20,python
1800836654,2715,cudaMemsetAsync,0,7143,3203630,3203630,20,python
1800839870,4719,cudaLaunchKernel,0,7144,3203630,3203630,20,python
1800845200,3066,cudaMemsetAsync,0,7146,3203630,3203630,20,python
1800848537,2855,cudaMemsetAsync,0,7147,3203630,3203630,20,python
1800852114,4879,cudaLaunchKernel,0,7148,3203630,3203630,20,python
1800857724,4749,cudaLaunchKernel,0,7150,3203630,3203630,20,python
1800863305,4609,cudaLaunchKernel,0,7152,3203630,3203630,20,python
1800868745,4780,cudaLaunchKernel,0,7154,3203630,3203630,20,python
1800874396,4900,cudaLaunchKernel,0,7156,3203630,3203630,20,python
1800881530,3186,cudaMemsetAsync,0,7158,3203630,3203630,20,python
1800885007,2765,cudaMemsetAsync,0,7159,3203630,3203630,20,python
1800888343,4969,cudaLaunchKernel,0,7160,3203630,3203630,20,python
1800893944,3036,cudaMemsetAsync,0,7162,3203630,3203630,20,python
1800897270,5961,cudaMemsetAsync,0,7163,3203630,3203630,20,python
1800904474,4889,cudaLaunchKernel,0,7164,3203630,3203630,20,python
1800910165,4659,cudaLaunchKernel,0,7166,3203630,3203630,20,python
1800915575,4519,cudaLaunchKernel,0,7168,3203630,3203630,20,python
1800920875,4579,cudaLaunchKernel,0,7170,3203630,3203630,20,python
1800926025,3216,cudaMemsetAsync,0,7172,3203630,3203630,20,python
1800929522,2905,cudaMemsetAsync,0,7173,3203630,3203630,20,python
1800933209,4819,cudaLaunchKernel,0,7174,3203630,3203630,20,python
1800938860,4729,cudaLaunchKernel,0,7176,3203630,3203630,20,python
1800944360,4499,cudaLaunchKernel,0,7178,3203630,3203630,20,python
1800949450,3016,cudaMemsetAsync,0,7180,3203630,3203630,20,python
1800952736,2735,cudaMemsetAsync,0,7181,3203630,3203630,20,python
1800956313,2835,cudaMemsetAsync,0,7182,3203630,3203630,20,python
1800959639,4689,cudaLaunchKernel,0,7183,3203630,3203630,20,python
1800965110,4759,cudaLaunchKernel,0,7185,3203630,3203630,20,python
1800970660,4629,cudaLaunchKernel,0,7187,3203630,3203630,20,python
1800976061,4589,cudaLaunchKernel,0,7189,3203630,3203630,20,python
1800981421,4348,cudaLaunchKernel,0,7191,3203630,3203630,20,python
1800986541,4539,cudaLaunchKernel,0,7193,3203630,3203630,20,python
1800991651,3136,cudaMemsetAsync,0,7195,3203630,3203630,20,python
1800995057,2896,cudaMemsetAsync,0,7196,3203630,3203630,20,python
1800998935,4999,cudaLaunchKernel,0,7197,3203630,3203630,20,python
1801004726,4568,cudaLaunchKernel,0,7199,3203630,3203630,20,python
1801010136,4619,cudaLaunchKernel,0,7201,3203630,3203630,20,python
1801015496,4920,cudaLaunchKernel,0,7203,3203630,3203630,20,python
1801021167,4669,cudaLaunchKernel,0,7205,3203630,3203630,20,python
1801026628,4638,cudaLaunchKernel,0,7207,3203630,3203630,20,python
1801032048,4509,cudaLaunchKernel,0,7209,3203630,3203630,20,python
1801037178,3326,cudaMemsetAsync,0,7211,3203630,3203630,20,python
1801040785,2815,cudaMemsetAsync,0,7212,3203630,3203630,20,python
1801045233,4829,cudaLaunchKernel,0,7213,3203630,3203630,20,python
1801050854,4839,cudaLaunchKernel,0,7215,3203630,3203630,20,python
1801056445,4749,cudaLaunchKernel,0,7217,3203630,3203630,20,python
1801061965,4619,cudaLaunchKernel,0,7219,3203630,3203630,20,python
1801067165,3116,cudaMemsetAsync,0,7221,3203630,3203630,20,python
1801070562,2765,cudaMemsetAsync,0,7222,3203630,3203630,20,python
1801073587,2796,cudaMemsetAsync,0,7223,3203630,3203630,20,python
1801077325,4879,cudaLaunchKernel,0,7224,3203630,3203630,20,python
1801083046,4668,cudaLaunchKernel,0,7226,3203630,3203630,20,python
1801088486,4649,cudaLaunchKernel,0,7228,3203630,3203630,20,python
1801093886,4489,cudaLaunchKernel,0,7230,3203630,3203630,20,python
1801099106,4719,cudaLaunchKernel,0,7232,3203630,3203630,20,python
1801104677,4579,cudaLaunchKernel,0,7234,3203630,3203630,20,python
1801109837,4759,cudaLaunchKernel,0,7235,3203630,3203630,20,python
1801115277,3216,cudaMemsetAsync,0,7237,3203630,3203630,20,python
1801118764,2835,cudaMemsetAsync,0,7238,3203630,3203630,20,python
1801121910,2825,cudaMemsetAsync,0,7239,3203630,3203630,20,python
1801124996,2735,cudaMemsetAsync,0,7240,3203630,3203630,20,python
1801128052,2835,cudaMemsetAsync,0,7241,3203630,3203630,20,python
1801131148,2935,cudaMemsetAsync,0,7242,3203630,3203630,20,python
1801135305,4820,cudaLaunchKernel,0,7243,3203630,3203630,20,python
1801140926,4940,cudaLaunchKernel,0,7245,3203630,3203630,20,python
1801146858,4919,cudaLaunchKernel,0,7247,3203630,3203630,20,python
1801152538,4649,cudaLaunchKernel,0,7249,3203630,3203630,20,python
1801157979,4599,cudaLaunchKernel,0,7251,3203630,3203630,20,python
1801164050,4469,cudaLaunchKernel,0,7253,3203630,3203630,20,python
1801169260,4840,cudaLaunchKernel,0,7255,3203630,3203630,20,python
1801174961,4719,cudaLaunchKernel,0,7257,3203630,3203630,20,python
1801180452,4669,cudaLaunchKernel,0,7259,3203630,3203630,20,python
1801185892,4559,cudaLaunchKernel,0,7261,3203630,3203630,20,python
1801191864,4558,cudaLaunchKernel,0,7263,3203630,3203630,20,python
1801197174,4929,cudaLaunchKernel,0,7265,3203630,3203630,20,python
1801202875,10580,cudaLaunchKernel,0,7267,3203630,3203630,20,python
1801214277,4719,cudaLaunchKernel,0,7269,3203630,3203630,20,python
1801219847,7264,cudaLaunchKernel,0,7271,3203630,3203630,20,python
1801227672,4449,cudaLaunchKernel,0,7272,3203630,3203630,20,python
1801232612,4538,cudaLaunchKernel,0,7273,3203630,3203630,20,python
1801237661,4719,cudaLaunchKernel,0,7274,3203630,3203630,20,python
1801242951,3357,cudaMemsetAsync,0,7276,3203630,3203630,20,python
1801246588,2766,cudaMemsetAsync,0,7277,3203630,3203630,20,python
1801249855,4578,cudaLaunchKernel,0,7278,3203630,3203630,20,python
1801255596,4528,cudaLaunchKernel,0,7280,3203630,3203630,20,python
1801260876,4538,cudaLaunchKernel,0,7282,3203630,3203630,20,python
1801266196,4639,cudaLaunchKernel,0,7284,3203630,3203630,20,python
1801271616,4529,cudaLaunchKernel,0,7286,3203630,3203630,20,python
1801276926,4569,cudaLaunchKernel,0,7288,3203630,3203630,20,python
1801282066,4840,cudaLaunchKernel,0,7289,3203630,3203630,20,python
1801287497,3226,cudaMemsetAsync,0,7291,3203630,3203630,20,python
1801290993,2716,cudaMemsetAsync,0,7292,3203630,3203630,20,python
1801297877,4739,cudaLaunchKernel,0,7293,3203630,3203630,20,python
1801303397,4889,cudaLaunchKernel,0,7295,3203630,3203630,20,python
1801309108,4749,cudaLaunchKernel,0,7297,3203630,3203630,20,python
1801314669,4739,cudaLaunchKernel,0,7299,3203630,3203630,20,python
1801320179,4729,cudaLaunchKernel,0,7301,3203630,3203630,20,python
1801325720,4869,cudaLaunchKernel,0,7303,3203630,3203630,20,python
1801331150,3146,cudaMemsetAsync,0,7305,3203630,3203630,20,python
1801334877,4609,cudaLaunchKernel,0,7306,3203630,3203630,20,python
1801340779,4548,cudaLaunchKernel,0,7308,3203630,3203630,20,python
1801346199,4679,cudaLaunchKernel,0,7310,3203630,3203630,20,python
1801351710,4578,cudaLaunchKernel,0,7312,3203630,3203630,20,python
1801356829,3126,cudaMemsetAsync,0,7314,3203630,3203630,20,python
1801360476,4609,cudaLaunchKernel,0,7315,3203630,3203630,20,python
1801366047,4559,cudaLaunchKernel,0,7317,3203630,3203630,20,python
1801371327,4539,cudaLaunchKernel,0,7319,3203630,3203630,20,python
1801376617,4669,cudaLaunchKernel,0,7321,3203630,3203630,20,python
1801382008,4398,cudaLaunchKernel,0,7323,3203630,3203630,20,python
1801387147,4639,cudaLaunchKernel,0,7325,3203630,3203630,20,python
1801392327,3056,cudaMemsetAsync,0,7327,3203630,3203630,20,python
1801395874,4589,cudaLaunchKernel,0,7328,3203630,3203630,20,python
1801401725,4609,cudaLaunchKernel,0,7330,3203630,3203630,20,python
1801407206,4558,cudaLaunchKernel,0,7332,3203630,3203630,20,python
1801412566,4589,cudaLaunchKernel,0,7334,3203630,3203630,20,python
1801417986,4599,cudaLaunchKernel,0,7336,3203630,3203630,20,python
1801423407,4679,cudaLaunchKernel,0,7338,3203630,3203630,20,python
1801428927,4589,cudaLaunchKernel,0,7340,3203630,3203630,20,python
1801434358,4789,cudaLaunchKernel,0,7342,3203630,3203630,20,python
1801439928,4519,cudaLaunchKernel,0,7344,3203630,3203630,20,python
1801445228,4589,cudaLaunchKernel,0,7346,3203630,3203630,20,python
1801450358,3146,cudaMemsetAsync,0,7348,3203630,3203630,20,python
1801454005,4539,cudaLaunchKernel,0,7349,3203630,3203630,20,python
1801459696,4509,cudaLaunchKernel,0,7351,3203630,3203630,20,python
1801465006,4539,cudaLaunchKernel,0,7353,3203630,3203630,20,python
1801470316,4459,cudaLaunchKernel,0,7355,3203630,3203630,20,python
1801475546,4589,cudaLaunchKernel,0,7357,3203630,3203630,20,python
1801480957,4689,cudaLaunchKernel,0,7359,3203630,3203630,20,python
1801486447,4539,cudaLaunchKernel,0,7361,3203630,3203630,20,python
1801491788,4618,cudaLaunchKernel,0,7363,3203630,3203630,20,python
1801497238,4599,cudaLaunchKernel,0,7365,3203630,3203630,20,python
1801502648,4579,cudaLaunchKernel,0,7367,3203630,3203630,20,python
1801507999,4568,cudaLaunchKernel,0,7369,3203630,3203630,20,python
1801513329,4528,cudaLaunchKernel,0,7371,3203630,3203630,20,python
1801518709,4909,cudaLaunchKernel,0,7373,3203630,3203630,20,python
1801524390,4889,cudaLaunchKernel,0,7375,3203630,3203630,20,python
1801530111,4559,cudaLaunchKernel,0,7377,3203630,3203630,20,python
1801535231,4729,cudaLaunchKernel,0,7378,3203630,3203630,20,python
1801540721,4509,cudaLaunchKernel,0,7380,3203630,3203630,20,python
1801545811,3226,cudaMemsetAsync,0,7382,3203630,3203630,20,python
1801549298,2875,cudaMemsetAsync,0,7383,3203630,3203630,20,python
1801553345,7324,cudaLaunchKernel,0,7384,3203630,3203630,20,python
1801561461,4539,cudaLaunchKernel,0,7386,3203630,3203630,20,python
1801566771,4859,cudaLaunchKernel,0,7388,3203630,3203630,20,python
1801572422,4428,cudaLaunchKernel,0,7390,3203630,3203630,20,python
1801577351,4749,cudaLaunchKernel,0,7391,3203630,3203630,20,python
1801582952,5080,cudaLaunchKernel,0,7393,3203630,3203630,20,python
1801589615,3406,cudaMemsetAsync,0,7395,3203630,3203630,20,python
1801593312,2855,cudaMemsetAsync,0,7396,3203630,3203630,20,python
1801596668,5070,cudaLaunchKernel,0,7397,3203630,3203630,20,python
1801602529,4960,cudaLaunchKernel,0,7399,3203630,3203630,20,python
1801608030,3106,cudaMemsetAsync,0,7401,3203630,3203630,20,python
1801611697,4709,cudaLaunchKernel,0,7402,3203630,3203630,20,python
1801618730,5210,cudaLaunchKernel,0,7404,3203630,3203630,20,python
1801625073,4829,cudaLaunchKernel,0,7406,3203630,3203630,20,python
1801630543,7615,cudaMemcpyAsync,0,7408,3203630,3203630,20,python
1801638458,3908,cudaMemcpyAsync,0,7409,3203630,3203630,20,python
1801642666,3677,cudaEventRecord,0,7410,3203630,3203630,20,python
1801646644,5975282,cudaEventSynchronize,0,7411,3203630,3203630,20,python
1807622417,2014,cudaStreamSynchronize,0,7412,3203630,3203630,20,python
1807625824,6252,cudaLaunchKernel,0,7413,3203630,3203630,20,python
1807632737,3697,cudaEventRecord,0,7415,3203630,3203630,20,python
1807636695,921,cudaEventSynchronize,0,7416,3203630,3203630,20,python
1807712630,3597,cudaDeviceSynchronize,0,7419,3203630,3203630,20,python
1807725545,1352,cudaDeviceSynchronize,0,7423,3203630,3203630,20,python
1858044932,6833,cudaStreamIsCapturing_v10000,0,7457,3203630,3203630,20,python
1858053117,1393,cudaStreamGetDevice_v12080,0,7458,3203630,3203630,20,python
1858087764,501,cudaStreamIsCapturing_v10000,0,7491,3203630,3203630,20,python
1858088485,471,cudaStreamGetDevice_v12080,0,7492,3203630,3203630,20,python
1858095699,22162,cudaMemsetAsync,0,7503,3203630,3203630,20,python
1858118733,16512,cudaMemcpyAsync,0,7504,3203630,3203630,20,python
1858135786,5791,cudaMemcpyAsync,0,7505,3203630,3203630,20,python
1858141937,6793,cudaMemcpyAsync,0,7506,3203630,3203630,20,python
1858149171,5010,cudaMemcpyAsync,0,7507,3203630,3203630,20,python
1858154531,4399,cudaMemcpyAsync,0,7508,3203630,3203630,20,python
1858160823,31150,cudaLaunchKernel,0,7509,3203630,3203630,20,python
1858193296,7774,cudaMemcpyAsync,0,7511,3203630,3203630,20,python
1858201612,16221,cudaEventRecord,0,7512,3203630,3203630,20,python
1858218313,6493,cudaEventSynchronize,0,7513,3203630,3203630,20,python
1858229074,571,cudaStreamIsCapturing_v10000,0,7515,3203630,3203630,20,python
1858230387,4719,cudaMemcpyAsync,0,7516,3203630,3203630,20,python
1858235657,4118,cudaMemsetAsync,0,7517,3203630,3203630,20,python
1858240195,3637,cudaEventRecord,0,7518,3203630,3203630,20,python
1858244514,4378,cudaStreamWaitEvent,0,7519,3203630,3203630,20,python
1858249413,30148,cudaLaunchHostFunc_v10000,0,7520,3203630,3203630,20,python
1858280573,8125,cudaLaunchKernel,0,7521,3203630,3203630,20,python
1858298016,3517,cudaMemsetAsync,0,7523,3203630,3203630,20,python
1858301803,2976,cudaMemsetAsync,0,7524,3203630,3203630,20,python
1858305350,3246,cudaMemsetAsync,0,7525,3203630,3203630,20,python
1858308867,2875,cudaMemsetAsync,0,7526,3203630,3203630,20,python
1858312153,2765,cudaMemsetAsync,0,7527,3203630,3203630,20,python
1858315309,2966,cudaMemsetAsync,0,7528,3203630,3203630,20,python
1858318545,2966,cudaMemsetAsync,0,7529,3203630,3203630,20,python
1858321781,3607,cudaMemsetAsync,0,7530,3203630,3203630,20,python
1858325639,3146,cudaMemsetAsync,0,7531,3203630,3203630,20,python
1858329817,7334,cudaLaunchKernel,0,7532,3203630,3203630,20,python
1858338113,7213,cudaLaunchKernel,0,7534,3203630,3203630,20,python
1858346258,5641,cudaLaunchKernel,0,7536,3203630,3203630,20,python
1858353702,5842,cudaLaunchKernel,0,7538,3203630,3203630,20,python
1858360536,6111,cudaLaunchKernel,0,7540,3203630,3203630,20,python
1858367479,5851,cudaLaunchKernel,0,7542,3203630,3203630,20,python
1858374162,6522,cudaLaunchKernel,0,7544,3203630,3203630,20,python
1858381606,6362,cudaLaunchKernel,0,7546,3203630,3203630,20,python
1858390202,6182,cudaLaunchKernel,0,7548,3203630,3203630,20,python
1858397426,6984,cudaLaunchKernel,0,7550,3203630,3203630,20,python
1858405502,6532,cudaLaunchKernel,0,7552,3203630,3203630,20,python
1858412896,6041,cudaLaunchKernel,0,7554,3203630,3203630,20,python
1858419939,5371,cudaLaunchKernel,0,7556,3203630,3203630,20,python
1858426251,17394,cudaLaunchKernel,0,7558,3203630,3203630,20,python
1858445378,4478,cudaLaunchKernel,0,7560,3203630,3203630,20,python
1858450638,4619,cudaLaunchKernel,0,7562,3203630,3203630,20,python
1858456269,6372,cudaLaunchKernel,0,7564,3203630,3203630,20,python
1858463783,8256,cudaLaunchKernel,0,7566,3203630,3203630,20,python
1858473532,5931,cudaLaunchKernel,0,7568,3203630,3203630,20,python
1858480505,5551,cudaLaunchKernel,0,7570,3203630,3203630,20,python
1858488080,6312,cudaLaunchKernel,0,7572,3203630,3203630,20,python
1858495414,5410,cudaLaunchKernel,0,7574,3203630,3203630,20,python
1858502096,5771,cudaLaunchKernel,0,7576,3203630,3203630,20,python
1858508689,5641,cudaLaunchKernel,0,7578,3203630,3203630,20,python
1858515071,5260,cudaLaunchKernel,0,7580,3203630,3203630,20,python
1858521554,6492,cudaLaunchKernel,0,7582,3203630,3203630,20,python
1858528808,3647,cudaMemsetAsync,0,7584,3203630,3203630,20,python
1858532725,2886,cudaMemsetAsync,0,7585,3203630,3203630,20,python
1858537484,6112,cudaLaunchKernel,0,7586,3203630,3203630,20,python
1858544618,5370,cudaLaunchKernel,0,7588,3203630,3203630,20,python
1858550880,6131,cudaLaunchKernel,0,7590,3203630,3203630,20,python
1858557843,5260,cudaLaunchKernel,0,7592,3203630,3203630,20,python
1858564215,5250,cudaLaunchKernel,0,7594,3203630,3203630,20,python
1858570527,5220,cudaLaunchKernel,0,7596,3203630,3203630,20,python
1858576769,6583,cudaLaunchKernel,0,7598,3203630,3203630,20,python
1858591768,5501,cudaLaunchKernel,0,7604,3203630,3203630,20,python
1858597970,3446,cudaMemsetAsync,0,7606,3203630,3203630,20,python
1858601687,3146,cudaMemsetAsync,0,7607,3203630,3203630,20,python
1858612127,5761,cudaLaunchKernel,0,7608,3203630,3203630,20,python
1858618409,3016,cudaMemsetAsync,0,7610,3203630,3203630,20,python
1858622016,6222,cudaLaunchKernel,0,7611,3203630,3203630,20,python
1858629280,6131,cudaLaunchKernel,0,7613,3203630,3203630,20,python
1858640792,6753,cudaLaunchKernel,0,7615,3203630,3203630,20,python
1858649158,3987,cudaMemsetAsync,0,7617,3203630,3203630,20,python
1858658536,6101,cudaLaunchKernel,0,7618,3203630,3203630,20,python
1858666080,5190,cudaLaunchKernel,0,7620,3203630,3203630,20,python
1858672072,5891,cudaLaunchKernel,0,7622,3203630,3203630,20,python
1858679205,4339,cudaLaunchKernel,0,7624,3203630,3203630,20,python
1858685187,5971,cudaLaunchKernel,0,7626,3203630,3203630,20,python
1858693392,6202,cudaLaunchKernel,0,7628,3203630,3203630,20,python
1858701177,5421,cudaLaunchKernel,0,7630,3203630,3203630,20,python
1858707550,3326,cudaMemsetAsync,0,7632,3203630,3203630,20,python
1858711828,6081,cudaLaunchKernel,0,7633,3203630,3203630,20,python
1858718891,5831,cudaLaunchKernel,0,7635,3203630,3203630,20,python
1858726205,5300,cudaLaunchKernel,0,7637,3203630,3203630,20,python
1858732798,5721,cudaLaunchKernel,0,7639,3203630,3203630,20,python
1858740412,5832,cudaLaunchKernel,0,7641,3203630,3203630,20,python
1858747336,4979,cudaLaunchKernel,0,7643,3203630,3203630,20,python
1858753277,4889,cudaLaunchKernel,0,7645,3203630,3203630,20,python
1858759329,6342,cudaLaunchKernel,0,7647,3203630,3203630,20,python
1858768085,6062,cudaLaunchKernel,0,7649,3203630,3203630,20,python
1858775920,3327,cudaMemsetAsync,0,7652,3203630,3203630,20,python
1858780970,631,cudaStreamIsCapturing_v10000,0,7654,3203630,3203630,20,python
1858781882,2104,cudaStreamWaitEvent,0,7655,3203630,3203630,20,python
1858784306,10971,cudaMemcpyAsync,0,7656,3203630,3203630,20,python
1858795618,3787,cudaEventRecord,0,7657,3203630,3203630,20,python
1858800057,500,cudaStreamIsCapturing_v10000,0,7658,3203630,3203630,20,python
1858801008,28635,cudaGraphLaunch_v10000,0,7659,3203630,3203630,20,python
1858831827,3477,cudaMemsetAsync,0,7660,3203630,3203630,20,python
1858835554,2896,cudaMemsetAsync,0,7661,3203630,3203630,20,python
1858838710,2736,cudaMemsetAsync,0,7662,3203630,3203630,20,python
1858841706,2725,cudaMemsetAsync,0,7663,3203630,3203630,20,python
1858844692,2845,cudaMemsetAsync,0,7664,3203630,3203630,20,python
1858847808,2715,cudaMemsetAsync,0,7665,3203630,3203630,20,python
1858850774,2745,cudaMemsetAsync,0,7666,3203630,3203630,20,python
1858854270,8396,cudaLaunchKernel,0,7667,3203630,3203630,20,python
1858863328,6843,cudaMemsetAsync,0,7669,3203630,3203630,20,python
1858870842,6883,cudaLaunchKernel,0,7670,3203630,3203630,20,python
1858879769,4980,cudaLaunchKernel,0,7672,3203630,3203630,20,python
1858885791,5771,cudaLaunchKernel,0,7674,3203630,3203630,20,python
1858892463,5551,cudaLaunchKernel,0,7676,3203630,3203630,20,python
1858899046,6262,cudaLaunchKernel,0,7678,3203630,3203630,20,python
1858906320,5570,cudaLaunchKernel,0,7680,3203630,3203630,20,python
1858912812,6062,cudaLaunchKernel,0,7682,3203630,3203630,20,python
1858919976,5721,cudaLaunchKernel,0,7684,3203630,3203630,20,python
1858927350,3627,cudaMemsetAsync,0,7686,3203630,3203630,20,python
1858931258,2775,cudaMemsetAsync,0,7687,3203630,3203630,20,python
1858934293,2716,cudaMemsetAsync,0,7688,3203630,3203630,20,python
1858937690,5751,cudaLaunchKernel,0,7689,3203630,3203630,20,python
1858944132,2976,cudaMemsetAsync,0,7691,3203630,3203630,20,python
1858947378,2706,cudaMemsetAsync,0,7692,3203630,3203630,20,python
1858951126,5871,cudaLaunchKernel,0,7693,3203630,3203630,20,python
1858957728,5631,cudaLaunchKernel,0,7695,3203630,3203630,20,python
1858964451,5370,cudaLaunchKernel,0,7697,3203630,3203630,20,python
1858971284,6042,cudaLaunchKernel,0,7699,3203630,3203630,20,python
1858978578,5871,cudaLaunchKernel,0,7701,3203630,3203630,20,python
1858988998,3176,cudaMemsetAsync,0,7703,3203630,3203630,20,python
1858992455,2805,cudaMemsetAsync,0,7704,3203630,3203630,20,python
1858996052,5630,cudaLaunchKernel,0,7705,3203630,3203630,20,python
1859002273,3016,cudaMemsetAsync,0,7707,3203630,3203630,20,python
1859005550,2755,cudaMemsetAsync,0,7708,3203630,3203630,20,python
1859010088,5250,cudaLaunchKernel,0,7709,3203630,3203630,20,python
1859016380,5381,cudaLaunchKernel,0,7711,3203630,3203630,20,python
1859022692,5611,cudaLaunchKernel,0,7713,3203630,3203630,20,python
1859029175,5591,cudaLaunchKernel,0,7715,3203630,3203630,20,python
1859035437,3006,cudaMemsetAsync,0,7717,3203630,3203630,20,python
1859038723,2796,cudaMemsetAsync,0,7718,3203630,3203630,20,python
1859042771,5350,cudaLaunchKernel,0,7719,3203630,3203630,20,python
1859048923,5500,cudaLaunchKernel,0,7721,3203630,3203630,20,python
1859055255,4559,cudaLaunchKernel,0,7723,3203630,3203630,20,python
1859060555,3016,cudaMemsetAsync,0,7725,3203630,3203630,20,python
1859063841,2735,cudaMemsetAsync,0,7726,3203630,3203630,20,python
1859067889,2705,cudaMemsetAsync,0,7727,3203630,3203630,20,python
1859071536,5861,cudaLaunchKernel,0,7728,3203630,3203630,20,python
1859078650,5831,cudaLaunchKernel,0,7730,3203630,3203630,20,python
1859085392,5040,cudaLaunchKernel,0,7732,3203630,3203630,20,python
1859091304,5100,cudaLaunchKernel,0,7734,3203630,3203630,20,python
1859097155,5210,cudaLaunchKernel,0,7736,3203630,3203630,20,python
1859103126,4389,cudaLaunchKernel,0,7738,3203630,3203630,20,python
1859108066,3246,cudaMemsetAsync,0,7740,3203630,3203630,20,python
1859111573,2825,cudaMemsetAsync,0,7741,3203630,3203630,20,python
1859116422,5981,cudaLaunchKernel,0,7742,3203630,3203630,20,python
1859123335,5621,cudaLaunchKernel,0,7744,3203630,3203630,20,python
1859130198,5451,cudaLaunchKernel,0,7746,3203630,3203630,20,python
1859136590,6012,cudaLaunchKernel,0,7748,3203630,3203630,20,python
1859143423,5561,cudaLaunchKernel,0,7750,3203630,3203630,20,python
1859149906,5370,cudaLaunchKernel,0,7752,3203630,3203630,20,python
1859156068,4619,cudaLaunchKernel,0,7754,3203630,3203630,20,python
1859161528,3096,cudaMemsetAsync,0,7756,3203630,3203630,20,python
1859164895,2685,cudaMemsetAsync,0,7757,3203630,3203630,20,python
1859170896,5491,cudaLaunchKernel,0,7758,3203630,3203630,20,python
1859177409,5901,cudaLaunchKernel,0,7760,3203630,3203630,20,python
1859184171,5661,cudaLaunchKernel,0,7762,3203630,3203630,20,python
1859190584,4508,cudaLaunchKernel,0,7764,3203630,3203630,20,python
1859195864,3016,cudaMemsetAsync,0,7766,3203630,3203630,20,python
1859199170,2816,cudaMemsetAsync,0,7767,3203630,3203630,20,python
1859202246,2825,cudaMemsetAsync,0,7768,3203630,3203630,20,python
1859212516,6001,cudaLaunchKernel,0,7769,3203630,3203630,20,python
1859219529,5511,cudaLaunchKernel,0,7771,3203630,3203630,20,python
1859225901,5791,cudaLaunchKernel,0,7773,3203630,3203630,20,python
1859232474,9939,cudaLaunchKernel,0,7775,3203630,3203630,20,python
1859243395,5310,cudaLaunchKernel,0,7777,3203630,3203630,20,python
1859249687,4609,cudaLaunchKernel,0,7779,3203630,3203630,20,python
1859255067,5410,cudaLaunchKernel,0,7780,3203630,3203630,20,python
1859261509,3497,cudaMemsetAsync,0,7782,3203630,3203630,20,python
1859265287,2735,cudaMemsetAsync,0,7783,3203630,3203630,20,python
1859268423,2725,cudaMemsetAsync,0,7784,3203630,3203630,20,python
1859271398,2926,cudaMemsetAsync,0,7785,3203630,3203630,20,python
1859274745,2795,cudaMemsetAsync,0,7786,3203630,3203630,20,python
1859277791,2815,cudaMemsetAsync,0,7787,3203630,3203630,20,python
1859282850,5511,cudaLaunchKernel,0,7788,3203630,3203630,20,python
1859289333,6131,cudaLaunchKernel,0,7790,3203630,3203630,20,python
1859296526,5822,cudaLaunchKernel,0,7792,3203630,3203630,20,python
1859303229,5481,cudaLaunchKernel,0,7794,3203630,3203630,20,python
1859309601,5521,cudaLaunchKernel,0,7796,3203630,3203630,20,python
1859317998,5430,cudaLaunchKernel,0,7798,3203630,3203630,20,python
1859324270,5440,cudaLaunchKernel,0,7800,3203630,3203630,20,python
1859331904,5390,cudaLaunchKernel,0,7802,3203630,3203630,20,python
1859338316,5120,cudaLaunchKernel,0,7804,3203630,3203630,20,python
1859344198,4458,cudaLaunchKernel,0,7806,3203630,3203630,20,python
1859351061,5360,cudaLaunchKernel,0,7808,3203630,3203630,20,python
1859357192,5721,cudaLaunchKernel,0,7810,3203630,3203630,20,python
1859363815,5911,cudaLaunchKernel,0,7812,3203630,3203630,20,python
1859370608,5150,cudaLaunchKernel,0,7814,3203630,3203630,20,python
1859376580,4478,cudaLaunchKernel,0,7816,3203630,3203630,20,python
1859381579,4559,cudaLaunchKernel,0,7817,3203630,3203630,20,python
1859386649,4438,cudaLaunchKernel,0,7818,3203630,3203630,20,python
1859391598,5321,cudaLaunchKernel,0,7819,3203630,3203630,20,python
1859397490,3426,cudaMemsetAsync,0,7821,3203630,3203630,20,python
1859401197,2805,cudaMemsetAsync,0,7822,3203630,3203630,20,python
1859404804,5129,cudaLaunchKernel,0,7823,3203630,3203630,20,python
1859411737,4729,cudaLaunchKernel,0,7825,3203630,3203630,20,python
1859417227,4830,cudaLaunchKernel,0,7827,3203630,3203630,20,python
1859422888,5581,cudaLaunchKernel,0,7829,3203630,3203630,20,python
1859429320,5321,cudaLaunchKernel,0,7831,3203630,3203630,20,python
1859435472,4509,cudaLaunchKernel,0,7833,3203630,3203630,20,python
1859440552,4749,cudaLaunchKernel,0,7834,3203630,3203630,20,python
1859445972,3136,cudaMemsetAsync,0,7836,3203630,3203630,20,python
1859449379,2705,cudaMemsetAsync,0,7837,3203630,3203630,20,python
1859458086,5199,cudaLaunchKernel,0,7838,3203630,3203630,20,python
1859464167,5671,cudaLaunchKernel,0,7840,3203630,3203630,20,python
1859470960,5280,cudaLaunchKernel,0,7842,3203630,3203630,20,python
1859477172,5250,cudaLaunchKernel,0,7844,3203630,3203630,20,python
1859483194,5500,cudaLaunchKernel,0,7846,3203630,3203630,20,python
1859489486,5731,cudaLaunchKernel,0,7848,3203630,3203630,20,python
1859495758,3126,cudaMemsetAsync,0,7850,3203630,3203630,20,python
1859499645,5310,cudaLaunchKernel,0,7851,3203630,3203630,20,python
1859507270,5530,cudaLaunchKernel,0,7853,3203630,3203630,20,python
1859513802,5330,cudaLaunchKernel,0,7855,3203630,3203630,20,python
1859519984,5641,cudaLaunchKernel,0,7857,3203630,3203630,20,python
1859526166,3116,cudaMemsetAsync,0,7859,3203630,3203630,20,python
1859529793,4498,cudaLaunchKernel,0,7860,3203630,3203630,20,python
1859535363,4449,cudaLaunchKernel,0,7862,3203630,3203630,20,python
1859540573,4629,cudaLaunchKernel,0,7864,3203630,3203630,20,python
1859545954,4548,cudaLaunchKernel,0,7866,3203630,3203630,20,python
1859551214,4528,cudaLaunchKernel,0,7868,3203630,3203630,20,python
1859556544,4549,cudaLaunchKernel,0,7870,3203630,3203630,20,python
1859561634,3146,cudaMemsetAsync,0,7872,3203630,3203630,20,python
1859565271,4498,cudaLaunchKernel,0,7873,3203630,3203630,20,python
1859571753,4609,cudaLaunchKernel,0,7875,3203630,3203630,20,python
1859577203,4589,cudaLaunchKernel,0,7877,3203630,3203630,20,python
1859582734,5250,cudaLaunchKernel,0,7879,3203630,3203630,20,python
1859588806,4588,cudaLaunchKernel,0,7881,3203630,3203630,20,python
1859594406,5651,cudaLaunchKernel,0,7883,3203630,3203630,20,python
1859600989,8186,cudaLaunchKernel,0,7885,3203630,3203630,20,python
1859610477,5481,cudaLaunchKernel,0,7887,3203630,3203630,20,python
1859616759,5871,cudaLaunchKernel,0,7889,3203630,3203630,20,python
1859623642,5661,cudaLaunchKernel,0,7891,3203630,3203630,20,python
1859629974,3447,cudaMemsetAsync,0,7893,3203630,3203630,20,python
1859633972,4809,cudaLaunchKernel,0,7894,3203630,3203630,20,python
1859640464,5621,cudaLaunchKernel,0,7896,3203630,3203630,20,python
1859647117,5240,cudaLaunchKernel,0,7898,3203630,3203630,20,python
1859653199,4488,cudaLaunchKernel,0,7900,3203630,3203630,20,python
1859658479,4509,cudaLaunchKernel,0,7902,3203630,3203630,20,python
1859664230,5170,cudaLaunchKernel,0,7904,3203630,3203630,20,python
1859670201,4579,cudaLaunchKernel,0,7906,3203630,3203630,20,python
1859675682,5130,cudaLaunchKernel,0,7908,3203630,3203630,20,python
1859681904,4949,cudaLaunchKernel,0,7910,3203630,3203630,20,python
1859687675,4679,cudaLaunchKernel,0,7912,3203630,3203630,20,python
1859693115,4569,cudaLaunchKernel,0,7914,3203630,3203630,20,python
1859698445,4649,cudaLaunchKernel,0,7916,3203630,3203630,20,python
1859704126,5341,cudaLaunchKernel,0,7918,3203630,3203630,20,python
1859710368,5501,cudaLaunchKernel,0,7920,3203630,3203630,20,python
1859716680,4659,cudaLaunchKernel,0,7922,3203630,3203630,20,python
1859721880,4880,cudaLaunchKernel,0,7923,3203630,3203630,20,python
1859727651,5090,cudaLaunchKernel,0,7925,3203630,3203630,20,python
1859733412,3196,cudaMemsetAsync,0,7927,3203630,3203630,20,python
1859736879,2865,cudaMemsetAsync,0,7928,3203630,3203630,20,python
1859741337,5872,cudaLaunchKernel,0,7929,3203630,3203630,20,python
1859748100,5200,cudaLaunchKernel,0,7931,3203630,3203630,20,python
1859754152,5891,cudaLaunchKernel,0,7933,3203630,3203630,20,python
1859760905,5200,cudaLaunchKernel,0,7935,3203630,3203630,20,python
1859766606,5160,cudaLaunchKernel,0,7936,3203630,3203630,20,python
1859772597,5882,cudaLaunchKernel,0,7938,3203630,3203630,20,python
1859780963,3337,cudaMemsetAsync,0,7940,3203630,3203630,20,python
1859784570,2705,cudaMemsetAsync,0,7941,3203630,3203630,20,python
1859787786,5972,cudaLaunchKernel,0,7942,3203630,3203630,20,python
1859794720,5610,cudaLaunchKernel,0,7944,3203630,3203630,20,python
1859800891,3006,cudaMemsetAsync,0,7946,3203630,3203630,20,python
1859804528,5291,cudaLaunchKernel,0,7947,3203630,3203630,20,python
1859813255,6493,cudaLaunchKernel,0,7949,3203630,3203630,20,python
1859821421,5420,cudaLaunchKernel,0,7951,3203630,3203630,20,python
1859827502,8136,cudaMemcpyAsync,0,7953,3203630,3203630,20,python
1859835949,4167,cudaMemcpyAsync,0,7954,3203630,3203630,20,python
1859840417,3707,cudaEventRecord,0,7955,3203630,3203630,20,python
1859844455,5863168,cudaEventSynchronize,0,7956,3203630,3203630,20,python
1865708214,2705,cudaStreamSynchronize,0,7957,3203630,3203630,20,python
1865712703,7103,cudaLaunchKernel,0,7958,3203630,3203630,20,python
1865720457,3417,cudaEventRecord,0,7960,3203630,3203630,20,python
1865724175,1001,cudaEventSynchronize,0,7961,3203630,3203630,20,python
1865827051,6463,cudaDeviceSynchronize,0,7964,3203630,3203630,20,python
1865847190,1363,cudaDeviceSynchronize,0,7968,3203630,3203630,20,python
1866470503,1583,cudaStreamIsCapturing_v10000,0,8002,3203630,3203630,20,python
1866472526,752,cudaStreamGetDevice_v12080,0,8003,3203630,3203630,20,python
1866491603,511,cudaStreamIsCapturing_v10000,0,8036,3203630,3203630,20,python
1866492324,441,cudaStreamGetDevice_v12080,0,8037,3203630,3203630,20,python
1866498266,6753,cudaMemsetAsync,0,8048,3203630,3203630,20,python
1866505499,9398,cudaMemcpyAsync,0,8049,3203630,3203630,20,python
1866515238,5020,cudaMemcpyAsync,0,8050,3203630,3203630,20,python
1866520558,4309,cudaMemcpyAsync,0,8051,3203630,3203630,20,python
1866525187,3948,cudaMemcpyAsync,0,8052,3203630,3203630,20,python
1866529435,3978,cudaMemcpyAsync,0,8053,3203630,3203630,20,python
1866534375,10991,cudaLaunchKernel,0,8054,3203630,3203630,20,python
1866546087,5771,cudaMemcpyAsync,0,8056,3203630,3203630,20,python
1866552229,4188,cudaEventRecord,0,8057,3203630,3203630,20,python
1866556808,2184,cudaEventSynchronize,0,8058,3203630,3203630,20,python
1866560946,460,cudaStreamIsCapturing_v10000,0,8060,3203630,3203630,20,python
1866561777,3928,cudaMemcpyAsync,0,8061,3203630,3203630,20,python
1866566095,3587,cudaMemsetAsync,0,8062,3203630,3203630,20,python
1866570003,2996,cudaEventRecord,0,8063,3203630,3203630,20,python
1866573339,1934,cudaStreamWaitEvent,0,8064,3203630,3203630,20,python
1866575604,12223,cudaLaunchHostFunc_v10000,0,8065,3203630,3203630,20,python
1866588649,6883,cudaLaunchKernel,0,8066,3203630,3203630,20,python
1866602625,3457,cudaMemsetAsync,0,8068,3203630,3203630,20,python
1866606342,2956,cudaMemsetAsync,0,8069,3203630,3203630,20,python
1866609639,2855,cudaMemsetAsync,0,8070,3203630,3203630,20,python
1866612775,2835,cudaMemsetAsync,0,8071,3203630,3203630,20,python
1866615931,2765,cudaMemsetAsync,0,8072,3203630,3203630,20,python
1866619007,3025,cudaMemsetAsync,0,8073,3203630,3203630,20,python
1866622293,2855,cudaMemsetAsync,0,8074,3203630,3203630,20,python
1866625419,2835,cudaMemsetAsync,0,8075,3203630,3203630,20,python
1866628505,2885,cudaMemsetAsync,0,8076,3203630,3203630,20,python
1866631961,5481,cudaLaunchKernel,0,8077,3203630,3203630,20,python
1866638274,6051,cudaLaunchKernel,0,8079,3203630,3203630,20,python
1866645197,5941,cudaLaunchKernel,0,8081,3203630,3203630,20,python
1866652250,5571,cudaLaunchKernel,0,8083,3203630,3203630,20,python
1866658572,5280,cudaLaunchKernel,0,8085,3203630,3203630,20,python
1866664604,5200,cudaLaunchKernel,0,8087,3203630,3203630,20,python
1866670565,4850,cudaLaunchKernel,0,8089,3203630,3203630,20,python
1866676166,5220,cudaLaunchKernel,0,8091,3203630,3203630,20,python
1866682658,4519,cudaLaunchKernel,0,8093,3203630,3203630,20,python
1866687959,4608,cudaLaunchKernel,0,8095,3203630,3203630,20,python
1866693399,5561,cudaLaunchKernel,0,8097,3203630,3203630,20,python
1866699751,5060,cudaLaunchKernel,0,8099,3203630,3203630,20,python
1866705652,5250,cudaLaunchKernel,0,8101,3203630,3203630,20,python
1866711684,4699,cudaLaunchKernel,0,8103,3203630,3203630,20,python
1866717515,4980,cudaLaunchKernel,0,8105,3203630,3203630,20,python
1866723246,4689,cudaLaunchKernel,0,8107,3203630,3203630,20,python
1866728767,5119,cudaLaunchKernel,0,8109,3203630,3203630,20,python
1866734738,4950,cudaLaunchKernel,0,8111,3203630,3203630,20,python
1866740519,4789,cudaLaunchKernel,0,8113,3203630,3203630,20,python
1866746180,5030,cudaLaunchKernel,0,8115,3203630,3203630,20,python
1866752582,4819,cudaLaunchKernel,0,8117,3203630,3203630,20,python
1866758203,4519,cudaLaunchKernel,0,8119,3203630,3203630,20,python
1866763764,4829,cudaLaunchKernel,0,8121,3203630,3203630,20,python
1866769344,4479,cudaLaunchKernel,0,8123,3203630,3203630,20,python
1866774584,4920,cudaLaunchKernel,0,8125,3203630,3203630,20,python
1866780365,4960,cudaLaunchKernel,0,8127,3203630,3203630,20,python
1866786016,3617,cudaMemsetAsync,0,8129,3203630,3203630,20,python
1866789914,2905,cudaMemsetAsync,0,8130,3203630,3203630,20,python
1866793781,5050,cudaLaunchKernel,0,8131,3203630,3203630,20,python
1866799632,4679,cudaLaunchKernel,0,8133,3203630,3203630,20,python
1866805093,4749,cudaLaunchKernel,0,8135,3203630,3203630,20,python
1866810583,4799,cudaLaunchKernel,0,8137,3203630,3203630,20,python
1866816144,4579,cudaLaunchKernel,0,8139,3203630,3203630,20,python
1866821474,4689,cudaLaunchKernel,0,8141,3203630,3203630,20,python
1866827265,5100,cudaLaunchKernel,0,8143,3203630,3203630,20,python
1866837795,4729,cudaLaunchKernel,0,8149,3203630,3203630,20,python
1866843346,3386,cudaMemsetAsync,0,8151,3203630,3203630,20,python
1866847003,2905,cudaMemsetAsync,0,8152,3203630,3203630,20,python
1866852513,4780,cudaLaunchKernel,0,8153,3203630,3203630,20,python
1866857814,3196,cudaMemsetAsync,0,8155,3203630,3203630,20,python
1866861501,4869,cudaLaunchKernel,0,8156,3203630,3203630,20,python
1866867232,4969,cudaLaunchKernel,0,8158,3203630,3203630,20,python
1866873814,4689,cudaLaunchKernel,0,8160,3203630,3203630,20,python
1866879285,3126,cudaMemsetAsync,0,8162,3203630,3203630,20,python
1866883813,4960,cudaLaunchKernel,0,8163,3203630,3203630,20,python
1866889514,4268,cudaLaunchKernel,0,8165,3203630,3203630,20,python
1866894504,4438,cudaLaunchKernel,0,8167,3203630,3203630,20,python
1866899734,4238,cudaLaunchKernel,0,8169,3203630,3203630,20,python
1866904834,4508,cudaLaunchKernel,0,8171,3203630,3203630,20,python
1866910174,4568,cudaLaunchKernel,0,8173,3203630,3203630,20,python
1866915474,4438,cudaLaunchKernel,0,8175,3203630,3203630,20,python
1866920524,3085,cudaMemsetAsync,0,8177,3203630,3203630,20,python
1866924090,4749,cudaLaunchKernel,0,8178,3203630,3203630,20,python
1866929571,4569,cudaLaunchKernel,0,8180,3203630,3203630,20,python
1866934931,4268,cudaLaunchKernel,0,8182,3203630,3203630,20,python
1866940031,4438,cudaLaunchKernel,0,8184,3203630,3203630,20,python
1866945411,4379,cudaLaunchKernel,0,8186,3203630,3203630,20,python
1866950551,4599,cudaLaunchKernel,0,8188,3203630,3203630,20,python
1866955891,4218,cudaLaunchKernel,0,8190,3203630,3203630,20,python
1866961151,5140,cudaLaunchKernel,0,8192,3203630,3203630,20,python
1866968155,4829,cudaLaunchKernel,0,8194,3203630,3203630,20,python
1866974607,3266,cudaMemsetAsync,0,8197,3203630,3203630,20,python
1866979056,601,cudaStreamIsCapturing_v10000,0,8199,3203630,3203630,20,python
1866979927,1673,cudaStreamWaitEvent,0,8200,3203630,3203630,20,python
1866981961,12284,cudaMemcpyAsync,0,8201,3203630,3203630,20,python
1866994615,3998,cudaEventRecord,0,8202,3203630,3203630,20,python
1866998964,491,cudaStreamIsCapturing_v10000,0,8203,3203630,3203630,20,python
1866999795,14147,cudaGraphLaunch_v10000,0,8204,3203630,3203630,20,python
1867014774,3737,cudaMemsetAsync,0,8205,3203630,3203630,20,python
1867018782,2815,cudaMemsetAsync,0,8206,3203630,3203630,20,python
1867021867,2766,cudaMemsetAsync,0,8207,3203630,3203630,20,python
1867024893,2826,cudaMemsetAsync,0,8208,3203630,3203630,20,python
1867027979,2645,cudaMemsetAsync,0,8209,3203630,3203630,20,python
1867030895,2775,cudaMemsetAsync,0,8210,3203630,3203630,20,python
1867033931,2795,cudaMemsetAsync,0,8211,3203630,3203630,20,python
1867037427,6593,cudaLaunchKernel,0,8212,3203630,3203630,20,python
1867044591,3316,cudaMemsetAsync,0,8214,3203630,3203630,20,python
1867048428,5070,cudaLaunchKernel,0,8215,3203630,3203630,20,python
1867054810,4880,cudaLaunchKernel,0,8217,3203630,3203630,20,python
1867060582,4719,cudaLaunchKernel,0,8219,3203630,3203630,20,python
1867066102,4659,cudaLaunchKernel,0,8221,3203630,3203630,20,python
1867071603,4779,cudaLaunchKernel,0,8223,3203630,3203630,20,python
1867077223,4629,cudaLaunchKernel,0,8225,3203630,3203630,20,python
1867082684,4899,cudaLaunchKernel,0,8227,3203630,3203630,20,python
1867088425,4769,cudaLaunchKernel,0,8229,3203630,3203630,20,python
1867094126,3386,cudaMemsetAsync,0,8231,3203630,3203630,20,python
1867097793,2875,cudaMemsetAsync,0,8232,3203630,3203630,20,python
1867100939,2865,cudaMemsetAsync,0,8233,3203630,3203630,20,python
1867104355,4880,cudaLaunchKernel,0,8234,3203630,3203630,20,python
1867109806,3066,cudaMemsetAsync,0,8236,3203630,3203630,20,python
1867113142,2745,cudaMemsetAsync,0,8237,3203630,3203630,20,python
1867116599,4899,cudaLaunchKernel,0,8238,3203630,3203630,20,python
1867122240,4779,cudaLaunchKernel,0,8240,3203630,3203630,20,python
1867127840,4779,cudaLaunchKernel,0,8242,3203630,3203630,20,python
1867133431,4889,cudaLaunchKernel,0,8244,3203630,3203630,20,python
1867139192,4989,cudaLaunchKernel,0,8246,3203630,3203630,20,python
1867146536,3226,cudaMemsetAsync,0,8248,3203630,3203630,20,python
1867150043,2805,cudaMemsetAsync,0,8249,3203630,3203630,20,python
1867153399,4930,cudaLaunchKernel,0,8250,3203630,3203630,20,python
1867158950,2975,cudaMemsetAsync,0,8252,3203630,3203630,20,python
1867162196,2885,cudaMemsetAsync,0,8253,3203630,3203630,20,python
1867166294,4809,cudaLaunchKernel,0,8254,3203630,3203630,20,python
1867171945,4638,cudaLaunchKernel,0,8256,3203630,3203630,20,python
1867177345,4509,cudaLaunchKernel,0,8258,3203630,3203630,20,python
1867182625,4599,cudaLaunchKernel,0,8260,3203630,3203630,20,python
1867187805,2986,cudaMemsetAsync,0,8262,3203630,3203630,20,python
1867191071,2796,cudaMemsetAsync,0,8263,3203630,3203630,20,python
1867194638,4859,cudaLaunchKernel,0,8264,3203630,3203630,20,python
1867200289,4749,cudaLaunchKernel,0,8266,3203630,3203630,20,python
1867211911,4859,cudaLaunchKernel,0,8268,3203630,3203630,20,python
1867217331,3227,cudaMemsetAsync,0,8270,3203630,3203630,20,python
1867220838,2876,cudaMemsetAsync,0,8271,3203630,3203630,20,python
1867224535,2786,cudaMemsetAsync,0,8272,3203630,3203630,20,python
1867227842,4909,cudaLaunchKernel,0,8273,3203630,3203630,20,python
1867233593,4739,cudaLaunchKernel,0,8275,3203630,3203630,20,python
1867239173,4679,cudaLaunchKernel,0,8277,3203630,3203630,20,python
1867244654,4609,cudaLaunchKernel,0,8279,3203630,3203630,20,python
1867250014,4428,cudaLaunchKernel,0,8281,3203630,3203630,20,python
1867255194,4408,cudaLaunchKernel,0,8283,3203630,3203630,20,python
1867260153,3066,cudaMemsetAsync,0,8285,3203630,3203630,20,python
1867263490,2855,cudaMemsetAsync,0,8286,3203630,3203630,20,python
1867267357,4890,cudaLaunchKernel,0,8287,3203630,3203630,20,python
1867273038,4619,cudaLaunchKernel,0,8289,3203630,3203630,20,python
1867278508,4740,cudaLaunchKernel,0,8291,3203630,3203630,20,python
1867284009,4849,cudaLaunchKernel,0,8293,3203630,3203630,20,python
1867289640,4659,cudaLaunchKernel,0,8295,3203630,3203630,20,python
1867295100,7715,cudaLaunchKernel,0,8297,3203630,3203630,20,python
1867303657,4528,cudaLaunchKernel,0,8299,3203630,3203630,20,python
1867308867,3216,cudaMemsetAsync,0,8301,3203630,3203630,20,python
1867312383,2705,cudaMemsetAsync,0,8302,3203630,3203630,20,python
1867316772,4819,cudaLaunchKernel,0,8303,3203630,3203630,20,python
1867322412,4870,cudaLaunchKernel,0,8305,3203630,3203630,20,python
1867328063,4649,cudaLaunchKernel,0,8307,3203630,3203630,20,python
1867333474,4498,cudaLaunchKernel,0,8309,3203630,3203630,20,python
1867338613,3096,cudaMemsetAsync,0,8311,3203630,3203630,20,python
1867341990,2855,cudaMemsetAsync,0,8312,3203630,3203630,20,python
1867345106,2835,cudaMemsetAsync,0,8313,3203630,3203630,20,python
1867348873,4940,cudaLaunchKernel,0,8314,3203630,3203630,20,python
1867354624,4679,cudaLaunchKernel,0,8316,3203630,3203630,20,python
1867360065,4588,cudaLaunchKernel,0,8318,3203630,3203630,20,python
1867365415,4528,cudaLaunchKernel,0,8320,3203630,3203630,20,python
1867370845,4579,cudaLaunchKernel,0,8322,3203630,3203630,20,python
1867376296,4618,cudaLaunchKernel,0,8324,3203630,3203630,20,python
1867381516,4839,cudaLaunchKernel,0,8325,3203630,3203630,20,python
1867387046,3246,cudaMemsetAsync,0,8327,3203630,3203630,20,python
1867390563,2795,cudaMemsetAsync,0,8328,3203630,3203630,20,python
1867393659,2675,cudaMemsetAsync,0,8329,3203630,3203630,20,python
1867396584,2696,cudaMemsetAsync,0,8330,3203630,3203630,20,python
1867399610,2715,cudaMemsetAsync,0,8331,3203630,3203630,20,python
1867402586,2685,cudaMemsetAsync,0,8332,3203630,3203630,20,python
1867406513,4980,cudaLaunchKernel,0,8333,3203630,3203630,20,python
1867412315,5029,cudaLaunchKernel,0,8335,3203630,3203630,20,python
1867418156,5009,cudaLaunchKernel,0,8337,3203630,3203630,20,python
1867423927,4699,cudaLaunchKernel,0,8339,3203630,3203630,20,python
1867429427,4619,cudaLaunchKernel,0,8341,3203630,3203630,20,python
1867435529,4749,cudaLaunchKernel,0,8343,3203630,3203630,20,python
1867441039,4820,cudaLaunchKernel,0,8345,3203630,3203630,20,python
1867446750,4739,cudaLaunchKernel,0,8347,3203630,3203630,20,python
1867452271,4539,cudaLaunchKernel,0,8349,3203630,3203630,20,python
1867457571,4679,cudaLaunchKernel,0,8351,3203630,3203630,20,python
1867463603,4468,cudaLaunchKernel,0,8353,3203630,3203630,20,python
1867468873,4889,cudaLaunchKernel,0,8355,3203630,3203630,20,python
1867474534,4879,cudaLaunchKernel,0,8357,3203630,3203630,20,python
1867480194,4679,cudaLaunchKernel,0,8359,3203630,3203630,20,python
1867485705,4609,cudaLaunchKernel,0,8361,3203630,3203630,20,python
1867490845,4749,cudaLaunchKernel,0,8362,3203630,3203630,20,python
1867496085,4488,cudaLaunchKernel,0,8363,3203630,3203630,20,python
1867501114,4669,cudaLaunchKernel,0,8364,3203630,3203630,20,python
1867506384,3217,cudaMemsetAsync,0,8366,3203630,3203630,20,python
1867509871,2806,cudaMemsetAsync,0,8367,3203630,3203630,20,python
1867513188,4719,cudaLaunchKernel,0,8368,3203630,3203630,20,python
1867519089,4649,cudaLaunchKernel,0,8370,3203630,3203630,20,python
1867524479,4499,cudaLaunchKernel,0,8372,3203630,3203630,20,python
1867529749,4669,cudaLaunchKernel,0,8374,3203630,3203630,20,python
1867535200,4508,cudaLaunchKernel,0,8376,3203630,3203630,20,python
1867540480,4548,cudaLaunchKernel,0,8378,3203630,3203630,20,python
1867545569,4770,cudaLaunchKernel,0,8379,3203630,3203630,20,python
1867550990,3056,cudaMemsetAsync,0,8381,3203630,3203630,20,python
1867554316,2906,cudaMemsetAsync,0,8382,3203630,3203630,20,python
1867561550,4839,cudaLaunchKernel,0,8383,3203630,3203630,20,python
1867567181,4939,cudaLaunchKernel,0,8385,3203630,3203630,20,python
1867572962,4849,cudaLaunchKernel,0,8387,3203630,3203630,20,python
1867578673,4729,cudaLaunchKernel,0,8389,3203630,3203630,20,python
1867584173,4669,cudaLaunchKernel,0,8391,3203630,3203630,20,python
1867589644,4839,cudaLaunchKernel,0,8393,3203630,3203630,20,python
1867595034,3276,cudaMemsetAsync,0,8395,3203630,3203630,20,python
1867598881,4659,cudaLaunchKernel,0,8396,3203630,3203630,20,python
1867604803,4749,cudaLaunchKernel,0,8398,3203630,3203630,20,python
1867610414,4678,cudaLaunchKernel,0,8400,3203630,3203630,20,python
1867615924,4579,cudaLaunchKernel,0,8402,3203630,3203630,20,python
1867621044,9548,cudaMemsetAsync,0,8404,3203630,3203630,20,python
1867631143,4649,cudaLaunchKernel,0,8405,3203630,3203630,20,python
1867636824,4449,cudaLaunchKernel,0,8407,3203630,3203630,20,python
1867641994,4719,cudaLaunchKernel,0,8409,3203630,3203630,20,python
1867647484,4639,cudaLaunchKernel,0,8411,3203630,3203630,20,python
1867652865,4689,cudaLaunchKernel,0,8413,3203630,3203630,20,python
1867658295,4539,cudaLaunchKernel,0,8415,3203630,3203630,20,python
1867663385,3617,cudaMemsetAsync,0,8417,3203630,3203630,20,python
1867667493,4508,cudaLaunchKernel,0,8418,3203630,3203630,20,python
1867673304,4699,cudaLaunchKernel,0,8420,3203630,3203630,20,python
1867678844,4579,cudaLaunchKernel,0,8422,3203630,3203630,20,python
1867684225,4579,cudaLaunchKernel,0,8424,3203630,3203630,20,python
1867689665,4719,cudaLaunchKernel,0,8426,3203630,3203630,20,python
1867695206,4579,cudaLaunchKernel,0,8428,3203630,3203630,20,python
1867700596,4509,cudaLaunchKernel,0,8430,3203630,3203630,20,python
1867705936,4749,cudaLaunchKernel,0,8432,3203630,3203630,20,python
1867711467,4599,cudaLaunchKernel,0,8434,3203630,3203630,20,python
1867716837,4519,cudaLaunchKernel,0,8436,3203630,3203630,20,python
1867721937,3166,cudaMemsetAsync,0,8438,3203630,3203630,20,python
1867725584,4488,cudaLaunchKernel,0,8439,3203630,3203630,20,python
1867731215,4518,cudaLaunchKernel,0,8441,3203630,3203630,20,python
1867736535,4559,cudaLaunchKernel,0,8443,3203630,3203630,20,python
1867741865,4609,cudaLaunchKernel,0,8445,3203630,3203630,20,python
1867747275,4479,cudaLaunchKernel,0,8447,3203630,3203630,20,python
1867752606,4638,cudaLaunchKernel,0,8449,3203630,3203630,20,python
1867758086,4539,cudaLaunchKernel,0,8451,3203630,3203630,20,python
1867763436,4589,cudaLaunchKernel,0,8453,3203630,3203630,20,python
1867768867,4609,cudaLaunchKernel,0,8455,3203630,3203630,20,python
1867774297,4699,cudaLaunchKernel,0,8457,3203630,3203630,20,python
1867779798,4699,cudaLaunchKernel,0,8459,3203630,3203630,20,python
1867785258,4539,cudaLaunchKernel,0,8461,3203630,3203630,20,python
1867790608,4779,cudaLaunchKernel,0,8463,3203630,3203630,20,python
1867796189,5000,cudaLaunchKernel,0,8465,3203630,3203630,20,python
1867802241,5400,cudaLaunchKernel,0,8467,3203630,3203630,20,python
1867808332,5912,cudaLaunchKernel,0,8468,3203630,3203630,20,python
1867815235,5341,cudaLaunchKernel,0,8470,3203630,3203630,20,python
1867821317,3627,cudaMemsetAsync,0,8472,3203630,3203630,20,python
1867825275,3186,cudaMemsetAsync,0,8473,3203630,3203630,20,python
1867829873,5721,cudaLaunchKernel,0,8474,3203630,3203630,20,python
1867836536,5511,cudaLaunchKernel,0,8476,3203630,3203630,20,python
1867843029,5811,cudaLaunchKernel,0,8478,3203630,3203630,20,python
1867849782,5310,cudaLaunchKernel,0,8480,3203630,3203630,20,python
1867855733,5520,cudaLaunchKernel,0,8481,3203630,3203630,20,python
1867862316,6141,cudaLaunchKernel,0,8483,3203630,3203630,20,python
1867870471,3637,cudaMemsetAsync,0,8485,3203630,3203630,20,python
1867874439,3206,cudaMemsetAsync,0,8486,3203630,3203630,20,python
1867878276,5992,cudaLaunchKernel,0,8487,3203630,3203630,20,python
1867885249,5922,cudaLaunchKernel,0,8489,3203630,3203630,20,python
1867891882,3397,cudaMemsetAsync,0,8491,3203630,3203630,20,python
1867895940,5540,cudaLaunchKernel,0,8492,3203630,3203630,20,python
1867904456,6132,cudaLaunchKernel,0,8494,3203630,3203630,20,python
1867912001,5560,cudaLaunchKernel,0,8496,3203630,3203630,20,python
1867918343,8015,cudaMemcpyAsync,0,8498,3203630,3203630,20,python
1867926669,4198,cudaMemcpyAsync,0,8499,3203630,3203630,20,python
1867931157,3567,cudaEventRecord,0,8500,3203630,3203630,20,python
1867935065,5953260,cudaEventSynchronize,0,8501,3203630,3203630,20,python
1873888776,1874,cudaStreamSynchronize,0,8502,3203630,3203630,20,python
1873892072,6393,cudaLaunchKernel,0,8503,3203630,3203630,20,python
1873899096,3607,cudaEventRecord,0,8505,3203630,3203630,20,python
1873902973,952,cudaEventSynchronize,0,8506,3203630,3203630,20,python
1873981724,3707,cudaDeviceSynchronize,0,8509,3203630,3203630,20,python
1873995530,1373,cudaDeviceSynchronize,0,8513,3203630,3203630,20,python
1874584086,1513,cudaStreamIsCapturing_v10000,0,8547,3203630,3203630,20,python
1874586010,752,cudaStreamGetDevice_v12080,0,8548,3203630,3203630,20,python
1874604926,501,cudaStreamIsCapturing_v10000,0,8581,3203630,3203630,20,python
1874605698,461,cudaStreamGetDevice_v12080,0,8582,3203630,3203630,20,python
1874611960,6592,cudaMemsetAsync,0,8593,3203630,3203630,20,python
1874619073,6763,cudaMemcpyAsync,0,8594,3203630,3203630,20,python
1874626187,5160,cudaMemcpyAsync,0,8595,3203630,3203630,20,python
1874631637,4469,cudaMemcpyAsync,0,8596,3203630,3203630,20,python
1874636417,3997,cudaMemcpyAsync,0,8597,3203630,3203630,20,python
1874640715,4047,cudaMemcpyAsync,0,8598,3203630,3203630,20,python
1874645664,15971,cudaLaunchKernel,0,8599,3203630,3203630,20,python
1874662336,9789,cudaMemcpyAsync,0,8601,3203630,3203630,20,python
1874672506,4137,cudaEventRecord,0,8602,3203630,3203630,20,python
1874676994,2044,cudaEventSynchronize,0,8603,3203630,3203630,20,python
1874681012,511,cudaStreamIsCapturing_v10000,0,8605,3203630,3203630,20,python
1874681994,4318,cudaMemcpyAsync,0,8606,3203630,3203630,20,python
1874686713,3627,cudaMemsetAsync,0,8607,3203630,3203630,20,python
1874690670,3337,cudaEventRecord,0,8608,3203630,3203630,20,python
1874694347,1914,cudaStreamWaitEvent,0,8609,3203630,3203630,20,python
1874696622,7474,cudaLaunchHostFunc_v10000,0,8610,3203630,3203630,20,python
1874704888,6722,cudaLaunchKernel,0,8611,3203630,3203630,20,python
1874718684,3296,cudaMemsetAsync,0,8613,3203630,3203630,20,python
1874722261,2815,cudaMemsetAsync,0,8614,3203630,3203630,20,python
1874725407,2735,cudaMemsetAsync,0,8615,3203630,3203630,20,python
1874728423,2725,cudaMemsetAsync,0,8616,3203630,3203630,20,python
1874731468,2846,cudaMemsetAsync,0,8617,3203630,3203630,20,python
1874734644,2706,cudaMemsetAsync,0,8618,3203630,3203630,20,python
1874737610,2755,cudaMemsetAsync,0,8619,3203630,3203630,20,python
1874740646,2845,cudaMemsetAsync,0,8620,3203630,3203630,20,python
1874743752,2695,cudaMemsetAsync,0,8621,3203630,3203630,20,python
1874747008,5551,cudaLaunchKernel,0,8622,3203630,3203630,20,python
1874753360,6002,cudaLaunchKernel,0,8624,3203630,3203630,20,python
1874760233,6312,cudaLaunchKernel,0,8626,3203630,3203630,20,python
1874767638,5350,cudaLaunchKernel,0,8628,3203630,3203630,20,python
1874773729,5120,cudaLaunchKernel,0,8630,3203630,3203630,20,python
1874779631,5039,cudaLaunchKernel,0,8632,3203630,3203630,20,python
1874785412,4829,cudaLaunchKernel,0,8634,3203630,3203630,20,python
1874791002,5070,cudaLaunchKernel,0,8636,3203630,3203630,20,python
1874797364,4760,cudaLaunchKernel,0,8638,3203630,3203630,20,python
1874802895,4799,cudaLaunchKernel,0,8640,3203630,3203630,20,python
1874808526,5039,cudaLaunchKernel,0,8642,3203630,3203630,20,python
1874814357,4949,cudaLaunchKernel,0,8644,3203630,3203630,20,python
1874820118,5180,cudaLaunchKernel,0,8646,3203630,3203630,20,python
1874826069,4589,cudaLaunchKernel,0,8648,3203630,3203630,20,python
1874831790,5270,cudaLaunchKernel,0,8650,3203630,3203630,20,python
1874837842,4719,cudaLaunchKernel,0,8652,3203630,3203630,20,python
1874843393,5410,cudaLaunchKernel,0,8654,3203630,3203630,20,python
1874849655,4819,cudaLaunchKernel,0,8656,3203630,3203630,20,python
1874855275,4870,cudaLaunchKernel,0,8658,3203630,3203630,20,python
1874860996,5080,cudaLaunchKernel,0,8660,3203630,3203630,20,python
1874867479,4959,cudaLaunchKernel,0,8662,3203630,3203630,20,python
1874873260,4659,cudaLaunchKernel,0,8664,3203630,3203630,20,python
1874878951,4578,cudaLaunchKernel,0,8666,3203630,3203630,20,python
1874884281,4568,cudaLaunchKernel,0,8668,3203630,3203630,20,python
1874889601,4679,cudaLaunchKernel,0,8670,3203630,3203630,20,python
1874895132,5159,cudaLaunchKernel,0,8672,3203630,3203630,20,python
1874901063,3707,cudaMemsetAsync,0,8674,3203630,3203630,20,python
1874905050,3076,cudaMemsetAsync,0,8675,3203630,3203630,20,python
1874909118,5070,cudaLaunchKernel,0,8676,3203630,3203630,20,python
1874914969,4709,cudaLaunchKernel,0,8678,3203630,3203630,20,python
1874920460,4819,cudaLaunchKernel,0,8680,3203630,3203630,20,python
1874926181,4689,cudaLaunchKernel,0,8682,3203630,3203630,20,python
1874931651,4529,cudaLaunchKernel,0,8684,3203630,3203630,20,python
1874936962,4889,cudaLaunchKernel,0,8686,3203630,3203630,20,python
1874942693,4648,cudaLaunchKernel,0,8688,3203630,3203630,20,python
1874952782,4779,cudaLaunchKernel,0,8694,3203630,3203630,20,python
1874958162,3387,cudaMemsetAsync,0,8696,3203630,3203630,20,python
1874961819,2836,cudaMemsetAsync,0,8697,3203630,3203630,20,python
1874967149,4890,cudaLaunchKernel,0,8698,3203630,3203630,20,python
1874972570,3176,cudaMemsetAsync,0,8700,3203630,3203630,20,python
1874976257,4909,cudaLaunchKernel,0,8701,3203630,3203630,20,python
1874982008,4919,cudaLaunchKernel,0,8703,3203630,3203630,20,python
1874988490,4799,cudaLaunchKernel,0,8705,3203630,3203630,20,python
1874994101,3256,cudaMemsetAsync,0,8707,3203630,3203630,20,python
1874998800,4779,cudaLaunchKernel,0,8708,3203630,3203630,20,python
1875004300,4389,cudaLaunchKernel,0,8710,3203630,3203630,20,python
1875009400,4489,cudaLaunchKernel,0,8712,3203630,3203630,20,python
1875014660,4228,cudaLaunchKernel,0,8714,3203630,3203630,20,python
1875019740,4499,cudaLaunchKernel,0,8716,3203630,3203630,20,python
1875025060,7905,cudaLaunchKernel,0,8718,3203630,3203630,20,python
1875033697,4679,cudaLaunchKernel,0,8720,3203630,3203630,20,python
1875039007,3396,cudaMemsetAsync,0,8722,3203630,3203630,20,python
1875042904,4609,cudaLaunchKernel,0,8723,3203630,3203630,20,python
1875048244,4820,cudaLaunchKernel,0,8725,3203630,3203630,20,python
1875053845,4198,cudaLaunchKernel,0,8727,3203630,3203630,20,python
1875058865,4268,cudaLaunchKernel,0,8729,3203630,3203630,20,python
1875064125,4519,cudaLaunchKernel,0,8731,3203630,3203630,20,python
1875069385,4729,cudaLaunchKernel,0,8733,3203630,3203630,20,python
1875074825,4208,cudaLaunchKernel,0,8735,3203630,3203630,20,python
1875080146,5209,cudaLaunchKernel,0,8737,3203630,3203630,20,python
1875087199,4649,cudaLaunchKernel,0,8739,3203630,3203630,20,python
1875093501,3326,cudaMemsetAsync,0,8742,3203630,3203630,20,python
1875098080,611,cudaStreamIsCapturing_v10000,0,8744,3203630,3203630,20,python
1875098951,1744,cudaStreamWaitEvent,0,8745,3203630,3203630,20,python
1875101035,9058,cudaMemcpyAsync,0,8746,3203630,3203630,20,python
1875110433,3677,cudaEventRecord,0,8747,3203630,3203630,20,python
1875114481,491,cudaStreamIsCapturing_v10000,0,8748,3203630,3203630,20,python
1875115293,14678,cudaGraphLaunch_v10000,0,8749,3203630,3203630,20,python
1875130802,3728,cudaMemsetAsync,0,8750,3203630,3203630,20,python
1875134790,2916,cudaMemsetAsync,0,8751,3203630,3203630,20,python
1875137966,2765,cudaMemsetAsync,0,8752,3203630,3203630,20,python
1875140992,2705,cudaMemsetAsync,0,8753,3203630,3203630,20,python
1875143948,2725,cudaMemsetAsync,0,8754,3203630,3203630,20,python
1875146943,2726,cudaMemsetAsync,0,8755,3203630,3203630,20,python
1875149919,2735,cudaMemsetAsync,0,8756,3203630,3203630,20,python
1875153376,6582,cudaLaunchKernel,0,8757,3203630,3203630,20,python
1875160549,3126,cudaMemsetAsync,0,8759,3203630,3203630,20,python
1875164176,4880,cudaLaunchKernel,0,8760,3203630,3203630,20,python
1875170368,4879,cudaLaunchKernel,0,8762,3203630,3203630,20,python
1875176089,4719,cudaLaunchKernel,0,8764,3203630,3203630,20,python
1875181930,4619,cudaLaunchKernel,0,8766,3203630,3203630,20,python
1875187441,4789,cudaLaunchKernel,0,8768,3203630,3203630,20,python
1875193132,4669,cudaLaunchKernel,0,8770,3203630,3203630,20,python
1875198632,4960,cudaLaunchKernel,0,8772,3203630,3203630,20,python
1875204574,11742,cudaLaunchKernel,0,8774,3203630,3203630,20,python
1875217198,3496,cudaMemsetAsync,0,8776,3203630,3203630,20,python
1875220975,2865,cudaMemsetAsync,0,8777,3203630,3203630,20,python
1875224111,2845,cudaMemsetAsync,0,8778,3203630,3203630,20,python
1875227497,4880,cudaLaunchKernel,0,8779,3203630,3203630,20,python
1875232958,3036,cudaMemsetAsync,0,8781,3203630,3203630,20,python
1875236264,2725,cudaMemsetAsync,0,8782,3203630,3203630,20,python
1875239711,4879,cudaLaunchKernel,0,8783,3203630,3203630,20,python
1875245332,4829,cudaLaunchKernel,0,8785,3203630,3203630,20,python
1875250972,4549,cudaLaunchKernel,0,8787,3203630,3203630,20,python
1875256313,4699,cudaLaunchKernel,0,8789,3203630,3203630,20,python
1875261873,5030,cudaLaunchKernel,0,8791,3203630,3203630,20,python
1875269207,3216,cudaMemsetAsync,0,8793,3203630,3203630,20,python
1875272704,2905,cudaMemsetAsync,0,8794,3203630,3203630,20,python
1875276191,4939,cudaLaunchKernel,0,8795,3203630,3203630,20,python
1875281711,3156,cudaMemsetAsync,0,8797,3203630,3203630,20,python
1875285138,2825,cudaMemsetAsync,0,8798,3203630,3203630,20,python
1875289185,4780,cudaLaunchKernel,0,8799,3203630,3203630,20,python
1875294786,4679,cudaLaunchKernel,0,8801,3203630,3203630,20,python
1875300237,4558,cudaLaunchKernel,0,8803,3203630,3203630,20,python
1875305577,4639,cudaLaunchKernel,0,8805,3203630,3203630,20,python
1875310787,3096,cudaMemsetAsync,0,8807,3203630,3203630,20,python
1875314153,2756,cudaMemsetAsync,0,8808,3203630,3203630,20,python
1875317680,4759,cudaLaunchKernel,0,8809,3203630,3203630,20,python
1875323281,4759,cudaLaunchKernel,0,8811,3203630,3203630,20,python
1875328982,4438,cudaLaunchKernel,0,8813,3203630,3203630,20,python
1875333991,2986,cudaMemsetAsync,0,8815,3203630,3203630,20,python
1875337237,2746,cudaMemsetAsync,0,8816,3203630,3203630,20,python
1875340764,6172,cudaMemsetAsync,0,8817,3203630,3203630,20,python
1875347527,4970,cudaLaunchKernel,0,8818,3203630,3203630,20,python
1875353288,4579,cudaLaunchKernel,0,8820,3203630,3203630,20,python
1875358688,4790,cudaLaunchKernel,0,8822,3203630,3203630,20,python
1875364259,4709,cudaLaunchKernel,0,8824,3203630,3203630,20,python
1875369730,4388,cudaLaunchKernel,0,8826,3203630,3203630,20,python
1875374889,4459,cudaLaunchKernel,0,8828,3203630,3203630,20,python
1875379969,3196,cudaMemsetAsync,0,8830,3203630,3203630,20,python
1875383426,2715,cudaMemsetAsync,0,8831,3203630,3203630,20,python
1875387153,4919,cudaLaunchKernel,0,8832,3203630,3203630,20,python
1875392874,4589,cudaLaunchKernel,0,8834,3203630,3203630,20,python
1875398294,4839,cudaLaunchKernel,0,8836,3203630,3203630,20,python
1875403875,4899,cudaLaunchKernel,0,8838,3203630,3203630,20,python
1875409516,4578,cudaLaunchKernel,0,8840,3203630,3203630,20,python
1875415056,4639,cudaLaunchKernel,0,8842,3203630,3203630,20,python
1875420487,4619,cudaLaunchKernel,0,8844,3203630,3203630,20,python
1875425747,3096,cudaMemsetAsync,0,8846,3203630,3203630,20,python
1875429113,2806,cudaMemsetAsync,0,8847,3203630,3203630,20,python
1875433612,4819,cudaLaunchKernel,0,8848,3203630,3203630,20,python
1875439263,4729,cudaLaunchKernel,0,8850,3203630,3203630,20,python
1875444753,4629,cudaLaunchKernel,0,8852,3203630,3203630,20,python
1875450133,4579,cudaLaunchKernel,0,8854,3203630,3203630,20,python
1875455283,3096,cudaMemsetAsync,0,8856,3203630,3203630,20,python
1875458650,2745,cudaMemsetAsync,0,8857,3203630,3203630,20,python
1875461655,2946,cudaMemsetAsync,0,8858,3203630,3203630,20,python
1875465553,4919,cudaLaunchKernel,0,8859,3203630,3203630,20,python
1875471294,4609,cudaLaunchKernel,0,8861,3203630,3203630,20,python
1875476664,4639,cudaLaunchKernel,0,8863,3203630,3203630,20,python
1875482085,4438,cudaLaunchKernel,0,8865,3203630,3203630,20,python
1875487295,4719,cudaLaunchKernel,0,8867,3203630,3203630,20,python
1875492865,4609,cudaLaunchKernel,0,8869,3203630,3203630,20,python
1875498075,4839,cudaLaunchKernel,0,8870,3203630,3203630,20,python
1875503586,3206,cudaMemsetAsync,0,8872,3203630,3203630,20,python
1875507072,2816,cudaMemsetAsync,0,8873,3203630,3203630,20,python
1875510188,2806,cudaMemsetAsync,0,8874,3203630,3203630,20,python
1875513244,2866,cudaMemsetAsync,0,8875,3203630,3203630,20,python
1875516430,2826,cudaMemsetAsync,0,8876,3203630,3203630,20,python
1875519506,2795,cudaMemsetAsync,0,8877,3203630,3203630,20,python
1875523544,4949,cudaLaunchKernel,0,8878,3203630,3203630,20,python
1875529305,4849,cudaLaunchKernel,0,8880,3203630,3203630,20,python
1875534966,5029,cudaLaunchKernel,0,8882,3203630,3203630,20,python
1875540777,4639,cudaLaunchKernel,0,8884,3203630,3203630,20,python
1875546187,4609,cudaLaunchKernel,0,8886,3203630,3203630,20,python
1875552279,4719,cudaLaunchKernel,0,8888,3203630,3203630,20,python
1875557749,4910,cudaLaunchKernel,0,8890,3203630,3203630,20,python
1875563540,4649,cudaLaunchKernel,0,8892,3203630,3203630,20,python
1875568961,4629,cudaLaunchKernel,0,8894,3203630,3203630,20,python
1875574341,4549,cudaLaunchKernel,0,8896,3203630,3203630,20,python
1875580242,4609,cudaLaunchKernel,0,8898,3203630,3203630,20,python
1875585613,4919,cudaLaunchKernel,0,8900,3203630,3203630,20,python
1875591304,4889,cudaLaunchKernel,0,8902,3203630,3203630,20,python
1875596954,4669,cudaLaunchKernel,0,8904,3203630,3203630,20,python
1875602605,4619,cudaLaunchKernel,0,8906,3203630,3203630,20,python
1875607825,4499,cudaLaunchKernel,0,8907,3203630,3203630,20,python
1875612845,4388,cudaLaunchKernel,0,8908,3203630,3203630,20,python
1875617734,4529,cudaLaunchKernel,0,8909,3203630,3203630,20,python
1875622854,3206,cudaMemsetAsync,0,8911,3203630,3203630,20,python
1875626331,2715,cudaMemsetAsync,0,8912,3203630,3203630,20,python
1875629567,4779,cudaLaunchKernel,0,8913,3203630,3203630,20,python
1875635498,4579,cudaLaunchKernel,0,8915,3203630,3203630,20,python
1875640838,4699,cudaLaunchKernel,0,8917,3203630,3203630,20,python
1875646309,4759,cudaLaunchKernel,0,8919,3203630,3203630,20,python
1875651879,4589,cudaLaunchKernel,0,8921,3203630,3203630,20,python
1875657280,5300,cudaLaunchKernel,0,8923,3203630,3203630,20,python
1875663261,9168,cudaLaunchKernel,0,8924,3203630,3203630,20,python
1875673060,3226,cudaMemsetAsync,0,8926,3203630,3203630,20,python
1875676557,3246,cudaMemsetAsync,0,8927,3203630,3203630,20,python
1875684923,5400,cudaLaunchKernel,0,8928,3203630,3203630,20,python
1875691094,4940,cudaLaunchKernel,0,8930,3203630,3203630,20,python
1875696845,4900,cudaLaunchKernel,0,8932,3203630,3203630,20,python
1875702566,4840,cudaLaunchKernel,0,8934,3203630,3203630,20,python
1875708217,4589,cudaLaunchKernel,0,8936,3203630,3203630,20,python
1875713618,4809,cudaLaunchKernel,0,8938,3203630,3203630,20,python
1875718978,3066,cudaMemsetAsync,0,8940,3203630,3203630,20,python
1875722615,4579,cudaLaunchKernel,0,8941,3203630,3203630,20,python
1875728466,4699,cudaLaunchKernel,0,8943,3203630,3203630,20,python
1875734017,4538,cudaLaunchKernel,0,8945,3203630,3203630,20,python
1875739387,4529,cudaLaunchKernel,0,8947,3203630,3203630,20,python
1875744447,3186,cudaMemsetAsync,0,8949,3203630,3203630,20,python
1875748124,4488,cudaLaunchKernel,0,8950,3203630,3203630,20,python
1875753634,4459,cudaLaunchKernel,0,8952,3203630,3203630,20,python
1875758804,4449,cudaLaunchKernel,0,8954,3203630,3203630,20,python
1875763984,4619,cudaLaunchKernel,0,8956,3203630,3203630,20,python
1875769334,4439,cudaLaunchKernel,0,8958,3203630,3203630,20,python
1875774514,4659,cudaLaunchKernel,0,8960,3203630,3203630,20,python
1875779714,3306,cudaMemsetAsync,0,8962,3203630,3203630,20,python
1875783511,4609,cudaLaunchKernel,0,8963,3203630,3203630,20,python
1875789393,4548,cudaLaunchKernel,0,8965,3203630,3203630,20,python
1875794803,4438,cudaLaunchKernel,0,8967,3203630,3203630,20,python
1875800033,4478,cudaLaunchKernel,0,8969,3203630,3203630,20,python
1875805343,4569,cudaLaunchKernel,0,8971,3203630,3203630,20,python
1875810723,4609,cudaLaunchKernel,0,8973,3203630,3203630,20,python
1875816174,4428,cudaLaunchKernel,0,8975,3203630,3203630,20,python
1875821434,4729,cudaLaunchKernel,0,8977,3203630,3203630,20,python
1875826934,4589,cudaLaunchKernel,0,8979,3203630,3203630,20,python
1875832325,4659,cudaLaunchKernel,0,8981,3203630,3203630,20,python
1875837525,3216,cudaMemsetAsync,0,8983,3203630,3203630,20,python
1875841232,4438,cudaLaunchKernel,0,8984,3203630,3203630,20,python
1875846842,4609,cudaLaunchKernel,0,8986,3203630,3203630,20,python
1875852283,4368,cudaLaunchKernel,0,8988,3203630,3203630,20,python
1875857423,4388,cudaLaunchKernel,0,8990,3203630,3203630,20,python
1875862633,4588,cudaLaunchKernel,0,8992,3203630,3203630,20,python
1875868083,4589,cudaLaunchKernel,0,8994,3203630,3203630,20,python
1875873483,4549,cudaLaunchKernel,0,8996,3203630,3203630,20,python
1875878834,4498,cudaLaunchKernel,0,8998,3203630,3203630,20,python
1875884164,4649,cudaLaunchKernel,0,9000,3203630,3203630,20,python
1875889624,4609,cudaLaunchKernel,0,9002,3203630,3203630,20,python
1875894995,4448,cudaLaunchKernel,0,9004,3203630,3203630,20,python
1875900225,4538,cudaLaunchKernel,0,9006,3203630,3203630,20,python
1875905595,4679,cudaLaunchKernel,0,9008,3203630,3203630,20,python
1875911155,4730,cudaLaunchKernel,0,9010,3203630,3203630,20,python
1875916696,4679,cudaLaunchKernel,0,9012,3203630,3203630,20,python
1875921946,4679,cudaLaunchKernel,0,9013,3203630,3203630,20,python
1875927427,4598,cudaLaunchKernel,0,9015,3203630,3203630,20,python
1875932627,3306,cudaMemsetAsync,0,9017,3203630,3203630,20,python
1875936233,2776,cudaMemsetAsync,0,9018,3203630,3203630,20,python
1875940161,4769,cudaLaunchKernel,0,9019,3203630,3203630,20,python
1875945712,4528,cudaLaunchKernel,0,9021,3203630,3203630,20,python
1875951002,4789,cudaLaunchKernel,0,9023,3203630,3203630,20,python
1875956562,4509,cudaLaunchKernel,0,9025,3203630,3203630,20,python
1875961582,4599,cudaLaunchKernel,0,9026,3203630,3203630,20,python
1875967022,5100,cudaLaunchKernel,0,9028,3203630,3203630,20,python
1875973685,3116,cudaMemsetAsync,0,9030,3203630,3203630,20,python
1875977072,2805,cudaMemsetAsync,0,9031,3203630,3203630,20,python
1875980388,5020,cudaLaunchKernel,0,9032,3203630,3203630,20,python
1875986199,5060,cudaLaunchKernel,0,9034,3203630,3203630,20,python
1875991820,3006,cudaMemsetAsync,0,9036,3203630,3203630,20,python
1875995387,4719,cudaLaunchKernel,0,9037,3203630,3203630,20,python
1876002410,8015,cudaLaunchKernel,0,9039,3203630,3203630,20,python
1876011588,4819,cudaLaunchKernel,0,9041,3203630,3203630,20,python
1876017088,7765,cudaMemcpyAsync,0,9043,3203630,3203630,20,python
1876025174,4178,cudaMemcpyAsync,0,9044,3203630,3203630,20,python
1876029642,3757,cudaEventRecord,0,9045,3203630,3203630,20,python
1876033710,5975152,cudaEventSynchronize,0,9046,3203630,3203630,20,python
1882009494,1883,cudaStreamSynchronize,0,9047,3203630,3203630,20,python
1882012800,6522,cudaLaunchKernel,0,9048,3203630,3203630,20,python
1882019964,3416,cudaEventRecord,0,9050,3203630,3203630,20,python
1882023641,951,cudaEventSynchronize,0,9051,3203630,3203630,20,python
1882101349,3627,cudaDeviceSynchronize,0,9054,3203630,3203630,20,python
1882114885,1303,cudaDeviceSynchronize,0,9058,3203630,3203630,20,python
1882700185,1403,cudaStreamIsCapturing_v10000,0,9092,3203630,3203630,20,python
1882702039,671,cudaStreamGetDevice_v12080,0,9093,3203630,3203630,20,python
1882720845,481,cudaStreamIsCapturing_v10000,0,9126,3203630,3203630,20,python
1882721546,461,cudaStreamGetDevice_v12080,0,9127,3203630,3203630,20,python
1882727798,6593,cudaMemsetAsync,0,9138,3203630,3203630,20,python
1882734912,6662,cudaMemcpyAsync,0,9139,3203630,3203630,20,python
1882741915,5350,cudaMemcpyAsync,0,9140,3203630,3203630,20,python
1882747566,4388,cudaMemcpyAsync,0,9141,3203630,3203630,20,python
1882752285,4058,cudaMemcpyAsync,0,9142,3203630,3203630,20,python
1882756643,4098,cudaMemcpyAsync,0,9143,3203630,3203630,20,python
1882761703,10830,cudaLaunchKernel,0,9144,3203630,3203630,20,python
1882773255,5310,cudaMemcpyAsync,0,9146,3203630,3203630,20,python
1882778916,4098,cudaEventRecord,0,9147,3203630,3203630,20,python
1882783404,1974,cudaEventSynchronize,0,9148,3203630,3203630,20,python
1882787262,511,cudaStreamIsCapturing_v10000,0,9150,3203630,3203630,20,python
1882788163,3958,cudaMemcpyAsync,0,9151,3203630,3203630,20,python
1882792502,3546,cudaMemsetAsync,0,9152,3203630,3203630,20,python
1882796359,2866,cudaEventRecord,0,9153,3203630,3203630,20,python
1882799565,2154,cudaStreamWaitEvent,0,9154,3203630,3203630,20,python
1882802140,7494,cudaLaunchHostFunc_v10000,0,9155,3203630,3203630,20,python
1882810426,6452,cudaLaunchKernel,0,9156,3203630,3203630,20,python
1882824072,3417,cudaMemsetAsync,0,9158,3203630,3203630,20,python
1882827759,3016,cudaMemsetAsync,0,9159,3203630,3203630,20,python
1882831116,2875,cudaMemsetAsync,0,9160,3203630,3203630,20,python
1882834242,2865,cudaMemsetAsync,0,9161,3203630,3203630,20,python
1882837418,2845,cudaMemsetAsync,0,9162,3203630,3203630,20,python
1882840574,2815,cudaMemsetAsync,0,9163,3203630,3203630,20,python
1882843640,2885,cudaMemsetAsync,0,9164,3203630,3203630,20,python
1882846796,2705,cudaMemsetAsync,0,9165,3203630,3203630,20,python
1882849751,2695,cudaMemsetAsync,0,9166,3203630,3203630,20,python
1882853007,5381,cudaLaunchKernel,0,9167,3203630,3203630,20,python
1882859199,5120,cudaLaunchKernel,0,9169,3203630,3203630,20,python
1882865071,5580,cudaLaunchKernel,0,9171,3203630,3203630,20,python
1882871844,5911,cudaLaunchKernel,0,9173,3203630,3203630,20,python
1882878496,5471,cudaLaunchKernel,0,9175,3203630,3203630,20,python
1882884698,5010,cudaLaunchKernel,0,9177,3203630,3203630,20,python
1882890449,4759,cudaLaunchKernel,0,9179,3203630,3203630,20,python
1882895940,4829,cudaLaunchKernel,0,9181,3203630,3203630,20,python
1882902071,4920,cudaLaunchKernel,0,9183,3203630,3203630,20,python
1882907772,5050,cudaLaunchKernel,0,9185,3203630,3203630,20,python
1882913654,4879,cudaLaunchKernel,0,9187,3203630,3203630,20,python
1882919344,5882,cudaLaunchKernel,0,9189,3203630,3203630,20,python
1882925987,4539,cudaLaunchKernel,0,9191,3203630,3203630,20,python
1882931287,5160,cudaLaunchKernel,0,9193,3203630,3203630,20,python
1882937589,4850,cudaLaunchKernel,0,9195,3203630,3203630,20,python
1882943180,5260,cudaLaunchKernel,0,9197,3203630,3203630,20,python
1882949272,4989,cudaLaunchKernel,0,9199,3203630,3203630,20,python
1882955113,4919,cudaLaunchKernel,0,9201,3203630,3203630,20,python
1882960854,4839,cudaLaunchKernel,0,9203,3203630,3203630,20,python
1882966565,5861,cudaLaunchKernel,0,9205,3203630,3203630,20,python
1882974500,6382,cudaLaunchKernel,0,9207,3203630,3203630,20,python
1882982064,5140,cudaLaunchKernel,0,9209,3203630,3203630,20,python
1882988226,4619,cudaLaunchKernel,0,9211,3203630,3203630,20,python
1882993566,4930,cudaLaunchKernel,0,9213,3203630,3203630,20,python
1882999247,4699,cudaLaunchKernel,0,9215,3203630,3203630,20,python
1883004818,4959,cudaLaunchKernel,0,9217,3203630,3203630,20,python
1883010529,4018,cudaMemsetAsync,0,9219,3203630,3203630,20,python
1883014817,2906,cudaMemsetAsync,0,9220,3203630,3203630,20,python
1883018704,5090,cudaLaunchKernel,0,9221,3203630,3203630,20,python
1883024576,4548,cudaLaunchKernel,0,9223,3203630,3203630,20,python
1883029906,5090,cudaLaunchKernel,0,9225,3203630,3203630,20,python
1883035747,4559,cudaLaunchKernel,0,9227,3203630,3203630,20,python
1883041097,4890,cudaLaunchKernel,0,9229,3203630,3203630,20,python
1883046738,4669,cudaLaunchKernel,0,9231,3203630,3203630,20,python
1883052509,4759,cudaLaunchKernel,0,9233,3203630,3203630,20,python
1883062629,9367,cudaLaunchKernel,0,9239,3203630,3203630,20,python
1883072628,3376,cudaMemsetAsync,0,9241,3203630,3203630,20,python
1883076275,2795,cudaMemsetAsync,0,9242,3203630,3203630,20,python
1883081635,4929,cudaLaunchKernel,0,9243,3203630,3203630,20,python
1883087115,3086,cudaMemsetAsync,0,9245,3203630,3203630,20,python
1883090732,4759,cudaLaunchKernel,0,9246,3203630,3203630,20,python
1883096343,4990,cudaLaunchKernel,0,9248,3203630,3203630,20,python
1883102966,4909,cudaLaunchKernel,0,9250,3203630,3203630,20,python
1883108687,3176,cudaMemsetAsync,0,9252,3203630,3203630,20,python
1883113275,4880,cudaLaunchKernel,0,9253,3203630,3203630,20,python
1883118866,4659,cudaLaunchKernel,0,9255,3203630,3203630,20,python
1883124246,4509,cudaLaunchKernel,0,9257,3203630,3203630,20,python
1883129517,4238,cudaLaunchKernel,0,9259,3203630,3203630,20,python
1883134586,4769,cudaLaunchKernel,0,9261,3203630,3203630,20,python
1883140177,4749,cudaLaunchKernel,0,9263,3203630,3203630,20,python
1883145657,4599,cudaLaunchKernel,0,9265,3203630,3203630,20,python
1883150887,3056,cudaMemsetAsync,0,9267,3203630,3203630,20,python
1883154444,4469,cudaLaunchKernel,0,9268,3203630,3203630,20,python
1883159604,4559,cudaLaunchKernel,0,9270,3203630,3203630,20,python
1883164894,4339,cudaLaunchKernel,0,9272,3203630,3203630,20,python
1883170014,4378,cudaLaunchKernel,0,9274,3203630,3203630,20,python
1883175324,4549,cudaLaunchKernel,0,9276,3203630,3203630,20,python
1883180624,4519,cudaLaunchKernel,0,9278,3203630,3203630,20,python
1883185844,4078,cudaLaunchKernel,0,9280,3203630,3203630,20,python
1883190924,5240,cudaLaunchKernel,0,9282,3203630,3203630,20,python
1883198008,4608,cudaLaunchKernel,0,9284,3203630,3203630,20,python
1883204290,8977,cudaMemsetAsync,0,9287,3203630,3203630,20,python
1883214549,621,cudaStreamIsCapturing_v10000,0,9289,3203630,3203630,20,python
1883215431,1643,cudaStreamWaitEvent,0,9290,3203630,3203630,20,python
1883217395,9137,cudaMemcpyAsync,0,9291,3203630,3203630,20,python
1883226873,3697,cudaEventRecord,0,9292,3203630,3203630,20,python
1883230911,480,cudaStreamIsCapturing_v10000,0,9293,3203630,3203630,20,python
1883231732,13636,cudaGraphLaunch_v10000,0,9294,3203630,3203630,20,python
1883246280,3497,cudaMemsetAsync,0,9295,3203630,3203630,20,python
1883250037,2795,cudaMemsetAsync,0,9296,3203630,3203630,20,python
1883253093,2745,cudaMemsetAsync,0,9297,3203630,3203630,20,python
1883256099,2695,cudaMemsetAsync,0,9298,3203630,3203630,20,python
1883259044,2655,cudaMemsetAsync,0,9299,3203630,3203630,20,python
1883261960,2825,cudaMemsetAsync,0,9300,3203630,3203630,20,python
1883265036,2815,cudaMemsetAsync,0,9301,3203630,3203630,20,python
1883268603,6733,cudaLaunchKernel,0,9302,3203630,3203630,20,python
1883275927,3146,cudaMemsetAsync,0,9304,3203630,3203630,20,python
1883279564,5029,cudaLaunchKernel,0,9305,3203630,3203630,20,python
1883285906,4899,cudaLaunchKernel,0,9307,3203630,3203630,20,python
1883291657,4679,cudaLaunchKernel,0,9309,3203630,3203630,20,python
1883297147,4819,cudaLaunchKernel,0,9311,3203630,3203630,20,python
1883302818,4829,cudaLaunchKernel,0,9313,3203630,3203630,20,python
1883308489,4799,cudaLaunchKernel,0,9315,3203630,3203630,20,python
1883314110,4869,cudaLaunchKernel,0,9317,3203630,3203630,20,python
1883319801,4859,cudaLaunchKernel,0,9319,3203630,3203630,20,python
1883325501,3347,cudaMemsetAsync,0,9321,3203630,3203630,20,python
1883329118,2746,cudaMemsetAsync,0,9322,3203630,3203630,20,python
1883332124,2916,cudaMemsetAsync,0,9323,3203630,3203630,20,python
1883335541,4729,cudaLaunchKernel,0,9324,3203630,3203630,20,python
1883340851,3066,cudaMemsetAsync,0,9326,3203630,3203630,20,python
1883344177,2886,cudaMemsetAsync,0,9327,3203630,3203630,20,python
1883347794,4900,cudaLaunchKernel,0,9328,3203630,3203630,20,python
1883353585,4749,cudaLaunchKernel,0,9330,3203630,3203630,20,python
1883359156,4709,cudaLaunchKernel,0,9332,3203630,3203630,20,python
1883364656,4890,cudaLaunchKernel,0,9334,3203630,3203630,20,python
1883370407,5010,cudaLaunchKernel,0,9336,3203630,3203630,20,python
1883377621,3176,cudaMemsetAsync,0,9338,3203630,3203630,20,python
1883381068,2765,cudaMemsetAsync,0,9339,3203630,3203630,20,python
1883384424,8486,cudaLaunchKernel,0,9340,3203630,3203630,20,python
1883393512,3055,cudaMemsetAsync,0,9342,3203630,3203630,20,python
1883396828,2725,cudaMemsetAsync,0,9343,3203630,3203630,20,python
1883400705,4699,cudaLaunchKernel,0,9344,3203630,3203630,20,python
1883406226,4669,cudaLaunchKernel,0,9346,3203630,3203630,20,python
1883411676,4489,cudaLaunchKernel,0,9348,3203630,3203630,20,python
1883416916,4649,cudaLaunchKernel,0,9350,3203630,3203630,20,python
1883422197,3095,cudaMemsetAsync,0,9352,3203630,3203630,20,python
1883425553,3046,cudaMemsetAsync,0,9353,3203630,3203630,20,python
1883429380,4739,cudaLaunchKernel,0,9354,3203630,3203630,20,python
1883434951,4709,cudaLaunchKernel,0,9356,3203630,3203630,20,python
1883440421,4579,cudaLaunchKernel,0,9358,3203630,3203630,20,python
1883445581,3096,cudaMemsetAsync,0,9360,3203630,3203630,20,python
1883448938,3035,cudaMemsetAsync,0,9361,3203630,3203630,20,python
1883452735,2805,cudaMemsetAsync,0,9362,3203630,3203630,20,python
1883456051,4890,cudaLaunchKernel,0,9363,3203630,3203630,20,python
1883461732,4689,cudaLaunchKernel,0,9365,3203630,3203630,20,python
1883467233,4588,cudaLaunchKernel,0,9367,3203630,3203630,20,python
1883472603,4549,cudaLaunchKernel,0,9369,3203630,3203630,20,python
1883477913,4399,cudaLaunchKernel,0,9371,3203630,3203630,20,python
1883483073,4699,cudaLaunchKernel,0,9373,3203630,3203630,20,python
1883488313,3256,cudaMemsetAsync,0,9375,3203630,3203630,20,python
1883491830,2735,cudaMemsetAsync,0,9376,3203630,3203630,20,python
1883495567,4919,cudaLaunchKernel,0,9377,3203630,3203630,20,python
1883501278,4719,cudaLaunchKernel,0,9379,3203630,3203630,20,python
1883506848,4790,cudaLaunchKernel,0,9381,3203630,3203630,20,python
1883512389,4970,cudaLaunchKernel,0,9383,3203630,3203630,20,python
1883518120,4629,cudaLaunchKernel,0,9385,3203630,3203630,20,python
1883523540,4679,cudaLaunchKernel,0,9387,3203630,3203630,20,python
1883528971,4569,cudaLaunchKernel,0,9389,3203630,3203630,20,python
1883534181,3156,cudaMemsetAsync,0,9391,3203630,3203630,20,python
1883537607,2816,cudaMemsetAsync,0,9392,3203630,3203630,20,python
1883542066,4949,cudaLaunchKernel,0,9393,3203630,3203630,20,python
1883547797,4669,cudaLaunchKernel,0,9395,3203630,3203630,20,python
1883553217,4729,cudaLaunchKernel,0,9397,3203630,3203630,20,python
1883558708,4528,cudaLaunchKernel,0,9399,3203630,3203630,20,python
1883563817,3006,cudaMemsetAsync,0,9401,3203630,3203630,20,python
1883567094,2765,cudaMemsetAsync,0,9402,3203630,3203630,20,python
1883570110,2715,cudaMemsetAsync,0,9403,3203630,3203630,20,python
1883573756,4890,cudaLaunchKernel,0,9404,3203630,3203630,20,python
1883579447,4689,cudaLaunchKernel,0,9406,3203630,3203630,20,python
1883584918,4689,cudaLaunchKernel,0,9408,3203630,3203630,20,python
1883590348,4519,cudaLaunchKernel,0,9410,3203630,3203630,20,python
1883595658,4749,cudaLaunchKernel,0,9412,3203630,3203630,20,python
1883601259,4599,cudaLaunchKernel,0,9414,3203630,3203630,20,python
1883606439,4759,cudaLaunchKernel,0,9415,3203630,3203630,20,python
1883611899,3277,cudaMemsetAsync,0,9417,3203630,3203630,20,python
1883615436,2735,cudaMemsetAsync,0,9418,3203630,3203630,20,python
1883618472,2785,cudaMemsetAsync,0,9419,3203630,3203630,20,python
1883621508,2735,cudaMemsetAsync,0,9420,3203630,3203630,20,python
1883624564,2805,cudaMemsetAsync,0,9421,3203630,3203630,20,python
1883627620,2705,cudaMemsetAsync,0,9422,3203630,3203630,20,python
1883631537,4869,cudaLaunchKernel,0,9423,3203630,3203630,20,python
1883637198,4879,cudaLaunchKernel,0,9425,3203630,3203630,20,python
1883642889,4949,cudaLaunchKernel,0,9427,3203630,3203630,20,python
1883648610,4719,cudaLaunchKernel,0,9429,3203630,3203630,20,python
1883654130,4479,cudaLaunchKernel,0,9431,3203630,3203630,20,python
1883660052,4648,cudaLaunchKernel,0,9433,3203630,3203630,20,python
1883665472,4899,cudaLaunchKernel,0,9435,3203630,3203630,20,python
1883671223,4749,cudaLaunchKernel,0,9437,3203630,3203630,20,python
1883676754,4739,cudaLaunchKernel,0,9439,3203630,3203630,20,python
1883682244,4639,cudaLaunchKernel,0,9441,3203630,3203630,20,python
1883688306,4629,cudaLaunchKernel,0,9443,3203630,3203630,20,python
1883693706,4939,cudaLaunchKernel,0,9445,3203630,3203630,20,python
1883699407,7685,cudaLaunchKernel,0,9447,3203630,3203630,20,python
1883707863,4709,cudaLaunchKernel,0,9449,3203630,3203630,20,python
1883713414,4488,cudaLaunchKernel,0,9451,3203630,3203630,20,python
1883718443,4519,cudaLaunchKernel,0,9452,3203630,3203630,20,python
1883723473,4378,cudaLaunchKernel,0,9453,3203630,3203630,20,python
1883728342,4659,cudaLaunchKernel,0,9454,3203630,3203630,20,python
1883733582,3246,cudaMemsetAsync,0,9456,3203630,3203630,20,python
1883737099,2765,cudaMemsetAsync,0,9457,3203630,3203630,20,python
1883740365,4759,cudaLaunchKernel,0,9458,3203630,3203630,20,python
1883746277,4528,cudaLaunchKernel,0,9460,3203630,3203630,20,python
1883751557,4508,cudaLaunchKernel,0,9462,3203630,3203630,20,python
1883756847,4699,cudaLaunchKernel,0,9464,3203630,3203630,20,python
1883762317,4649,cudaLaunchKernel,0,9466,3203630,3203630,20,python
1883767758,4548,cudaLaunchKernel,0,9468,3203630,3203630,20,python
1883772847,4709,cudaLaunchKernel,0,9469,3203630,3203630,20,python
1883778168,3226,cudaMemsetAsync,0,9471,3203630,3203630,20,python
1883781674,2746,cudaMemsetAsync,0,9472,3203630,3203630,20,python
1883788588,4789,cudaLaunchKernel,0,9473,3203630,3203630,20,python
1883794158,4900,cudaLaunchKernel,0,9475,3203630,3203630,20,python
1883799879,4869,cudaLaunchKernel,0,9477,3203630,3203630,20,python
1883805580,4629,cudaLaunchKernel,0,9479,3203630,3203630,20,python
1883811061,4628,cudaLaunchKernel,0,9481,3203630,3203630,20,python
1883816651,4759,cudaLaunchKernel,0,9483,3203630,3203630,20,python
1883821971,3176,cudaMemsetAsync,0,9485,3203630,3203630,20,python
1883825729,4598,cudaLaunchKernel,0,9486,3203630,3203630,20,python
1883831590,4589,cudaLaunchKernel,0,9488,3203630,3203630,20,python
1883837010,4819,cudaLaunchKernel,0,9490,3203630,3203630,20,python
1883842861,5471,cudaLaunchKernel,0,9492,3203630,3203630,20,python
1883849003,3577,cudaMemsetAsync,0,9494,3203630,3203630,20,python
1883853221,5491,cudaLaunchKernel,0,9495,3203630,3203630,20,python
1883859954,5410,cudaLaunchKernel,0,9497,3203630,3203630,20,python
1883866246,5330,cudaLaunchKernel,0,9499,3203630,3203630,20,python
1883872468,5440,cudaLaunchKernel,0,9501,3203630,3203630,20,python
1883878810,5200,cudaLaunchKernel,0,9503,3203630,3203630,20,python
1883884932,5400,cudaLaunchKernel,0,9505,3203630,3203630,20,python
1883891003,3587,cudaMemsetAsync,0,9507,3203630,3203630,20,python
1883895191,5301,cudaLaunchKernel,0,9508,3203630,3203630,20,python
1883902055,5500,cudaLaunchKernel,0,9510,3203630,3203630,20,python
1883908607,5290,cudaLaunchKernel,0,9512,3203630,3203630,20,python
1883914889,5330,cudaLaunchKernel,0,9514,3203630,3203630,20,python
1883921251,5481,cudaLaunchKernel,0,9516,3203630,3203630,20,python
1883927744,5350,cudaLaunchKernel,0,9518,3203630,3203630,20,python
1883934096,5290,cudaLaunchKernel,0,9520,3203630,3203630,20,python
1883940428,5661,cudaLaunchKernel,0,9522,3203630,3203630,20,python
1883947051,5360,cudaLaunchKernel,0,9524,3203630,3203630,20,python
1883953393,4789,cudaLaunchKernel,0,9526,3203630,3203630,20,python
1883958713,3206,cudaMemsetAsync,0,9528,3203630,3203630,20,python
1883962420,4519,cudaLaunchKernel,0,9529,3203630,3203630,20,python
1883968081,4569,cudaLaunchKernel,0,9531,3203630,3203630,20,python
1883973451,4519,cudaLaunchKernel,0,9533,3203630,3203630,20,python
1883978741,4519,cudaLaunchKernel,0,9535,3203630,3203630,20,python
1883984052,4498,cudaLaunchKernel,0,9537,3203630,3203630,20,python
1883989392,4538,cudaLaunchKernel,0,9539,3203630,3203630,20,python
1883994742,4569,cudaLaunchKernel,0,9541,3203630,3203630,20,python
1884000122,4699,cudaLaunchKernel,0,9543,3203630,3203630,20,python
1884005663,4649,cudaLaunchKernel,0,9545,3203630,3203630,20,python
1884011143,4699,cudaLaunchKernel,0,9547,3203630,3203630,20,python
1884016604,4719,cudaLaunchKernel,0,9549,3203630,3203630,20,python
1884022084,4569,cudaLaunchKernel,0,9551,3203630,3203630,20,python
1884027455,4769,cudaLaunchKernel,0,9553,3203630,3203630,20,python
1884033025,4860,cudaLaunchKernel,0,9555,3203630,3203630,20,python
1884038706,4539,cudaLaunchKernel,0,9557,3203630,3203630,20,python
1884043796,4679,cudaLaunchKernel,0,9558,3203630,3203630,20,python
1884049236,4439,cudaLaunchKernel,0,9560,3203630,3203630,20,python
1884054266,5831,cudaMemsetAsync,0,9562,3203630,3203630,20,python
1884060378,2715,cudaMemsetAsync,0,9563,3203630,3203630,20,python
1884064245,4819,cudaLaunchKernel,0,9564,3203630,3203630,20,python
1884069846,4588,cudaLaunchKernel,0,9566,3203630,3203630,20,python
1884075186,4819,cudaLaunchKernel,0,9568,3203630,3203630,20,python
1884080767,4799,cudaLaunchKernel,0,9570,3203630,3203630,20,python
1884086077,4659,cudaLaunchKernel,0,9571,3203630,3203630,20,python
1884091567,5170,cudaLaunchKernel,0,9573,3203630,3203630,20,python
1884098280,3216,cudaMemsetAsync,0,9575,3203630,3203630,20,python
1884101767,2865,cudaMemsetAsync,0,9576,3203630,3203630,20,python
1884105143,5080,cudaLaunchKernel,0,9577,3203630,3203630,20,python
1884111034,4920,cudaLaunchKernel,0,9579,3203630,3203630,20,python
1884116515,3006,cudaMemsetAsync,0,9581,3203630,3203630,20,python
1884120102,4589,cudaLaunchKernel,0,9582,3203630,3203630,20,python
1884127085,5130,cudaLaunchKernel,0,9584,3203630,3203630,20,python
1884133347,4729,cudaLaunchKernel,0,9586,3203630,3203630,20,python
1884138697,7885,cudaMemcpyAsync,0,9588,3203630,3203630,20,python
1884146873,4088,cudaMemcpyAsync,0,9589,3203630,3203630,20,python
1884151241,3677,cudaEventRecord,0,9590,3203630,3203630,20,python
1884155249,5961797,cudaEventSynchronize,0,9591,3203630,3203630,20,python
1890117507,1833,cudaStreamSynchronize,0,9592,3203630,3203630,20,python
1890120733,6613,cudaLaunchKernel,0,9593,3203630,3203630,20,python
1890127987,3597,cudaEventRecord,0,9595,3203630,3203630,20,python
1890131864,992,cudaEventSynchronize,0,9596,3203630,3203630,20,python
1890213581,3617,cudaDeviceSynchronize,0,9599,3203630,3203630,20,python
1890226976,1323,cudaDeviceSynchronize,0,9603,3203630,3203630,20,python
1890854797,1473,cudaStreamIsCapturing_v10000,0,9637,3203630,3203630,20,python
1890856681,701,cudaStreamGetDevice_v12080,0,9638,3203630,3203630,20,python
1890875076,461,cudaStreamIsCapturing_v10000,0,9671,3203630,3203630,20,python
1890875768,450,cudaStreamGetDevice_v12080,0,9672,3203630,3203630,20,python
1890881729,6703,cudaMemsetAsync,0,9683,3203630,3203630,20,python
1890888963,6863,cudaMemcpyAsync,0,9684,3203630,3203630,20,python
1890896177,4989,cudaMemcpyAsync,0,9685,3203630,3203630,20,python
1890901457,4338,cudaMemcpyAsync,0,9686,3203630,3203630,20,python
1890906116,3997,cudaMemcpyAsync,0,9687,3203630,3203630,20,python
1890910414,4098,cudaMemcpyAsync,0,9688,3203630,3203630,20,python
1890915413,10671,cudaLaunchKernel,0,9689,3203630,3203630,20,python
1890926815,5310,cudaMemcpyAsync,0,9691,3203630,3203630,20,python
1890932486,4168,cudaEventRecord,0,9692,3203630,3203630,20,python
1890937025,1954,cudaEventSynchronize,0,9693,3203630,3203630,20,python
1890940922,541,cudaStreamIsCapturing_v10000,0,9695,3203630,3203630,20,python
1890941834,4118,cudaMemcpyAsync,0,9696,3203630,3203630,20,python
1890946323,3496,cudaMemsetAsync,0,9697,3203630,3203630,20,python
1890950130,3046,cudaEventRecord,0,9698,3203630,3203630,20,python
1890953546,1884,cudaStreamWaitEvent,0,9699,3203630,3203630,20,python
1890955771,7845,cudaLaunchHostFunc_v10000,0,9700,3203630,3203630,20,python
1890964407,6633,cudaLaunchKernel,0,9701,3203630,3203630,20,python
1890977913,3226,cudaMemsetAsync,0,9703,3203630,3203630,20,python
1890981400,2775,cudaMemsetAsync,0,9704,3203630,3203630,20,python
1890984616,2775,cudaMemsetAsync,0,9705,3203630,3203630,20,python
1890987662,2755,cudaMemsetAsync,0,9706,3203630,3203630,20,python
1890990728,2725,cudaMemsetAsync,0,9707,3203630,3203630,20,python
1890993773,2756,cudaMemsetAsync,0,9708,3203630,3203630,20,python
1890996789,2765,cudaMemsetAsync,0,9709,3203630,3203630,20,python
1890999825,2725,cudaMemsetAsync,0,9710,3203630,3203630,20,python
1891002801,2765,cudaMemsetAsync,0,9711,3203630,3203630,20,python
1891006127,5390,cudaLaunchKernel,0,9712,3203630,3203630,20,python
1891012319,5500,cudaLaunchKernel,0,9714,3203630,3203630,20,python
1891018701,6442,cudaLaunchKernel,0,9716,3203630,3203630,20,python
1891026225,5190,cudaLaunchKernel,0,9718,3203630,3203630,20,python
1891032137,5089,cudaLaunchKernel,0,9720,3203630,3203630,20,python
1891037968,5110,cudaLaunchKernel,0,9722,3203630,3203630,20,python
1891043819,4980,cudaLaunchKernel,0,9724,3203630,3203630,20,python
1891049540,5070,cudaLaunchKernel,0,9726,3203630,3203630,20,python
1891055942,4749,cudaLaunchKernel,0,9728,3203630,3203630,20,python
1891061463,4779,cudaLaunchKernel,0,9730,3203630,3203630,20,python
1891067074,5049,cudaLaunchKernel,0,9732,3203630,3203630,20,python
1891072895,5009,cudaLaunchKernel,0,9734,3203630,3203630,20,python
1891078686,5029,cudaLaunchKernel,0,9736,3203630,3203630,20,python
1891084477,9258,cudaLaunchKernel,0,9738,3203630,3203630,20,python
1891094927,5190,cudaLaunchKernel,0,9740,3203630,3203630,20,python
1891100868,4840,cudaLaunchKernel,0,9742,3203630,3203630,20,python
1891106669,4599,cudaLaunchKernel,0,9744,3203630,3203630,20,python
1891112080,4719,cudaLaunchKernel,0,9746,3203630,3203630,20,python
1891117640,4830,cudaLaunchKernel,0,9748,3203630,3203630,20,python
1891123351,5090,cudaLaunchKernel,0,9750,3203630,3203630,20,python
1891129774,4879,cudaLaunchKernel,0,9752,3203630,3203630,20,python
1891135484,4800,cudaLaunchKernel,0,9754,3203630,3203630,20,python
1891141336,4649,cudaLaunchKernel,0,9756,3203630,3203630,20,python
1891146746,4609,cudaLaunchKernel,0,9758,3203630,3203630,20,python
1891152086,5621,cudaLaunchKernel,0,9760,3203630,3203630,20,python
1891158569,5370,cudaLaunchKernel,0,9762,3203630,3203630,20,python
1891164690,3657,cudaMemsetAsync,0,9764,3203630,3203630,20,python
1891168638,3126,cudaMemsetAsync,0,9765,3203630,3203630,20,python
1891172686,4999,cudaLaunchKernel,0,9766,3203630,3203630,20,python
1891178467,4438,cudaLaunchKernel,0,9768,3203630,3203630,20,python
1891183667,5019,cudaLaunchKernel,0,9770,3203630,3203630,20,python
1891189428,4739,cudaLaunchKernel,0,9772,3203630,3203630,20,python
1891194948,4649,cudaLaunchKernel,0,9774,3203630,3203630,20,python
1891200439,4639,cudaLaunchKernel,0,9776,3203630,3203630,20,python
1891212742,4920,cudaLaunchKernel,0,9778,3203630,3203630,20,python
1891223343,4749,cudaLaunchKernel,0,9784,3203630,3203630,20,python
1891228713,3517,cudaMemsetAsync,0,9786,3203630,3203630,20,python
1891232500,2886,cudaMemsetAsync,0,9787,3203630,3203630,20,python
1891237900,4870,cudaLaunchKernel,0,9788,3203630,3203630,20,python
1891243321,3096,cudaMemsetAsync,0,9790,3203630,3203630,20,python
1891247168,4689,cudaLaunchKernel,0,9791,3203630,3203630,20,python
1891252699,4959,cudaLaunchKernel,0,9793,3203630,3203630,20,python
1891259271,4629,cudaLaunchKernel,0,9795,3203630,3203630,20,python
1891264692,3206,cudaMemsetAsync,0,9797,3203630,3203630,20,python
1891269311,4648,cudaLaunchKernel,0,9798,3203630,3203630,20,python
1891274691,4338,cudaLaunchKernel,0,9800,3203630,3203630,20,python
1891279791,4348,cudaLaunchKernel,0,9802,3203630,3203630,20,python
1891284940,4379,cudaLaunchKernel,0,9804,3203630,3203630,20,python
1891290130,4389,cudaLaunchKernel,0,9806,3203630,3203630,20,python
1891295340,4579,cudaLaunchKernel,0,9808,3203630,3203630,20,python
1891300650,4539,cudaLaunchKernel,0,9810,3203630,3203630,20,python
1891305850,3247,cudaMemsetAsync,0,9812,3203630,3203630,20,python
1891309608,4608,cudaLaunchKernel,0,9813,3203630,3203630,20,python
1891314938,4629,cudaLaunchKernel,0,9815,3203630,3203630,20,python
1891320308,4368,cudaLaunchKernel,0,9817,3203630,3203630,20,python
1891325468,4288,cudaLaunchKernel,0,9819,3203630,3203630,20,python
1891330718,4398,cudaLaunchKernel,0,9821,3203630,3203630,20,python
1891335858,4398,cudaLaunchKernel,0,9823,3203630,3203630,20,python
1891341028,4088,cudaLaunchKernel,0,9825,3203630,3203630,20,python
1891346328,5230,cudaLaunchKernel,0,9827,3203630,3203630,20,python
1891353421,4719,cudaLaunchKernel,0,9829,3203630,3203630,20,python
1891359754,3276,cudaMemsetAsync,0,9832,3203630,3203630,20,python
1891364292,611,cudaStreamIsCapturing_v10000,0,9834,3203630,3203630,20,python
1891365184,1653,cudaStreamWaitEvent,0,9835,3203630,3203630,20,python
1891367158,8777,cudaMemcpyAsync,0,9836,3203630,3203630,20,python
1891376265,3938,cudaEventRecord,0,9837,3203630,3203630,20,python
1891380563,491,cudaStreamIsCapturing_v10000,0,9838,3203630,3203630,20,python
1891381385,14157,cudaGraphLaunch_v10000,0,9839,3203630,3203630,20,python
1891396474,3617,cudaMemsetAsync,0,9840,3203630,3203630,20,python
1891400351,2876,cudaMemsetAsync,0,9841,3203630,3203630,20,python
1891403487,2806,cudaMemsetAsync,0,9842,3203630,3203630,20,python
1891406553,2725,cudaMemsetAsync,0,9843,3203630,3203630,20,python
1891409529,2645,cudaMemsetAsync,0,9844,3203630,3203630,20,python
1891412434,2706,cudaMemsetAsync,0,9845,3203630,3203630,20,python
1891415390,2795,cudaMemsetAsync,0,9846,3203630,3203630,20,python
1891418847,6552,cudaLaunchKernel,0,9847,3203630,3203630,20,python
1891426000,3016,cudaMemsetAsync,0,9849,3203630,3203630,20,python
1891429507,4919,cudaLaunchKernel,0,9850,3203630,3203630,20,python
1891435669,4909,cudaLaunchKernel,0,9852,3203630,3203630,20,python
1891441430,4679,cudaLaunchKernel,0,9854,3203630,3203630,20,python
1891446930,4669,cudaLaunchKernel,0,9856,3203630,3203630,20,python
1891452451,4709,cudaLaunchKernel,0,9858,3203630,3203630,20,python
1891457992,4638,cudaLaunchKernel,0,9860,3203630,3203630,20,python
1891463422,4949,cudaLaunchKernel,0,9862,3203630,3203630,20,python
1891469193,8496,cudaLaunchKernel,0,9864,3203630,3203630,20,python
1891478571,3436,cudaMemsetAsync,0,9866,3203630,3203630,20,python
1891482288,2765,cudaMemsetAsync,0,9867,3203630,3203630,20,python
1891485364,2976,cudaMemsetAsync,0,9868,3203630,3203630,20,python
1891488831,4658,cudaLaunchKernel,0,9869,3203630,3203630,20,python
1891494081,2925,cudaMemsetAsync,0,9871,3203630,3203630,20,python
1891497267,2735,cudaMemsetAsync,0,9872,3203630,3203630,20,python
1891500713,4900,cudaLaunchKernel,0,9873,3203630,3203630,20,python
1891506374,4829,cudaLaunchKernel,0,9875,3203630,3203630,20,python
1891512035,4499,cudaLaunchKernel,0,9877,3203630,3203630,20,python
1891517365,5010,cudaLaunchKernel,0,9879,3203630,3203630,20,python
1891523266,5080,cudaLaunchKernel,0,9881,3203630,3203630,20,python
1891530580,3146,cudaMemsetAsync,0,9883,3203630,3203630,20,python
1891534017,2896,cudaMemsetAsync,0,9884,3203630,3203630,20,python
1891537484,4829,cudaLaunchKernel,0,9885,3203630,3203630,20,python
1891542944,2966,cudaMemsetAsync,0,9887,3203630,3203630,20,python
1891546170,2735,cudaMemsetAsync,0,9888,3203630,3203630,20,python
1891550068,4709,cudaLaunchKernel,0,9889,3203630,3203630,20,python
1891555608,4649,cudaLaunchKernel,0,9891,3203630,3203630,20,python
1891561009,4538,cudaLaunchKernel,0,9893,3203630,3203630,20,python
1891566319,4679,cudaLaunchKernel,0,9895,3203630,3203630,20,python
1891571569,3056,cudaMemsetAsync,0,9897,3203630,3203630,20,python
1891574895,2695,cudaMemsetAsync,0,9898,3203630,3203630,20,python
1891578362,4749,cudaLaunchKernel,0,9899,3203630,3203630,20,python
1891583922,4720,cudaLaunchKernel,0,9901,3203630,3203630,20,python
1891589403,4479,cudaLaunchKernel,0,9903,3203630,3203630,20,python
1891594503,3005,cudaMemsetAsync,0,9905,3203630,3203630,20,python
1891597779,2715,cudaMemsetAsync,0,9906,3203630,3203630,20,python
1891601266,2645,cudaMemsetAsync,0,9907,3203630,3203630,20,python
1891604432,4809,cudaLaunchKernel,0,9908,3203630,3203630,20,python
1891610022,4709,cudaLaunchKernel,0,9910,3203630,3203630,20,python
1891615513,4659,cudaLaunchKernel,0,9912,3203630,3203630,20,python
1891620943,4639,cudaLaunchKernel,0,9914,3203630,3203630,20,python
1891626334,4448,cudaLaunchKernel,0,9916,3203630,3203630,20,python
1891631534,4508,cudaLaunchKernel,0,9918,3203630,3203630,20,python
1891636583,3016,cudaMemsetAsync,0,9920,3203630,3203630,20,python
1891639860,2955,cudaMemsetAsync,0,9921,3203630,3203630,20,python
1891643787,4849,cudaLaunchKernel,0,9922,3203630,3203630,20,python
1891649418,4679,cudaLaunchKernel,0,9924,3203630,3203630,20,python
1891654978,5641,cudaLaunchKernel,0,9926,3203630,3203630,20,python
1891661561,5751,cudaLaunchKernel,0,9928,3203630,3203630,20,python
1891668244,5500,cudaLaunchKernel,0,9930,3203630,3203630,20,python
1891674726,5601,cudaLaunchKernel,0,9932,3203630,3203630,20,python
1891681259,5360,cudaLaunchKernel,0,9934,3203630,3203630,20,python
1891687431,3546,cudaMemsetAsync,0,9936,3203630,3203630,20,python
1891691308,3136,cudaMemsetAsync,0,9937,3203630,3203630,20,python
1891696518,5771,cudaLaunchKernel,0,9938,3203630,3203630,20,python
1891703281,5671,cudaLaunchKernel,0,9940,3203630,3203630,20,python
1891709954,5570,cudaLaunchKernel,0,9942,3203630,3203630,20,python
1891716476,5340,cudaLaunchKernel,0,9944,3203630,3203630,20,python
1891722548,3466,cudaMemsetAsync,0,9946,3203630,3203630,20,python
1891726355,3176,cudaMemsetAsync,0,9947,3203630,3203630,20,python
1891729852,3156,cudaMemsetAsync,0,9948,3203630,3203630,20,python
1891734160,5811,cudaLaunchKernel,0,9949,3203630,3203630,20,python
1891740993,5450,cudaLaunchKernel,0,9951,3203630,3203630,20,python
1891747385,5441,cudaLaunchKernel,0,9953,3203630,3203630,20,python
1891753757,5260,cudaLaunchKernel,0,9955,3203630,3203630,20,python
1891759949,5581,cudaLaunchKernel,0,9957,3203630,3203630,20,python
1891766602,5340,cudaLaunchKernel,0,9959,3203630,3203630,20,python
1891772664,5781,cudaLaunchKernel,0,9960,3203630,3203630,20,python
1891779296,3617,cudaMemsetAsync,0,9962,3203630,3203630,20,python
1891783264,3226,cudaMemsetAsync,0,9963,3203630,3203630,20,python
1891786861,3266,cudaMemsetAsync,0,9964,3203630,3203630,20,python
1891790438,3196,cudaMemsetAsync,0,9965,3203630,3203630,20,python
1891794034,6864,cudaMemsetAsync,0,9966,3203630,3203630,20,python
1891801228,3236,cudaMemsetAsync,0,9967,3203630,3203630,20,python
1891806007,5932,cudaLaunchKernel,0,9968,3203630,3203630,20,python
1891812961,5831,cudaLaunchKernel,0,9970,3203630,3203630,20,python
1891819814,5490,cudaLaunchKernel,0,9972,3203630,3203630,20,python
1891826066,4679,cudaLaunchKernel,0,9974,3203630,3203630,20,python
1891831526,4629,cudaLaunchKernel,0,9976,3203630,3203630,20,python
1891837608,4649,cudaLaunchKernel,0,9978,3203630,3203630,20,python
1891843008,4809,cudaLaunchKernel,0,9980,3203630,3203630,20,python
1891848679,4619,cudaLaunchKernel,0,9982,3203630,3203630,20,python
1891854089,4569,cudaLaunchKernel,0,9984,3203630,3203630,20,python
1891859420,4558,cudaLaunchKernel,0,9986,3203630,3203630,20,python
1891865361,4539,cudaLaunchKernel,0,9988,3203630,3203630,20,python
1891870661,4759,cudaLaunchKernel,0,9990,3203630,3203630,20,python
1891876182,4849,cudaLaunchKernel,0,9992,3203630,3203630,20,python
1891881802,4689,cudaLaunchKernel,0,9994,3203630,3203630,20,python
1891887323,4649,cudaLaunchKernel,0,9996,3203630,3203630,20,python
1891892493,4519,cudaLaunchKernel,0,9997,3203630,3203630,20,python
1891897543,4528,cudaLaunchKernel,0,9998,3203630,3203630,20,python
1891902572,4689,cudaLaunchKernel,0,9999,3203630,3203630,20,python
1891907852,3256,cudaMemsetAsync,0,10001,3203630,3203630,20,python
1891911389,2815,cudaMemsetAsync,0,10002,3203630,3203630,20,python
1891914725,4699,cudaLaunchKernel,0,10003,3203630,3203630,20,python
1891920577,4598,cudaLaunchKernel,0,10005,3203630,3203630,20,python
1891925907,4559,cudaLaunchKernel,0,10007,3203630,3203630,20,python
1891931237,4719,cudaLaunchKernel,0,10009,3203630,3203630,20,python
1891936717,4499,cudaLaunchKernel,0,10011,3203630,3203630,20,python
1891942008,4618,cudaLaunchKernel,0,10013,3203630,3203630,20,python
1891947167,4519,cudaLaunchKernel,0,10014,3203630,3203630,20,python
1891952297,3126,cudaMemsetAsync,0,10016,3203630,3203630,20,python
1891955894,2836,cudaMemsetAsync,0,10017,3203630,3203630,20,python
1891962827,4659,cudaLaunchKernel,0,10018,3203630,3203630,20,python
1891968248,4899,cudaLaunchKernel,0,10020,3203630,3203630,20,python
1891973989,4809,cudaLaunchKernel,0,10022,3203630,3203630,20,python
1891979600,4849,cudaLaunchKernel,0,10024,3203630,3203630,20,python
1891985230,4679,cudaLaunchKernel,0,10026,3203630,3203630,20,python
1891990711,4779,cudaLaunchKernel,0,10028,3203630,3203630,20,python
1891996031,3136,cudaMemsetAsync,0,10030,3203630,3203630,20,python
1891999708,4579,cudaLaunchKernel,0,10031,3203630,3203630,20,python
1892005529,4629,cudaLaunchKernel,0,10033,3203630,3203630,20,python
1892011080,4609,cudaLaunchKernel,0,10035,3203630,3203630,20,python
1892016520,4629,cudaLaunchKernel,0,10037,3203630,3203630,20,python
1892021680,3056,cudaMemsetAsync,0,10039,3203630,3203630,20,python
1892025217,4498,cudaLaunchKernel,0,10040,3203630,3203630,20,python
1892030727,4639,cudaLaunchKernel,0,10042,3203630,3203630,20,python
1892036078,4488,cudaLaunchKernel,0,10044,3203630,3203630,20,python
1892041288,4618,cudaLaunchKernel,0,10046,3203630,3203630,20,python
1892046648,4378,cudaLaunchKernel,0,10048,3203630,3203630,20,python
1892051798,4578,cudaLaunchKernel,0,10050,3203630,3203630,20,python
1892056917,3126,cudaMemsetAsync,0,10052,3203630,3203630,20,python
1892060524,4529,cudaLaunchKernel,0,10053,3203630,3203630,20,python
1892066335,4529,cudaLaunchKernel,0,10055,3203630,3203630,20,python
1892071736,4569,cudaLaunchKernel,0,10057,3203630,3203630,20,python
1892077106,4509,cudaLaunchKernel,0,10059,3203630,3203630,20,python
1892082406,4569,cudaLaunchKernel,0,10061,3203630,3203630,20,python
1892087787,4518,cudaLaunchKernel,0,10063,3203630,3203630,20,python
1892093107,4508,cudaLaunchKernel,0,10065,3203630,3203630,20,python
1892098467,4679,cudaLaunchKernel,0,10067,3203630,3203630,20,python
1892103927,4529,cudaLaunchKernel,0,10069,3203630,3203630,20,python
1892109228,4458,cudaLaunchKernel,0,10071,3203630,3203630,20,python
1892114247,3136,cudaMemsetAsync,0,10073,3203630,3203630,20,python
1892117874,4449,cudaLaunchKernel,0,10074,3203630,3203630,20,python
1892123485,4619,cudaLaunchKernel,0,10076,3203630,3203630,20,python
1892128895,4479,cudaLaunchKernel,0,10078,3203630,3203630,20,python
1892134145,7344,cudaLaunchKernel,0,10080,3203630,3203630,20,python
1892142311,4559,cudaLaunchKernel,0,10082,3203630,3203630,20,python
1892147771,4629,cudaLaunchKernel,0,10084,3203630,3203630,20,python
1892153212,4408,cudaLaunchKernel,0,10086,3203630,3203630,20,python
1892158422,4659,cudaLaunchKernel,0,10088,3203630,3203630,20,python
1892163932,4659,cudaLaunchKernel,0,10090,3203630,3203630,20,python
1892169423,4619,cudaLaunchKernel,0,10092,3203630,3203630,20,python
1892174803,4418,cudaLaunchKernel,0,10094,3203630,3203630,20,python
1892180003,4448,cudaLaunchKernel,0,10096,3203630,3203630,20,python
1892185263,4599,cudaLaunchKernel,0,10098,3203630,3203630,20,python
1892190663,5791,cudaLaunchKernel,0,10100,3203630,3203630,20,python
1892197306,4659,cudaLaunchKernel,0,10102,3203630,3203630,20,python
1892202526,10210,cudaLaunchKernel,0,10103,3203630,3203630,20,python
1892213577,4639,cudaLaunchKernel,0,10105,3203630,3203630,20,python
1892218827,3377,cudaMemsetAsync,0,10107,3203630,3203630,20,python
1892222454,2996,cudaMemsetAsync,0,10108,3203630,3203630,20,python
1892226602,4849,cudaLaunchKernel,0,10109,3203630,3203630,20,python
1892232293,4559,cudaLaunchKernel,0,10111,3203630,3203630,20,python
1892237663,4830,cudaLaunchKernel,0,10113,3203630,3203630,20,python
1892243254,4479,cudaLaunchKernel,0,10115,3203630,3203630,20,python
1892248264,4669,cudaLaunchKernel,0,10116,3203630,3203630,20,python
1892253794,5350,cudaLaunchKernel,0,10118,3203630,3203630,20,python
1892260677,3247,cudaMemsetAsync,0,10120,3203630,3203630,20,python
1892264204,2805,cudaMemsetAsync,0,10121,3203630,3203630,20,python
1892267520,5090,cudaLaunchKernel,0,10122,3203630,3203630,20,python
1892273392,4929,cudaLaunchKernel,0,10124,3203630,3203630,20,python
1892278872,3066,cudaMemsetAsync,0,10126,3203630,3203630,20,python
1892282459,4779,cudaLaunchKernel,0,10127,3203630,3203630,20,python
1892289603,5250,cudaLaunchKernel,0,10129,3203630,3203630,20,python
1892295965,4809,cudaLaunchKernel,0,10131,3203630,3203630,20,python
1892301405,7685,cudaMemcpyAsync,0,10133,3203630,3203630,20,python
1892309391,3997,cudaMemcpyAsync,0,10134,3203630,3203630,20,python
1892313679,3607,cudaEventRecord,0,10135,3203630,3203630,20,python
1892317596,5951337,cudaEventSynchronize,0,10136,3203630,3203630,20,python
1898269374,1813,cudaStreamSynchronize,0,10137,3203630,3203630,20,python
1898272550,6192,cudaLaunchKernel,0,10138,3203630,3203630,20,python
1898279363,3437,cudaEventRecord,0,10140,3203630,3203630,20,python
1898283080,1082,cudaEventSynchronize,0,10141,3203630,3203630,20,python
1898360829,3527,cudaDeviceSynchronize,0,10144,3203630,3203630,20,python
1898374174,1263,cudaDeviceSynchronize,0,10148,3203630,3203630,20,python
1898945718,1393,cudaStreamIsCapturing_v10000,0,10182,3203630,3203630,20,python
1898947511,712,cudaStreamGetDevice_v12080,0,10183,3203630,3203630,20,python
1898966598,491,cudaStreamIsCapturing_v10000,0,10216,3203630,3203630,20,python
1898967309,451,cudaStreamGetDevice_v12080,0,10217,3203630,3203630,20,python
1898973471,6703,cudaMemsetAsync,0,10228,3203630,3203630,20,python
1898980655,6923,cudaMemcpyAsync,0,10229,3203630,3203630,20,python
1898987919,4969,cudaMemcpyAsync,0,10230,3203630,3203630,20,python
1898993189,4238,cudaMemcpyAsync,0,10231,3203630,3203630,20,python
1898997747,4168,cudaMemcpyAsync,0,10232,3203630,3203630,20,python
1899002216,3998,cudaMemcpyAsync,0,10233,3203630,3203630,20,python
1899007115,10701,cudaLaunchKernel,0,10234,3203630,3203630,20,python
1899018537,5351,cudaMemcpyAsync,0,10236,3203630,3203630,20,python
1899024238,4068,cudaEventRecord,0,10237,3203630,3203630,20,python
1899028647,1923,cudaEventSynchronize,0,10238,3203630,3203630,20,python
1899032815,531,cudaStreamIsCapturing_v10000,0,10240,3203630,3203630,20,python
1899033736,4048,cudaMemcpyAsync,0,10241,3203630,3203630,20,python
1899038175,3537,cudaMemsetAsync,0,10242,3203630,3203630,20,python
1899042022,2976,cudaEventRecord,0,10243,3203630,3203630,20,python
1899045329,1883,cudaStreamWaitEvent,0,10244,3203630,3203630,20,python
1899047573,9999,cudaLaunchHostFunc_v10000,0,10245,3203630,3203630,20,python
1899058273,6633,cudaLaunchKernel,0,10246,3203630,3203630,20,python
1899071719,3286,cudaMemsetAsync,0,10248,3203630,3203630,20,python
1899075266,3066,cudaMemsetAsync,0,10249,3203630,3203630,20,python
1899078652,2986,cudaMemsetAsync,0,10250,3203630,3203630,20,python
1899081898,2946,cudaMemsetAsync,0,10251,3203630,3203630,20,python
1899085165,7183,cudaMemsetAsync,0,10252,3203630,3203630,20,python
1899092679,2956,cudaMemsetAsync,0,10253,3203630,3203630,20,python
1899095895,2856,cudaMemsetAsync,0,10254,3203630,3203630,20,python
1899099011,2836,cudaMemsetAsync,0,10255,3203630,3203630,20,python
1899102097,2745,cudaMemsetAsync,0,10256,3203630,3203630,20,python
1899105424,5590,cudaLaunchKernel,0,10257,3203630,3203630,20,python
1899111826,5590,cudaLaunchKernel,0,10259,3203630,3203630,20,python
1899118168,6001,cudaLaunchKernel,0,10261,3203630,3203630,20,python
1899125251,5281,cudaLaunchKernel,0,10263,3203630,3203630,20,python
1899131273,5180,cudaLaunchKernel,0,10265,3203630,3203630,20,python
1899137254,5080,cudaLaunchKernel,0,10267,3203630,3203630,20,python
1899143066,4809,cudaLaunchKernel,0,10269,3203630,3203630,20,python
1899148626,5070,cudaLaunchKernel,0,10271,3203630,3203630,20,python
1899155018,5060,cudaLaunchKernel,0,10273,3203630,3203630,20,python
1899160830,4849,cudaLaunchKernel,0,10275,3203630,3203630,20,python
1899166500,4830,cudaLaunchKernel,0,10277,3203630,3203630,20,python
1899172101,4769,cudaLaunchKernel,0,10279,3203630,3203630,20,python
1899177652,4548,cudaLaunchKernel,0,10281,3203630,3203630,20,python
1899182962,4508,cudaLaunchKernel,0,10283,3203630,3203630,20,python
1899188813,5461,cudaLaunchKernel,0,10285,3203630,3203630,20,python
1899195015,4609,cudaLaunchKernel,0,10287,3203630,3203630,20,python
1899200455,11703,cudaLaunchKernel,0,10289,3203630,3203630,20,python
1899213069,5160,cudaLaunchKernel,0,10291,3203630,3203630,20,python
1899219061,4709,cudaLaunchKernel,0,10293,3203630,3203630,20,python
1899224632,4939,cudaLaunchKernel,0,10295,3203630,3203630,20,python
1899230904,4819,cudaLaunchKernel,0,10297,3203630,3203630,20,python
1899236554,4699,cudaLaunchKernel,0,10299,3203630,3203630,20,python
1899242315,4900,cudaLaunchKernel,0,10301,3203630,3203630,20,python
1899247976,4739,cudaLaunchKernel,0,10303,3203630,3203630,20,python
1899253517,4929,cudaLaunchKernel,0,10305,3203630,3203630,20,python
1899259298,6102,cudaLaunchKernel,0,10307,3203630,3203630,20,python
1899266161,3807,cudaMemsetAsync,0,10309,3203630,3203630,20,python
1899270289,3527,cudaMemsetAsync,0,10310,3203630,3203630,20,python
1899275369,6863,cudaLaunchKernel,0,10311,3203630,3203630,20,python
1899283564,5341,cudaLaunchKernel,0,10313,3203630,3203630,20,python
1899289736,5230,cudaLaunchKernel,0,10315,3203630,3203630,20,python
1899295708,4699,cudaLaunchKernel,0,10317,3203630,3203630,20,python
1899301218,4669,cudaLaunchKernel,0,10319,3203630,3203630,20,python
1899306638,4710,cudaLaunchKernel,0,10321,3203630,3203630,20,python
1899312540,4779,cudaLaunchKernel,0,10323,3203630,3203630,20,python
1899322669,4749,cudaLaunchKernel,0,10329,3203630,3203630,20,python
1899328019,3267,cudaMemsetAsync,0,10331,3203630,3203630,20,python
1899331556,2896,cudaMemsetAsync,0,10332,3203630,3203630,20,python
1899336936,4709,cudaLaunchKernel,0,10333,3203630,3203630,20,python
1899342187,3346,cudaMemsetAsync,0,10335,3203630,3203630,20,python
1899346034,4839,cudaLaunchKernel,0,10336,3203630,3203630,20,python
1899351755,4889,cudaLaunchKernel,0,10338,3203630,3203630,20,python
1899358267,4629,cudaLaunchKernel,0,10340,3203630,3203630,20,python
1899363688,3256,cudaMemsetAsync,0,10342,3203630,3203630,20,python
1899368337,4819,cudaLaunchKernel,0,10343,3203630,3203630,20,python
1899373867,4509,cudaLaunchKernel,0,10345,3203630,3203630,20,python
1899379077,4519,cudaLaunchKernel,0,10347,3203630,3203630,20,python
1899384357,4569,cudaLaunchKernel,0,10349,3203630,3203630,20,python
1899389758,4638,cudaLaunchKernel,0,10351,3203630,3203630,20,python
1899395208,4609,cudaLaunchKernel,0,10353,3203630,3203630,20,python
1899400538,4469,cudaLaunchKernel,0,10355,3203630,3203630,20,python
1899405618,3186,cudaMemsetAsync,0,10357,3203630,3203630,20,python
1899409305,4529,cudaLaunchKernel,0,10358,3203630,3203630,20,python
1899414545,4679,cudaLaunchKernel,0,10360,3203630,3203630,20,python
1899419975,4208,cudaLaunchKernel,0,10362,3203630,3203630,20,python
1899424995,4368,cudaLaunchKernel,0,10364,3203630,3203630,20,python
1899430335,4389,cudaLaunchKernel,0,10366,3203630,3203630,20,python
1899435485,4609,cudaLaunchKernel,0,10368,3203630,3203630,20,python
1899440845,4238,cudaLaunchKernel,0,10370,3203630,3203630,20,python
1899446135,5270,cudaLaunchKernel,0,10372,3203630,3203630,20,python
1899453379,4679,cudaLaunchKernel,0,10374,3203630,3203630,20,python
1899459741,3397,cudaMemsetAsync,0,10377,3203630,3203630,20,python
1899464350,641,cudaStreamIsCapturing_v10000,0,10379,3203630,3203630,20,python
1899465242,1733,cudaStreamWaitEvent,0,10380,3203630,3203630,20,python
1899467306,8797,cudaMemcpyAsync,0,10381,3203630,3203630,20,python
1899476453,3808,cudaEventRecord,0,10382,3203630,3203630,20,python
1899480611,491,cudaStreamIsCapturing_v10000,0,10383,3203630,3203630,20,python
1899481433,13977,cudaGraphLaunch_v10000,0,10384,3203630,3203630,20,python
1899496281,3918,cudaMemsetAsync,0,10385,3203630,3203630,20,python
1899500459,2816,cudaMemsetAsync,0,10386,3203630,3203630,20,python
1899503535,7745,cudaMemsetAsync,0,10387,3203630,3203630,20,python
1899511571,2885,cudaMemsetAsync,0,10388,3203630,3203630,20,python
1899514717,2795,cudaMemsetAsync,0,10389,3203630,3203630,20,python
1899517782,2726,cudaMemsetAsync,0,10390,3203630,3203630,20,python
1899520758,2725,cudaMemsetAsync,0,10391,3203630,3203630,20,python
1899524175,7033,cudaLaunchKernel,0,10392,3203630,3203630,20,python
1899531789,3166,cudaMemsetAsync,0,10394,3203630,3203630,20,python
1899535446,4930,cudaLaunchKernel,0,10395,3203630,3203630,20,python
1899541658,4859,cudaLaunchKernel,0,10397,3203630,3203630,20,python
1899547369,4699,cudaLaunchKernel,0,10399,3203630,3203630,20,python
1899552940,4729,cudaLaunchKernel,0,10401,3203630,3203630,20,python
1899558510,4790,cudaLaunchKernel,0,10403,3203630,3203630,20,python
1899564121,4789,cudaLaunchKernel,0,10405,3203630,3203630,20,python
1899569752,4979,cudaLaunchKernel,0,10407,3203630,3203630,20,python
1899575593,4809,cudaLaunchKernel,0,10409,3203630,3203630,20,python
1899581204,3276,cudaMemsetAsync,0,10411,3203630,3203630,20,python
1899584761,2925,cudaMemsetAsync,0,10412,3203630,3203630,20,python
1899587957,2745,cudaMemsetAsync,0,10413,3203630,3203630,20,python
1899591193,4799,cudaLaunchKernel,0,10414,3203630,3203630,20,python
1899596583,3016,cudaMemsetAsync,0,10416,3203630,3203630,20,python
1899599870,2715,cudaMemsetAsync,0,10417,3203630,3203630,20,python
1899603306,4679,cudaLaunchKernel,0,10418,3203630,3203630,20,python
1899608747,4779,cudaLaunchKernel,0,10420,3203630,3203630,20,python
1899614347,4519,cudaLaunchKernel,0,10422,3203630,3203630,20,python
1899619657,4820,cudaLaunchKernel,0,10424,3203630,3203630,20,python
1899625408,5000,cudaLaunchKernel,0,10426,3203630,3203630,20,python
1899632592,3096,cudaMemsetAsync,0,10428,3203630,3203630,20,python
1899635969,2795,cudaMemsetAsync,0,10429,3203630,3203630,20,python
1899639335,5060,cudaLaunchKernel,0,10430,3203630,3203630,20,python
1899644976,2996,cudaMemsetAsync,0,10432,3203630,3203630,20,python
1899648232,2675,cudaMemsetAsync,0,10433,3203630,3203630,20,python
1899652099,4740,cudaLaunchKernel,0,10434,3203630,3203630,20,python
1899657650,4649,cudaLaunchKernel,0,10436,3203630,3203630,20,python
1899663040,4539,cudaLaunchKernel,0,10438,3203630,3203630,20,python
1899668351,4548,cudaLaunchKernel,0,10440,3203630,3203630,20,python
1899673510,3126,cudaMemsetAsync,0,10442,3203630,3203630,20,python
1899676897,2685,cudaMemsetAsync,0,10443,3203630,3203630,20,python
1899680354,5009,cudaLaunchKernel,0,10444,3203630,3203630,20,python
1899686165,4859,cudaLaunchKernel,0,10446,3203630,3203630,20,python
1899691825,4459,cudaLaunchKernel,0,10448,3203630,3203630,20,python
1899696915,3026,cudaMemsetAsync,0,10450,3203630,3203630,20,python
1899700202,2805,cudaMemsetAsync,0,10451,3203630,3203630,20,python
1899703788,2886,cudaMemsetAsync,0,10452,3203630,3203630,20,python
1899707185,4909,cudaLaunchKernel,0,10453,3203630,3203630,20,python
1899712866,4719,cudaLaunchKernel,0,10455,3203630,3203630,20,python
1899718366,4619,cudaLaunchKernel,0,10457,3203630,3203630,20,python
1899723757,4648,cudaLaunchKernel,0,10459,3203630,3203630,20,python
1899729167,4398,cudaLaunchKernel,0,10461,3203630,3203630,20,python
1899734337,4428,cudaLaunchKernel,0,10463,3203630,3203630,20,python
1899739366,3257,cudaMemsetAsync,0,10465,3203630,3203630,20,python
1899742883,2796,cudaMemsetAsync,0,10466,3203630,3203630,20,python
1899746630,4749,cudaLaunchKernel,0,10467,3203630,3203630,20,python
1899752161,4589,cudaLaunchKernel,0,10469,3203630,3203630,20,python
1899757671,4689,cudaLaunchKernel,0,10471,3203630,3203630,20,python
1899763132,4779,cudaLaunchKernel,0,10473,3203630,3203630,20,python
1899768652,4750,cudaLaunchKernel,0,10475,3203630,3203630,20,python
1899774183,4559,cudaLaunchKernel,0,10477,3203630,3203630,20,python
1899779523,4569,cudaLaunchKernel,0,10479,3203630,3203630,20,python
1899784763,3046,cudaMemsetAsync,0,10481,3203630,3203630,20,python
1899788080,2725,cudaMemsetAsync,0,10482,3203630,3203630,20,python
1899792378,4939,cudaLaunchKernel,0,10483,3203630,3203630,20,python
1899798109,4859,cudaLaunchKernel,0,10485,3203630,3203630,20,python
1899803720,4689,cudaLaunchKernel,0,10487,3203630,3203630,20,python
1899809170,4579,cudaLaunchKernel,0,10489,3203630,3203630,20,python
1899814290,5891,cudaMemsetAsync,0,10491,3203630,3203630,20,python
1899820452,2845,cudaMemsetAsync,0,10492,3203630,3203630,20,python
1899823558,2795,cudaMemsetAsync,0,10493,3203630,3203630,20,python
1899827325,5110,cudaLaunchKernel,0,10494,3203630,3203630,20,python
1899833256,4719,cudaLaunchKernel,0,10496,3203630,3203630,20,python
1899838737,4949,cudaLaunchKernel,0,10498,3203630,3203630,20,python
1899844427,4559,cudaLaunchKernel,0,10500,3203630,3203630,20,python
1899850098,4579,cudaLaunchKernel,0,10502,3203630,3203630,20,python
1899855619,4508,cudaLaunchKernel,0,10504,3203630,3203630,20,python
1899860709,4799,cudaLaunchKernel,0,10505,3203630,3203630,20,python
1899866179,3276,cudaMemsetAsync,0,10507,3203630,3203630,20,python
1899869726,2825,cudaMemsetAsync,0,10508,3203630,3203630,20,python
1899872852,2855,cudaMemsetAsync,0,10509,3203630,3203630,20,python
1899875958,2715,cudaMemsetAsync,0,10510,3203630,3203630,20,python
1899878994,2815,cudaMemsetAsync,0,10511,3203630,3203630,20,python
1899882059,2676,cudaMemsetAsync,0,10512,3203630,3203630,20,python
1899885947,4839,cudaLaunchKernel,0,10513,3203630,3203630,20,python
1899891588,4789,cudaLaunchKernel,0,10515,3203630,3203630,20,python
1899897188,4850,cudaLaunchKernel,0,10517,3203630,3203630,20,python
1899902799,4739,cudaLaunchKernel,0,10519,3203630,3203630,20,python
1899908300,4548,cudaLaunchKernel,0,10521,3203630,3203630,20,python
1899914321,4789,cudaLaunchKernel,0,10523,3203630,3203630,20,python
1899919862,4769,cudaLaunchKernel,0,10525,3203630,3203630,20,python
1899925493,4648,cudaLaunchKernel,0,10527,3203630,3203630,20,python
1899930913,4599,cudaLaunchKernel,0,10529,3203630,3203630,20,python
1899936263,4479,cudaLaunchKernel,0,10531,3203630,3203630,20,python
1899942094,4589,cudaLaunchKernel,0,10533,3203630,3203630,20,python
1899947435,4959,cudaLaunchKernel,0,10535,3203630,3203630,20,python
1899953145,5010,cudaLaunchKernel,0,10537,3203630,3203630,20,python
1899958957,4759,cudaLaunchKernel,0,10539,3203630,3203630,20,python
1899964537,4559,cudaLaunchKernel,0,10541,3203630,3203630,20,python
1899969617,4529,cudaLaunchKernel,0,10542,3203630,3203630,20,python
1899974647,4498,cudaLaunchKernel,0,10543,3203630,3203630,20,python
1899979656,4749,cudaLaunchKernel,0,10544,3203630,3203630,20,python
1899984976,3156,cudaMemsetAsync,0,10546,3203630,3203630,20,python
1899988403,2735,cudaMemsetAsync,0,10547,3203630,3203630,20,python
1899991669,4679,cudaLaunchKernel,0,10548,3203630,3203630,20,python
1899997510,4629,cudaLaunchKernel,0,10550,3203630,3203630,20,python
1900002871,4538,cudaLaunchKernel,0,10552,3203630,3203630,20,python
1900008151,4588,cudaLaunchKernel,0,10554,3203630,3203630,20,python
1900013501,4589,cudaLaunchKernel,0,10556,3203630,3203630,20,python
1900018891,4509,cudaLaunchKernel,0,10558,3203630,3203630,20,python
1900023961,4689,cudaLaunchKernel,0,10559,3203630,3203630,20,python
1900029251,3236,cudaMemsetAsync,0,10561,3203630,3203630,20,python
1900032758,2835,cudaMemsetAsync,0,10562,3203630,3203630,20,python
1900039651,4809,cudaLaunchKernel,0,10563,3203630,3203630,20,python
1900045252,4899,cudaLaunchKernel,0,10565,3203630,3203630,20,python
1900050963,4929,cudaLaunchKernel,0,10567,3203630,3203630,20,python
1900056724,4689,cudaLaunchKernel,0,10569,3203630,3203630,20,python
1900062224,4729,cudaLaunchKernel,0,10571,3203630,3203630,20,python
1900067765,4759,cudaLaunchKernel,0,10573,3203630,3203630,20,python
1900073065,3016,cudaMemsetAsync,0,10575,3203630,3203630,20,python
1900076642,4659,cudaLaunchKernel,0,10576,3203630,3203630,20,python
1900082553,4629,cudaLaunchKernel,0,10578,3203630,3203630,20,python
1900088024,4618,cudaLaunchKernel,0,10580,3203630,3203630,20,python
1900093474,4469,cudaLaunchKernel,0,10582,3203630,3203630,20,python
1900098464,3065,cudaMemsetAsync,0,10584,3203630,3203630,20,python
1900102060,4539,cudaLaunchKernel,0,10585,3203630,3203630,20,python
1900107571,4569,cudaLaunchKernel,0,10587,3203630,3203630,20,python
1900112861,4569,cudaLaunchKernel,0,10589,3203630,3203630,20,python
1900118141,4559,cudaLaunchKernel,0,10591,3203630,3203630,20,python
1900123441,4399,cudaLaunchKernel,0,10593,3203630,3203630,20,python
1900128581,4599,cudaLaunchKernel,0,10595,3203630,3203630,20,python
1900133711,3036,cudaMemsetAsync,0,10597,3203630,3203630,20,python
1900137238,7193,cudaLaunchKernel,0,10598,3203630,3203630,20,python
1900145704,4649,cudaLaunchKernel,0,10600,3203630,3203630,20,python
1900151184,4469,cudaLaunchKernel,0,10602,3203630,3203630,20,python
1900156444,4489,cudaLaunchKernel,0,10604,3203630,3203630,20,python
1900161775,4588,cudaLaunchKernel,0,10606,3203630,3203630,20,python
1900167185,4559,cudaLaunchKernel,0,10608,3203630,3203630,20,python
1900172555,4439,cudaLaunchKernel,0,10610,3203630,3203630,20,python
1900177835,4759,cudaLaunchKernel,0,10612,3203630,3203630,20,python
1900183366,4489,cudaLaunchKernel,0,10614,3203630,3203630,20,python
1900188646,4619,cudaLaunchKernel,0,10616,3203630,3203630,20,python
1900193806,3296,cudaMemsetAsync,0,10618,3203630,3203630,20,python
1900197583,4539,cudaLaunchKernel,0,10619,3203630,3203630,20,python
1900203284,13466,cudaLaunchKernel,0,10621,3203630,3203630,20,python
1900217601,4549,cudaLaunchKernel,0,10623,3203630,3203630,20,python
1900222932,4478,cudaLaunchKernel,0,10625,3203630,3203630,20,python
1900228202,4639,cudaLaunchKernel,0,10627,3203630,3203630,20,python
1900233692,4589,cudaLaunchKernel,0,10629,3203630,3203630,20,python
1900239093,4518,cudaLaunchKernel,0,10631,3203630,3203630,20,python
1900244433,4599,cudaLaunchKernel,0,10633,3203630,3203630,20,python
1900249873,4579,cudaLaunchKernel,0,10635,3203630,3203630,20,python
1900255284,4658,cudaLaunchKernel,0,10637,3203630,3203630,20,python
1900260754,4469,cudaLaunchKernel,0,10639,3203630,3203630,20,python
1900266164,4489,cudaLaunchKernel,0,10641,3203630,3203630,20,python
1900271475,4819,cudaLaunchKernel,0,10643,3203630,3203630,20,python
1900277095,4719,cudaLaunchKernel,0,10645,3203630,3203630,20,python
1900282666,4659,cudaLaunchKernel,0,10647,3203630,3203630,20,python
1900287866,4749,cudaLaunchKernel,0,10648,3203630,3203630,20,python
1900293386,4439,cudaLaunchKernel,0,10650,3203630,3203630,20,python
1900298406,3346,cudaMemsetAsync,0,10652,3203630,3203630,20,python
1900302033,2745,cudaMemsetAsync,0,10653,3203630,3203630,20,python
1900305900,4820,cudaLaunchKernel,0,10654,3203630,3203630,20,python
1900311531,4539,cudaLaunchKernel,0,10656,3203630,3203630,20,python
1900316861,4729,cudaLaunchKernel,0,10658,3203630,3203630,20,python
1900322352,4428,cudaLaunchKernel,0,10660,3203630,3203630,20,python
1900327301,4629,cudaLaunchKernel,0,10661,3203630,3203630,20,python
1900332782,5130,cudaLaunchKernel,0,10663,3203630,3203630,20,python
1900339455,3286,cudaMemsetAsync,0,10665,3203630,3203630,20,python
1900343011,2786,cudaMemsetAsync,0,10666,3203630,3203630,20,python
1900346318,4959,cudaLaunchKernel,0,10667,3203630,3203630,20,python
1900352069,4999,cudaLaunchKernel,0,10669,3203630,3203630,20,python
1900357619,3016,cudaMemsetAsync,0,10671,3203630,3203630,20,python
1900361176,4900,cudaLaunchKernel,0,10672,3203630,3203630,20,python
1900368440,5060,cudaLaunchKernel,0,10674,3203630,3203630,20,python
1900374612,4849,cudaLaunchKernel,0,10676,3203630,3203630,20,python
1900380092,7916,cudaMemcpyAsync,0,10678,3203630,3203630,20,python
1900388308,3988,cudaMemcpyAsync,0,10679,3203630,3203630,20,python
1900392586,3597,cudaEventRecord,0,10680,3203630,3203630,20,python
1900396484,5975393,cudaEventSynchronize,0,10681,3203630,3203630,20,python
1906372327,1854,cudaStreamSynchronize,0,10682,3203630,3203630,20,python
1906375564,6141,cudaLaunchKernel,0,10683,3203630,3203630,20,python
1906382337,3366,cudaEventRecord,0,10685,3203630,3203630,20,python
1906385984,961,cudaEventSynchronize,0,10686,3203630,3203630,20,python
1906462971,3567,cudaDeviceSynchronize,0,10689,3203630,3203630,20,python
1906476647,1333,cudaDeviceSynchronize,0,10693,3203630,3203630,20,python
1907049393,1312,cudaStreamIsCapturing_v10000,0,10727,3203630,3203630,20,python
1907051146,682,cudaStreamGetDevice_v12080,0,10728,3203630,3203630,20,python
1907070102,511,cudaStreamIsCapturing_v10000,0,10761,3203630,3203630,20,python
1907070834,441,cudaStreamGetDevice_v12080,0,10762,3203630,3203630,20,python
1907076875,6553,cudaMemsetAsync,0,10773,3203630,3203630,20,python
1907083909,6803,cudaMemcpyAsync,0,10774,3203630,3203630,20,python
1907091053,4859,cudaMemcpyAsync,0,10775,3203630,3203630,20,python
1907096212,4489,cudaMemcpyAsync,0,10776,3203630,3203630,20,python
1907101032,3997,cudaMemcpyAsync,0,10777,3203630,3203630,20,python
1907105340,3998,cudaMemcpyAsync,0,10778,3203630,3203630,20,python
1907110239,10771,cudaLaunchKernel,0,10779,3203630,3203630,20,python
1907121731,5350,cudaMemcpyAsync,0,10781,3203630,3203630,20,python
1907127422,4168,cudaEventRecord,0,10782,3203630,3203630,20,python
1907131921,1943,cudaEventSynchronize,0,10783,3203630,3203630,20,python
1907135748,501,cudaStreamIsCapturing_v10000,0,10785,3203630,3203630,20,python
1907136660,3907,cudaMemcpyAsync,0,10786,3203630,3203630,20,python
1907140958,3547,cudaMemsetAsync,0,10787,3203630,3203630,20,python
1907144815,2916,cudaEventRecord,0,10788,3203630,3203630,20,python
1907148092,1853,cudaStreamWaitEvent,0,10789,3203630,3203630,20,python
1907150286,11462,cudaLaunchHostFunc_v10000,0,10790,3203630,3203630,20,python
1907162619,6753,cudaLaunchKernel,0,10791,3203630,3203630,20,python
1907176456,3547,cudaMemsetAsync,0,10793,3203630,3203630,20,python
1907180273,3006,cudaMemsetAsync,0,10794,3203630,3203630,20,python
1907183600,2745,cudaMemsetAsync,0,10795,3203630,3203630,20,python
1907186625,2886,cudaMemsetAsync,0,10796,3203630,3203630,20,python
1907189832,2875,cudaMemsetAsync,0,10797,3203630,3203630,20,python
1907193028,2735,cudaMemsetAsync,0,10798,3203630,3203630,20,python
1907196033,2906,cudaMemsetAsync,0,10799,3203630,3203630,20,python
1907199209,2766,cudaMemsetAsync,0,10800,3203630,3203630,20,python
1907202245,2705,cudaMemsetAsync,0,10801,3203630,3203630,20,python
1907211944,5571,cudaLaunchKernel,0,10802,3203630,3203630,20,python
1907218336,5420,cudaLaunchKernel,0,10804,3203630,3203630,20,python
1907224518,4909,cudaLaunchKernel,0,10806,3203630,3203630,20,python
1907230509,6002,cudaLaunchKernel,0,10808,3203630,3203630,20,python
1907237373,5971,cudaLaunchKernel,0,10810,3203630,3203630,20,python
1907244065,5441,cudaLaunchKernel,0,10812,3203630,3203630,20,python
1907250237,4819,cudaLaunchKernel,0,10814,3203630,3203630,20,python
1907255808,5180,cudaLaunchKernel,0,10816,3203630,3203630,20,python
1907262340,4880,cudaLaunchKernel,0,10818,3203630,3203630,20,python
1907267991,5260,cudaLaunchKernel,0,10820,3203630,3203630,20,python
1907274073,4949,cudaLaunchKernel,0,10822,3203630,3203630,20,python
1907279804,4759,cudaLaunchKernel,0,10824,3203630,3203630,20,python
1907285334,4830,cudaLaunchKernel,0,10826,3203630,3203630,20,python
1907290935,4539,cudaLaunchKernel,0,10828,3203630,3203630,20,python
1907296576,5230,cudaLaunchKernel,0,10830,3203630,3203630,20,python
1907302547,4970,cudaLaunchKernel,0,10832,3203630,3203630,20,python
1907308398,5421,cudaLaunchKernel,0,10834,3203630,3203630,20,python
1907314640,4890,cudaLaunchKernel,0,10836,3203630,3203630,20,python
1907320351,4809,cudaLaunchKernel,0,10838,3203630,3203630,20,python
1907326012,4910,cudaLaunchKernel,0,10840,3203630,3203630,20,python
1907332264,4930,cudaLaunchKernel,0,10842,3203630,3203630,20,python
1907338055,4659,cudaLaunchKernel,0,10844,3203630,3203630,20,python
1907343736,4739,cudaLaunchKernel,0,10846,3203630,3203630,20,python
1907349206,4559,cudaLaunchKernel,0,10848,3203630,3203630,20,python
1907354587,4639,cudaLaunchKernel,0,10850,3203630,3203630,20,python
1907360097,4940,cudaLaunchKernel,0,10852,3203630,3203630,20,python
1907365788,3858,cudaMemsetAsync,0,10854,3203630,3203630,20,python
1907369946,3046,cudaMemsetAsync,0,10855,3203630,3203630,20,python
1907374014,5661,cudaLaunchKernel,0,10856,3203630,3203630,20,python
1907380456,5160,cudaLaunchKernel,0,10858,3203630,3203630,20,python
1907386358,4969,cudaLaunchKernel,0,10860,3203630,3203630,20,python
1907392058,4750,cudaLaunchKernel,0,10862,3203630,3203630,20,python
1907397589,4639,cudaLaunchKernel,0,10864,3203630,3203630,20,python
1907402979,4739,cudaLaunchKernel,0,10866,3203630,3203630,20,python
1907408640,4619,cudaLaunchKernel,0,10868,3203630,3203630,20,python
1907418689,5250,cudaLaunchKernel,0,10874,3203630,3203630,20,python
1907424531,3476,cudaMemsetAsync,0,10876,3203630,3203630,20,python
1907428298,2805,cudaMemsetAsync,0,10877,3203630,3203630,20,python
1907433628,4889,cudaLaunchKernel,0,10878,3203630,3203630,20,python
1907439058,3257,cudaMemsetAsync,0,10880,3203630,3203630,20,python
1907442816,4949,cudaLaunchKernel,0,10881,3203630,3203630,20,python
1907448617,4979,cudaLaunchKernel,0,10883,3203630,3203630,20,python
1907455179,5020,cudaLaunchKernel,0,10885,3203630,3203630,20,python
1907461010,3166,cudaMemsetAsync,0,10887,3203630,3203630,20,python
1907465719,4739,cudaLaunchKernel,0,10888,3203630,3203630,20,python
1907471160,4619,cudaLaunchKernel,0,10890,3203630,3203630,20,python
1907476540,4358,cudaLaunchKernel,0,10892,3203630,3203630,20,python
1907481690,4609,cudaLaunchKernel,0,10894,3203630,3203630,20,python
1907487120,4349,cudaLaunchKernel,0,10896,3203630,3203630,20,python
1907492310,4559,cudaLaunchKernel,0,10898,3203630,3203630,20,python
1907497580,4479,cudaLaunchKernel,0,10900,3203630,3203630,20,python
1907502700,3046,cudaMemsetAsync,0,10902,3203630,3203630,20,python
1907506237,4468,cudaLaunchKernel,0,10903,3203630,3203630,20,python
1907511417,4599,cudaLaunchKernel,0,10905,3203630,3203630,20,python
1907516777,4118,cudaLaunchKernel,0,10907,3203630,3203630,20,python
1907521727,4448,cudaLaunchKernel,0,10909,3203630,3203630,20,python
1907527127,4539,cudaLaunchKernel,0,10911,3203630,3203630,20,python
1907532437,7705,cudaLaunchKernel,0,10913,3203630,3203630,20,python
1907540923,4198,cudaLaunchKernel,0,10915,3203630,3203630,20,python
1907546264,5109,cudaLaunchKernel,0,10917,3203630,3203630,20,python
1907553267,4669,cudaLaunchKernel,0,10919,3203630,3203630,20,python
1907559599,3557,cudaMemsetAsync,0,10922,3203630,3203630,20,python
1907564318,611,cudaStreamIsCapturing_v10000,0,10924,3203630,3203630,20,python
1907565200,1613,cudaStreamWaitEvent,0,10925,3203630,3203630,20,python
1907567174,8877,cudaMemcpyAsync,0,10926,3203630,3203630,20,python
1907576401,4258,cudaEventRecord,0,10927,3203630,3203630,20,python
1907581040,491,cudaStreamIsCapturing_v10000,0,10928,3203630,3203630,20,python
1907581872,13976,cudaGraphLaunch_v10000,0,10929,3203630,3203630,20,python
1907596750,3667,cudaMemsetAsync,0,10930,3203630,3203630,20,python
1907600688,2795,cudaMemsetAsync,0,10931,3203630,3203630,20,python
1907603743,2846,cudaMemsetAsync,0,10932,3203630,3203630,20,python
1907606849,2816,cudaMemsetAsync,0,10933,3203630,3203630,20,python
1907609925,2756,cudaMemsetAsync,0,10934,3203630,3203630,20,python
1907612941,2725,cudaMemsetAsync,0,10935,3203630,3203630,20,python
1907615917,2705,cudaMemsetAsync,0,10936,3203630,3203630,20,python
1907619293,6443,cudaLaunchKernel,0,10937,3203630,3203630,20,python
1907626357,3126,cudaMemsetAsync,0,10939,3203630,3203630,20,python
1907629974,5069,cudaLaunchKernel,0,10940,3203630,3203630,20,python
1907636346,4839,cudaLaunchKernel,0,10942,3203630,3203630,20,python
1907642047,4779,cudaLaunchKernel,0,10944,3203630,3203630,20,python
1907647648,4769,cudaLaunchKernel,0,10946,3203630,3203630,20,python
1907653258,4689,cudaLaunchKernel,0,10948,3203630,3203630,20,python
1907658769,4759,cudaLaunchKernel,0,10950,3203630,3203630,20,python
1907664349,4810,cudaLaunchKernel,0,10952,3203630,3203630,20,python
1907670010,5040,cudaLaunchKernel,0,10954,3203630,3203630,20,python
1907675902,3296,cudaMemsetAsync,0,10956,3203630,3203630,20,python
1907679468,2766,cudaMemsetAsync,0,10957,3203630,3203630,20,python
1907682514,2715,cudaMemsetAsync,0,10958,3203630,3203630,20,python
1907685730,4890,cudaLaunchKernel,0,10959,3203630,3203630,20,python
1907691231,3026,cudaMemsetAsync,0,10961,3203630,3203630,20,python
1907694537,3006,cudaMemsetAsync,0,10962,3203630,3203630,20,python
1907698264,4850,cudaLaunchKernel,0,10963,3203630,3203630,20,python
1907703875,4749,cudaLaunchKernel,0,10965,3203630,3203630,20,python
1907709426,4629,cudaLaunchKernel,0,10967,3203630,3203630,20,python
1907714846,4899,cudaLaunchKernel,0,10969,3203630,3203630,20,python
1907720607,4950,cudaLaunchKernel,0,10971,3203630,3203630,20,python
1907727771,3216,cudaMemsetAsync,0,10973,3203630,3203630,20,python
1907731278,2865,cudaMemsetAsync,0,10974,3203630,3203630,20,python
1907734694,4869,cudaLaunchKernel,0,10975,3203630,3203630,20,python
1907740144,3046,cudaMemsetAsync,0,10977,3203630,3203630,20,python
1907743461,2815,cudaMemsetAsync,0,10978,3203630,3203630,20,python
1907747468,4699,cudaLaunchKernel,0,10979,3203630,3203630,20,python
1907752999,4579,cudaLaunchKernel,0,10981,3203630,3203630,20,python
1907758329,4539,cudaLaunchKernel,0,10983,3203630,3203630,20,python
1907763639,4479,cudaLaunchKernel,0,10985,3203630,3203630,20,python
1907768699,3136,cudaMemsetAsync,0,10987,3203630,3203630,20,python
1907772126,2655,cudaMemsetAsync,0,10988,3203630,3203630,20,python
1907775562,4769,cudaLaunchKernel,0,10989,3203630,3203630,20,python
1907781153,4709,cudaLaunchKernel,0,10991,3203630,3203630,20,python
1907786623,4469,cudaLaunchKernel,0,10993,3203630,3203630,20,python
1907791643,3066,cudaMemsetAsync,0,10995,3203630,3203630,20,python
1907794979,2816,cudaMemsetAsync,0,10996,3203630,3203630,20,python
1907798566,2926,cudaMemsetAsync,0,10997,3203630,3203630,20,python
1907802013,4799,cudaLaunchKernel,0,10998,3203630,3203630,20,python
1907807584,4769,cudaLaunchKernel,0,11000,3203630,3203630,20,python
1907813174,4509,cudaLaunchKernel,0,11002,3203630,3203630,20,python
1907818464,4629,cudaLaunchKernel,0,11004,3203630,3203630,20,python
1907823845,4388,cudaLaunchKernel,0,11006,3203630,3203630,20,python
1907828984,4509,cudaLaunchKernel,0,11008,3203630,3203630,20,python
1907834034,3206,cudaMemsetAsync,0,11010,3203630,3203630,20,python
1907837511,6162,cudaMemsetAsync,0,11011,3203630,3203630,20,python
1907844705,5039,cudaLaunchKernel,0,11012,3203630,3203630,20,python
1907850526,4769,cudaLaunchKernel,0,11014,3203630,3203630,20,python
1907856136,4739,cudaLaunchKernel,0,11016,3203630,3203630,20,python
1907861617,4859,cudaLaunchKernel,0,11018,3203630,3203630,20,python
1907867238,4639,cudaLaunchKernel,0,11020,3203630,3203630,20,python
1907872678,4639,cudaLaunchKernel,0,11022,3203630,3203630,20,python
1907878108,4589,cudaLaunchKernel,0,11024,3203630,3203630,20,python
1907883328,3307,cudaMemsetAsync,0,11026,3203630,3203630,20,python
1907886905,2756,cudaMemsetAsync,0,11027,3203630,3203630,20,python
1907891274,4949,cudaLaunchKernel,0,11028,3203630,3203630,20,python
1907897005,4789,cudaLaunchKernel,0,11030,3203630,3203630,20,python
1907902555,4549,cudaLaunchKernel,0,11032,3203630,3203630,20,python
1907907845,4559,cudaLaunchKernel,0,11034,3203630,3203630,20,python
1907912945,3186,cudaMemsetAsync,0,11036,3203630,3203630,20,python
1907916412,2775,cudaMemsetAsync,0,11037,3203630,3203630,20,python
1907919448,2825,cudaMemsetAsync,0,11038,3203630,3203630,20,python
1907923225,4839,cudaLaunchKernel,0,11039,3203630,3203630,20,python
1907928896,4709,cudaLaunchKernel,0,11041,3203630,3203630,20,python
1907934356,4649,cudaLaunchKernel,0,11043,3203630,3203630,20,python
1907939786,4609,cudaLaunchKernel,0,11045,3203630,3203630,20,python
1907945197,4639,cudaLaunchKernel,0,11047,3203630,3203630,20,python
1907950677,4699,cudaLaunchKernel,0,11049,3203630,3203630,20,python
1907955967,4780,cudaLaunchKernel,0,11050,3203630,3203630,20,python
1907961418,3256,cudaMemsetAsync,0,11052,3203630,3203630,20,python
1907964945,2705,cudaMemsetAsync,0,11053,3203630,3203630,20,python
1907967960,2706,cudaMemsetAsync,0,11054,3203630,3203630,20,python
1907970916,2835,cudaMemsetAsync,0,11055,3203630,3203630,20,python
1907974072,2876,cudaMemsetAsync,0,11056,3203630,3203630,20,python
1907977198,2755,cudaMemsetAsync,0,11057,3203630,3203630,20,python
1907981166,4869,cudaLaunchKernel,0,11058,3203630,3203630,20,python
1907986846,4920,cudaLaunchKernel,0,11060,3203630,3203630,20,python
1907992587,4980,cudaLaunchKernel,0,11062,3203630,3203630,20,python
1907998359,4598,cudaLaunchKernel,0,11064,3203630,3203630,20,python
1908003719,4689,cudaLaunchKernel,0,11066,3203630,3203630,20,python
1908009901,4669,cudaLaunchKernel,0,11068,3203630,3203630,20,python
1908015321,4919,cudaLaunchKernel,0,11070,3203630,3203630,20,python
1908021102,4629,cudaLaunchKernel,0,11072,3203630,3203630,20,python
1908026512,4790,cudaLaunchKernel,0,11074,3203630,3203630,20,python
1908032063,5210,cudaLaunchKernel,0,11076,3203630,3203630,20,python
1908038996,5561,cudaLaunchKernel,0,11078,3203630,3203630,20,python
1908045459,5039,cudaLaunchKernel,0,11080,3203630,3203630,20,python
1908051280,5871,cudaLaunchKernel,0,11082,3203630,3203630,20,python
1908058103,5530,cudaLaunchKernel,0,11084,3203630,3203630,20,python
1908064525,4559,cudaLaunchKernel,0,11086,3203630,3203630,20,python
1908069605,4478,cudaLaunchKernel,0,11087,3203630,3203630,20,python
1908074624,4619,cudaLaunchKernel,0,11088,3203630,3203630,20,python
1908079744,4669,cudaLaunchKernel,0,11089,3203630,3203630,20,python
1908084994,3367,cudaMemsetAsync,0,11091,3203630,3203630,20,python
1908088631,2766,cudaMemsetAsync,0,11092,3203630,3203630,20,python
1908091918,4739,cudaLaunchKernel,0,11093,3203630,3203630,20,python
1908097819,4559,cudaLaunchKernel,0,11095,3203630,3203630,20,python
1908103119,4539,cudaLaunchKernel,0,11097,3203630,3203630,20,python
1908108439,4629,cudaLaunchKernel,0,11099,3203630,3203630,20,python
1908113839,4659,cudaLaunchKernel,0,11101,3203630,3203630,20,python
1908119310,4559,cudaLaunchKernel,0,11103,3203630,3203630,20,python
1908124410,4649,cudaLaunchKernel,0,11104,3203630,3203630,20,python
1908129640,3316,cudaMemsetAsync,0,11106,3203630,3203630,20,python
1908133227,2905,cudaMemsetAsync,0,11107,3203630,3203630,20,python
1908140230,4709,cudaLaunchKernel,0,11108,3203630,3203630,20,python
1908145730,4870,cudaLaunchKernel,0,11110,3203630,3203630,20,python
1908151441,4840,cudaLaunchKernel,0,11112,3203630,3203630,20,python
1908157192,4669,cudaLaunchKernel,0,11114,3203630,3203630,20,python
1908162643,4529,cudaLaunchKernel,0,11116,3203630,3203630,20,python
1908168003,7635,cudaLaunchKernel,0,11118,3203630,3203630,20,python
1908176189,3106,cudaMemsetAsync,0,11120,3203630,3203630,20,python
1908179866,4599,cudaLaunchKernel,0,11121,3203630,3203630,20,python
1908185707,4599,cudaLaunchKernel,0,11123,3203630,3203630,20,python
1908191137,4699,cudaLaunchKernel,0,11125,3203630,3203630,20,python
1908196678,4589,cudaLaunchKernel,0,11127,3203630,3203630,20,python
1908201828,3036,cudaMemsetAsync,0,11129,3203630,3203630,20,python
1908205355,20449,cudaLaunchKernel,0,11130,3203630,3203630,20,python
1908226936,4508,cudaLaunchKernel,0,11132,3203630,3203630,20,python
1908232176,4699,cudaLaunchKernel,0,11134,3203630,3203630,20,python
1908237606,4529,cudaLaunchKernel,0,11136,3203630,3203630,20,python
1908242876,4529,cudaLaunchKernel,0,11138,3203630,3203630,20,python
1908248156,4609,cudaLaunchKernel,0,11140,3203630,3203630,20,python
1908253326,3206,cudaMemsetAsync,0,11142,3203630,3203630,20,python
1908257023,4459,cudaLaunchKernel,0,11143,3203630,3203630,20,python
1908262734,4689,cudaLaunchKernel,0,11145,3203630,3203630,20,python
1908268275,4849,cudaLaunchKernel,0,11147,3203630,3203630,20,python
1908274036,4438,cudaLaunchKernel,0,11149,3203630,3203630,20,python
1908279316,4669,cudaLaunchKernel,0,11151,3203630,3203630,20,python
1908284807,4528,cudaLaunchKernel,0,11153,3203630,3203630,20,python
1908290147,4569,cudaLaunchKernel,0,11155,3203630,3203630,20,python
1908295557,4829,cudaLaunchKernel,0,11157,3203630,3203630,20,python
1908301168,4679,cudaLaunchKernel,0,11159,3203630,3203630,20,python
1908306819,5410,cudaLaunchKernel,0,11161,3203630,3203630,20,python
1908312900,3557,cudaMemsetAsync,0,11163,3203630,3203630,20,python
1908317088,5321,cudaLaunchKernel,0,11164,3203630,3203630,20,python
1908323841,5371,cudaLaunchKernel,0,11166,3203630,3203630,20,python
1908330193,5240,cudaLaunchKernel,0,11168,3203630,3203630,20,python
1908336395,5290,cudaLaunchKernel,0,11170,3203630,3203630,20,python
1908342657,5300,cudaLaunchKernel,0,11172,3203630,3203630,20,python
1908348999,5381,cudaLaunchKernel,0,11174,3203630,3203630,20,python
1908355392,5380,cudaLaunchKernel,0,11176,3203630,3203630,20,python
1908361764,5390,cudaLaunchKernel,0,11178,3203630,3203630,20,python
1908368216,5661,cudaLaunchKernel,0,11180,3203630,3203630,20,python
1908374899,5581,cudaLaunchKernel,0,11182,3203630,3203630,20,python
1908381421,5311,cudaLaunchKernel,0,11184,3203630,3203630,20,python
1908387713,4639,cudaLaunchKernel,0,11186,3203630,3203630,20,python
1908393174,4689,cudaLaunchKernel,0,11188,3203630,3203630,20,python
1908398654,4860,cudaLaunchKernel,0,11190,3203630,3203630,20,python
1908404335,4609,cudaLaunchKernel,0,11192,3203630,3203630,20,python
1908409505,4729,cudaLaunchKernel,0,11193,3203630,3203630,20,python
1908415036,4629,cudaLaunchKernel,0,11195,3203630,3203630,20,python
1908420236,3186,cudaMemsetAsync,0,11197,3203630,3203630,20,python
1908423692,2776,cudaMemsetAsync,0,11198,3203630,3203630,20,python
1908427600,4799,cudaLaunchKernel,0,11199,3203630,3203630,20,python
1908433190,4599,cudaLaunchKernel,0,11201,3203630,3203630,20,python
1908438561,4769,cudaLaunchKernel,0,11203,3203630,3203630,20,python
1908444091,4469,cudaLaunchKernel,0,11205,3203630,3203630,20,python
1908449081,4539,cudaLaunchKernel,0,11206,3203630,3203630,20,python
1908454461,5040,cudaLaunchKernel,0,11208,3203630,3203630,20,python
1908461054,3336,cudaMemsetAsync,0,11210,3203630,3203630,20,python
1908464671,2795,cudaMemsetAsync,0,11211,3203630,3203630,20,python
1908467977,5020,cudaLaunchKernel,0,11212,3203630,3203630,20,python
1908473798,4970,cudaLaunchKernel,0,11214,3203630,3203630,20,python
1908479329,3076,cudaMemsetAsync,0,11216,3203630,3203630,20,python
1908482976,4639,cudaLaunchKernel,0,11217,3203630,3203630,20,python
1908489959,5270,cudaLaunchKernel,0,11219,3203630,3203630,20,python
1908496351,4790,cudaLaunchKernel,0,11221,3203630,3203630,20,python
1908501832,7394,cudaMemcpyAsync,0,11223,3203630,3203630,20,python
1908509537,4027,cudaMemcpyAsync,0,11224,3203630,3203630,20,python
1908513865,3637,cudaEventRecord,0,11225,3203630,3203630,20,python
1908517822,5953091,cudaEventSynchronize,0,11226,3203630,3203630,20,python
1914471363,1794,cudaStreamSynchronize,0,11227,3203630,3203630,20,python
1914474560,6382,cudaLaunchKernel,0,11228,3203630,3203630,20,python
1914481543,3487,cudaEventRecord,0,11230,3203630,3203630,20,python
1914485280,992,cudaEventSynchronize,0,11231,3203630,3203630,20,python
1914562378,3747,cudaDeviceSynchronize,0,11234,3203630,3203630,20,python
1914598928,1943,cudaStreamSynchronize,0,11237,3203630,3203630,20,python
1914601723,39495,cudaGraphExecDestroy_v10000,0,11238,3203630,3203630,20,python
1914641599,2976,cudaGraphDestroy_v10000,0,11239,3203630,3203630,20,python
1914644805,268835,cudaGraphExecDestroy_v10000,0,11240,3203630,3203630,20,python
1914914050,81076,cudaGraphDestroy_v10000,0,11241,3203630,3203630,20,python
1914995637,13996,cudaFree,0,11242,3203630,3203630,20,python
1915010154,1032,cudaEventDestroy,0,11243,3203630,3203630,20,python
1915011497,8957,cudaFreeHost,0,11244,3203630,3203630,20,python
1915020705,4558,cudaFreeHost,0,11245,3203630,3203630,20,python
1915025524,3707,cudaFree,0,11246,3203630,3203630,20,python
1915029491,3427,cudaFree,0,11247,3203630,3203630,20,python
1915033168,2485,cudaFree,0,11248,3203630,3203630,20,python
1915035904,4087,cudaFree,0,11249,3203630,3203630,20,python
1915040242,3577,cudaFree,0,11250,3203630,3203630,20,python
1915044079,641,cudaEventDestroy,0,11251,3203630,3203630,20,python
1915045211,4960,cudaStreamDestroy,0,11252,3203630,3203630,20,python
1915050441,5701,cudaFreeHost,0,11253,3203630,3203630,20,python
1915056413,3797,cudaFree,0,11254,3203630,3203630,20,python
1915060461,3887,cudaFree,0,11255,3203630,3203630,20,python
1915064598,4209,cudaFree,0,11256,3203630,3203630,20,python
1915069047,3547,cudaFree,0,11257,3203630,3203630,20,python
1915073516,1192,cudaEventSynchronize,0,11259,3203630,3203630,20,python
1915074918,561,cudaEventDestroy,0,11260,3203630,3203630,20,python
1915075690,166057,cudaFree,0,11261,3203630,3203630,20,python
1915242569,7374,cudaFreeHost,0,11262,3203630,3203630,20,python
1915250394,5110,cudaFreeHost,0,11263,3203630,3203630,20,python
1915255965,4118,cudaFreeHost,0,11264,3203630,3203630,20,python
1915262207,4188,cudaFreeHost,0,11265,3203630,3203630,20,python
1915266976,3757,cudaFreeHost,0,11266,3203630,3203630,20,python
1915287315,1923,cudaStreamSynchronize,0,11267,3203630,3203630,20,python
1915292845,2575,cudaDeviceSynchronize,0,11268,3203630,3203630,20,python
1915295831,1763,cudaEventDestroy,0,11269,3203630,3203630,20,python
1915297775,471,cudaEventDestroy,0,11270,3203630,3203630,20,python
1915298406,371,cudaEventDestroy,0,11271,3203630,3203630,20,python
1915298947,421,cudaEventDestroy,0,11272,3203630,3203630,20,python
1915299528,421,cudaEventDestroy,0,11273,3203630,3203630,20,python
1915300109,411,cudaEventDestroy,0,11274,3203630,3203630,20,python
1915300680,341,cudaEventDestroy,0,11275,3203630,3203630,20,python
1915301181,351,cudaEventDestroy,0,11276,3203630,3203630,20,python
1915302544,3456,cudaFree,0,11277,3203630,3203630,20,python
1915306361,1032,cudaDeviceSynchronize,0,11278,3203630,3203630,20,python
1915307593,612,cudaEventDestroy,0,11279,3203630,3203630,20,python
1915308375,551,cudaEventDestroy,0,11280,3203630,3203630,20,python
1915309086,511,cudaEventDestroy,0,11281,3203630,3203630,20,python
1915309768,360,cudaEventDestroy,0,11282,3203630,3203630,20,python
1915310289,340,cudaEventDestroy,0,11283,3203630,3203630,20,python
1915310800,330,cudaEventDestroy,0,11284,3203630,3203630,20,python
1915311290,351,cudaEventDestroy,0,11285,3203630,3203630,20,python
1915311801,341,cudaEventDestroy,0,11286,3203630,3203630,20,python
1915312363,3256,cudaFree,0,11287,3203630,3203630,20,python
1915315939,1052,cudaDeviceSynchronize,0,11288,3203630,3203630,20,python
1915317252,501,cudaEventDestroy,0,11289,3203630,3203630,20,python
1915317923,391,cudaEventDestroy,0,11290,3203630,3203630,20,python
1915318655,54794,cudaFree,0,11291,3203630,3203630,20,python
1915376936,2385,cudaDeviceSynchronize,0,11292,3203630,3203630,20,python
1915393608,1894,cudaDeviceSynchronize,0,11293,3203630,3203630,20,python
1915395892,962,cudaEventDestroy,0,11294,3203630,3203630,20,python
1915397035,410,cudaEventDestroy,0,11295,3203630,3203630,20,python
1915397676,381,cudaEventDestroy,0,11296,3203630,3203630,20,python
1915398217,360,cudaEventDestroy,0,11297,3203630,3203630,20,python
1915398738,360,cudaEventDestroy,0,11298,3203630,3203630,20,python
1915399309,411,cudaEventDestroy,0,11299,3203630,3203630,20,python
1915399880,341,cudaEventDestroy,0,11300,3203630,3203630,20,python
1915400421,421,cudaEventDestroy,0,11301,3203630,3203630,20,python
1915401734,8456,cudaFree,0,11302,3203630,3203630,20,python
1915410520,1052,cudaDeviceSynchronize,0,11303,3203630,3203630,20,python
1915411783,581,cudaEventDestroy,0,11304,3203630,3203630,20,python
1915412544,371,cudaEventDestroy,0,11305,3203630,3203630,20,python
1915413075,341,cudaEventDestroy,0,11306,3203630,3203630,20,python
1915413576,772,cudaEventDestroy,0,11307,3203630,3203630,20,python
1915414508,341,cudaEventDestroy,0,11308,3203630,3203630,20,python
1915415009,341,cudaEventDestroy,0,11309,3203630,3203630,20,python
1915415500,351,cudaEventDestroy,0,11310,3203630,3203630,20,python
1915416001,451,cudaEventDestroy,0,11311,3203630,3203630,20,python
1915416712,4278,cudaFree,0,11312,3203630,3203630,20,python
1915421271,1012,cudaDeviceSynchronize,0,11313,3203630,3203630,20,python
1915422563,592,cudaEventDestroy,0,11314,3203630,3203630,20,python
1915423325,651,cudaEventDestroy,0,11315,3203630,3203630,20,python
1915424297,59013,cudaFree,0,11316,3203630,3203630,20,python
1915484061,1663,cudaDeviceSynchronize,0,11317,3203630,3203630,20,python
1915487638,1072,cudaDeviceSynchronize,0,11318,3203630,3203630,20,python
1915488950,632,cudaEventDestroy,0,11319,3203630,3203630,20,python
1915489812,441,cudaEventDestroy,0,11320,3203630,3203630,20,python
1915490413,371,cudaEventDestroy,0,11321,3203630,3203630,20,python
1915490944,351,cudaEventDestroy,0,11322,3203630,3203630,20,python
1915491455,461,cudaEventDestroy,0,11323,3203630,3203630,20,python
1915492086,531,cudaEventDestroy,0,11324,3203630,3203630,20,python
1915492778,531,cudaEventDestroy,0,11325,3203630,3203630,20,python
1915493469,431,cudaEventDestroy,0,11326,3203630,3203630,20,python
1915494180,5641,cudaFree,0,11327,3203630,3203630,20,python
1915500092,1072,cudaDeviceSynchronize,0,11328,3203630,3203630,20,python
1915501364,551,cudaEventDestroy,0,11329,3203630,3203630,20,python
1915502086,460,cudaEventDestroy,0,11330,3203630,3203630,20,python
1915502707,541,cudaEventDestroy,0,11331,3203630,3203630,20,python
1915503408,511,cudaEventDestroy,0,11332,3203630,3203630,20,python
1915504079,551,cudaEventDestroy,0,11333,3203630,3203630,20,python
1915504791,521,cudaEventDestroy,0,11334,3203630,3203630,20,python
1915505462,421,cudaEventDestroy,0,11335,3203630,3203630,20,python
1915506043,431,cudaEventDestroy,0,11336,3203630,3203630,20,python
1915506704,3467,cudaFree,0,11337,3203630,3203630,20,python
1915510602,1052,cudaDeviceSynchronize,0,11338,3203630,3203630,20,python
1915511944,551,cudaEventDestroy,0,11339,3203630,3203630,20,python
1915512656,461,cudaEventDestroy,0,11340,3203630,3203630,20,python
1915513437,53412,cudaFree,0,11341,3203630,3203630,20,python
1915567411,1553,cudaDeviceSynchronize,0,11342,3203630,3203630,20,python
1915570967,4810,cudaStreamDestroy,0,11343,3203630,3203630,20,python
1915576207,1012,cudaEventDestroy,0,11344,3203630,3203630,20,python
1915577550,1162,cudaDeviceSynchronize,0,11345,3203630,3203630,20,python
1915578923,571,cudaEventDestroy,0,11346,3203630,3203630,20,python
1915579664,621,cudaEventDestroy,0,11347,3203630,3203630,20,python
1915580455,441,cudaEventDestroy,0,11348,3203630,3203630,20,python
1915581047,350,cudaEventDestroy,0,11349,3203630,3203630,20,python
1915581558,340,cudaEventDestroy,0,11350,3203630,3203630,20,python
1915582059,340,cudaEventDestroy,0,11351,3203630,3203630,20,python
1915582560,340,cudaEventDestroy,0,11352,3203630,3203630,20,python
1915583060,341,cudaEventDestroy,0,11353,3203630,3203630,20,python
1915583652,4568,cudaFree,0,11354,3203630,3203630,20,python
1915588491,992,cudaDeviceSynchronize,0,11355,3203630,3203630,20,python
1915589753,541,cudaEventDestroy,0,11356,3203630,3203630,20,python
1915590465,360,cudaEventDestroy,0,11357,3203630,3203630,20,python
1915591016,340,cudaEventDestroy,0,11358,3203630,3203630,20,python
1915591517,340,cudaEventDestroy,0,11359,3203630,3203630,20,python
1915592018,340,cudaEventDestroy,0,11360,3203630,3203630,20,python
1915592519,340,cudaEventDestroy,0,11361,3203630,3203630,20,python
1915593020,410,cudaEventDestroy,0,11362,3203630,3203630,20,python
1915593591,340,cudaEventDestroy,0,11363,3203630,3203630,20,python
1915594152,3106,cudaFree,0,11364,3203630,3203630,20,python
1915597508,1102,cudaDeviceSynchronize,0,11365,3203630,3203630,20,python
1915598881,581,cudaEventDestroy,0,11366,3203630,3203630,20,python
1915599622,441,cudaEventDestroy,0,11367,3203630,3203630,20,python
1915600504,50697,cudaFree,0,11368,3203630,3203630,20,python
1915651732,1483,cudaDeviceSynchronize,0,11369,3203630,3203630,20,python
1915654677,3978,cudaStreamDestroy,0,11370,3203630,3203630,20,python
1915658896,601,cudaEventDestroy,0,11371,3203630,3203630,20,python
1915659797,1072,cudaDeviceSynchronize,0,11372,3203630,3203630,20,python
1915661100,531,cudaEventDestroy,0,11373,3203630,3203630,20,python
1915661801,401,cudaEventDestroy,0,11374,3203630,3203630,20,python
1915662362,351,cudaEventDestroy,0,11375,3203630,3203630,20,python
1915662873,351,cudaEventDestroy,0,11376,3203630,3203630,20,python
1915663384,351,cudaEventDestroy,0,11377,3203630,3203630,20,python
1915663895,351,cudaEventDestroy,0,11378,3203630,3203630,20,python
1915664406,341,cudaEventDestroy,0,11379,3203630,3203630,20,python
1915664917,341,cudaEventDestroy,0,11380,3203630,3203630,20,python
1915665478,4128,cudaFree,0,11381,3203630,3203630,20,python
1915669887,1002,cudaDeviceSynchronize,0,11382,3203630,3203630,20,python
1915671069,511,cudaEventDestroy,0,11383,3203630,3203630,20,python
1915672061,380,cudaEventDestroy,0,11384,3203630,3203630,20,python
1915672592,360,cudaEventDestroy,0,11385,3203630,3203630,20,python
1915673113,340,cudaEventDestroy,0,11386,3203630,3203630,20,python
1915673614,441,cudaEventDestroy,0,11387,3203630,3203630,20,python
1915674215,351,cudaEventDestroy,0,11388,3203630,3203630,20,python
1915674726,371,cudaEventDestroy,0,11389,3203630,3203630,20,python
1915675247,371,cudaEventDestroy,0,11390,3203630,3203630,20,python
1915675848,4228,cudaFree,0,11391,3203630,3203630,20,python
1915680327,1072,cudaDeviceSynchronize,0,11392,3203630,3203630,20,python
1915681669,571,cudaEventDestroy,0,11393,3203630,3203630,20,python
1915682411,360,cudaEventDestroy,0,11394,3203630,3203630,20,python
1915683222,52681,cudaFree,0,11395,3203630,3203630,20,python
1915736454,1473,cudaDeviceSynchronize,0,11396,3203630,3203630,20,python
1915739179,3577,cudaStreamDestroy,0,11397,3203630,3203630,20,python
1915743006,622,cudaEventDestroy,0,11398,3203630,3203630,20,python
1915744059,66948,cudaFree,0,11399,3203630,3203630,20,python
1915812560,5741,cudaFree,0,11401,3203630,3203630,20,python
1915818561,4388,cudaFree,0,11402,3203630,3203630,20,python
1915823250,5120,cudaFreeHost,0,11403,3203630,3203630,20,python
1915829262,88258,cudaFree,0,11405,3203630,3203630,20,python
1915917981,462766,cudaFreeHost,0,11406,3203630,3203630,20,python
1916381809,1813,cudaEventDestroy,0,11407,3203630,3203630,20,python
