========= COMPUTE-SANITIZER
========= Barrier error detected. Divergent thread(s) in warp.
=========     at void batch_trsm_left_kernel<double, (int)64, (int)4, (int)3, (bool)0, (bool)0, (bool)0>(cublasTrsmBatchParams2<T1>, T1, const T1 *, int)+0x510
=========     by thread (0,0,0) in block (0,0,0)
=========     Saved host backtrace up to driver entry point at kernel launch time
=========         Host Frame: cuGraphLaunch [0x39f98f] in libcuda.so.1
=========         Host Frame:  [0x216ca] in libcudart.so.12
=========         Host Frame: cudaGraphLaunch [0x7f121] in libcudart.so.12
=========         Host Frame: gpuxtb::detail::cuda::Gfn2EigensolverCompactedSolveGraph::launch(CUstream_st*) const [0x6126a] in gpuxtb_cuda_eigensolver_test
=========         Host Frame: (anonymous namespace)::enqueue_compacted((anonymous namespace)::DeviceFixture&, gpuxtb::detail::cuda::Gfn2EigensolverCompactedSolveGraph const&) [0x16273d] in gpuxtb_cuda_eigensolver_test
=========         Host Frame: (anonymous namespace)::run_compaction_profile(long, bool, long, int) [0x174ed2] in gpuxtb_cuda_eigensolver_test
=========         Host Frame: main [0x8c3e] in gpuxtb_cuda_eigensolver_test
=========
========= Barrier error detected. Divergent thread(s) in warp.
=========     at void batch_trsm_left_kernel<double, (int)64, (int)4, (int)3, (bool)0, (bool)0, (bool)0>(cublasTrsmBatchParams2<T1>, T1, const T1 *, int)+0x510
=========     by thread (1,0,0) in block (0,0,0)
=========     Saved host backtrace up to driver entry point at kernel launch time
=========         Host Frame: cuGraphLaunch [0x39f98f] in libcuda.so.1
=========         Host Frame:  [0x216ca] in libcudart.so.12
=========         Host Frame: cudaGraphLaunch [0x7f121] in libcudart.so.12
=========         Host Frame: gpuxtb::detail::cuda::Gfn2EigensolverCompactedSolveGraph::launch(CUstream_st*) const [0x6126a] in gpuxtb_cuda_eigensolver_test
=========         Host Frame: (anonymous namespace)::enqueue_compacted((anonymous namespace)::DeviceFixture&, gpuxtb::detail::cuda::Gfn2EigensolverCompactedSolveGraph const&) [0x16273d] in gpuxtb_cuda_eigensolver_test
=========         Host Frame: (anonymous namespace)::run_compaction_profile(long, bool, long, int) [0x174ed2] in gpuxtb_cuda_eigensolver_test
=========         Host Frame: main [0x8c3e] in gpuxtb_cuda_eigensolver_test
=========
========= Barrier error detected. Divergent thread(s) in warp.
=========     at void batch_trsm_left_kernel<double, (int)64, (int)4, (int)3, (bool)0, (bool)0, (bool)0>(cublasTrsmBatchParams2<T1>, T1, const T1 *, int)+0x510
=========     by thread (2,0,0) in block (0,0,0)
=========     Saved host backtrace up to driver entry point at kernel launch time
=========         Host Frame: cuGraphLaunch [0x39f98f] in libcuda.so.1
=========         Host Frame:  [0x216ca] in libcudart.so.12
=========         Host Frame: cudaGraphLaunch [0x7f121] in libcudart.so.12
=========         Host Frame: gpuxtb::detail::cuda::Gfn2EigensolverCompactedSolveGraph::launch(CUstream_st*) const [0x6126a] in gpuxtb_cuda_eigensolver_test
=========         Host Frame: (anonymous namespace)::enqueue_compacted((anonymous namespace)::DeviceFixture&, gpuxtb::detail::cuda::Gfn2EigensolverCompactedSolveGraph const&) [0x16273d] in gpuxtb_cuda_eigensolver_test
=========         Host Frame: (anonymous namespace)::run_compaction_profile(long, bool, long, int) [0x174ed2] in gpuxtb_cuda_eigensolver_test
=========         Host Frame: main [0x8c3e] in gpuxtb_cuda_eigensolver_test
=========
========= Barrier error detected. Divergent thread(s) in warp.
=========     at void batch_trsm_left_kernel<double, (int)64, (int)4, (int)3, (bool)0, (bool)0, (bool)0>(cublasTrsmBatchParams2<T1>, T1, const T1 *, int)+0x510
=========     by thread (3,0,0) in block (0,0,0)
=========     Saved host backtrace up to driver entry point at kernel launch time
=========         Host Frame: cuGraphLaunch [0x39f98f] in libcuda.so.1
=========         Host Frame:  [0x216ca] in libcudart.so.12
=========         Host Frame: cudaGraphLaunch [0x7f121] in libcudart.so.12
=========         Host Frame: gpuxtb::detail::cuda::Gfn2EigensolverCompactedSolveGraph::launch(CUstream_st*) const [0x6126a] in gpuxtb_cuda_eigensolver_test
=========         Host Frame: (anonymous namespace)::enqueue_compacted((anonymous namespace)::DeviceFixture&, gpuxtb::detail::cuda::Gfn2EigensolverCompactedSolveGraph const&) [0x16273d] in gpuxtb_cuda_eigensolver_test
=========         Host Frame: (anonymous namespace)::run_compaction_profile(long, bool, long, int) [0x174ed2] in gpuxtb_cuda_eigensolver_test
=========         Host Frame: main [0x8c3e] in gpuxtb_cuda_eigensolver_test
=========
========= Barrier error detected. Divergent thread(s) in warp.
=========     at void batch_trsm_left_kernel<double, (int)64, (int)4, (int)3, (bool)0, (bool)0, (bool)0>(cublasTrsmBatchParams2<T1>, T1, const T1 *, int)+0x510
=========     by thread (4,0,0) in block (0,0,0)
=========     Saved host backtrace up to driver entry point at kernel launch time
=========         Host Frame: cuGraphLaunch [0x39f98f] in libcuda.so.1
=========         Host Frame:  [0x216ca] in libcudart.so.12
=========         Host Frame: cudaGraphLaunch [0x7f121] in libcudart.so.12
=========         Host Frame: gpuxtb::detail::cuda::Gfn2EigensolverCompactedSolveGraph::launch(CUstream_st*) const [0x6126a] in gpuxtb_cuda_eigensolver_test
=========         Host Frame: (anonymous namespace)::enqueue_compacted((anonymous namespace)::DeviceFixture&, gpuxtb::detail::cuda::Gfn2EigensolverCompactedSolveGraph const&) [0x16273d] in gpuxtb_cuda_eigensolver_test
=========         Host Frame: (anonymous namespace)::run_compaction_profile(long, bool, long, int) [0x174ed2] in gpuxtb_cuda_eigensolver_test
=========         Host Frame: main [0x8c3e] in gpuxtb_cuda_eigensolver_test
=========
========= Barrier error detected. Divergent thread(s) in warp.
=========     at void batch_trsm_left_kernel<double, (int)64, (int)4, (int)3, (bool)0, (bool)0, (bool)0>(cublasTrsmBatchParams2<T1>, T1, const T1 *, int)+0x510
=========     by thread (5,0,0) in block (0,0,0)
=========     Saved host backtrace up to driver entry point at kernel launch time
=========         Host Frame: cuGraphLaunch [0x39f98f] in libcuda.so.1
=========         Host Frame:  [0x216ca] in libcudart.so.12
=========         Host Frame: cudaGraphLaunch [0x7f121] in libcudart.so.12
=========         Host Frame: gpuxtb::detail::cuda::Gfn2EigensolverCompactedSolveGraph::launch(CUstream_st*) const [0x6126a] in gpuxtb_cuda_eigensolver_test
=========         Host Frame: (anonymous namespace)::enqueue_compacted((anonymous namespace)::DeviceFixture&, gpuxtb::detail::cuda::Gfn2EigensolverCompactedSolveGraph const&) [0x16273d] in gpuxtb_cuda_eigensolver_test
=========         Host Frame: (anonymous namespace)::run_compaction_profile(long, bool, long, int) [0x174ed2] in gpuxtb_cuda_eigensolver_test
=========         Host Frame: main [0x8c3e] in gpuxtb_cuda_eigensolver_test
=========
========= Barrier error detected. Divergent thread(s) in warp.
=========     at void batch_trsm_left_kernel<double, (int)64, (int)4, (int)3, (bool)0, (bool)0, (bool)0>(cublasTrsmBatchParams2<T1>, T1, const T1 *, int)+0x510
=========     by thread (6,0,0) in block (0,0,0)
=========     Saved host backtrace up to driver entry point at kernel launch time
=========         Host Frame: cuGraphLaunch [0x39f98f] in libcuda.so.1
=========         Host Frame:  [0x216ca] in libcudart.so.12
=========         Host Frame: cudaGraphLaunch [0x7f121] in libcudart.so.12
=========         Host Frame: gpuxtb::detail::cuda::Gfn2EigensolverCompactedSolveGraph::launch(CUstream_st*) const [0x6126a] in gpuxtb_cuda_eigensolver_test
=========         Host Frame: (anonymous namespace)::enqueue_compacted((anonymous namespace)::DeviceFixture&, gpuxtb::detail::cuda::Gfn2EigensolverCompactedSolveGraph const&) [0x16273d] in gpuxtb_cuda_eigensolver_test
=========         Host Frame: (anonymous namespace)::run_compaction_profile(long, bool, long, int) [0x174ed2] in gpuxtb_cuda_eigensolver_test
=========         Host Frame: main [0x8c3e] in gpuxtb_cuda_eigensolver_test
=========
========= Barrier error detected. Divergent thread(s) in warp.
=========     at void batch_trsm_left_kernel<double, (int)64, (int)4, (int)3, (bool)0, (bool)0, (bool)0>(cublasTrsmBatchParams2<T1>, T1, const T1 *, int)+0x510
=========     by thread (7,0,0) in block (0,0,0)
=========     Saved host backtrace up to driver entry point at kernel launch time
=========         Host Frame: cuGraphLaunch [0x39f98f] in libcuda.so.1
=========         Host Frame:  [0x216ca] in libcudart.so.12
=========         Host Frame: cudaGraphLaunch [0x7f121] in libcudart.so.12
=========         Host Frame: gpuxtb::detail::cuda::Gfn2EigensolverCompactedSolveGraph::launch(CUstream_st*) const [0x6126a] in gpuxtb_cuda_eigensolver_test
=========         Host Frame: (anonymous namespace)::enqueue_compacted((anonymous namespace)::DeviceFixture&, gpuxtb::detail::cuda::Gfn2EigensolverCompactedSolveGraph const&) [0x16273d] in gpuxtb_cuda_eigensolver_test
=========         Host Frame: (anonymous namespace)::run_compaction_profile(long, bool, long, int) [0x174ed2] in gpuxtb_cuda_eigensolver_test
=========         Host Frame: main [0x8c3e] in gpuxtb_cuda_eigensolver_test
=========
========= Barrier error detected. Divergent thread(s) in warp.
=========     at void batch_trsm_left_kernel<double, (int)64, (int)4, (int)3, (bool)0, (bool)0, (bool)0>(cublasTrsmBatchParams2<T1>, T1, const T1 *, int)+0x510
=========     by thread (8,0,0) in block (0,0,0)
=========     Saved host backtrace up to driver entry point at kernel launch time
=========         Host Frame: cuGraphLaunch [0x39f98f] in libcuda.so.1
=========         Host Frame:  [0x216ca] in libcudart.so.12
=========         Host Frame: cudaGraphLaunch [0x7f121] in libcudart.so.12
=========         Host Frame: gpuxtb::detail::cuda::Gfn2EigensolverCompactedSolveGraph::launch(CUstream_st*) const [0x6126a] in gpuxtb_cuda_eigensolver_test
=========         Host Frame: (anonymous namespace)::enqueue_compacted((anonymous namespace)::DeviceFixture&, gpuxtb::detail::cuda::Gfn2EigensolverCompactedSolveGraph const&) [0x16273d] in gpuxtb_cuda_eigensolver_test
=========         Host Frame: (anonymous namespace)::run_compaction_profile(long, bool, long, int) [0x174ed2] in gpuxtb_cuda_eigensolver_test
=========         Host Frame: main [0x8c3e] in gpuxtb_cuda_eigensolver_test
=========
========= Barrier error detected. Divergent thread(s) in warp.
=========     at void batch_trsm_left_kernel<double, (int)64, (int)4, (int)3, (bool)0, (bool)0, (bool)0>(cublasTrsmBatchParams2<T1>, T1, const T1 *, int)+0x510
=========     by thread (9,0,0) in block (0,0,0)
=========     Saved host backtrace up to driver entry point at kernel launch time
=========         Host Frame: cuGraphLaunch [0x39f98f] in libcuda.so.1
=========         Host Frame:  [0x216ca] in libcudart.so.12
=========         Host Frame: cudaGraphLaunch [0x7f121] in libcudart.so.12
=========         Host Frame: gpuxtb::detail::cuda::Gfn2EigensolverCompactedSolveGraph::launch(CUstream_st*) const [0x6126a] in gpuxtb_cuda_eigensolver_test
=========         Host Frame: (anonymous namespace)::enqueue_compacted((anonymous namespace)::DeviceFixture&, gpuxtb::detail::cuda::Gfn2EigensolverCompactedSolveGraph const&) [0x16273d] in gpuxtb_cuda_eigensolver_test
=========         Host Frame: (anonymous namespace)::run_compaction_profile(long, bool, long, int) [0x174ed2] in gpuxtb_cuda_eigensolver_test
=========         Host Frame: main [0x8c3e] in gpuxtb_cuda_eigensolver_test
=========
========= Barrier error detected. Divergent thread(s) in warp.
=========     at void batch_trsm_left_kernel<double, (int)64, (int)4, (int)3, (bool)0, (bool)0, (bool)0>(cublasTrsmBatchParams2<T1>, T1, const T1 *, int)+0x510
=========     by thread (10,0,0) in block (0,0,0)
=========     Saved host backtrace up to driver entry point at kernel launch time
=========         Host Frame: cuGraphLaunch [0x39f98f] in libcuda.so.1
=========         Host Frame:  [0x216ca] in libcudart.so.12
=========         Host Frame: cudaGraphLaunch [0x7f121] in libcudart.so.12
=========         Host Frame: gpuxtb::detail::cuda::Gfn2EigensolverCompactedSolveGraph::launch(CUstream_st*) const [0x6126a] in gpuxtb_cuda_eigensolver_test
=========         Host Frame: (anonymous namespace)::enqueue_compacted((anonymous namespace)::DeviceFixture&, gpuxtb::detail::cuda::Gfn2EigensolverCompactedSolveGraph const&) [0x16273d] in gpuxtb_cuda_eigensolver_test
=========         Host Frame: (anonymous namespace)::run_compaction_profile(long, bool, long, int) [0x174ed2] in gpuxtb_cuda_eigensolver_test
=========         Host Frame: main [0x8c3e] in gpuxtb_cuda_eigensolver_test
=========
========= Barrier error detected. Divergent thread(s) in warp.
=========     at void batch_trsm_left_kernel<double, (int)64, (int)4, (int)3, (bool)0, (bool)0, (bool)0>(cublasTrsmBatchParams2<T1>, T1, const T1 *, int)+0x510
=========     by thread (11,0,0) in block (0,0,0)
=========     Saved host backtrace up to driver entry point at kernel launch time
=========         Host Frame: cuGraphLaunch [0x39f98f] in libcuda.so.1
=========         Host Frame:  [0x216ca] in libcudart.so.12
=========         Host Frame: cudaGraphLaunch [0x7f121] in libcudart.so.12
=========         Host Frame: gpuxtb::detail::cuda::Gfn2EigensolverCompactedSolveGraph::launch(CUstream_st*) const [0x6126a] in gpuxtb_cuda_eigensolver_test
=========         Host Frame: (anonymous namespace)::enqueue_compacted((anonymous namespace)::DeviceFixture&, gpuxtb::detail::cuda::Gfn2EigensolverCompactedSolveGraph const&) [0x16273d] in gpuxtb_cuda_eigensolver_test
=========         Host Frame: (anonymous namespace)::run_compaction_profile(long, bool, long, int) [0x174ed2] in gpuxtb_cuda_eigensolver_test
=========         Host Frame: main [0x8c3e] in gpuxtb_cuda_eigensolver_test
=========
========= Barrier error detected. Divergent thread(s) in warp.
=========     at void batch_trsm_left_kernel<double, (int)64, (int)4, (int)3, (bool)0, (bool)0, (bool)0>(cublasTrsmBatchParams2<T1>, T1, const T1 *, int)+0x510
=========     by thread (12,0,0) in block (0,0,0)
=========     Saved host backtrace up to driver entry point at kernel launch time
=========         Host Frame: cuGraphLaunch [0x39f98f] in libcuda.so.1
=========         Host Frame:  [0x216ca] in libcudart.so.12
=========         Host Frame: cudaGraphLaunch [0x7f121] in libcudart.so.12
=========         Host Frame: gpuxtb::detail::cuda::Gfn2EigensolverCompactedSolveGraph::launch(CUstream_st*) const [0x6126a] in gpuxtb_cuda_eigensolver_test
=========         Host Frame: (anonymous namespace)::enqueue_compacted((anonymous namespace)::DeviceFixture&, gpuxtb::detail::cuda::Gfn2EigensolverCompactedSolveGraph const&) [0x16273d] in gpuxtb_cuda_eigensolver_test
=========         Host Frame: (anonymous namespace)::run_compaction_profile(long, bool, long, int) [0x174ed2] in gpuxtb_cuda_eigensolver_test
=========         Host Frame: main [0x8c3e] in gpuxtb_cuda_eigensolver_test
=========
========= Barrier error detected. Divergent thread(s) in warp.
=========     at void batch_trsm_left_kernel<double, (int)64, (int)4, (int)3, (bool)0, (bool)0, (bool)0>(cublasTrsmBatchParams2<T1>, T1, const T1 *, int)+0x510
=========     by thread (13,0,0) in block (0,0,0)
=========     Saved host backtrace up to driver entry point at kernel launch time
=========         Host Frame: cuGraphLaunch [0x39f98f] in libcuda.so.1
=========         Host Frame:  [0x216ca] in libcudart.so.12
=========         Host Frame: cudaGraphLaunch [0x7f121] in libcudart.so.12
=========         Host Frame: gpuxtb::detail::cuda::Gfn2EigensolverCompactedSolveGraph::launch(CUstream_st*) const [0x6126a] in gpuxtb_cuda_eigensolver_test
=========         Host Frame: (anonymous namespace)::enqueue_compacted((anonymous namespace)::DeviceFixture&, gpuxtb::detail::cuda::Gfn2EigensolverCompactedSolveGraph const&) [0x16273d] in gpuxtb_cuda_eigensolver_test
=========         Host Frame: (anonymous namespace)::run_compaction_profile(long, bool, long, int) [0x174ed2] in gpuxtb_cuda_eigensolver_test
=========         Host Frame: main [0x8c3e] in gpuxtb_cuda_eigensolver_test
=========
========= Barrier error detected. Divergent thread(s) in warp.
=========     at void batch_trsm_left_kernel<double, (int)64, (int)4, (int)3, (bool)0, (bool)0, (bool)0>(cublasTrsmBatchParams2<T1>, T1, const T1 *, int)+0x510
=========     by thread (14,0,0) in block (0,0,0)
=========     Saved host backtrace up to driver entry point at kernel launch time
=========         Host Frame: cuGraphLaunch [0x39f98f] in libcuda.so.1
=========         Host Frame:  [0x216ca] in libcudart.so.12
=========         Host Frame: cudaGraphLaunch [0x7f121] in libcudart.so.12
=========         Host Frame: gpuxtb::detail::cuda::Gfn2EigensolverCompactedSolveGraph::launch(CUstream_st*) const [0x6126a] in gpuxtb_cuda_eigensolver_test
=========         Host Frame: (anonymous namespace)::enqueue_compacted((anonymous namespace)::DeviceFixture&, gpuxtb::detail::cuda::Gfn2EigensolverCompactedSolveGraph const&) [0x16273d] in gpuxtb_cuda_eigensolver_test
=========         Host Frame: (anonymous namespace)::run_compaction_profile(long, bool, long, int) [0x174ed2] in gpuxtb_cuda_eigensolver_test
=========         Host Frame: main [0x8c3e] in gpuxtb_cuda_eigensolver_test
=========
========= Barrier error detected. Divergent thread(s) in warp.
=========     at void batch_trsm_left_kernel<double, (int)64, (int)4, (int)3, (bool)0, (bool)0, (bool)0>(cublasTrsmBatchParams2<T1>, T1, const T1 *, int)+0x510
=========     by thread (15,0,0) in block (0,0,0)
=========     Saved host backtrace up to driver entry point at kernel launch time
=========         Host Frame: cuGraphLaunch [0x39f98f] in libcuda.so.1
=========         Host Frame:  [0x216ca] in libcudart.so.12
=========         Host Frame: cudaGraphLaunch [0x7f121] in libcudart.so.12
=========         Host Frame: gpuxtb::detail::cuda::Gfn2EigensolverCompactedSolveGraph::launch(CUstream_st*) const [0x6126a] in gpuxtb_cuda_eigensolver_test
=========         Host Frame: (anonymous namespace)::enqueue_compacted((anonymous namespace)::DeviceFixture&, gpuxtb::detail::cuda::Gfn2EigensolverCompactedSolveGraph const&) [0x16273d] in gpuxtb_cuda_eigensolver_test
=========         Host Frame: (anonymous namespace)::run_compaction_profile(long, bool, long, int) [0x174ed2] in gpuxtb_cuda_eigensolver_test
=========         Host Frame: main [0x8c3e] in gpuxtb_cuda_eigensolver_test
=========
========= Barrier error detected. Divergent thread(s) in warp.
=========     at void batch_trsm_left_kernel<double, (int)64, (int)4, (int)3, (bool)0, (bool)0, (bool)0>(cublasTrsmBatchParams2<T1>, T1, const T1 *, int)+0x510
=========     by thread (16,0,0) in block (0,0,0)
=========     Saved host backtrace up to driver entry point at kernel launch time
=========         Host Frame: cuGraphLaunch [0x39f98f] in libcuda.so.1
=========         Host Frame:  [0x216ca] in libcudart.so.12
=========         Host Frame: cudaGraphLaunch [0x7f121] in libcudart.so.12
=========         Host Frame: gpuxtb::detail::cuda::Gfn2EigensolverCompactedSolveGraph::launch(CUstream_st*) const [0x6126a] in gpuxtb_cuda_eigensolver_test
=========         Host Frame: (anonymous namespace)::enqueue_compacted((anonymous namespace)::DeviceFixture&, gpuxtb::detail::cuda::Gfn2EigensolverCompactedSolveGraph const&) [0x16273d] in gpuxtb_cuda_eigensolver_test
=========         Host Frame: (anonymous namespace)::run_compaction_profile(long, bool, long, int) [0x174ed2] in gpuxtb_cuda_eigensolver_test
=========         Host Frame: main [0x8c3e] in gpuxtb_cuda_eigensolver_test
=========
========= Barrier error detected. Divergent thread(s) in warp.
=========     at void batch_trsm_left_kernel<double, (int)64, (int)4, (int)3, (bool)0, (bool)0, (bool)0>(cublasTrsmBatchParams2<T1>, T1, const T1 *, int)+0x510
=========     by thread (17,0,0) in block (0,0,0)
=========     Saved host backtrace up to driver entry point at kernel launch time
=========         Host Frame: cuGraphLaunch [0x39f98f] in libcuda.so.1
=========         Host Frame:  [0x216ca] in libcudart.so.12
=========         Host Frame: cudaGraphLaunch [0x7f121] in libcudart.so.12
=========         Host Frame: gpuxtb::detail::cuda::Gfn2EigensolverCompactedSolveGraph::launch(CUstream_st*) const [0x6126a] in gpuxtb_cuda_eigensolver_test
=========         Host Frame: (anonymous namespace)::enqueue_compacted((anonymous namespace)::DeviceFixture&, gpuxtb::detail::cuda::Gfn2EigensolverCompactedSolveGraph const&) [0x16273d] in gpuxtb_cuda_eigensolver_test
=========         Host Frame: (anonymous namespace)::run_compaction_profile(long, bool, long, int) [0x174ed2] in gpuxtb_cuda_eigensolver_test
=========         Host Frame: main [0x8c3e] in gpuxtb_cuda_eigensolver_test
=========
========= Barrier error detected. Divergent thread(s) in warp.
=========     at void batch_trsm_left_kernel<double, (int)64, (int)4, (int)3, (bool)0, (bool)0, (bool)0>(cublasTrsmBatchParams2<T1>, T1, const T1 *, int)+0x510
=========     by thread (18,0,0) in block (0,0,0)
=========     Saved host backtrace up to driver entry point at kernel launch time
=========         Host Frame: cuGraphLaunch [0x39f98f] in libcuda.so.1
=========         Host Frame:  [0x216ca] in libcudart.so.12
=========         Host Frame: cudaGraphLaunch [0x7f121] in libcudart.so.12
=========         Host Frame: gpuxtb::detail::cuda::Gfn2EigensolverCompactedSolveGraph::launch(CUstream_st*) const [0x6126a] in gpuxtb_cuda_eigensolver_test
=========         Host Frame: (anonymous namespace)::enqueue_compacted((anonymous namespace)::DeviceFixture&, gpuxtb::detail::cuda::Gfn2EigensolverCompactedSolveGraph const&) [0x16273d] in gpuxtb_cuda_eigensolver_test
=========         Host Frame: (anonymous namespace)::run_compaction_profile(long, bool, long, int) [0x174ed2] in gpuxtb_cuda_eigensolver_test
=========         Host Frame: main [0x8c3e] in gpuxtb_cuda_eigensolver_test
=========
========= Barrier error detected. Divergent thread(s) in warp.
=========     at void batch_trsm_left_kernel<double, (int)64, (int)4, (int)3, (bool)0, (bool)0, (bool)0>(cublasTrsmBatchParams2<T1>, T1, const T1 *, int)+0x510
=========     by thread (19,0,0) in block (0,0,0)
=========     Saved host backtrace up to driver entry point at kernel launch time
=========         Host Frame: cuGraphLaunch [0x39f98f] in libcuda.so.1
=========         Host Frame:  [0x216ca] in libcudart.so.12
=========         Host Frame: cudaGraphLaunch [0x7f121] in libcudart.so.12
=========         Host Frame: gpuxtb::detail::cuda::Gfn2EigensolverCompactedSolveGraph::launch(CUstream_st*) const [0x6126a] in gpuxtb_cuda_eigensolver_test
=========         Host Frame: (anonymous namespace)::enqueue_compacted((anonymous namespace)::DeviceFixture&, gpuxtb::detail::cuda::Gfn2EigensolverCompactedSolveGraph const&) [0x16273d] in gpuxtb_cuda_eigensolver_test
=========         Host Frame: (anonymous namespace)::run_compaction_profile(long, bool, long, int) [0x174ed2] in gpuxtb_cuda_eigensolver_test
=========         Host Frame: main [0x8c3e] in gpuxtb_cuda_eigensolver_test
=========
========= Barrier error detected. Divergent thread(s) in warp.
=========     at void batch_trsm_left_kernel<double, (int)64, (int)4, (int)3, (bool)0, (bool)0, (bool)0>(cublasTrsmBatchParams2<T1>, T1, const T1 *, int)+0x510
=========     by thread (20,0,0) in block (0,0,0)
=========     Saved host backtrace up to driver entry point at kernel launch time
=========         Host Frame: cuGraphLaunch [0x39f98f] in libcuda.so.1
=========         Host Frame:  [0x216ca] in libcudart.so.12
=========         Host Frame: cudaGraphLaunch [0x7f121] in libcudart.so.12
=========         Host Frame: gpuxtb::detail::cuda::Gfn2EigensolverCompactedSolveGraph::launch(CUstream_st*) const [0x6126a] in gpuxtb_cuda_eigensolver_test
=========         Host Frame: (anonymous namespace)::enqueue_compacted((anonymous namespace)::DeviceFixture&, gpuxtb::detail::cuda::Gfn2EigensolverCompactedSolveGraph const&) [0x16273d] in gpuxtb_cuda_eigensolver_test
=========         Host Frame: (anonymous namespace)::run_compaction_profile(long, bool, long, int) [0x174ed2] in gpuxtb_cuda_eigensolver_test
=========         Host Frame: main [0x8c3e] in gpuxtb_cuda_eigensolver_test
=========
========= Barrier error detected. Divergent thread(s) in warp.
=========     at void batch_trsm_left_kernel<double, (int)64, (int)4, (int)3, (bool)0, (bool)0, (bool)0>(cublasTrsmBatchParams2<T1>, T1, const T1 *, int)+0x510
=========     by thread (21,0,0) in block (0,0,0)
=========     Saved host backtrace up to driver entry point at kernel launch time
=========         Host Frame: cuGraphLaunch [0x39f98f] in libcuda.so.1
=========         Host Frame:  [0x216ca] in libcudart.so.12
=========         Host Frame: cudaGraphLaunch [0x7f121] in libcudart.so.12
=========         Host Frame: gpuxtb::detail::cuda::Gfn2EigensolverCompactedSolveGraph::launch(CUstream_st*) const [0x6126a] in gpuxtb_cuda_eigensolver_test
=========         Host Frame: (anonymous namespace)::enqueue_compacted((anonymous namespace)::DeviceFixture&, gpuxtb::detail::cuda::Gfn2EigensolverCompactedSolveGraph const&) [0x16273d] in gpuxtb_cuda_eigensolver_test
=========         Host Frame: (anonymous namespace)::run_compaction_profile(long, bool, long, int) [0x174ed2] in gpuxtb_cuda_eigensolver_test
=========         Host Frame: main [0x8c3e] in gpuxtb_cuda_eigensolver_test
=========
========= Barrier error detected. Divergent thread(s) in warp.
=========     at void batch_trsm_left_kernel<double, (int)64, (int)4, (int)3, (bool)0, (bool)0, (bool)0>(cublasTrsmBatchParams2<T1>, T1, const T1 *, int)+0x510
=========     by thread (22,0,0) in block (0,0,0)
=========     Saved host backtrace up to driver entry point at kernel launch time
=========         Host Frame: cuGraphLaunch [0x39f98f] in libcuda.so.1
=========         Host Frame:  [0x216ca] in libcudart.so.12
=========         Host Frame: cudaGraphLaunch [0x7f121] in libcudart.so.12
=========         Host Frame: gpuxtb::detail::cuda::Gfn2EigensolverCompactedSolveGraph::launch(CUstream_st*) const [0x6126a] in gpuxtb_cuda_eigensolver_test
=========         Host Frame: (anonymous namespace)::enqueue_compacted((anonymous namespace)::DeviceFixture&, gpuxtb::detail::cuda::Gfn2EigensolverCompactedSolveGraph const&) [0x16273d] in gpuxtb_cuda_eigensolver_test
=========         Host Frame: (anonymous namespace)::run_compaction_profile(long, bool, long, int) [0x174ed2] in gpuxtb_cuda_eigensolver_test
=========         Host Frame: main [0x8c3e] in gpuxtb_cuda_eigensolver_test
=========
========= Barrier error detected. Divergent thread(s) in warp.
=========     at void batch_trsm_left_kernel<double, (int)64, (int)4, (int)3, (bool)0, (bool)0, (bool)0>(cublasTrsmBatchParams2<T1>, T1, const T1 *, int)+0x510
=========     by thread (23,0,0) in block (0,0,0)
=========     Saved host backtrace up to driver entry point at kernel launch time
=========         Host Frame: cuGraphLaunch [0x39f98f] in libcuda.so.1
=========         Host Frame:  [0x216ca] in libcudart.so.12
=========         Host Frame: cudaGraphLaunch [0x7f121] in libcudart.so.12
=========         Host Frame: gpuxtb::detail::cuda::Gfn2EigensolverCompactedSolveGraph::launch(CUstream_st*) const [0x6126a] in gpuxtb_cuda_eigensolver_test
=========         Host Frame: (anonymous namespace)::enqueue_compacted((anonymous namespace)::DeviceFixture&, gpuxtb::detail::cuda::Gfn2EigensolverCompactedSolveGraph const&) [0x16273d] in gpuxtb_cuda_eigensolver_test
=========         Host Frame: (anonymous namespace)::run_compaction_profile(long, bool, long, int) [0x174ed2] in gpuxtb_cuda_eigensolver_test
=========         Host Frame: main [0x8c3e] in gpuxtb_cuda_eigensolver_test
=========
========= Barrier error detected. Divergent thread(s) in warp.
=========     at void batch_trsm_left_kernel<double, (int)64, (int)4, (int)3, (bool)0, (bool)0, (bool)0>(cublasTrsmBatchParams2<T1>, T1, const T1 *, int)+0x510
=========     by thread (24,0,0) in block (0,0,0)
=========     Saved host backtrace up to driver entry point at kernel launch time
=========         Host Frame: cuGraphLaunch [0x39f98f] in libcuda.so.1
=========         Host Frame:  [0x216ca] in libcudart.so.12
=========         Host Frame: cudaGraphLaunch [0x7f121] in libcudart.so.12
=========         Host Frame: gpuxtb::detail::cuda::Gfn2EigensolverCompactedSolveGraph::launch(CUstream_st*) const [0x6126a] in gpuxtb_cuda_eigensolver_test
=========         Host Frame: (anonymous namespace)::enqueue_compacted((anonymous namespace)::DeviceFixture&, gpuxtb::detail::cuda::Gfn2EigensolverCompactedSolveGraph const&) [0x16273d] in gpuxtb_cuda_eigensolver_test
=========         Host Frame: (anonymous namespace)::run_compaction_profile(long, bool, long, int) [0x174ed2] in gpuxtb_cuda_eigensolver_test
=========         Host Frame: main [0x8c3e] in gpuxtb_cuda_eigensolver_test
=========
========= Barrier error detected. Divergent thread(s) in warp.
=========     at void batch_trsm_left_kernel<double, (int)64, (int)4, (int)3, (bool)0, (bool)0, (bool)0>(cublasTrsmBatchParams2<T1>, T1, const T1 *, int)+0x510
=========     by thread (25,0,0) in block (0,0,0)
=========     Saved host backtrace up to driver entry point at kernel launch time
=========         Host Frame: cuGraphLaunch [0x39f98f] in libcuda.so.1
=========         Host Frame:  [0x216ca] in libcudart.so.12
=========         Host Frame: cudaGraphLaunch [0x7f121] in libcudart.so.12
=========         Host Frame: gpuxtb::detail::cuda::Gfn2EigensolverCompactedSolveGraph::launch(CUstream_st*) const [0x6126a] in gpuxtb_cuda_eigensolver_test
=========         Host Frame: (anonymous namespace)::enqueue_compacted((anonymous namespace)::DeviceFixture&, gpuxtb::detail::cuda::Gfn2EigensolverCompactedSolveGraph const&) [0x16273d] in gpuxtb_cuda_eigensolver_test
=========         Host Frame: (anonymous namespace)::run_compaction_profile(long, bool, long, int) [0x174ed2] in gpuxtb_cuda_eigensolver_test
=========         Host Frame: main [0x8c3e] in gpuxtb_cuda_eigensolver_test
=========
========= Barrier error detected. Divergent thread(s) in warp.
=========     at void batch_trsm_left_kernel<double, (int)64, (int)4, (int)3, (bool)0, (bool)0, (bool)0>(cublasTrsmBatchParams2<T1>, T1, const T1 *, int)+0x510
=========     by thread (26,0,0) in block (0,0,0)
=========     Saved host backtrace up to driver entry point at kernel launch time
=========         Host Frame: cuGraphLaunch [0x39f98f] in libcuda.so.1
=========         Host Frame:  [0x216ca] in libcudart.so.12
=========         Host Frame: cudaGraphLaunch [0x7f121] in libcudart.so.12
=========         Host Frame: gpuxtb::detail::cuda::Gfn2EigensolverCompactedSolveGraph::launch(CUstream_st*) const [0x6126a] in gpuxtb_cuda_eigensolver_test
=========         Host Frame: (anonymous namespace)::enqueue_compacted((anonymous namespace)::DeviceFixture&, gpuxtb::detail::cuda::Gfn2EigensolverCompactedSolveGraph const&) [0x16273d] in gpuxtb_cuda_eigensolver_test
=========         Host Frame: (anonymous namespace)::run_compaction_profile(long, bool, long, int) [0x174ed2] in gpuxtb_cuda_eigensolver_test
=========         Host Frame: main [0x8c3e] in gpuxtb_cuda_eigensolver_test
=========
========= Barrier error detected. Divergent thread(s) in warp.
=========     at void batch_trsm_left_kernel<double, (int)64, (int)4, (int)3, (bool)0, (bool)0, (bool)0>(cublasTrsmBatchParams2<T1>, T1, const T1 *, int)+0x510
=========     by thread (27,0,0) in block (0,0,0)
=========     Saved host backtrace up to driver entry point at kernel launch time
=========         Host Frame: cuGraphLaunch [0x39f98f] in libcuda.so.1
=========         Host Frame:  [0x216ca] in libcudart.so.12
=========         Host Frame: cudaGraphLaunch [0x7f121] in libcudart.so.12
=========         Host Frame: gpuxtb::detail::cuda::Gfn2EigensolverCompactedSolveGraph::launch(CUstream_st*) const [0x6126a] in gpuxtb_cuda_eigensolver_test
=========         Host Frame: (anonymous namespace)::enqueue_compacted((anonymous namespace)::DeviceFixture&, gpuxtb::detail::cuda::Gfn2EigensolverCompactedSolveGraph const&) [0x16273d] in gpuxtb_cuda_eigensolver_test
=========         Host Frame: (anonymous namespace)::run_compaction_profile(long, bool, long, int) [0x174ed2] in gpuxtb_cuda_eigensolver_test
=========         Host Frame: main [0x8c3e] in gpuxtb_cuda_eigensolver_test
=========
========= Barrier error detected. Divergent thread(s) in warp.
=========     at void batch_trsm_left_kernel<double, (int)64, (int)4, (int)3, (bool)0, (bool)0, (bool)0>(cublasTrsmBatchParams2<T1>, T1, const T1 *, int)+0x510
=========     by thread (28,0,0) in block (0,0,0)
=========     Saved host backtrace up to driver entry point at kernel launch time
=========         Host Frame: cuGraphLaunch [0x39f98f] in libcuda.so.1
=========         Host Frame:  [0x216ca] in libcudart.so.12
=========         Host Frame: cudaGraphLaunch [0x7f121] in libcudart.so.12
=========         Host Frame: gpuxtb::detail::cuda::Gfn2EigensolverCompactedSolveGraph::launch(CUstream_st*) const [0x6126a] in gpuxtb_cuda_eigensolver_test
=========         Host Frame: (anonymous namespace)::enqueue_compacted((anonymous namespace)::DeviceFixture&, gpuxtb::detail::cuda::Gfn2EigensolverCompactedSolveGraph const&) [0x16273d] in gpuxtb_cuda_eigensolver_test
=========         Host Frame: (anonymous namespace)::run_compaction_profile(long, bool, long, int) [0x174ed2] in gpuxtb_cuda_eigensolver_test
=========         Host Frame: main [0x8c3e] in gpuxtb_cuda_eigensolver_test
=========
========= Barrier error detected. Divergent thread(s) in warp.
=========     at void batch_trsm_left_kernel<double, (int)64, (int)4, (int)3, (bool)0, (bool)0, (bool)0>(cublasTrsmBatchParams2<T1>, T1, const T1 *, int)+0x510
=========     by thread (29,0,0) in block (0,0,0)
=========     Saved host backtrace up to driver entry point at kernel launch time
=========         Host Frame: cuGraphLaunch [0x39f98f] in libcuda.so.1
=========         Host Frame:  [0x216ca] in libcudart.so.12
=========         Host Frame: cudaGraphLaunch [0x7f121] in libcudart.so.12
=========         Host Frame: gpuxtb::detail::cuda::Gfn2EigensolverCompactedSolveGraph::launch(CUstream_st*) const [0x6126a] in gpuxtb_cuda_eigensolver_test
=========         Host Frame: (anonymous namespace)::enqueue_compacted((anonymous namespace)::DeviceFixture&, gpuxtb::detail::cuda::Gfn2EigensolverCompactedSolveGraph const&) [0x16273d] in gpuxtb_cuda_eigensolver_test
=========         Host Frame: (anonymous namespace)::run_compaction_profile(long, bool, long, int) [0x174ed2] in gpuxtb_cuda_eigensolver_test
=========         Host Frame: main [0x8c3e] in gpuxtb_cuda_eigensolver_test
=========
========= Barrier error detected. Divergent thread(s) in warp.
=========     at void batch_trsm_left_kernel<double, (int)64, (int)4, (int)3, (bool)0, (bool)0, (bool)0>(cublasTrsmBatchParams2<T1>, T1, const T1 *, int)+0x510
=========     by thread (30,0,0) in block (0,0,0)
=========     Saved host backtrace up to driver entry point at kernel launch time
=========         Host Frame: cuGraphLaunch [0x39f98f] in libcuda.so.1
=========         Host Frame:  [0x216ca] in libcudart.so.12
=========         Host Frame: cudaGraphLaunch [0x7f121] in libcudart.so.12
=========         Host Frame: gpuxtb::detail::cuda::Gfn2EigensolverCompactedSolveGraph::launch(CUstream_st*) const [0x6126a] in gpuxtb_cuda_eigensolver_test
=========         Host Frame: (anonymous namespace)::enqueue_compacted((anonymous namespace)::DeviceFixture&, gpuxtb::detail::cuda::Gfn2EigensolverCompactedSolveGraph const&) [0x16273d] in gpuxtb_cuda_eigensolver_test
=========         Host Frame: (anonymous namespace)::run_compaction_profile(long, bool, long, int) [0x174ed2] in gpuxtb_cuda_eigensolver_test
=========         Host Frame: main [0x8c3e] in gpuxtb_cuda_eigensolver_test
=========
========= Barrier error detected. Divergent thread(s) in warp.
=========     at void batch_trsm_left_kernel<double, (int)64, (int)4, (int)3, (bool)0, (bool)0, (bool)0>(cublasTrsmBatchParams2<T1>, T1, const T1 *, int)+0x510
=========     by thread (31,0,0) in block (0,0,0)
=========     Saved host backtrace up to driver entry point at kernel launch time
=========         Host Frame: cuGraphLaunch [0x39f98f] in libcuda.so.1
=========         Host Frame:  [0x216ca] in libcudart.so.12
=========         Host Frame: cudaGraphLaunch [0x7f121] in libcudart.so.12
=========         Host Frame: gpuxtb::detail::cuda::Gfn2EigensolverCompactedSolveGraph::launch(CUstream_st*) const [0x6126a] in gpuxtb_cuda_eigensolver_test
=========         Host Frame: (anonymous namespace)::enqueue_compacted((anonymous namespace)::DeviceFixture&, gpuxtb::detail::cuda::Gfn2EigensolverCompactedSolveGraph const&) [0x16273d] in gpuxtb_cuda_eigensolver_test
=========         Host Frame: (anonymous namespace)::run_compaction_profile(long, bool, long, int) [0x174ed2] in gpuxtb_cuda_eigensolver_test
=========         Host Frame: main [0x8c3e] in gpuxtb_cuda_eigensolver_test
=========
========= Barrier error detected. Divergent thread(s) in warp.
=========     at void batch_trsm_left_kernel<double, (int)64, (int)4, (int)3, (bool)0, (bool)0, (bool)0>(cublasTrsmBatchParams2<T1>, T1, const T1 *, int)+0x510
=========     by thread (32,0,0) in block (0,0,0)
=========     Saved host backtrace up to driver entry point at kernel launch time
=========         Host Frame: cuGraphLaunch [0x39f98f] in libcuda.so.1
=========         Host Frame:  [0x216ca] in libcudart.so.12
=========         Host Frame: cudaGraphLaunch [0x7f121] in libcudart.so.12
=========         Host Frame: gpuxtb::detail::cuda::Gfn2EigensolverCompactedSolveGraph::launch(CUstream_st*) const [0x6126a] in gpuxtb_cuda_eigensolver_test
=========         Host Frame: (anonymous namespace)::enqueue_compacted((anonymous namespace)::DeviceFixture&, gpuxtb::detail::cuda::Gfn2EigensolverCompactedSolveGraph const&) [0x16273d] in gpuxtb_cuda_eigensolver_test
=========         Host Frame: (anonymous namespace)::run_compaction_profile(long, bool, long, int) [0x174ed2] in gpuxtb_cuda_eigensolver_test
=========         Host Frame: main [0x8c3e] in gpuxtb_cuda_eigensolver_test
=========
========= Barrier error detected. Divergent thread(s) in warp.
=========     at void batch_trsm_left_kernel<double, (int)64, (int)4, (int)3, (bool)0, (bool)0, (bool)0>(cublasTrsmBatchParams2<T1>, T1, const T1 *, int)+0x510
=========     by thread (33,0,0) in block (0,0,0)
=========     Saved host backtrace up to driver entry point at kernel launch time
=========         Host Frame: cuGraphLaunch [0x39f98f] in libcuda.so.1
=========         Host Frame:  [0x216ca] in libcudart.so.12
=========         Host Frame: cudaGraphLaunch [0x7f121] in libcudart.so.12
=========         Host Frame: gpuxtb::detail::cuda::Gfn2EigensolverCompactedSolveGraph::launch(CUstream_st*) const [0x6126a] in gpuxtb_cuda_eigensolver_test
=========         Host Frame: (anonymous namespace)::enqueue_compacted((anonymous namespace)::DeviceFixture&, gpuxtb::detail::cuda::Gfn2EigensolverCompactedSolveGraph const&) [0x16273d] in gpuxtb_cuda_eigensolver_test
=========         Host Frame: (anonymous namespace)::run_compaction_profile(long, bool, long, int) [0x174ed2] in gpuxtb_cuda_eigensolver_test
=========         Host Frame: main [0x8c3e] in gpuxtb_cuda_eigensolver_test
=========
========= Barrier error detected. Divergent thread(s) in warp.
=========     at void batch_trsm_left_kernel<double, (int)64, (int)4, (int)3, (bool)0, (bool)0, (bool)0>(cublasTrsmBatchParams2<T1>, T1, const T1 *, int)+0x510
=========     by thread (34,0,0) in block (0,0,0)
=========     Saved host backtrace up to driver entry point at kernel launch time
=========         Host Frame: cuGraphLaunch [0x39f98f] in libcuda.so.1
=========         Host Frame:  [0x216ca] in libcudart.so.12
=========         Host Frame: cudaGraphLaunch [0x7f121] in libcudart.so.12
=========         Host Frame: gpuxtb::detail::cuda::Gfn2EigensolverCompactedSolveGraph::launch(CUstream_st*) const [0x6126a] in gpuxtb_cuda_eigensolver_test
=========         Host Frame: (anonymous namespace)::enqueue_compacted((anonymous namespace)::DeviceFixture&, gpuxtb::detail::cuda::Gfn2EigensolverCompactedSolveGraph const&) [0x16273d] in gpuxtb_cuda_eigensolver_test
=========         Host Frame: (anonymous namespace)::run_compaction_profile(long, bool, long, int) [0x174ed2] in gpuxtb_cuda_eigensolver_test
=========         Host Frame: main [0x8c3e] in gpuxtb_cuda_eigensolver_test
=========
========= Barrier error detected. Divergent thread(s) in warp.
=========     at void batch_trsm_left_kernel<double, (int)64, (int)4, (int)3, (bool)0, (bool)0, (bool)0>(cublasTrsmBatchParams2<T1>, T1, const T1 *, int)+0x510
=========     by thread (35,0,0) in block (0,0,0)
=========     Saved host backtrace up to driver entry point at kernel launch time
=========         Host Frame: cuGraphLaunch [0x39f98f] in libcuda.so.1
=========         Host Frame:  [0x216ca] in libcudart.so.12
=========         Host Frame: cudaGraphLaunch [0x7f121] in libcudart.so.12
=========         Host Frame: gpuxtb::detail::cuda::Gfn2EigensolverCompactedSolveGraph::launch(CUstream_st*) const [0x6126a] in gpuxtb_cuda_eigensolver_test
=========         Host Frame: (anonymous namespace)::enqueue_compacted((anonymous namespace)::DeviceFixture&, gpuxtb::detail::cuda::Gfn2EigensolverCompactedSolveGraph const&) [0x16273d] in gpuxtb_cuda_eigensolver_test
=========         Host Frame: (anonymous namespace)::run_compaction_profile(long, bool, long, int) [0x174ed2] in gpuxtb_cuda_eigensolver_test
=========         Host Frame: main [0x8c3e] in gpuxtb_cuda_eigensolver_test
=========
========= Barrier error detected. Divergent thread(s) in warp.
=========     at void batch_trsm_left_kernel<double, (int)64, (int)4, (int)3, (bool)0, (bool)0, (bool)0>(cublasTrsmBatchParams2<T1>, T1, const T1 *, int)+0x510
=========     by thread (36,0,0) in block (0,0,0)
=========     Saved host backtrace up to driver entry point at kernel launch time
=========         Host Frame: cuGraphLaunch [0x39f98f] in libcuda.so.1
=========         Host Frame:  [0x216ca] in libcudart.so.12
=========         Host Frame: cudaGraphLaunch [0x7f121] in libcudart.so.12
=========         Host Frame: gpuxtb::detail::cuda::Gfn2EigensolverCompactedSolveGraph::launch(CUstream_st*) const [0x6126a] in gpuxtb_cuda_eigensolver_test
=========         Host Frame: (anonymous namespace)::enqueue_compacted((anonymous namespace)::DeviceFixture&, gpuxtb::detail::cuda::Gfn2EigensolverCompactedSolveGraph const&) [0x16273d] in gpuxtb_cuda_eigensolver_test
=========         Host Frame: (anonymous namespace)::run_compaction_profile(long, bool, long, int) [0x174ed2] in gpuxtb_cuda_eigensolver_test
=========         Host Frame: main [0x8c3e] in gpuxtb_cuda_eigensolver_test
=========
========= Barrier error detected. Divergent thread(s) in warp.
=========     at void batch_trsm_left_kernel<double, (int)64, (int)4, (int)3, (bool)0, (bool)0, (bool)0>(cublasTrsmBatchParams2<T1>, T1, const T1 *, int)+0x510
=========     by thread (37,0,0) in block (0,0,0)
=========     Saved host backtrace up to driver entry point at kernel launch time
=========         Host Frame: cuGraphLaunch [0x39f98f] in libcuda.so.1
=========         Host Frame:  [0x216ca] in libcudart.so.12
=========         Host Frame: cudaGraphLaunch [0x7f121] in libcudart.so.12
=========         Host Frame: gpuxtb::detail::cuda::Gfn2EigensolverCompactedSolveGraph::launch(CUstream_st*) const [0x6126a] in gpuxtb_cuda_eigensolver_test
=========         Host Frame: (anonymous namespace)::enqueue_compacted((anonymous namespace)::DeviceFixture&, gpuxtb::detail::cuda::Gfn2EigensolverCompactedSolveGraph const&) [0x16273d] in gpuxtb_cuda_eigensolver_test
=========         Host Frame: (anonymous namespace)::run_compaction_profile(long, bool, long, int) [0x174ed2] in gpuxtb_cuda_eigensolver_test
=========         Host Frame: main [0x8c3e] in gpuxtb_cuda_eigensolver_test
=========
========= Barrier error detected. Divergent thread(s) in warp.
=========     at void batch_trsm_left_kernel<double, (int)64, (int)4, (int)3, (bool)0, (bool)0, (bool)0>(cublasTrsmBatchParams2<T1>, T1, const T1 *, int)+0x510
=========     by thread (38,0,0) in block (0,0,0)
=========     Saved host backtrace up to driver entry point at kernel launch time
=========         Host Frame: cuGraphLaunch [0x39f98f] in libcuda.so.1
=========         Host Frame:  [0x216ca] in libcudart.so.12
=========         Host Frame: cudaGraphLaunch [0x7f121] in libcudart.so.12
=========         Host Frame: gpuxtb::detail::cuda::Gfn2EigensolverCompactedSolveGraph::launch(CUstream_st*) const [0x6126a] in gpuxtb_cuda_eigensolver_test
=========         Host Frame: (anonymous namespace)::enqueue_compacted((anonymous namespace)::DeviceFixture&, gpuxtb::detail::cuda::Gfn2EigensolverCompactedSolveGraph const&) [0x16273d] in gpuxtb_cuda_eigensolver_test
=========         Host Frame: (anonymous namespace)::run_compaction_profile(long, bool, long, int) [0x174ed2] in gpuxtb_cuda_eigensolver_test
=========         Host Frame: main [0x8c3e] in gpuxtb_cuda_eigensolver_test
=========
========= Barrier error detected. Divergent thread(s) in warp.
=========     at void batch_trsm_left_kernel<double, (int)64, (int)4, (int)3, (bool)0, (bool)0, (bool)0>(cublasTrsmBatchParams2<T1>, T1, const T1 *, int)+0x510
=========     by thread (39,0,0) in block (0,0,0)
=========     Saved host backtrace up to driver entry point at kernel launch time
=========         Host Frame: cuGraphLaunch [0x39f98f] in libcuda.so.1
=========         Host Frame:  [0x216ca] in libcudart.so.12
=========         Host Frame: cudaGraphLaunch [0x7f121] in libcudart.so.12
=========         Host Frame: gpuxtb::detail::cuda::Gfn2EigensolverCompactedSolveGraph::launch(CUstream_st*) const [0x6126a] in gpuxtb_cuda_eigensolver_test
=========         Host Frame: (anonymous namespace)::enqueue_compacted((anonymous namespace)::DeviceFixture&, gpuxtb::detail::cuda::Gfn2EigensolverCompactedSolveGraph const&) [0x16273d] in gpuxtb_cuda_eigensolver_test
=========         Host Frame: (anonymous namespace)::run_compaction_profile(long, bool, long, int) [0x174ed2] in gpuxtb_cuda_eigensolver_test
=========         Host Frame: main [0x8c3e] in gpuxtb_cuda_eigensolver_test
=========
========= Barrier error detected. Divergent thread(s) in warp.
=========     at void batch_trsm_left_kernel<double, (int)64, (int)4, (int)3, (bool)0, (bool)0, (bool)0>(cublasTrsmBatchParams2<T1>, T1, const T1 *, int)+0x510
=========     by thread (40,0,0) in block (0,0,0)
=========     Saved host backtrace up to driver entry point at kernel launch time
=========         Host Frame: cuGraphLaunch [0x39f98f] in libcuda.so.1
=========         Host Frame:  [0x216ca] in libcudart.so.12
=========         Host Frame: cudaGraphLaunch [0x7f121] in libcudart.so.12
=========         Host Frame: gpuxtb::detail::cuda::Gfn2EigensolverCompactedSolveGraph::launch(CUstream_st*) const [0x6126a] in gpuxtb_cuda_eigensolver_test
=========         Host Frame: (anonymous namespace)::enqueue_compacted((anonymous namespace)::DeviceFixture&, gpuxtb::detail::cuda::Gfn2EigensolverCompactedSolveGraph const&) [0x16273d] in gpuxtb_cuda_eigensolver_test
=========         Host Frame: (anonymous namespace)::run_compaction_profile(long, bool, long, int) [0x174ed2] in gpuxtb_cuda_eigensolver_test
=========         Host Frame: main [0x8c3e] in gpuxtb_cuda_eigensolver_test
=========
========= Barrier error detected. Divergent thread(s) in warp.
=========     at void batch_trsm_left_kernel<double, (int)64, (int)4, (int)3, (bool)0, (bool)0, (bool)0>(cublasTrsmBatchParams2<T1>, T1, const T1 *, int)+0x510
=========     by thread (41,0,0) in block (0,0,0)
=========     Saved host backtrace up to driver entry point at kernel launch time
=========         Host Frame: cuGraphLaunch [0x39f98f] in libcuda.so.1
=========         Host Frame:  [0x216ca] in libcudart.so.12
=========         Host Frame: cudaGraphLaunch [0x7f121] in libcudart.so.12
=========         Host Frame: gpuxtb::detail::cuda::Gfn2EigensolverCompactedSolveGraph::launch(CUstream_st*) const [0x6126a] in gpuxtb_cuda_eigensolver_test
=========         Host Frame: (anonymous namespace)::enqueue_compacted((anonymous namespace)::DeviceFixture&, gpuxtb::detail::cuda::Gfn2EigensolverCompactedSolveGraph const&) [0x16273d] in gpuxtb_cuda_eigensolver_test
=========         Host Frame: (anonymous namespace)::run_compaction_profile(long, bool, long, int) [0x174ed2] in gpuxtb_cuda_eigensolver_test
=========         Host Frame: main [0x8c3e] in gpuxtb_cuda_eigensolver_test
=========
========= Barrier error detected. Divergent thread(s) in warp.
=========     at void batch_trsm_left_kernel<double, (int)64, (int)4, (int)3, (bool)0, (bool)0, (bool)0>(cublasTrsmBatchParams2<T1>, T1, const T1 *, int)+0x510
=========     by thread (42,0,0) in block (0,0,0)
=========     Saved host backtrace up to driver entry point at kernel launch time
=========         Host Frame: cuGraphLaunch [0x39f98f] in libcuda.so.1
=========         Host Frame:  [0x216ca] in libcudart.so.12
=========         Host Frame: cudaGraphLaunch [0x7f121] in libcudart.so.12
=========         Host Frame: gpuxtb::detail::cuda::Gfn2EigensolverCompactedSolveGraph::launch(CUstream_st*) const [0x6126a] in gpuxtb_cuda_eigensolver_test
=========         Host Frame: (anonymous namespace)::enqueue_compacted((anonymous namespace)::DeviceFixture&, gpuxtb::detail::cuda::Gfn2EigensolverCompactedSolveGraph const&) [0x16273d] in gpuxtb_cuda_eigensolver_test
=========         Host Frame: (anonymous namespace)::run_compaction_profile(long, bool, long, int) [0x174ed2] in gpuxtb_cuda_eigensolver_test
=========         Host Frame: main [0x8c3e] in gpuxtb_cuda_eigensolver_test
=========
========= Barrier error detected. Divergent thread(s) in warp.
=========     at void batch_trsm_left_kernel<double, (int)64, (int)4, (int)3, (bool)0, (bool)0, (bool)0>(cublasTrsmBatchParams2<T1>, T1, const T1 *, int)+0x510
=========     by thread (43,0,0) in block (0,0,0)
=========     Saved host backtrace up to driver entry point at kernel launch time
=========         Host Frame: cuGraphLaunch [0x39f98f] in libcuda.so.1
=========         Host Frame:  [0x216ca] in libcudart.so.12
=========         Host Frame: cudaGraphLaunch [0x7f121] in libcudart.so.12
=========         Host Frame: gpuxtb::detail::cuda::Gfn2EigensolverCompactedSolveGraph::launch(CUstream_st*) const [0x6126a] in gpuxtb_cuda_eigensolver_test
=========         Host Frame: (anonymous namespace)::enqueue_compacted((anonymous namespace)::DeviceFixture&, gpuxtb::detail::cuda::Gfn2EigensolverCompactedSolveGraph const&) [0x16273d] in gpuxtb_cuda_eigensolver_test
=========         Host Frame: (anonymous namespace)::run_compaction_profile(long, bool, long, int) [0x174ed2] in gpuxtb_cuda_eigensolver_test
=========         Host Frame: main [0x8c3e] in gpuxtb_cuda_eigensolver_test
=========
========= Barrier error detected. Divergent thread(s) in warp.
=========     at void batch_trsm_left_kernel<double, (int)64, (int)4, (int)3, (bool)0, (bool)0, (bool)0>(cublasTrsmBatchParams2<T1>, T1, const T1 *, int)+0x510
=========     by thread (44,0,0) in block (0,0,0)
=========     Saved host backtrace up to driver entry point at kernel launch time
=========         Host Frame: cuGraphLaunch [0x39f98f] in libcuda.so.1
=========         Host Frame:  [0x216ca] in libcudart.so.12
=========         Host Frame: cudaGraphLaunch [0x7f121] in libcudart.so.12
=========         Host Frame: gpuxtb::detail::cuda::Gfn2EigensolverCompactedSolveGraph::launch(CUstream_st*) const [0x6126a] in gpuxtb_cuda_eigensolver_test
=========         Host Frame: (anonymous namespace)::enqueue_compacted((anonymous namespace)::DeviceFixture&, gpuxtb::detail::cuda::Gfn2EigensolverCompactedSolveGraph const&) [0x16273d] in gpuxtb_cuda_eigensolver_test
=========         Host Frame: (anonymous namespace)::run_compaction_profile(long, bool, long, int) [0x174ed2] in gpuxtb_cuda_eigensolver_test
=========         Host Frame: main [0x8c3e] in gpuxtb_cuda_eigensolver_test
=========
========= Barrier error detected. Divergent thread(s) in warp.
=========     at void batch_trsm_left_kernel<double, (int)64, (int)4, (int)3, (bool)0, (bool)0, (bool)0>(cublasTrsmBatchParams2<T1>, T1, const T1 *, int)+0x510
=========     by thread (45,0,0) in block (0,0,0)
=========     Saved host backtrace up to driver entry point at kernel launch time
=========         Host Frame: cuGraphLaunch [0x39f98f] in libcuda.so.1
=========         Host Frame:  [0x216ca] in libcudart.so.12
=========         Host Frame: cudaGraphLaunch [0x7f121] in libcudart.so.12
=========         Host Frame: gpuxtb::detail::cuda::Gfn2EigensolverCompactedSolveGraph::launch(CUstream_st*) const [0x6126a] in gpuxtb_cuda_eigensolver_test
=========         Host Frame: (anonymous namespace)::enqueue_compacted((anonymous namespace)::DeviceFixture&, gpuxtb::detail::cuda::Gfn2EigensolverCompactedSolveGraph const&) [0x16273d] in gpuxtb_cuda_eigensolver_test
=========         Host Frame: (anonymous namespace)::run_compaction_profile(long, bool, long, int) [0x174ed2] in gpuxtb_cuda_eigensolver_test
=========         Host Frame: main [0x8c3e] in gpuxtb_cuda_eigensolver_test
=========
========= Barrier error detected. Divergent thread(s) in warp.
=========     at void batch_trsm_left_kernel<double, (int)64, (int)4, (int)3, (bool)0, (bool)0, (bool)0>(cublasTrsmBatchParams2<T1>, T1, const T1 *, int)+0x510
=========     by thread (46,0,0) in block (0,0,0)
=========     Saved host backtrace up to driver entry point at kernel launch time
=========         Host Frame: cuGraphLaunch [0x39f98f] in libcuda.so.1
=========         Host Frame:  [0x216ca] in libcudart.so.12
=========         Host Frame: cudaGraphLaunch [0x7f121] in libcudart.so.12
=========         Host Frame: gpuxtb::detail::cuda::Gfn2EigensolverCompactedSolveGraph::launch(CUstream_st*) const [0x6126a] in gpuxtb_cuda_eigensolver_test
=========         Host Frame: (anonymous namespace)::enqueue_compacted((anonymous namespace)::DeviceFixture&, gpuxtb::detail::cuda::Gfn2EigensolverCompactedSolveGraph const&) [0x16273d] in gpuxtb_cuda_eigensolver_test
=========         Host Frame: (anonymous namespace)::run_compaction_profile(long, bool, long, int) [0x174ed2] in gpuxtb_cuda_eigensolver_test
=========         Host Frame: main [0x8c3e] in gpuxtb_cuda_eigensolver_test
=========
========= Barrier error detected. Divergent thread(s) in warp.
=========     at void batch_trsm_left_kernel<double, (int)64, (int)4, (int)3, (bool)0, (bool)0, (bool)0>(cublasTrsmBatchParams2<T1>, T1, const T1 *, int)+0x510
=========     by thread (47,0,0) in block (0,0,0)
=========     Saved host backtrace up to driver entry point at kernel launch time
=========         Host Frame: cuGraphLaunch [0x39f98f] in libcuda.so.1
=========         Host Frame:  [0x216ca] in libcudart.so.12
=========         Host Frame: cudaGraphLaunch [0x7f121] in libcudart.so.12
=========         Host Frame: gpuxtb::detail::cuda::Gfn2EigensolverCompactedSolveGraph::launch(CUstream_st*) const [0x6126a] in gpuxtb_cuda_eigensolver_test
=========         Host Frame: (anonymous namespace)::enqueue_compacted((anonymous namespace)::DeviceFixture&, gpuxtb::detail::cuda::Gfn2EigensolverCompactedSolveGraph const&) [0x16273d] in gpuxtb_cuda_eigensolver_test
=========         Host Frame: (anonymous namespace)::run_compaction_profile(long, bool, long, int) [0x174ed2] in gpuxtb_cuda_eigensolver_test
=========         Host Frame: main [0x8c3e] in gpuxtb_cuda_eigensolver_test
=========
========= Barrier error detected. Divergent thread(s) in warp.
=========     at void batch_trsm_left_kernel<double, (int)64, (int)4, (int)3, (bool)0, (bool)0, (bool)0>(cublasTrsmBatchParams2<T1>, T1, const T1 *, int)+0x510
=========     by thread (48,0,0) in block (0,0,0)
=========     Saved host backtrace up to driver entry point at kernel launch time
=========         Host Frame: cuGraphLaunch [0x39f98f] in libcuda.so.1
=========         Host Frame:  [0x216ca] in libcudart.so.12
=========         Host Frame: cudaGraphLaunch [0x7f121] in libcudart.so.12
=========         Host Frame: gpuxtb::detail::cuda::Gfn2EigensolverCompactedSolveGraph::launch(CUstream_st*) const [0x6126a] in gpuxtb_cuda_eigensolver_test
=========         Host Frame: (anonymous namespace)::enqueue_compacted((anonymous namespace)::DeviceFixture&, gpuxtb::detail::cuda::Gfn2EigensolverCompactedSolveGraph const&) [0x16273d] in gpuxtb_cuda_eigensolver_test
=========         Host Frame: (anonymous namespace)::run_compaction_profile(long, bool, long, int) [0x174ed2] in gpuxtb_cuda_eigensolver_test
=========         Host Frame: main [0x8c3e] in gpuxtb_cuda_eigensolver_test
=========
========= Barrier error detected. Divergent thread(s) in warp.
=========     at void batch_trsm_left_kernel<double, (int)64, (int)4, (int)3, (bool)0, (bool)0, (bool)0>(cublasTrsmBatchParams2<T1>, T1, const T1 *, int)+0x510
=========     by thread (49,0,0) in block (0,0,0)
=========     Saved host backtrace up to driver entry point at kernel launch time
=========         Host Frame: cuGraphLaunch [0x39f98f] in libcuda.so.1
=========         Host Frame:  [0x216ca] in libcudart.so.12
=========         Host Frame: cudaGraphLaunch [0x7f121] in libcudart.so.12
=========         Host Frame: gpuxtb::detail::cuda::Gfn2EigensolverCompactedSolveGraph::launch(CUstream_st*) const [0x6126a] in gpuxtb_cuda_eigensolver_test
=========         Host Frame: (anonymous namespace)::enqueue_compacted((anonymous namespace)::DeviceFixture&, gpuxtb::detail::cuda::Gfn2EigensolverCompactedSolveGraph const&) [0x16273d] in gpuxtb_cuda_eigensolver_test
=========         Host Frame: (anonymous namespace)::run_compaction_profile(long, bool, long, int) [0x174ed2] in gpuxtb_cuda_eigensolver_test
=========         Host Frame: main [0x8c3e] in gpuxtb_cuda_eigensolver_test
=========
========= Barrier error detected. Divergent thread(s) in warp.
=========     at void batch_trsm_left_kernel<double, (int)64, (int)4, (int)3, (bool)0, (bool)0, (bool)0>(cublasTrsmBatchParams2<T1>, T1, const T1 *, int)+0x510
=========     by thread (50,0,0) in block (0,0,0)
=========     Saved host backtrace up to driver entry point at kernel launch time
=========         Host Frame: cuGraphLaunch [0x39f98f] in libcuda.so.1
=========         Host Frame:  [0x216ca] in libcudart.so.12
=========         Host Frame: cudaGraphLaunch [0x7f121] in libcudart.so.12
=========         Host Frame: gpuxtb::detail::cuda::Gfn2EigensolverCompactedSolveGraph::launch(CUstream_st*) const [0x6126a] in gpuxtb_cuda_eigensolver_test
=========         Host Frame: (anonymous namespace)::enqueue_compacted((anonymous namespace)::DeviceFixture&, gpuxtb::detail::cuda::Gfn2EigensolverCompactedSolveGraph const&) [0x16273d] in gpuxtb_cuda_eigensolver_test
=========         Host Frame: (anonymous namespace)::run_compaction_profile(long, bool, long, int) [0x174ed2] in gpuxtb_cuda_eigensolver_test
=========         Host Frame: main [0x8c3e] in gpuxtb_cuda_eigensolver_test
=========
========= Barrier error detected. Divergent thread(s) in warp.
=========     at void batch_trsm_left_kernel<double, (int)64, (int)4, (int)3, (bool)0, (bool)0, (bool)0>(cublasTrsmBatchParams2<T1>, T1, const T1 *, int)+0x510
=========     by thread (51,0,0) in block (0,0,0)
=========     Saved host backtrace up to driver entry point at kernel launch time
=========         Host Frame: cuGraphLaunch [0x39f98f] in libcuda.so.1
=========         Host Frame:  [0x216ca] in libcudart.so.12
=========         Host Frame: cudaGraphLaunch [0x7f121] in libcudart.so.12
=========         Host Frame: gpuxtb::detail::cuda::Gfn2EigensolverCompactedSolveGraph::launch(CUstream_st*) const [0x6126a] in gpuxtb_cuda_eigensolver_test
=========         Host Frame: (anonymous namespace)::enqueue_compacted((anonymous namespace)::DeviceFixture&, gpuxtb::detail::cuda::Gfn2EigensolverCompactedSolveGraph const&) [0x16273d] in gpuxtb_cuda_eigensolver_test
=========         Host Frame: (anonymous namespace)::run_compaction_profile(long, bool, long, int) [0x174ed2] in gpuxtb_cuda_eigensolver_test
=========         Host Frame: main [0x8c3e] in gpuxtb_cuda_eigensolver_test
=========
========= Barrier error detected. Divergent thread(s) in warp.
=========     at void batch_trsm_left_kernel<double, (int)64, (int)4, (int)3, (bool)0, (bool)0, (bool)0>(cublasTrsmBatchParams2<T1>, T1, const T1 *, int)+0x510
=========     by thread (52,0,0) in block (0,0,0)
=========     Saved host backtrace up to driver entry point at kernel launch time
=========         Host Frame: cuGraphLaunch [0x39f98f] in libcuda.so.1
=========         Host Frame:  [0x216ca] in libcudart.so.12
=========         Host Frame: cudaGraphLaunch [0x7f121] in libcudart.so.12
=========         Host Frame: gpuxtb::detail::cuda::Gfn2EigensolverCompactedSolveGraph::launch(CUstream_st*) const [0x6126a] in gpuxtb_cuda_eigensolver_test
=========         Host Frame: (anonymous namespace)::enqueue_compacted((anonymous namespace)::DeviceFixture&, gpuxtb::detail::cuda::Gfn2EigensolverCompactedSolveGraph const&) [0x16273d] in gpuxtb_cuda_eigensolver_test
=========         Host Frame: (anonymous namespace)::run_compaction_profile(long, bool, long, int) [0x174ed2] in gpuxtb_cuda_eigensolver_test
=========         Host Frame: main [0x8c3e] in gpuxtb_cuda_eigensolver_test
=========
========= Barrier error detected. Divergent thread(s) in warp.
=========     at void batch_trsm_left_kernel<double, (int)64, (int)4, (int)3, (bool)0, (bool)0, (bool)0>(cublasTrsmBatchParams2<T1>, T1, const T1 *, int)+0x510
=========     by thread (53,0,0) in block (0,0,0)
=========     Saved host backtrace up to driver entry point at kernel launch time
=========         Host Frame: cuGraphLaunch [0x39f98f] in libcuda.so.1
=========         Host Frame:  [0x216ca] in libcudart.so.12
=========         Host Frame: cudaGraphLaunch [0x7f121] in libcudart.so.12
=========         Host Frame: gpuxtb::detail::cuda::Gfn2EigensolverCompactedSolveGraph::launch(CUstream_st*) const [0x6126a] in gpuxtb_cuda_eigensolver_test
=========         Host Frame: (anonymous namespace)::enqueue_compacted((anonymous namespace)::DeviceFixture&, gpuxtb::detail::cuda::Gfn2EigensolverCompactedSolveGraph const&) [0x16273d] in gpuxtb_cuda_eigensolver_test
=========         Host Frame: (anonymous namespace)::run_compaction_profile(long, bool, long, int) [0x174ed2] in gpuxtb_cuda_eigensolver_test
=========         Host Frame: main [0x8c3e] in gpuxtb_cuda_eigensolver_test
=========
========= Barrier error detected. Divergent thread(s) in warp.
=========     at void batch_trsm_left_kernel<double, (int)64, (int)4, (int)3, (bool)0, (bool)0, (bool)0>(cublasTrsmBatchParams2<T1>, T1, const T1 *, int)+0x510
=========     by thread (54,0,0) in block (0,0,0)
=========     Saved host backtrace up to driver entry point at kernel launch time
=========         Host Frame: cuGraphLaunch [0x39f98f] in libcuda.so.1
=========         Host Frame:  [0x216ca] in libcudart.so.12
=========         Host Frame: cudaGraphLaunch [0x7f121] in libcudart.so.12
=========         Host Frame: gpuxtb::detail::cuda::Gfn2EigensolverCompactedSolveGraph::launch(CUstream_st*) const [0x6126a] in gpuxtb_cuda_eigensolver_test
=========         Host Frame: (anonymous namespace)::enqueue_compacted((anonymous namespace)::DeviceFixture&, gpuxtb::detail::cuda::Gfn2EigensolverCompactedSolveGraph const&) [0x16273d] in gpuxtb_cuda_eigensolver_test
=========         Host Frame: (anonymous namespace)::run_compaction_profile(long, bool, long, int) [0x174ed2] in gpuxtb_cuda_eigensolver_test
=========         Host Frame: main [0x8c3e] in gpuxtb_cuda_eigensolver_test
=========
========= Barrier error detected. Divergent thread(s) in warp.
=========     at void batch_trsm_left_kernel<double, (int)64, (int)4, (int)3, (bool)0, (bool)0, (bool)0>(cublasTrsmBatchParams2<T1>, T1, const T1 *, int)+0x510
=========     by thread (55,0,0) in block (0,0,0)
=========     Saved host backtrace up to driver entry point at kernel launch time
=========         Host Frame: cuGraphLaunch [0x39f98f] in libcuda.so.1
=========         Host Frame:  [0x216ca] in libcudart.so.12
=========         Host Frame: cudaGraphLaunch [0x7f121] in libcudart.so.12
=========         Host Frame: gpuxtb::detail::cuda::Gfn2EigensolverCompactedSolveGraph::launch(CUstream_st*) const [0x6126a] in gpuxtb_cuda_eigensolver_test
=========         Host Frame: (anonymous namespace)::enqueue_compacted((anonymous namespace)::DeviceFixture&, gpuxtb::detail::cuda::Gfn2EigensolverCompactedSolveGraph const&) [0x16273d] in gpuxtb_cuda_eigensolver_test
=========         Host Frame: (anonymous namespace)::run_compaction_profile(long, bool, long, int) [0x174ed2] in gpuxtb_cuda_eigensolver_test
=========         Host Frame: main [0x8c3e] in gpuxtb_cuda_eigensolver_test
=========
========= Barrier error detected. Divergent thread(s) in warp.
=========     at void batch_trsm_left_kernel<double, (int)64, (int)4, (int)3, (bool)0, (bool)0, (bool)0>(cublasTrsmBatchParams2<T1>, T1, const T1 *, int)+0x510
=========     by thread (56,0,0) in block (0,0,0)
=========     Saved host backtrace up to driver entry point at kernel launch time
=========         Host Frame: cuGraphLaunch [0x39f98f] in libcuda.so.1
=========         Host Frame:  [0x216ca] in libcudart.so.12
=========         Host Frame: cudaGraphLaunch [0x7f121] in libcudart.so.12
=========         Host Frame: gpuxtb::detail::cuda::Gfn2EigensolverCompactedSolveGraph::launch(CUstream_st*) const [0x6126a] in gpuxtb_cuda_eigensolver_test
=========         Host Frame: (anonymous namespace)::enqueue_compacted((anonymous namespace)::DeviceFixture&, gpuxtb::detail::cuda::Gfn2EigensolverCompactedSolveGraph const&) [0x16273d] in gpuxtb_cuda_eigensolver_test
=========         Host Frame: (anonymous namespace)::run_compaction_profile(long, bool, long, int) [0x174ed2] in gpuxtb_cuda_eigensolver_test
=========         Host Frame: main [0x8c3e] in gpuxtb_cuda_eigensolver_test
=========
========= Barrier error detected. Divergent thread(s) in warp.
=========     at void batch_trsm_left_kernel<double, (int)64, (int)4, (int)3, (bool)0, (bool)0, (bool)0>(cublasTrsmBatchParams2<T1>, T1, const T1 *, int)+0x510
=========     by thread (57,0,0) in block (0,0,0)
=========     Saved host backtrace up to driver entry point at kernel launch time
=========         Host Frame: cuGraphLaunch [0x39f98f] in libcuda.so.1
=========         Host Frame:  [0x216ca] in libcudart.so.12
=========         Host Frame: cudaGraphLaunch [0x7f121] in libcudart.so.12
=========         Host Frame: gpuxtb::detail::cuda::Gfn2EigensolverCompactedSolveGraph::launch(CUstream_st*) const [0x6126a] in gpuxtb_cuda_eigensolver_test
=========         Host Frame: (anonymous namespace)::enqueue_compacted((anonymous namespace)::DeviceFixture&, gpuxtb::detail::cuda::Gfn2EigensolverCompactedSolveGraph const&) [0x16273d] in gpuxtb_cuda_eigensolver_test
=========         Host Frame: (anonymous namespace)::run_compaction_profile(long, bool, long, int) [0x174ed2] in gpuxtb_cuda_eigensolver_test
=========         Host Frame: main [0x8c3e] in gpuxtb_cuda_eigensolver_test
=========
========= Barrier error detected. Divergent thread(s) in warp.
=========     at void batch_trsm_left_kernel<double, (int)64, (int)4, (int)3, (bool)0, (bool)0, (bool)0>(cublasTrsmBatchParams2<T1>, T1, const T1 *, int)+0x510
=========     by thread (58,0,0) in block (0,0,0)
=========     Saved host backtrace up to driver entry point at kernel launch time
=========         Host Frame: cuGraphLaunch [0x39f98f] in libcuda.so.1
=========         Host Frame:  [0x216ca] in libcudart.so.12
=========         Host Frame: cudaGraphLaunch [0x7f121] in libcudart.so.12
=========         Host Frame: gpuxtb::detail::cuda::Gfn2EigensolverCompactedSolveGraph::launch(CUstream_st*) const [0x6126a] in gpuxtb_cuda_eigensolver_test
=========         Host Frame: (anonymous namespace)::enqueue_compacted((anonymous namespace)::DeviceFixture&, gpuxtb::detail::cuda::Gfn2EigensolverCompactedSolveGraph const&) [0x16273d] in gpuxtb_cuda_eigensolver_test
=========         Host Frame: (anonymous namespace)::run_compaction_profile(long, bool, long, int) [0x174ed2] in gpuxtb_cuda_eigensolver_test
=========         Host Frame: main [0x8c3e] in gpuxtb_cuda_eigensolver_test
=========
========= Barrier error detected. Divergent thread(s) in warp.
=========     at void batch_trsm_left_kernel<double, (int)64, (int)4, (int)3, (bool)0, (bool)0, (bool)0>(cublasTrsmBatchParams2<T1>, T1, const T1 *, int)+0x510
=========     by thread (59,0,0) in block (0,0,0)
=========     Saved host backtrace up to driver entry point at kernel launch time
=========         Host Frame: cuGraphLaunch [0x39f98f] in libcuda.so.1
=========         Host Frame:  [0x216ca] in libcudart.so.12
=========         Host Frame: cudaGraphLaunch [0x7f121] in libcudart.so.12
=========         Host Frame: gpuxtb::detail::cuda::Gfn2EigensolverCompactedSolveGraph::launch(CUstream_st*) const [0x6126a] in gpuxtb_cuda_eigensolver_test
=========         Host Frame: (anonymous namespace)::enqueue_compacted((anonymous namespace)::DeviceFixture&, gpuxtb::detail::cuda::Gfn2EigensolverCompactedSolveGraph const&) [0x16273d] in gpuxtb_cuda_eigensolver_test
=========         Host Frame: (anonymous namespace)::run_compaction_profile(long, bool, long, int) [0x174ed2] in gpuxtb_cuda_eigensolver_test
=========         Host Frame: main [0x8c3e] in gpuxtb_cuda_eigensolver_test
=========
========= Barrier error detected. Divergent thread(s) in warp.
=========     at void batch_trsm_left_kernel<double, (int)64, (int)4, (int)3, (bool)0, (bool)0, (bool)0>(cublasTrsmBatchParams2<T1>, T1, const T1 *, int)+0x510
=========     by thread (60,0,0) in block (0,0,0)
=========     Saved host backtrace up to driver entry point at kernel launch time
=========         Host Frame: cuGraphLaunch [0x39f98f] in libcuda.so.1
=========         Host Frame:  [0x216ca] in libcudart.so.12
=========         Host Frame: cudaGraphLaunch [0x7f121] in libcudart.so.12
=========         Host Frame: gpuxtb::detail::cuda::Gfn2EigensolverCompactedSolveGraph::launch(CUstream_st*) const [0x6126a] in gpuxtb_cuda_eigensolver_test
=========         Host Frame: (anonymous namespace)::enqueue_compacted((anonymous namespace)::DeviceFixture&, gpuxtb::detail::cuda::Gfn2EigensolverCompactedSolveGraph const&) [0x16273d] in gpuxtb_cuda_eigensolver_test
=========         Host Frame: (anonymous namespace)::run_compaction_profile(long, bool, long, int) [0x174ed2] in gpuxtb_cuda_eigensolver_test
=========         Host Frame: main [0x8c3e] in gpuxtb_cuda_eigensolver_test
=========
========= Barrier error detected. Divergent thread(s) in warp.
=========     at void batch_trsm_left_kernel<double, (int)64, (int)4, (int)3, (bool)0, (bool)0, (bool)0>(cublasTrsmBatchParams2<T1>, T1, const T1 *, int)+0x510
=========     by thread (61,0,0) in block (0,0,0)
=========     Saved host backtrace up to driver entry point at kernel launch time
=========         Host Frame: cuGraphLaunch [0x39f98f] in libcuda.so.1
=========         Host Frame:  [0x216ca] in libcudart.so.12
=========         Host Frame: cudaGraphLaunch [0x7f121] in libcudart.so.12
=========         Host Frame: gpuxtb::detail::cuda::Gfn2EigensolverCompactedSolveGraph::launch(CUstream_st*) const [0x6126a] in gpuxtb_cuda_eigensolver_test
=========         Host Frame: (anonymous namespace)::enqueue_compacted((anonymous namespace)::DeviceFixture&, gpuxtb::detail::cuda::Gfn2EigensolverCompactedSolveGraph const&) [0x16273d] in gpuxtb_cuda_eigensolver_test
=========         Host Frame: (anonymous namespace)::run_compaction_profile(long, bool, long, int) [0x174ed2] in gpuxtb_cuda_eigensolver_test
=========         Host Frame: main [0x8c3e] in gpuxtb_cuda_eigensolver_test
=========
========= Barrier error detected. Divergent thread(s) in warp.
=========     at void batch_trsm_left_kernel<double, (int)64, (int)4, (int)3, (bool)0, (bool)0, (bool)0>(cublasTrsmBatchParams2<T1>, T1, const T1 *, int)+0x510
=========     by thread (62,0,0) in block (0,0,0)
=========     Saved host backtrace up to driver entry point at kernel launch time
=========         Host Frame: cuGraphLaunch [0x39f98f] in libcuda.so.1
=========         Host Frame:  [0x216ca] in libcudart.so.12
=========         Host Frame: cudaGraphLaunch [0x7f121] in libcudart.so.12
=========         Host Frame: gpuxtb::detail::cuda::Gfn2EigensolverCompactedSolveGraph::launch(CUstream_st*) const [0x6126a] in gpuxtb_cuda_eigensolver_test
=========         Host Frame: (anonymous namespace)::enqueue_compacted((anonymous namespace)::DeviceFixture&, gpuxtb::detail::cuda::Gfn2EigensolverCompactedSolveGraph const&) [0x16273d] in gpuxtb_cuda_eigensolver_test
=========         Host Frame: (anonymous namespace)::run_compaction_profile(long, bool, long, int) [0x174ed2] in gpuxtb_cuda_eigensolver_test
=========         Host Frame: main [0x8c3e] in gpuxtb_cuda_eigensolver_test
=========
========= Barrier error detected. Divergent thread(s) in warp.
=========     at void batch_trsm_left_kernel<double, (int)64, (int)4, (int)3, (bool)0, (bool)0, (bool)0>(cublasTrsmBatchParams2<T1>, T1, const T1 *, int)+0x510
=========     by thread (63,0,0) in block (0,0,0)
=========     Saved host backtrace up to driver entry point at kernel launch time
=========         Host Frame: cuGraphLaunch [0x39f98f] in libcuda.so.1
=========         Host Frame:  [0x216ca] in libcudart.so.12
=========         Host Frame: cudaGraphLaunch [0x7f121] in libcudart.so.12
=========         Host Frame: gpuxtb::detail::cuda::Gfn2EigensolverCompactedSolveGraph::launch(CUstream_st*) const [0x6126a] in gpuxtb_cuda_eigensolver_test
=========         Host Frame: (anonymous namespace)::enqueue_compacted((anonymous namespace)::DeviceFixture&, gpuxtb::detail::cuda::Gfn2EigensolverCompactedSolveGraph const&) [0x16273d] in gpuxtb_cuda_eigensolver_test
=========         Host Frame: (anonymous namespace)::run_compaction_profile(long, bool, long, int) [0x174ed2] in gpuxtb_cuda_eigensolver_test
=========         Host Frame: main [0x8c3e] in gpuxtb_cuda_eigensolver_test
=========
========= Barrier error detected. Divergent thread(s) in warp.
=========     at void batch_trsm_left_kernel<double, (int)64, (int)4, (int)3, (bool)0, (bool)0, (bool)0>(cublasTrsmBatchParams2<T1>, T1, const T1 *, int)+0x510
=========     by thread (0,1,0) in block (0,0,0)
=========     Saved host backtrace up to driver entry point at kernel launch time
=========         Host Frame: cuGraphLaunch [0x39f98f] in libcuda.so.1
=========         Host Frame:  [0x216ca] in libcudart.so.12
=========         Host Frame: cudaGraphLaunch [0x7f121] in libcudart.so.12
=========         Host Frame: gpuxtb::detail::cuda::Gfn2EigensolverCompactedSolveGraph::launch(CUstream_st*) const [0x6126a] in gpuxtb_cuda_eigensolver_test
=========         Host Frame: (anonymous namespace)::enqueue_compacted((anonymous namespace)::DeviceFixture&, gpuxtb::detail::cuda::Gfn2EigensolverCompactedSolveGraph const&) [0x16273d] in gpuxtb_cuda_eigensolver_test
=========         Host Frame: (anonymous namespace)::run_compaction_profile(long, bool, long, int) [0x174ed2] in gpuxtb_cuda_eigensolver_test
=========         Host Frame: main [0x8c3e] in gpuxtb_cuda_eigensolver_test
=========
========= Barrier error detected. Divergent thread(s) in warp.
=========     at void batch_trsm_left_kernel<double, (int)64, (int)4, (int)3, (bool)0, (bool)0, (bool)0>(cublasTrsmBatchParams2<T1>, T1, const T1 *, int)+0x510
=========     by thread (1,1,0) in block (0,0,0)
=========     Saved host backtrace up to driver entry point at kernel launch time
=========         Host Frame: cuGraphLaunch [0x39f98f] in libcuda.so.1
=========         Host Frame:  [0x216ca] in libcudart.so.12
=========         Host Frame: cudaGraphLaunch [0x7f121] in libcudart.so.12
=========         Host Frame: gpuxtb::detail::cuda::Gfn2EigensolverCompactedSolveGraph::launch(CUstream_st*) const [0x6126a] in gpuxtb_cuda_eigensolver_test
=========         Host Frame: (anonymous namespace)::enqueue_compacted((anonymous namespace)::DeviceFixture&, gpuxtb::detail::cuda::Gfn2EigensolverCompactedSolveGraph const&) [0x16273d] in gpuxtb_cuda_eigensolver_test
=========         Host Frame: (anonymous namespace)::run_compaction_profile(long, bool, long, int) [0x174ed2] in gpuxtb_cuda_eigensolver_test
=========         Host Frame: main [0x8c3e] in gpuxtb_cuda_eigensolver_test
=========
========= Barrier error detected. Divergent thread(s) in warp.
=========     at void batch_trsm_left_kernel<double, (int)64, (int)4, (int)3, (bool)0, (bool)0, (bool)0>(cublasTrsmBatchParams2<T1>, T1, const T1 *, int)+0x510
=========     by thread (2,1,0) in block (0,0,0)
=========     Saved host backtrace up to driver entry point at kernel launch time
=========         Host Frame: cuGraphLaunch [0x39f98f] in libcuda.so.1
=========         Host Frame:  [0x216ca] in libcudart.so.12
=========         Host Frame: cudaGraphLaunch [0x7f121] in libcudart.so.12
=========         Host Frame: gpuxtb::detail::cuda::Gfn2EigensolverCompactedSolveGraph::launch(CUstream_st*) const [0x6126a] in gpuxtb_cuda_eigensolver_test
=========         Host Frame: (anonymous namespace)::enqueue_compacted((anonymous namespace)::DeviceFixture&, gpuxtb::detail::cuda::Gfn2EigensolverCompactedSolveGraph const&) [0x16273d] in gpuxtb_cuda_eigensolver_test
=========         Host Frame: (anonymous namespace)::run_compaction_profile(long, bool, long, int) [0x174ed2] in gpuxtb_cuda_eigensolver_test
=========         Host Frame: main [0x8c3e] in gpuxtb_cuda_eigensolver_test
=========
========= Barrier error detected. Divergent thread(s) in warp.
=========     at void batch_trsm_left_kernel<double, (int)64, (int)4, (int)3, (bool)0, (bool)0, (bool)0>(cublasTrsmBatchParams2<T1>, T1, const T1 *, int)+0x510
=========     by thread (3,1,0) in block (0,0,0)
=========     Saved host backtrace up to driver entry point at kernel launch time
=========         Host Frame: cuGraphLaunch [0x39f98f] in libcuda.so.1
=========         Host Frame:  [0x216ca] in libcudart.so.12
=========         Host Frame: cudaGraphLaunch [0x7f121] in libcudart.so.12
=========         Host Frame: gpuxtb::detail::cuda::Gfn2EigensolverCompactedSolveGraph::launch(CUstream_st*) const [0x6126a] in gpuxtb_cuda_eigensolver_test
=========         Host Frame: (anonymous namespace)::enqueue_compacted((anonymous namespace)::DeviceFixture&, gpuxtb::detail::cuda::Gfn2EigensolverCompactedSolveGraph const&) [0x16273d] in gpuxtb_cuda_eigensolver_test
=========         Host Frame: (anonymous namespace)::run_compaction_profile(long, bool, long, int) [0x174ed2] in gpuxtb_cuda_eigensolver_test
=========         Host Frame: main [0x8c3e] in gpuxtb_cuda_eigensolver_test
=========
========= Barrier error detected. Divergent thread(s) in warp.
=========     at void batch_trsm_left_kernel<double, (int)64, (int)4, (int)3, (bool)0, (bool)0, (bool)0>(cublasTrsmBatchParams2<T1>, T1, const T1 *, int)+0x510
=========     by thread (4,1,0) in block (0,0,0)
=========     Saved host backtrace up to driver entry point at kernel launch time
=========         Host Frame: cuGraphLaunch [0x39f98f] in libcuda.so.1
=========         Host Frame:  [0x216ca] in libcudart.so.12
=========         Host Frame: cudaGraphLaunch [0x7f121] in libcudart.so.12
=========         Host Frame: gpuxtb::detail::cuda::Gfn2EigensolverCompactedSolveGraph::launch(CUstream_st*) const [0x6126a] in gpuxtb_cuda_eigensolver_test
=========         Host Frame: (anonymous namespace)::enqueue_compacted((anonymous namespace)::DeviceFixture&, gpuxtb::detail::cuda::Gfn2EigensolverCompactedSolveGraph const&) [0x16273d] in gpuxtb_cuda_eigensolver_test
=========         Host Frame: (anonymous namespace)::run_compaction_profile(long, bool, long, int) [0x174ed2] in gpuxtb_cuda_eigensolver_test
=========         Host Frame: main [0x8c3e] in gpuxtb_cuda_eigensolver_test
=========
========= Barrier error detected. Divergent thread(s) in warp.
=========     at void batch_trsm_left_kernel<double, (int)64, (int)4, (int)3, (bool)0, (bool)0, (bool)0>(cublasTrsmBatchParams2<T1>, T1, const T1 *, int)+0x510
=========     by thread (5,1,0) in block (0,0,0)
=========     Saved host backtrace up to driver entry point at kernel launch time
=========         Host Frame: cuGraphLaunch [0x39f98f] in libcuda.so.1
=========         Host Frame:  [0x216ca] in libcudart.so.12
=========         Host Frame: cudaGraphLaunch [0x7f121] in libcudart.so.12
=========         Host Frame: gpuxtb::detail::cuda::Gfn2EigensolverCompactedSolveGraph::launch(CUstream_st*) const [0x6126a] in gpuxtb_cuda_eigensolver_test
=========         Host Frame: (anonymous namespace)::enqueue_compacted((anonymous namespace)::DeviceFixture&, gpuxtb::detail::cuda::Gfn2EigensolverCompactedSolveGraph const&) [0x16273d] in gpuxtb_cuda_eigensolver_test
=========         Host Frame: (anonymous namespace)::run_compaction_profile(long, bool, long, int) [0x174ed2] in gpuxtb_cuda_eigensolver_test
=========         Host Frame: main [0x8c3e] in gpuxtb_cuda_eigensolver_test
=========
========= Barrier error detected. Divergent thread(s) in warp.
=========     at void batch_trsm_left_kernel<double, (int)64, (int)4, (int)3, (bool)0, (bool)0, (bool)0>(cublasTrsmBatchParams2<T1>, T1, const T1 *, int)+0x510
=========     by thread (6,1,0) in block (0,0,0)
=========     Saved host backtrace up to driver entry point at kernel launch time
=========         Host Frame: cuGraphLaunch [0x39f98f] in libcuda.so.1
=========         Host Frame:  [0x216ca] in libcudart.so.12
=========         Host Frame: cudaGraphLaunch [0x7f121] in libcudart.so.12
=========         Host Frame: gpuxtb::detail::cuda::Gfn2EigensolverCompactedSolveGraph::launch(CUstream_st*) const [0x6126a] in gpuxtb_cuda_eigensolver_test
=========         Host Frame: (anonymous namespace)::enqueue_compacted((anonymous namespace)::DeviceFixture&, gpuxtb::detail::cuda::Gfn2EigensolverCompactedSolveGraph const&) [0x16273d] in gpuxtb_cuda_eigensolver_test
=========         Host Frame: (anonymous namespace)::run_compaction_profile(long, bool, long, int) [0x174ed2] in gpuxtb_cuda_eigensolver_test
=========         Host Frame: main [0x8c3e] in gpuxtb_cuda_eigensolver_test
=========
========= Barrier error detected. Divergent thread(s) in warp.
=========     at void batch_trsm_left_kernel<double, (int)64, (int)4, (int)3, (bool)0, (bool)0, (bool)0>(cublasTrsmBatchParams2<T1>, T1, const T1 *, int)+0x510
=========     by thread (7,1,0) in block (0,0,0)
=========     Saved host backtrace up to driver entry point at kernel launch time
=========         Host Frame: cuGraphLaunch [0x39f98f] in libcuda.so.1
=========         Host Frame:  [0x216ca] in libcudart.so.12
=========         Host Frame: cudaGraphLaunch [0x7f121] in libcudart.so.12
=========         Host Frame: gpuxtb::detail::cuda::Gfn2EigensolverCompactedSolveGraph::launch(CUstream_st*) const [0x6126a] in gpuxtb_cuda_eigensolver_test
=========         Host Frame: (anonymous namespace)::enqueue_compacted((anonymous namespace)::DeviceFixture&, gpuxtb::detail::cuda::Gfn2EigensolverCompactedSolveGraph const&) [0x16273d] in gpuxtb_cuda_eigensolver_test
=========         Host Frame: (anonymous namespace)::run_compaction_profile(long, bool, long, int) [0x174ed2] in gpuxtb_cuda_eigensolver_test
=========         Host Frame: main [0x8c3e] in gpuxtb_cuda_eigensolver_test
=========
========= Barrier error detected. Divergent thread(s) in warp.
=========     at void batch_trsm_left_kernel<double, (int)64, (int)4, (int)3, (bool)0, (bool)0, (bool)0>(cublasTrsmBatchParams2<T1>, T1, const T1 *, int)+0x510
=========     by thread (8,1,0) in block (0,0,0)
=========     Saved host backtrace up to driver entry point at kernel launch time
=========         Host Frame: cuGraphLaunch [0x39f98f] in libcuda.so.1
=========         Host Frame:  [0x216ca] in libcudart.so.12
=========         Host Frame: cudaGraphLaunch [0x7f121] in libcudart.so.12
=========         Host Frame: gpuxtb::detail::cuda::Gfn2EigensolverCompactedSolveGraph::launch(CUstream_st*) const [0x6126a] in gpuxtb_cuda_eigensolver_test
=========         Host Frame: (anonymous namespace)::enqueue_compacted((anonymous namespace)::DeviceFixture&, gpuxtb::detail::cuda::Gfn2EigensolverCompactedSolveGraph const&) [0x16273d] in gpuxtb_cuda_eigensolver_test
=========         Host Frame: (anonymous namespace)::run_compaction_profile(long, bool, long, int) [0x174ed2] in gpuxtb_cuda_eigensolver_test
=========         Host Frame: main [0x8c3e] in gpuxtb_cuda_eigensolver_test
=========
========= Barrier error detected. Divergent thread(s) in warp.
=========     at void batch_trsm_left_kernel<double, (int)64, (int)4, (int)3, (bool)0, (bool)0, (bool)0>(cublasTrsmBatchParams2<T1>, T1, const T1 *, int)+0x510
=========     by thread (9,1,0) in block (0,0,0)
=========     Saved host backtrace up to driver entry point at kernel launch time
=========         Host Frame: cuGraphLaunch [0x39f98f] in libcuda.so.1
=========         Host Frame:  [0x216ca] in libcudart.so.12
=========         Host Frame: cudaGraphLaunch [0x7f121] in libcudart.so.12
=========         Host Frame: gpuxtb::detail::cuda::Gfn2EigensolverCompactedSolveGraph::launch(CUstream_st*) const [0x6126a] in gpuxtb_cuda_eigensolver_test
=========         Host Frame: (anonymous namespace)::enqueue_compacted((anonymous namespace)::DeviceFixture&, gpuxtb::detail::cuda::Gfn2EigensolverCompactedSolveGraph const&) [0x16273d] in gpuxtb_cuda_eigensolver_test
=========         Host Frame: (anonymous namespace)::run_compaction_profile(long, bool, long, int) [0x174ed2] in gpuxtb_cuda_eigensolver_test
=========         Host Frame: main [0x8c3e] in gpuxtb_cuda_eigensolver_test
=========
========= Barrier error detected. Divergent thread(s) in warp.
=========     at void batch_trsm_left_kernel<double, (int)64, (int)4, (int)3, (bool)0, (bool)0, (bool)0>(cublasTrsmBatchParams2<T1>, T1, const T1 *, int)+0x510
=========     by thread (10,1,0) in block (0,0,0)
=========     Saved host backtrace up to driver entry point at kernel launch time
=========         Host Frame: cuGraphLaunch [0x39f98f] in libcuda.so.1
=========         Host Frame:  [0x216ca] in libcudart.so.12
=========         Host Frame: cudaGraphLaunch [0x7f121] in libcudart.so.12
=========         Host Frame: gpuxtb::detail::cuda::Gfn2EigensolverCompactedSolveGraph::launch(CUstream_st*) const [0x6126a] in gpuxtb_cuda_eigensolver_test
=========         Host Frame: (anonymous namespace)::enqueue_compacted((anonymous namespace)::DeviceFixture&, gpuxtb::detail::cuda::Gfn2EigensolverCompactedSolveGraph const&) [0x16273d] in gpuxtb_cuda_eigensolver_test
=========         Host Frame: (anonymous namespace)::run_compaction_profile(long, bool, long, int) [0x174ed2] in gpuxtb_cuda_eigensolver_test
=========         Host Frame: main [0x8c3e] in gpuxtb_cuda_eigensolver_test
=========
========= Barrier error detected. Divergent thread(s) in warp.
=========     at void batch_trsm_left_kernel<double, (int)64, (int)4, (int)3, (bool)0, (bool)0, (bool)0>(cublasTrsmBatchParams2<T1>, T1, const T1 *, int)+0x510
=========     by thread (11,1,0) in block (0,0,0)
=========     Saved host backtrace up to driver entry point at kernel launch time
=========         Host Frame: cuGraphLaunch [0x39f98f] in libcuda.so.1
=========         Host Frame:  [0x216ca] in libcudart.so.12
=========         Host Frame: cudaGraphLaunch [0x7f121] in libcudart.so.12
=========         Host Frame: gpuxtb::detail::cuda::Gfn2EigensolverCompactedSolveGraph::launch(CUstream_st*) const [0x6126a] in gpuxtb_cuda_eigensolver_test
=========         Host Frame: (anonymous namespace)::enqueue_compacted((anonymous namespace)::DeviceFixture&, gpuxtb::detail::cuda::Gfn2EigensolverCompactedSolveGraph const&) [0x16273d] in gpuxtb_cuda_eigensolver_test
=========         Host Frame: (anonymous namespace)::run_compaction_profile(long, bool, long, int) [0x174ed2] in gpuxtb_cuda_eigensolver_test
=========         Host Frame: main [0x8c3e] in gpuxtb_cuda_eigensolver_test
=========
========= Barrier error detected. Divergent thread(s) in warp.
=========     at void batch_trsm_left_kernel<double, (int)64, (int)4, (int)3, (bool)0, (bool)0, (bool)0>(cublasTrsmBatchParams2<T1>, T1, const T1 *, int)+0x510
=========     by thread (12,1,0) in block (0,0,0)
=========     Saved host backtrace up to driver entry point at kernel launch time
=========         Host Frame: cuGraphLaunch [0x39f98f] in libcuda.so.1
=========         Host Frame:  [0x216ca] in libcudart.so.12
=========         Host Frame: cudaGraphLaunch [0x7f121] in libcudart.so.12
=========         Host Frame: gpuxtb::detail::cuda::Gfn2EigensolverCompactedSolveGraph::launch(CUstream_st*) const [0x6126a] in gpuxtb_cuda_eigensolver_test
=========         Host Frame: (anonymous namespace)::enqueue_compacted((anonymous namespace)::DeviceFixture&, gpuxtb::detail::cuda::Gfn2EigensolverCompactedSolveGraph const&) [0x16273d] in gpuxtb_cuda_eigensolver_test
=========         Host Frame: (anonymous namespace)::run_compaction_profile(long, bool, long, int) [0x174ed2] in gpuxtb_cuda_eigensolver_test
=========         Host Frame: main [0x8c3e] in gpuxtb_cuda_eigensolver_test
=========
========= Barrier error detected. Divergent thread(s) in warp.
=========     at void batch_trsm_left_kernel<double, (int)64, (int)4, (int)3, (bool)0, (bool)0, (bool)0>(cublasTrsmBatchParams2<T1>, T1, const T1 *, int)+0x510
=========     by thread (13,1,0) in block (0,0,0)
=========     Saved host backtrace up to driver entry point at kernel launch time
=========         Host Frame: cuGraphLaunch [0x39f98f] in libcuda.so.1
=========         Host Frame:  [0x216ca] in libcudart.so.12
=========         Host Frame: cudaGraphLaunch [0x7f121] in libcudart.so.12
=========         Host Frame: gpuxtb::detail::cuda::Gfn2EigensolverCompactedSolveGraph::launch(CUstream_st*) const [0x6126a] in gpuxtb_cuda_eigensolver_test
=========         Host Frame: (anonymous namespace)::enqueue_compacted((anonymous namespace)::DeviceFixture&, gpuxtb::detail::cuda::Gfn2EigensolverCompactedSolveGraph const&) [0x16273d] in gpuxtb_cuda_eigensolver_test
=========         Host Frame: (anonymous namespace)::run_compaction_profile(long, bool, long, int) [0x174ed2] in gpuxtb_cuda_eigensolver_test
=========         Host Frame: main [0x8c3e] in gpuxtb_cuda_eigensolver_test
=========
========= Barrier error detected. Divergent thread(s) in warp.
=========     at void batch_trsm_left_kernel<double, (int)64, (int)4, (int)3, (bool)0, (bool)0, (bool)0>(cublasTrsmBatchParams2<T1>, T1, const T1 *, int)+0x510
=========     by thread (14,1,0) in block (0,0,0)
=========     Saved host backtrace up to driver entry point at kernel launch time
=========         Host Frame: cuGraphLaunch [0x39f98f] in libcuda.so.1
=========         Host Frame:  [0x216ca] in libcudart.so.12
=========         Host Frame: cudaGraphLaunch [0x7f121] in libcudart.so.12
=========         Host Frame: gpuxtb::detail::cuda::Gfn2EigensolverCompactedSolveGraph::launch(CUstream_st*) const [0x6126a] in gpuxtb_cuda_eigensolver_test
=========         Host Frame: (anonymous namespace)::enqueue_compacted((anonymous namespace)::DeviceFixture&, gpuxtb::detail::cuda::Gfn2EigensolverCompactedSolveGraph const&) [0x16273d] in gpuxtb_cuda_eigensolver_test
=========         Host Frame: (anonymous namespace)::run_compaction_profile(long, bool, long, int) [0x174ed2] in gpuxtb_cuda_eigensolver_test
=========         Host Frame: main [0x8c3e] in gpuxtb_cuda_eigensolver_test
=========
========= Barrier error detected. Divergent thread(s) in warp.
=========     at void batch_trsm_left_kernel<double, (int)64, (int)4, (int)3, (bool)0, (bool)0, (bool)0>(cublasTrsmBatchParams2<T1>, T1, const T1 *, int)+0x510
=========     by thread (15,1,0) in block (0,0,0)
=========     Saved host backtrace up to driver entry point at kernel launch time
=========         Host Frame: cuGraphLaunch [0x39f98f] in libcuda.so.1
=========         Host Frame:  [0x216ca] in libcudart.so.12
=========         Host Frame: cudaGraphLaunch [0x7f121] in libcudart.so.12
=========         Host Frame: gpuxtb::detail::cuda::Gfn2EigensolverCompactedSolveGraph::launch(CUstream_st*) const [0x6126a] in gpuxtb_cuda_eigensolver_test
=========         Host Frame: (anonymous namespace)::enqueue_compacted((anonymous namespace)::DeviceFixture&, gpuxtb::detail::cuda::Gfn2EigensolverCompactedSolveGraph const&) [0x16273d] in gpuxtb_cuda_eigensolver_test
=========         Host Frame: (anonymous namespace)::run_compaction_profile(long, bool, long, int) [0x174ed2] in gpuxtb_cuda_eigensolver_test
=========         Host Frame: main [0x8c3e] in gpuxtb_cuda_eigensolver_test
=========
========= Barrier error detected. Divergent thread(s) in warp.
=========     at void batch_trsm_left_kernel<double, (int)64, (int)4, (int)3, (bool)0, (bool)0, (bool)0>(cublasTrsmBatchParams2<T1>, T1, const T1 *, int)+0x510
=========     by thread (16,1,0) in block (0,0,0)
=========     Saved host backtrace up to driver entry point at kernel launch time
=========         Host Frame: cuGraphLaunch [0x39f98f] in libcuda.so.1
=========         Host Frame:  [0x216ca] in libcudart.so.12
=========         Host Frame: cudaGraphLaunch [0x7f121] in libcudart.so.12
=========         Host Frame: gpuxtb::detail::cuda::Gfn2EigensolverCompactedSolveGraph::launch(CUstream_st*) const [0x6126a] in gpuxtb_cuda_eigensolver_test
=========         Host Frame: (anonymous namespace)::enqueue_compacted((anonymous namespace)::DeviceFixture&, gpuxtb::detail::cuda::Gfn2EigensolverCompactedSolveGraph const&) [0x16273d] in gpuxtb_cuda_eigensolver_test
=========         Host Frame: (anonymous namespace)::run_compaction_profile(long, bool, long, int) [0x174ed2] in gpuxtb_cuda_eigensolver_test
=========         Host Frame: main [0x8c3e] in gpuxtb_cuda_eigensolver_test
=========
========= Barrier error detected. Divergent thread(s) in warp.
=========     at void batch_trsm_left_kernel<double, (int)64, (int)4, (int)3, (bool)0, (bool)0, (bool)0>(cublasTrsmBatchParams2<T1>, T1, const T1 *, int)+0x510
=========     by thread (17,1,0) in block (0,0,0)
=========     Saved host backtrace up to driver entry point at kernel launch time
=========         Host Frame: cuGraphLaunch [0x39f98f] in libcuda.so.1
=========         Host Frame:  [0x216ca] in libcudart.so.12
=========         Host Frame: cudaGraphLaunch [0x7f121] in libcudart.so.12
=========         Host Frame: gpuxtb::detail::cuda::Gfn2EigensolverCompactedSolveGraph::launch(CUstream_st*) const [0x6126a] in gpuxtb_cuda_eigensolver_test
=========         Host Frame: (anonymous namespace)::enqueue_compacted((anonymous namespace)::DeviceFixture&, gpuxtb::detail::cuda::Gfn2EigensolverCompactedSolveGraph const&) [0x16273d] in gpuxtb_cuda_eigensolver_test
=========         Host Frame: (anonymous namespace)::run_compaction_profile(long, bool, long, int) [0x174ed2] in gpuxtb_cuda_eigensolver_test
=========         Host Frame: main [0x8c3e] in gpuxtb_cuda_eigensolver_test
=========
========= Barrier error detected. Divergent thread(s) in warp.
=========     at void batch_trsm_left_kernel<double, (int)64, (int)4, (int)3, (bool)0, (bool)0, (bool)0>(cublasTrsmBatchParams2<T1>, T1, const T1 *, int)+0x510
=========     by thread (18,1,0) in block (0,0,0)
=========     Saved host backtrace up to driver entry point at kernel launch time
=========         Host Frame: cuGraphLaunch [0x39f98f] in libcuda.so.1
=========         Host Frame:  [0x216ca] in libcudart.so.12
=========         Host Frame: cudaGraphLaunch [0x7f121] in libcudart.so.12
=========         Host Frame: gpuxtb::detail::cuda::Gfn2EigensolverCompactedSolveGraph::launch(CUstream_st*) const [0x6126a] in gpuxtb_cuda_eigensolver_test
=========         Host Frame: (anonymous namespace)::enqueue_compacted((anonymous namespace)::DeviceFixture&, gpuxtb::detail::cuda::Gfn2EigensolverCompactedSolveGraph const&) [0x16273d] in gpuxtb_cuda_eigensolver_test
=========         Host Frame: (anonymous namespace)::run_compaction_profile(long, bool, long, int) [0x174ed2] in gpuxtb_cuda_eigensolver_test
=========         Host Frame: main [0x8c3e] in gpuxtb_cuda_eigensolver_test
=========
========= Barrier error detected. Divergent thread(s) in warp.
=========     at void batch_trsm_left_kernel<double, (int)64, (int)4, (int)3, (bool)0, (bool)0, (bool)0>(cublasTrsmBatchParams2<T1>, T1, const T1 *, int)+0x510
=========     by thread (19,1,0) in block (0,0,0)
=========     Saved host backtrace up to driver entry point at kernel launch time
=========         Host Frame: cuGraphLaunch [0x39f98f] in libcuda.so.1
=========         Host Frame:  [0x216ca] in libcudart.so.12
=========         Host Frame: cudaGraphLaunch [0x7f121] in libcudart.so.12
=========         Host Frame: gpuxtb::detail::cuda::Gfn2EigensolverCompactedSolveGraph::launch(CUstream_st*) const [0x6126a] in gpuxtb_cuda_eigensolver_test
=========         Host Frame: (anonymous namespace)::enqueue_compacted((anonymous namespace)::DeviceFixture&, gpuxtb::detail::cuda::Gfn2EigensolverCompactedSolveGraph const&) [0x16273d] in gpuxtb_cuda_eigensolver_test
=========         Host Frame: (anonymous namespace)::run_compaction_profile(long, bool, long, int) [0x174ed2] in gpuxtb_cuda_eigensolver_test
=========         Host Frame: main [0x8c3e] in gpuxtb_cuda_eigensolver_test
=========
========= Barrier error detected. Divergent thread(s) in warp.
=========     at void batch_trsm_left_kernel<double, (int)64, (int)4, (int)3, (bool)0, (bool)0, (bool)0>(cublasTrsmBatchParams2<T1>, T1, const T1 *, int)+0x510
=========     by thread (20,1,0) in block (0,0,0)
=========     Saved host backtrace up to driver entry point at kernel launch time
=========         Host Frame: cuGraphLaunch [0x39f98f] in libcuda.so.1
=========         Host Frame:  [0x216ca] in libcudart.so.12
=========         Host Frame: cudaGraphLaunch [0x7f121] in libcudart.so.12
=========         Host Frame: gpuxtb::detail::cuda::Gfn2EigensolverCompactedSolveGraph::launch(CUstream_st*) const [0x6126a] in gpuxtb_cuda_eigensolver_test
=========         Host Frame: (anonymous namespace)::enqueue_compacted((anonymous namespace)::DeviceFixture&, gpuxtb::detail::cuda::Gfn2EigensolverCompactedSolveGraph const&) [0x16273d] in gpuxtb_cuda_eigensolver_test
=========         Host Frame: (anonymous namespace)::run_compaction_profile(long, bool, long, int) [0x174ed2] in gpuxtb_cuda_eigensolver_test
=========         Host Frame: main [0x8c3e] in gpuxtb_cuda_eigensolver_test
=========
========= Barrier error detected. Divergent thread(s) in warp.
=========     at void batch_trsm_left_kernel<double, (int)64, (int)4, (int)3, (bool)0, (bool)0, (bool)0>(cublasTrsmBatchParams2<T1>, T1, const T1 *, int)+0x510
=========     by thread (21,1,0) in block (0,0,0)
=========     Saved host backtrace up to driver entry point at kernel launch time
=========         Host Frame: cuGraphLaunch [0x39f98f] in libcuda.so.1
=========         Host Frame:  [0x216ca] in libcudart.so.12
=========         Host Frame: cudaGraphLaunch [0x7f121] in libcudart.so.12
=========         Host Frame: gpuxtb::detail::cuda::Gfn2EigensolverCompactedSolveGraph::launch(CUstream_st*) const [0x6126a] in gpuxtb_cuda_eigensolver_test
=========         Host Frame: (anonymous namespace)::enqueue_compacted((anonymous namespace)::DeviceFixture&, gpuxtb::detail::cuda::Gfn2EigensolverCompactedSolveGraph const&) [0x16273d] in gpuxtb_cuda_eigensolver_test
=========         Host Frame: (anonymous namespace)::run_compaction_profile(long, bool, long, int) [0x174ed2] in gpuxtb_cuda_eigensolver_test
=========         Host Frame: main [0x8c3e] in gpuxtb_cuda_eigensolver_test
=========
========= Barrier error detected. Divergent thread(s) in warp.
=========     at void batch_trsm_left_kernel<double, (int)64, (int)4, (int)3, (bool)0, (bool)0, (bool)0>(cublasTrsmBatchParams2<T1>, T1, const T1 *, int)+0x510
=========     by thread (22,1,0) in block (0,0,0)
=========     Saved host backtrace up to driver entry point at kernel launch time
=========         Host Frame: cuGraphLaunch [0x39f98f] in libcuda.so.1
=========         Host Frame:  [0x216ca] in libcudart.so.12
=========         Host Frame: cudaGraphLaunch [0x7f121] in libcudart.so.12
=========         Host Frame: gpuxtb::detail::cuda::Gfn2EigensolverCompactedSolveGraph::launch(CUstream_st*) const [0x6126a] in gpuxtb_cuda_eigensolver_test
=========         Host Frame: (anonymous namespace)::enqueue_compacted((anonymous namespace)::DeviceFixture&, gpuxtb::detail::cuda::Gfn2EigensolverCompactedSolveGraph const&) [0x16273d] in gpuxtb_cuda_eigensolver_test
=========         Host Frame: (anonymous namespace)::run_compaction_profile(long, bool, long, int) [0x174ed2] in gpuxtb_cuda_eigensolver_test
=========         Host Frame: main [0x8c3e] in gpuxtb_cuda_eigensolver_test
=========
========= Barrier error detected. Divergent thread(s) in warp.
=========     at void batch_trsm_left_kernel<double, (int)64, (int)4, (int)3, (bool)0, (bool)0, (bool)0>(cublasTrsmBatchParams2<T1>, T1, const T1 *, int)+0x510
=========     by thread (23,1,0) in block (0,0,0)
=========     Saved host backtrace up to driver entry point at kernel launch time
=========         Host Frame: cuGraphLaunch [0x39f98f] in libcuda.so.1
=========         Host Frame:  [0x216ca] in libcudart.so.12
=========         Host Frame: cudaGraphLaunch [0x7f121] in libcudart.so.12
=========         Host Frame: gpuxtb::detail::cuda::Gfn2EigensolverCompactedSolveGraph::launch(CUstream_st*) const [0x6126a] in gpuxtb_cuda_eigensolver_test
=========         Host Frame: (anonymous namespace)::enqueue_compacted((anonymous namespace)::DeviceFixture&, gpuxtb::detail::cuda::Gfn2EigensolverCompactedSolveGraph const&) [0x16273d] in gpuxtb_cuda_eigensolver_test
=========         Host Frame: (anonymous namespace)::run_compaction_profile(long, bool, long, int) [0x174ed2] in gpuxtb_cuda_eigensolver_test
=========         Host Frame: main [0x8c3e] in gpuxtb_cuda_eigensolver_test
=========
========= Barrier error detected. Divergent thread(s) in warp.
=========     at void batch_trsm_left_kernel<double, (int)64, (int)4, (int)3, (bool)0, (bool)0, (bool)0>(cublasTrsmBatchParams2<T1>, T1, const T1 *, int)+0x510
=========     by thread (24,1,0) in block (0,0,0)
=========     Saved host backtrace up to driver entry point at kernel launch time
=========         Host Frame: cuGraphLaunch [0x39f98f] in libcuda.so.1
=========         Host Frame:  [0x216ca] in libcudart.so.12
=========         Host Frame: cudaGraphLaunch [0x7f121] in libcudart.so.12
=========         Host Frame: gpuxtb::detail::cuda::Gfn2EigensolverCompactedSolveGraph::launch(CUstream_st*) const [0x6126a] in gpuxtb_cuda_eigensolver_test
=========         Host Frame: (anonymous namespace)::enqueue_compacted((anonymous namespace)::DeviceFixture&, gpuxtb::detail::cuda::Gfn2EigensolverCompactedSolveGraph const&) [0x16273d] in gpuxtb_cuda_eigensolver_test
=========         Host Frame: (anonymous namespace)::run_compaction_profile(long, bool, long, int) [0x174ed2] in gpuxtb_cuda_eigensolver_test
=========         Host Frame: main [0x8c3e] in gpuxtb_cuda_eigensolver_test
=========
========= Barrier error detected. Divergent thread(s) in warp.
=========     at void batch_trsm_left_kernel<double, (int)64, (int)4, (int)3, (bool)0, (bool)0, (bool)0>(cublasTrsmBatchParams2<T1>, T1, const T1 *, int)+0x510
=========     by thread (25,1,0) in block (0,0,0)
=========     Saved host backtrace up to driver entry point at kernel launch time
=========         Host Frame: cuGraphLaunch [0x39f98f] in libcuda.so.1
=========         Host Frame:  [0x216ca] in libcudart.so.12
=========         Host Frame: cudaGraphLaunch [0x7f121] in libcudart.so.12
=========         Host Frame: gpuxtb::detail::cuda::Gfn2EigensolverCompactedSolveGraph::launch(CUstream_st*) const [0x6126a] in gpuxtb_cuda_eigensolver_test
=========         Host Frame: (anonymous namespace)::enqueue_compacted((anonymous namespace)::DeviceFixture&, gpuxtb::detail::cuda::Gfn2EigensolverCompactedSolveGraph const&) [0x16273d] in gpuxtb_cuda_eigensolver_test
=========         Host Frame: (anonymous namespace)::run_compaction_profile(long, bool, long, int) [0x174ed2] in gpuxtb_cuda_eigensolver_test
=========         Host Frame: main [0x8c3e] in gpuxtb_cuda_eigensolver_test
=========
========= Barrier error detected. Divergent thread(s) in warp.
=========     at void batch_trsm_left_kernel<double, (int)64, (int)4, (int)3, (bool)0, (bool)0, (bool)0>(cublasTrsmBatchParams2<T1>, T1, const T1 *, int)+0x510
=========     by thread (26,1,0) in block (0,0,0)
=========     Saved host backtrace up to driver entry point at kernel launch time
=========         Host Frame: cuGraphLaunch [0x39f98f] in libcuda.so.1
=========         Host Frame:  [0x216ca] in libcudart.so.12
=========         Host Frame: cudaGraphLaunch [0x7f121] in libcudart.so.12
=========         Host Frame: gpuxtb::detail::cuda::Gfn2EigensolverCompactedSolveGraph::launch(CUstream_st*) const [0x6126a] in gpuxtb_cuda_eigensolver_test
=========         Host Frame: (anonymous namespace)::enqueue_compacted((anonymous namespace)::DeviceFixture&, gpuxtb::detail::cuda::Gfn2EigensolverCompactedSolveGraph const&) [0x16273d] in gpuxtb_cuda_eigensolver_test
=========         Host Frame: (anonymous namespace)::run_compaction_profile(long, bool, long, int) [0x174ed2] in gpuxtb_cuda_eigensolver_test
=========         Host Frame: main [0x8c3e] in gpuxtb_cuda_eigensolver_test
=========
========= Barrier error detected. Divergent thread(s) in warp.
=========     at void batch_trsm_left_kernel<double, (int)64, (int)4, (int)3, (bool)0, (bool)0, (bool)0>(cublasTrsmBatchParams2<T1>, T1, const T1 *, int)+0x510
=========     by thread (27,1,0) in block (0,0,0)
=========     Saved host backtrace up to driver entry point at kernel launch time
=========         Host Frame: cuGraphLaunch [0x39f98f] in libcuda.so.1
=========         Host Frame:  [0x216ca] in libcudart.so.12
=========         Host Frame: cudaGraphLaunch [0x7f121] in libcudart.so.12
=========         Host Frame: gpuxtb::detail::cuda::Gfn2EigensolverCompactedSolveGraph::launch(CUstream_st*) const [0x6126a] in gpuxtb_cuda_eigensolver_test
=========         Host Frame: (anonymous namespace)::enqueue_compacted((anonymous namespace)::DeviceFixture&, gpuxtb::detail::cuda::Gfn2EigensolverCompactedSolveGraph const&) [0x16273d] in gpuxtb_cuda_eigensolver_test
=========         Host Frame: (anonymous namespace)::run_compaction_profile(long, bool, long, int) [0x174ed2] in gpuxtb_cuda_eigensolver_test
=========         Host Frame: main [0x8c3e] in gpuxtb_cuda_eigensolver_test
=========
========= Barrier error detected. Divergent thread(s) in warp.
=========     at void batch_trsm_left_kernel<double, (int)64, (int)4, (int)3, (bool)0, (bool)0, (bool)0>(cublasTrsmBatchParams2<T1>, T1, const T1 *, int)+0x510
=========     by thread (28,1,0) in block (0,0,0)
=========     Saved host backtrace up to driver entry point at kernel launch time
=========         Host Frame: cuGraphLaunch [0x39f98f] in libcuda.so.1
=========         Host Frame:  [0x216ca] in libcudart.so.12
=========         Host Frame: cudaGraphLaunch [0x7f121] in libcudart.so.12
=========         Host Frame: gpuxtb::detail::cuda::Gfn2EigensolverCompactedSolveGraph::launch(CUstream_st*) const [0x6126a] in gpuxtb_cuda_eigensolver_test
=========         Host Frame: (anonymous namespace)::enqueue_compacted((anonymous namespace)::DeviceFixture&, gpuxtb::detail::cuda::Gfn2EigensolverCompactedSolveGraph const&) [0x16273d] in gpuxtb_cuda_eigensolver_test
=========         Host Frame: (anonymous namespace)::run_compaction_profile(long, bool, long, int) [0x174ed2] in gpuxtb_cuda_eigensolver_test
=========         Host Frame: main [0x8c3e] in gpuxtb_cuda_eigensolver_test
=========
========= Barrier error detected. Divergent thread(s) in warp.
=========     at void batch_trsm_left_kernel<double, (int)64, (int)4, (int)3, (bool)0, (bool)0, (bool)0>(cublasTrsmBatchParams2<T1>, T1, const T1 *, int)+0x510
=========     by thread (29,1,0) in block (0,0,0)
=========     Saved host backtrace up to driver entry point at kernel launch time
=========         Host Frame: cuGraphLaunch [0x39f98f] in libcuda.so.1
=========         Host Frame:  [0x216ca] in libcudart.so.12
=========         Host Frame: cudaGraphLaunch [0x7f121] in libcudart.so.12
=========         Host Frame: gpuxtb::detail::cuda::Gfn2EigensolverCompactedSolveGraph::launch(CUstream_st*) const [0x6126a] in gpuxtb_cuda_eigensolver_test
=========         Host Frame: (anonymous namespace)::enqueue_compacted((anonymous namespace)::DeviceFixture&, gpuxtb::detail::cuda::Gfn2EigensolverCompactedSolveGraph const&) [0x16273d] in gpuxtb_cuda_eigensolver_test
=========         Host Frame: (anonymous namespace)::run_compaction_profile(long, bool, long, int) [0x174ed2] in gpuxtb_cuda_eigensolver_test
=========         Host Frame: main [0x8c3e] in gpuxtb_cuda_eigensolver_test
=========
========= Barrier error detected. Divergent thread(s) in warp.
=========     at void batch_trsm_left_kernel<double, (int)64, (int)4, (int)3, (bool)0, (bool)0, (bool)0>(cublasTrsmBatchParams2<T1>, T1, const T1 *, int)+0x510
=========     by thread (30,1,0) in block (0,0,0)
=========     Saved host backtrace up to driver entry point at kernel launch time
=========         Host Frame: cuGraphLaunch [0x39f98f] in libcuda.so.1
=========         Host Frame:  [0x216ca] in libcudart.so.12
=========         Host Frame: cudaGraphLaunch [0x7f121] in libcudart.so.12
=========         Host Frame: gpuxtb::detail::cuda::Gfn2EigensolverCompactedSolveGraph::launch(CUstream_st*) const [0x6126a] in gpuxtb_cuda_eigensolver_test
=========         Host Frame: (anonymous namespace)::enqueue_compacted((anonymous namespace)::DeviceFixture&, gpuxtb::detail::cuda::Gfn2EigensolverCompactedSolveGraph const&) [0x16273d] in gpuxtb_cuda_eigensolver_test
=========         Host Frame: (anonymous namespace)::run_compaction_profile(long, bool, long, int) [0x174ed2] in gpuxtb_cuda_eigensolver_test
=========         Host Frame: main [0x8c3e] in gpuxtb_cuda_eigensolver_test
=========
========= Barrier error detected. Divergent thread(s) in warp.
=========     at void batch_trsm_left_kernel<double, (int)64, (int)4, (int)3, (bool)0, (bool)0, (bool)0>(cublasTrsmBatchParams2<T1>, T1, const T1 *, int)+0x510
=========     by thread (31,1,0) in block (0,0,0)
=========     Saved host backtrace up to driver entry point at kernel launch time
=========         Host Frame: cuGraphLaunch [0x39f98f] in libcuda.so.1
=========         Host Frame:  [0x216ca] in libcudart.so.12
=========         Host Frame: cudaGraphLaunch [0x7f121] in libcudart.so.12
=========         Host Frame: gpuxtb::detail::cuda::Gfn2EigensolverCompactedSolveGraph::launch(CUstream_st*) const [0x6126a] in gpuxtb_cuda_eigensolver_test
=========         Host Frame: (anonymous namespace)::enqueue_compacted((anonymous namespace)::DeviceFixture&, gpuxtb::detail::cuda::Gfn2EigensolverCompactedSolveGraph const&) [0x16273d] in gpuxtb_cuda_eigensolver_test
=========         Host Frame: (anonymous namespace)::run_compaction_profile(long, bool, long, int) [0x174ed2] in gpuxtb_cuda_eigensolver_test
=========         Host Frame: main [0x8c3e] in gpuxtb_cuda_eigensolver_test
=========
========= Barrier error detected. Divergent thread(s) in warp.
=========     at void batch_trsm_left_kernel<double, (int)64, (int)4, (int)3, (bool)0, (bool)0, (bool)0>(cublasTrsmBatchParams2<T1>, T1, const T1 *, int)+0x510
=========     by thread (32,1,0) in block (0,0,0)
=========     Saved host backtrace up to driver entry point at kernel launch time
=========         Host Frame: cuGraphLaunch [0x39f98f] in libcuda.so.1
=========         Host Frame:  [0x216ca] in libcudart.so.12
=========         Host Frame: cudaGraphLaunch [0x7f121] in libcudart.so.12
=========         Host Frame: gpuxtb::detail::cuda::Gfn2EigensolverCompactedSolveGraph::launch(CUstream_st*) const [0x6126a] in gpuxtb_cuda_eigensolver_test
=========         Host Frame: (anonymous namespace)::enqueue_compacted((anonymous namespace)::DeviceFixture&, gpuxtb::detail::cuda::Gfn2EigensolverCompactedSolveGraph const&) [0x16273d] in gpuxtb_cuda_eigensolver_test
=========         Host Frame: (anonymous namespace)::run_compaction_profile(long, bool, long, int) [0x174ed2] in gpuxtb_cuda_eigensolver_test
=========         Host Frame: main [0x8c3e] in gpuxtb_cuda_eigensolver_test
=========
========= Barrier error detected. Divergent thread(s) in warp.
=========     at void batch_trsm_left_kernel<double, (int)64, (int)4, (int)3, (bool)0, (bool)0, (bool)0>(cublasTrsmBatchParams2<T1>, T1, const T1 *, int)+0x510
=========     by thread (33,1,0) in block (0,0,0)
=========     Saved host backtrace up to driver entry point at kernel launch time
=========         Host Frame: cuGraphLaunch [0x39f98f] in libcuda.so.1
=========         Host Frame:  [0x216ca] in libcudart.so.12
=========         Host Frame: cudaGraphLaunch [0x7f121] in libcudart.so.12
=========         Host Frame: gpuxtb::detail::cuda::Gfn2EigensolverCompactedSolveGraph::launch(CUstream_st*) const [0x6126a] in gpuxtb_cuda_eigensolver_test
=========         Host Frame: (anonymous namespace)::enqueue_compacted((anonymous namespace)::DeviceFixture&, gpuxtb::detail::cuda::Gfn2EigensolverCompactedSolveGraph const&) [0x16273d] in gpuxtb_cuda_eigensolver_test
=========         Host Frame: (anonymous namespace)::run_compaction_profile(long, bool, long, int) [0x174ed2] in gpuxtb_cuda_eigensolver_test
=========         Host Frame: main [0x8c3e] in gpuxtb_cuda_eigensolver_test
=========
========= Barrier error detected. Divergent thread(s) in warp.
=========     at void batch_trsm_left_kernel<double, (int)64, (int)4, (int)3, (bool)0, (bool)0, (bool)0>(cublasTrsmBatchParams2<T1>, T1, const T1 *, int)+0x510
=========     by thread (34,1,0) in block (0,0,0)
=========     Saved host backtrace up to driver entry point at kernel launch time
=========         Host Frame: cuGraphLaunch [0x39f98f] in libcuda.so.1
=========         Host Frame:  [0x216ca] in libcudart.so.12
=========         Host Frame: cudaGraphLaunch [0x7f121] in libcudart.so.12
=========         Host Frame: gpuxtb::detail::cuda::Gfn2EigensolverCompactedSolveGraph::launch(CUstream_st*) const [0x6126a] in gpuxtb_cuda_eigensolver_test
=========         Host Frame: (anonymous namespace)::enqueue_compacted((anonymous namespace)::DeviceFixture&, gpuxtb::detail::cuda::Gfn2EigensolverCompactedSolveGraph const&) [0x16273d] in gpuxtb_cuda_eigensolver_test
=========         Host Frame: (anonymous namespace)::run_compaction_profile(long, bool, long, int) [0x174ed2] in gpuxtb_cuda_eigensolver_test
=========         Host Frame: main [0x8c3e] in gpuxtb_cuda_eigensolver_test
=========
========= Barrier error detected. Divergent thread(s) in warp.
=========     at void batch_trsm_left_kernel<double, (int)64, (int)4, (int)3, (bool)0, (bool)0, (bool)0>(cublasTrsmBatchParams2<T1>, T1, const T1 *, int)+0x510
=========     by thread (35,1,0) in block (0,0,0)
=========     Saved host backtrace up to driver entry point at kernel launch time
=========         Host Frame: cuGraphLaunch [0x39f98f] in libcuda.so.1
=========         Host Frame:  [0x216ca] in libcudart.so.12
=========         Host Frame: cudaGraphLaunch [0x7f121] in libcudart.so.12
=========         Host Frame: gpuxtb::detail::cuda::Gfn2EigensolverCompactedSolveGraph::launch(CUstream_st*) const [0x6126a] in gpuxtb_cuda_eigensolver_test
=========         Host Frame: (anonymous namespace)::enqueue_compacted((anonymous namespace)::DeviceFixture&, gpuxtb::detail::cuda::Gfn2EigensolverCompactedSolveGraph const&) [0x16273d] in gpuxtb_cuda_eigensolver_test
=========         Host Frame: (anonymous namespace)::run_compaction_profile(long, bool, long, int) [0x174ed2] in gpuxtb_cuda_eigensolver_test
=========         Host Frame: main [0x8c3e] in gpuxtb_cuda_eigensolver_test
=========
========= Error: process didn't terminate successfully
========= Target application returned an error
========= ERROR SUMMARY: 3712 errors
========= ERROR SUMMARY: 3612 errors were not printed. Use --print-limit option to adjust the number of printed errors
srun: error: node3: task 0: Exited with exit code 97
